{
"obd": {
	"baudrate": 10400, 
	"protocol": "CAN", 
	"recv_id": "773", 
	"funcname": "4WS", 
	"funcaddr": "23", 
	"send_id": "753"
}, 
"devices": [
	{
	"dtc": 22659, 
	"devicedata": {}, 
	"dtctype": 2, 
	"name": "Low Temperature Strategy Activated"
	}, 
	{
	"dtc": 22658, 
	"devicedata": {}, 
	"dtctype": 2, 
	"name": "incomplete configuration"
	}, 
	{
	"dtc": 22534, 
	"devicedata": {}, 
	"dtctype": 2, 
	"name": "ECU temperature Sensor Failure"
	}, 
	{
	"dtc": 22535, 
	"devicedata": {}, 
	"dtctype": 2, 
	"name": "Maximum ECU temperature overshoot (Failure mode)"
	}, 
	{
	"dtc": 22531, 
	"devicedata": {}, 
	"dtctype": 2, 
	"name": "Servo MPU Failure (Plausibility error /ROM / RAM / pulse / DMA)"
	}, 
	{
	"dtc": 22656, 
	"devicedata": {}, 
	"dtctype": 2, 
	"name": "ECU Temperature overshoot (protection mode)"
	}, 
	{
	"dtc": 22657, 
	"devicedata": {}, 
	"dtctype": 4, 
	"name": "Abnormal system wake up"
	}, 
	{
	"dtc": 0, 
	"devicedata": {}, 
	"dtctype": 0, 
	"name": "CAN - Brake invalid messages received"
	}, 
	{
	"dtc": 22593, 
	"devicedata": {}, 
	"dtctype": 4, 
	"name": "motor or driver or current sensor"
	}, 
	{
	"dtc": 22560, 
	"devicedata": {}, 
	"dtctype": 0, 
	"name": "Hall effect Sensors"
	}, 
	{
	"dtc": 22625, 
	"devicedata": {}, 
	"dtctype": 0, 
	"name": "CAN - Brake messages fault"
	}, 
	{
	"dtc": 22626, 
	"devicedata": {}, 
	"dtctype": 4, 
	"name": "mu split function deactivated"
	}, 
	{
	"dtc": 0, 
	"devicedata": {}, 
	"dtctype": 0, 
	"name": "CAN - Brake frames absent"
	}, 
	{
	"dtc": 22624, 
	"devicedata": {}, 
	"dtctype": 3, 
	"name": "CAN - 4WS frame absent"
	}, 
	{
	"dtc": 22529, 
	"devicedata": {}, 
	"dtctype": 2, 
	"name": "Relay stuck open"
	}, 
	{
	"dtc": 22536, 
	"devicedata": {}, 
	"dtctype": 2, 
	"name": "maximum Current overshoot (failure mode)"
	}, 
	{
	"dtc": 22528, 
	"devicedata": {}, 
	"dtctype": 2, 
	"name": "Internal memory : EEPROM"
	}, 
	{
	"dtc": 0, 
	"devicedata": {}, 
	"dtctype": 0, 
	"name": "CAN - BCM frame absent"
	}, 
	{
	"dtc": 22594, 
	"devicedata": {}, 
	"dtctype": 4, 
	"name": "ECU internal relay stuck close or 3-phase connector disconnected"
	}, 
	{
	"dtc": 22629, 
	"devicedata": {}, 
	"dtctype": 4, 
	"name": "impossibility to move actuator"
	}, 
	{
	"dtc": 22592, 
	"devicedata": {}, 
	"dtctype": 4, 
	"name": "Absolute Sensor Data (wires or sensor or acquisition)"
	}, 
	{
	"dtc": 61443, 
	"devicedata": {}, 
	"dtctype": 0, 
	"name": "ECU Power Supply"
	}, 
	{
	"dtc": 22530, 
	"devicedata": {}, 
	"dtctype": 2, 
	"name": "MainMPU Failure (Plausibility error /ROM / RAM / pulse / DMA)"
	}, 
	{
	"dtc": 22561, 
	"devicedata": {}, 
	"dtctype": 0, 
	"name": "position sensors plausibility"
	}, 
	{
	"dtc": 0, 
	"devicedata": {}, 
	"dtctype": 0, 
	"name": "CAN - USM frame absent"
	}, 
	{
	"dtc": 22627, 
	"devicedata": {}, 
	"dtctype": 0, 
	"name": "USM - miniconsumption requested"
	}
], 
"ecuname": "4RD X91 V4.2", 
"autoidents": [
	{
	"diagversion": "4", 
	"supplier": "A32", 
	"version": "043B", 
	"soft": "0400"
	}, 
	{
	"diagversion": "4", 
	"supplier": "A32", 
	"version": "043B", 
	"soft": "0401"
	}, 
	{
	"diagversion": "4", 
	"supplier": "A32", 
	"version": "0440", 
	"soft": "0401"
	}, 
	{
	"diagversion": "4", 
	"supplier": "A32", 
	"version": "0044", 
	"soft": "0401"
	}
], 
"endian": "Big", 
"requests": [
	{
	"name": "WDBLId - Calibration File Checksum", 
	"replybytes": "7B1F", 
	"deny_sds": [
		"nosds", 
		"plant", 
		"aftersales"
	], 
	"manualsend": true, 
	"sendbyte_dataitems": {
		"CalibrationFileChecksum": {
		"firstbyte": 3
		}
	}, 
	"minbytes": 2, 
	"sentbytes": "3B1F0000"
	}, 
	{
	"receivebyte_dataitems": {
		"HardwareNumber.BasicPartList": {
		"ref": true, 
		"firstbyte": 24
		}, 
		"DiagnosticIdentificationCode": {
		"ref": true, 
		"firstbyte": 8
		}, 
		"CalibrationNumber": {
		"ref": true, 
		"firstbyte": 21
		}, 
		"SupplierNumber.ITG": {
		"ref": true, 
		"firstbyte": 9
		}, 
		"HardwareNumber.LowerPart": {
		"ref": true, 
		"firstbyte": 12
		}, 
		"PartNumber.BasicPartList": {
		"ref": true, 
		"firstbyte": 23
		}, 
		"ManufacturerIdentificationCode": {
		"ref": true, 
		"firstbyte": 26
		}, 
		"ApprovalNumber.BasicPartList": {
		"ref": true, 
		"firstbyte": 25
		}, 
		"EditionNumber": {
		"ref": true, 
		"firstbyte": 19
		}, 
		"PartNumber.LowerPart": {
		"ref": true, 
		"firstbyte": 3
		}, 
		"SoftwareNumber": {
		"ref": true, 
		"firstbyte": 17
		}, 
		"SupplierNumber": {
		"ref": true, 
		"firstbyte": 9
		}
	}, 
	"deny_sds": [
		"nosds"
	], 
	"minbytes": 26, 
	"sentbytes": "2180", 
	"name": "DataRead.Identification.RenaultR2"
	}, 
	{
	"name": "DataRead.ESP RWA Request Type", 
	"replybytes": "62021400", 
	"deny_sds": [], 
	"receivebyte_dataitems": {
		"ESP RWA Request Type": {
		"ref": true, 
		"firstbyte": 4
		}
	}, 
	"minbytes": 4, 
	"sentbytes": "220214"
	}, 
	{
	"name": "RDBLId - Plausibility Calculation parameters Set", 
	"replybytes": "61120000", 
	"deny_sds": [
		"nosds", 
		"plant", 
		"aftersales"
	], 
	"receivebyte_dataitems": {
		"C_Rev_Tgs_SignInversionSpeed": {
		"ref": true, 
		"firstbyte": 4
		}, 
		"C_Fwd_Tgs_SignInversionSpeed": {
		"ref": true, 
		"firstbyte": 3
		}
	}, 
	"minbytes": 4, 
	"sentbytes": "2112"
	}, 
	{
	"name": "DataRead.MiniConsumptionRequest", 
	"replybytes": "62050500", 
	"deny_sds": [], 
	"receivebyte_dataitems": {
		"MiniConsumptionRequest": {
		"ref": true, 
		"firstbyte": 4
		}
	}, 
	"minbytes": 4, 
	"sentbytes": "220505"
	}, 
	{
	"name": "StartRoutine - OscillationOfActuator", 
	"deny_sds": [], 
	"manualsend": true, 
	"receivebyte_dataitems": {
		"RoutineEntryStatus": {
		"firstbyte": 3
		}
	}, 
	"sendbyte_dataitems": {
		"Speed of actuator for oscillation routine": {
		"firstbyte": 5
		}, 
		"RoutineEntryOption": {
		"firstbyte": 3
		}, 
		"Max Value for actuator oscillation (while in start routine)": {
		"firstbyte": 4
		}, 
		"number of cycles": {
		"firstbyte": 6
		}
	}, 
	"minbytes": 3, 
	"sentbytes": "310100000000"
	}, 
	{
	"receivebyte_dataitems": {
		"IO_ControlStatus": {
		"firstbyte": 3
		}
	}, 
	"deny_sds": [], 
	"minbytes": 3, 
	"sentbytes": "300101", 
	"name": "IO Control RWAPostionRequest Status"
	}, 
	{
	"sentbytes": "10C0", 
	"deny_sds": [], 
	"minbytes": 1, 
	"manualsend": true, 
	"name": "StartDiagnosticSession.ExtendedDiagnostic"
	}, 
	{
	"name": "StopRoutine - OscillationOfActuator", 
	"deny_sds": [], 
	"manualsend": true, 
	"receivebyte_dataitems": {
		"RoutineExitStatus": {
		"firstbyte": 3
		}
	}, 
	"minbytes": 3, 
	"sentbytes": "3201"
	}, 
	{
	"name": "WDBLId - Reverse Static FFD Parameters Set n1", 
	"replybytes": "7B08", 
	"deny_sds": [
		"nosds", 
		"plant", 
		"aftersales"
	], 
	"manualsend": true, 
	"sendbyte_dataitems": {
		"C_Rev_VehicleSpeed_Vector_kmh": {
		"firstbyte": 3
		}, 
		"C_Rev_Average_Tgs": {
		"firstbyte": 31
		}
	}, 
	"minbytes": 2, 
	"sentbytes": "3B08000000000000000000000000000000000000000000000000000000000000000000000000000000000000000000000000000000000000000000000000000000000000000000000000000000000000000000000000"
	}, 
	{
	"name": "WDBLId - Reverse Static FFD Parameters Set n2", 
	"replybytes": "7B09", 
	"deny_sds": [
		"nosds", 
		"plant", 
		"aftersales"
	], 
	"manualsend": true, 
	"sendbyte_dataitems": {
		"C_Rev_Slope": {
		"firstbyte": 3
		}, 
		"C_Rev_DeadZone_Vector_deg": {
		"firstbyte": 31
		}
	}, 
	"minbytes": 2, 
	"sentbytes": "3B090000000000000000000000000000000000000000000000000000000000000000000000000000000000000000000000000000000000000000"
	}, 
	{
	"name": "IO Control RWAPostionRequest Stop", 
	"deny_sds": [], 
	"manualsend": true, 
	"receivebyte_dataitems": {
		"IO_ControlStatus": {
		"firstbyte": 3
		}
	}, 
	"minbytes": 3, 
	"sentbytes": "300111"
	}, 
	{
	"name": "DataRead.CAN Emitters Absent", 
	"replybytes": "62050200", 
	"deny_sds": [], 
	"receivebyte_dataitems": {
		"ESP absence flag": {
		"bitoffset": 7, 
		"ref": true, 
		"firstbyte": 4
		}, 
		"USM absence flag": {
		"bitoffset": 4, 
		"ref": true, 
		"firstbyte": 4
		}, 
		"4WS absence flag": {
		"bitoffset": 6, 
		"ref": true, 
		"firstbyte": 4
		}, 
		"BCM absence flag": {
		"bitoffset": 5, 
		"ref": true, 
		"firstbyte": 4
		}
	}, 
	"minbytes": 4, 
	"sentbytes": "220502"
	}, 
	{
	"name": "DataRead.Battery Voltage", 
	"replybytes": "62012F00", 
	"deny_sds": [], 
	"receivebyte_dataitems": {
		"Battery Voltage": {
		"ref": true, 
		"firstbyte": 4
		}
	}, 
	"minbytes": 4, 
	"sentbytes": "22012F"
	}, 
	{
	"name": "WDBLId - Musplit function Parameters Set", 
	"replybytes": "7B11", 
	"deny_sds": [
		"nosds", 
		"plant", 
		"aftersales"
	], 
	"manualsend": true, 
	"sendbyte_dataitems": {
		"C_ReturnToZeroMaxSpeedMuSplit": {
		"firstbyte": 3
		}
	}, 
	"minbytes": 2, 
	"sentbytes": "3B1100"
	}, 
	{
	"name": "DataRead.ECU Temperature", 
	"replybytes": "62012E00", 
	"deny_sds": [], 
	"receivebyte_dataitems": {
		"ECU Measured temperature": {
		"ref": true, 
		"firstbyte": 4
		}
	}, 
	"minbytes": 4, 
	"sentbytes": "22012E"
	}, 
	{
	"name": "RDBLId - Static FFD Parameters Set", 
	"replybytes": "6105000000000000", 
	"deny_sds": [
		"nosds", 
		"plant", 
		"aftersales"
	], 
	"receivebyte_dataitems": {
		"C_SFF_Limitation_U_kmh": {
		"ref": true, 
		"firstbyte": 3
		}, 
		"C_HighSpeed_Max_SFF_Angle": {
		"ref": true, 
		"firstbyte": 8
		}
	}, 
	"minbytes": 8, 
	"sentbytes": "2105"
	}, 
	{
	"name": "IO Control RWAPostionRequest Start", 
	"deny_sds": [], 
	"manualsend": true, 
	"sendbyte_dataitems": {
		"Rear Wheel Angle Position Request (Short List)": {
		"firstbyte": 4
		}, 
		"Rear Wheel Angle Position Request (Long List)": {
		"firstbyte": 4
		}
	}, 
	"minbytes": 1, 
	"sentbytes": "30010000"
	}, 
	{
	"name": "WDBLId - Forward Static FFD Parameters Set n2", 
	"replybytes": "7B07", 
	"deny_sds": [
		"nosds", 
		"plant", 
		"aftersales"
	], 
	"manualsend": true, 
	"sendbyte_dataitems": {
		"C_Fwd_DeadZone_Vector_deg": {
		"firstbyte": 31
		}, 
		"C_Fwd_Slope": {
		"firstbyte": 3
		}
	}, 
	"minbytes": 2, 
	"sentbytes": "3B070000000000000000000000000000000000000000000000000000000000000000000000000000000000000000000000000000000000000000"
	}, 
	{
	"name": "WDBLId - Forward Static FFD Parameters Set n1", 
	"replybytes": "7B06", 
	"deny_sds": [
		"nosds", 
		"plant", 
		"aftersales"
	], 
	"manualsend": true, 
	"sendbyte_dataitems": {
		"C_Fwd_Average_Tgs": {
		"firstbyte": 31
		}, 
		"C_Fwd_VehicleSpeed_Vector_kmh": {
		"firstbyte": 3
		}
	}, 
	"minbytes": 2, 
	"sentbytes": "3B06000000000000000000000000000000000000000000000000000000000000000000000000000000000000000000000000000000000000000000000000000000000000000000000000000000000000000000000000"
	}, 
	{
	"name": "DataRead.Steering Wheel Angle", 
	"replybytes": "6201000000", 
	"deny_sds": [], 
	"receivebyte_dataitems": {
		"Steering Wheel Angle": {
		"ref": true, 
		"firstbyte": 4
		}
	}, 
	"minbytes": 5, 
	"sentbytes": "220100"
	}, 
	{
	"name": "DataRead.Brake Status", 
	"replybytes": "62020800", 
	"deny_sds": [], 
	"receivebyte_dataitems": {
		"Vehicle Speed sign failure flag": {
		"bitoffset": 2, 
		"ref": true, 
		"firstbyte": 4
		}, 
		"AYCInRegulation": {
		"bitoffset": 1, 
		"ref": true, 
		"firstbyte": 4
		}, 
		"SWA Gradient failure flag": {
		"bitoffset": 4, 
		"ref": true, 
		"firstbyte": 4
		}, 
		"AYCMalfunction": {
		"bitoffset": 5, 
		"ref": true, 
		"firstbyte": 4
		}, 
		"ABSMalfunction": {
		"bitoffset": 6, 
		"ref": true, 
		"firstbyte": 4
		}, 
		"ABSInRegulation": {
		"bitoffset": 7, 
		"ref": true, 
		"firstbyte": 4
		}, 
		"Vehicle Speed Gradient failure flag": {
		"bitoffset": 3, 
		"ref": true, 
		"firstbyte": 4
		}
	}, 
	"minbytes": 4, 
	"sentbytes": "220208"
	}, 
	{
	"name": "Output Control", 
	"deny_sds": [], 
	"manualsend": true, 
	"receivebyte_dataitems": {
		"Output Control Status": {
		"firstbyte": 3
		}
	}, 
	"sendbyte_dataitems": {
		"Rear Wheel Angle Position Request.Value": {
		"firstbyte": 4
		}, 
		"Lamp Activation Request.Value": {
		"firstbyte": 4
		}, 
		"Output Control Command": {
		"firstbyte": 3
		}, 
		"Output Temporary Control List": {
		"firstbyte": 2
		}, 
		"Output Permanent Control List": {
		"firstbyte": 2
		}
	}, 
	"minbytes": 3, 
	"sentbytes": "30010100"
	}, 
	{
	"name": "DataRead.Absolut Sensor position", 
	"replybytes": "62013700", 
	"deny_sds": [], 
	"receivebyte_dataitems": {
		"Absolute sensor position": {
		"ref": true, 
		"firstbyte": 4
		}
	}, 
	"minbytes": 4, 
	"sentbytes": "220137"
	}, 
	{
	"name": "WDBLId - Forward Dynamic FFD Parameters Set", 
	"replybytes": "7B0B", 
	"deny_sds": [
		"nosds", 
		"plant", 
		"aftersales"
	], 
	"manualsend": true, 
	"sendbyte_dataitems": {
		"C_Kcech_19_27": {
		"firstbyte": 49
		}, 
		"C_Kcech_10_18": {
		"firstbyte": 31
		}, 
		"C_VspeedLim_kmh": {
		"firstbyte": 12
		}, 
		"C_Uint_kmh": {
		"firstbyte": 3
		}, 
		"C_Kcech_1_9": {
		"firstbyte": 13
		}
	}, 
	"minbytes": 2, 
	"sentbytes": "3B0B32465A6E8296AABED228A87A4476666C1E7DE7730D6EE67D8D72F86E367EB2718E6F4A7E1C71F66F547EAF7041704A7E5C707B704A7E1B70A970407EE86FCE70"
	}, 
	{
	"name": "RDBLId - Enable/ disable mu split function", 
	"replybytes": "610E00", 
	"deny_sds": [
		"nosds", 
		"plant", 
		"aftersales"
	], 
	"receivebyte_dataitems": {
		"C_MuSplit_Enable_Disable": {
		"ref": true, 
		"firstbyte": 3
		}
	}, 
	"minbytes": 3, 
	"sentbytes": "210E"
	}, 
	{
	"name": "RDBLId - Calibration File Checksum", 
	"replybytes": "611F0000", 
	"deny_sds": [
		"nosds", 
		"plant", 
		"aftersales"
	], 
	"receivebyte_dataitems": {
		"CalibrationFileChecksum": {
		"ref": true, 
		"firstbyte": 3
		}
	}, 
	"minbytes": 4, 
	"sentbytes": "211F"
	}, 
	{
	"name": "RDBLId - Forward Dynamic FFD Parameters Set", 
	"replybytes": "610B00000000000000000000000000000000000000000000000000000000000000000000000000000000000000000000000000000000000000000000000000000000", 
	"deny_sds": [
		"nosds", 
		"plant", 
		"aftersales"
	], 
	"receivebyte_dataitems": {
		"C_Kcech_19_27": {
		"ref": true, 
		"firstbyte": 49
		}, 
		"C_Kcech_10_18": {
		"ref": true, 
		"firstbyte": 31
		}, 
		"C_VspeedLim_kmh": {
		"ref": true, 
		"firstbyte": 12
		}, 
		"C_Uint_kmh": {
		"ref": true, 
		"firstbyte": 3
		}, 
		"C_Kcech_1_9": {
		"ref": true, 
		"firstbyte": 13
		}
	}, 
	"minbytes": 66, 
	"sentbytes": "210B"
	}, 
	{
	"name": "DataRead.ESP RWA Position Seen", 
	"replybytes": "62021900", 
	"deny_sds": [], 
	"receivebyte_dataitems": {
		"ESP_RWAPositionSeen": {
		"ref": true, 
		"firstbyte": 4
		}
	}, 
	"minbytes": 4, 
	"sentbytes": "220219"
	}, 
	{
	"name": "DataRead.VehicleState", 
	"replybytes": "62050100", 
	"deny_sds": [], 
	"receivebyte_dataitems": {
		"VehicleState": {
		"ref": true, 
		"firstbyte": 4
		}
	}, 
	"minbytes": 4, 
	"sentbytes": "220504"
	}, 
	{
	"receivebyte_dataitems": {
		"Module Mute Compter Parameter": {
		"bitoffset": 2, 
		"ref": true, 
		"firstbyte": 6
		}, 
		"C_Mute Parameter": {
		"bitoffset": 1, 
		"ref": true, 
		"firstbyte": 6
		}, 
		"Producer BCM Status": {
		"ref": true, 
		"firstbyte": 10
		}, 
		"Messagerie CAN": {
		"ref": true, 
		"firstbyte": 3
		}, 
		"Bus Off Status Parameter": {
		"ref": true, 
		"firstbyte": 5
		}, 
		"Producer ABS/ESP Status": {
		"ref": true, 
		"firstbyte": 8
		}, 
		"C_Bus Off Parameter": {
		"bitoffset": 1, 
		"ref": true, 
		"firstbyte": 5
		}, 
		"Module Mute Statut Parameter": {
		"ref": true, 
		"firstbyte": 6
		}, 
		"Producer BCM Compter": {
		"bitoffset": 2, 
		"ref": true, 
		"firstbyte": 10
		}, 
		"Bus Off Compter Parameter": {
		"bitoffset": 2, 
		"ref": true, 
		"firstbyte": 5
		}, 
		"Producer BCM C_absent": {
		"bitoffset": 1, 
		"ref": true, 
		"firstbyte": 10
		}, 
		"Producer ABS/ESP C_absent": {
		"bitoffset": 1, 
		"ref": true, 
		"firstbyte": 8
		}, 
		"Producer ABS/ESP Compter": {
		"bitoffset": 2, 
		"ref": true, 
		"firstbyte": 8
		}
	}, 
	"deny_sds": [], 
	"minbytes": 62, 
	"sentbytes": "2182", 
	"name": "*RW-RDBLI_NetworkDiag"
	}, 
	{
	"name": "WDBLId - Supervisor Transitions Parameters Set", 
	"replybytes": "7B04", 
	"deny_sds": [
		"nosds", 
		"plant", 
		"aftersales"
	], 
	"manualsend": true, 
	"sendbyte_dataitems": {
		"C_MediumVehicleSpeedOverThrs": {
		"firstbyte": 3
		}, 
		"C_MediumVehicleSpeedUnderThrs": {
		"firstbyte": 4
		}
	}, 
	"minbytes": 2, 
	"sentbytes": "3B040000"
	}, 
	{
	"name": "RDBLId - Static & Dynamic Inhibition Flags Parameters Set", 
	"replybytes": "611A00", 
	"deny_sds": [
		"nosds", 
		"plant", 
		"aftersales"
	], 
	"receivebyte_dataitems": {
		"C_Functions_Enable_Disable": {
		"ref": true, 
		"firstbyte": 3
		}
	}, 
	"minbytes": 3, 
	"sentbytes": "211A"
	}, 
	{
	"name": "DataRead.Static FFD Request", 
	"replybytes": "62013400", 
	"deny_sds": [], 
	"receivebyte_dataitems": {
		"Static FFD RWA Request": {
		"ref": true, 
		"firstbyte": 4
		}
	}, 
	"minbytes": 4, 
	"sentbytes": "220134"
	}, 
	{
	"name": "DataRead.Dynamic FFD Request", 
	"replybytes": "62015300", 
	"deny_sds": [], 
	"receivebyte_dataitems": {
		"Dynamic FFD RWA Request": {
		"ref": true, 
		"firstbyte": 4
		}
	}, 
	"minbytes": 4, 
	"sentbytes": "220153"
	}, 
	{
	"name": "DataRead.VehicleSpeed", 
	"replybytes": "62020400", 
	"deny_sds": [], 
	"receivebyte_dataitems": {
		"VehicleSpeed": {
		"ref": true, 
		"firstbyte": 4
		}
	}, 
	"minbytes": 4, 
	"sentbytes": "220204"
	}, 
	{
	"name": "DataRead.Failure Lamp State", 
	"replybytes": "62011A00", 
	"deny_sds": [], 
	"receivebyte_dataitems": {
		"Failure Lamp State": {
		"ref": true, 
		"firstbyte": 4
		}
	}, 
	"minbytes": 4, 
	"sentbytes": "22011A"
	}, 
	{
	"name": "DataRead.RWS Status", 
	"replybytes": "62013200", 
	"deny_sds": [], 
	"receivebyte_dataitems": {
		"RWS Status": {
		"ref": true, 
		"firstbyte": 4
		}
	}, 
	"minbytes": 4, 
	"sentbytes": "220132"
	}, 
	{
	"name": "RDBLId - Traceability information", 
	"replybytes": "61840000000000000000000000000000000000000000", 
	"deny_sds": [], 
	"receivebyte_dataitems": {
		"Year of production": {
		"firstbyte": 3
		}, 
		"Production calendar month": {
		"firstbyte": 5
		}, 
		"Production day of month": {
		"firstbyte": 6
		}, 
		"Production Serial number": {
		"firstbyte": 8
		}
	}, 
	"minbytes": 22, 
	"sentbytes": "2184"
	}, 
	{
	"name": "DataRead.Rear Wheel Angle Speed", 
	"replybytes": "62013800", 
	"deny_sds": [], 
	"receivebyte_dataitems": {
		"Rear Wheel Angle Speed": {
		"ref": true, 
		"firstbyte": 4
		}
	}, 
	"minbytes": 4, 
	"sentbytes": "220138"
	}, 
	{
	"name": "RDBLId - General Paramaters Set", 
	"replybytes": "61010000000000000000", 
	"deny_sds": [
		"nosds", 
		"plant", 
		"aftersales"
	], 
	"receivebyte_dataitems": {
		"C_D2": {
		"ref": true, 
		"firstbyte": 7
		}, 
		"C_D1": {
		"ref": true, 
		"firstbyte": 6
		}, 
		"C_tau_actuator_model": {
		"ref": true, 
		"firstbyte": 9
		}, 
		"C_M": {
		"ref": true, 
		"firstbyte": 3
		}, 
		"C_Dem": {
		"ref": true, 
		"firstbyte": 10
		}, 
		"C_Iz": {
		"ref": true, 
		"firstbyte": 8
		}, 
		"C_L2": {
		"ref": true, 
		"firstbyte": 5
		}, 
		"C_L1": {
		"ref": true, 
		"firstbyte": 4
		}
	}, 
	"minbytes": 10, 
	"sentbytes": "2101"
	}, 
	{
	"name": "RDBLId - Enable/ disable Development frames", 
	"replybytes": "610F00", 
	"deny_sds": [
		"nosds", 
		"plant", 
		"aftersales"
	], 
	"receivebyte_dataitems": {
		"C_dev_frame_enab_disab": {
		"ref": true, 
		"firstbyte": 3
		}
	}, 
	"minbytes": 3, 
	"sentbytes": "210F"
	}, 
	{
	"name": "DataRead.ESP RWA Request", 
	"replybytes": "62021300", 
	"deny_sds": [], 
	"receivebyte_dataitems": {
		"ESP RWA Request": {
		"ref": true, 
		"firstbyte": 4
		}
	}, 
	"minbytes": 4, 
	"sentbytes": "220213"
	}, 
	{
	"name": "DataRead.ESPRearWheelRearAngleAcknowledgment", 
	"replybytes": "62015400", 
	"deny_sds": [], 
	"receivebyte_dataitems": {
		"ESPRearWheelAngleAcknowledgment": {
		"ref": true, 
		"firstbyte": 4
		}
	}, 
	"minbytes": 4, 
	"sentbytes": "220154"
	}, 
	{
	"receivebyte_dataitems": {
		"DataRecorder Data": {
		"firstbyte": 3
		}
	}, 
	"deny_sds": [
		"nosds", 
		"plant", 
		"aftersales"
	], 
	"minbytes": 703, 
	"sentbytes": "2121", 
	"name": "RDBLId - DataRecorder"
	}, 
	{
	"name": "DataRead.Steering Wheel Angle calculated offset", 
	"replybytes": "62010300", 
	"deny_sds": [], 
	"receivebyte_dataitems": {
		"Steering Wheel Angle Calculated Offset": {
		"ref": true, 
		"firstbyte": 4
		}
	}, 
	"minbytes": 4, 
	"sentbytes": "220103"
	}, 
	{
	"name": "DataRead.RearWheelAngleOpenLoopRequest (CAN)", 
	"replybytes": "62015500", 
	"deny_sds": [], 
	"receivebyte_dataitems": {
		"RearWheelAngleOpenLoopRequest": {
		"ref": true, 
		"firstbyte": 4
		}
	}, 
	"minbytes": 4, 
	"sentbytes": "220155"
	}, 
	{
	"name": "DataRead.Motor Current", 
	"replybytes": "62012C00", 
	"deny_sds": [], 
	"receivebyte_dataitems": {
		"Motor Measured current": {
		"ref": true, 
		"firstbyte": 4
		}
	}, 
	"minbytes": 4, 
	"sentbytes": "22012C"
	}, 
	{
	"name": "StartRoutine - ECU Init Phase", 
	"deny_sds": [], 
	"manualsend": true, 
	"receivebyte_dataitems": {
		"RoutineEntryStatus_ECUInitPhase": {
		"firstbyte": 3
		}
	}, 
	"sendbyte_dataitems": {
		"RoutineEntryOption": {
		"firstbyte": 3
		}
	}, 
	"minbytes": 3, 
	"sentbytes": "310300"
	}, 
	{
	"name": "DataRead.Mu Split RWA request", 
	"replybytes": "62013500", 
	"deny_sds": [], 
	"receivebyte_dataitems": {
		"Mu split RWA Request": {
		"ref": true, 
		"firstbyte": 4
		}
	}, 
	"minbytes": 4, 
	"sentbytes": "220135"
	}, 
	{
	"name": "RDBLId - Downgraded Mode Parameters Set", 
	"replybytes": "611000", 
	"deny_sds": [
		"nosds", 
		"plant", 
		"aftersales"
	], 
	"receivebyte_dataitems": {
		"C_MaxLockRWAForDriving": {
		"ref": true, 
		"firstbyte": 3
		}
	}, 
	"minbytes": 3, 
	"sentbytes": "2110"
	}, 
	{
	"name": "RDBLId - Functional Data Processing Parameters Set", 
	"replybytes": "610200", 
	"deny_sds": [
		"nosds", 
		"plant", 
		"aftersales"
	], 
	"receivebyte_dataitems": {
		"C_TimeConstant_VehicleSpeed_Filter": {
		"ref": true, 
		"firstbyte": 3
		}
	}, 
	"minbytes": 3, 
	"sentbytes": "2102"
	}, 
	{
	"name": "WDBLId - Functional Data Processing Parameters Set", 
	"replybytes": "7B02", 
	"deny_sds": [
		"nosds", 
		"plant", 
		"aftersales"
	], 
	"manualsend": true, 
	"sendbyte_dataitems": {
		"C_TimeConstant_VehicleSpeed_Filter": {
		"firstbyte": 3
		}
	}, 
	"minbytes": 2, 
	"sentbytes": "3B0200"
	}, 
	{
	"name": "RDBLId - Supervisor Transitions Parameters Set", 
	"replybytes": "61040000", 
	"deny_sds": [
		"nosds", 
		"plant", 
		"aftersales"
	], 
	"receivebyte_dataitems": {
		"C_MediumVehicleSpeedOverThrs": {
		"ref": true, 
		"firstbyte": 3
		}, 
		"C_MediumVehicleSpeedUnderThrs": {
		"ref": true, 
		"firstbyte": 4
		}
	}, 
	"minbytes": 4, 
	"sentbytes": "2104"
	}, 
	{
	"name": "RDBLId - Forward Static FFD Parameters Set n2", 
	"replybytes": "61070000000000000000000000000000000000000000000000000000000000000000000000000000000000000000000000000000000000000000", 
	"deny_sds": [
		"nosds", 
		"plant", 
		"aftersales"
	], 
	"receivebyte_dataitems": {
		"C_Fwd_DeadZone_Vector_deg": {
		"ref": true, 
		"firstbyte": 31
		}, 
		"C_Fwd_Slope": {
		"ref": true, 
		"firstbyte": 3
		}
	}, 
	"minbytes": 58, 
	"sentbytes": "2107"
	}, 
	{
	"name": "RDBLId - Forward Static FFD Parameters Set n1", 
	"replybytes": "6106000000000000000000000000000000000000000000000000000000000000000000000000000000000000000000000000000000000000000000000000000000000000000000000000000000000000000000000000", 
	"deny_sds": [
		"nosds", 
		"plant", 
		"aftersales"
	], 
	"receivebyte_dataitems": {
		"C_Fwd_Average_Tgs": {
		"ref": true, 
		"firstbyte": 31
		}, 
		"C_Fwd_VehicleSpeed_Vector_kmh": {
		"ref": true, 
		"firstbyte": 3
		}
	}, 
	"minbytes": 86, 
	"sentbytes": "2106"
	}, 
	{
	"name": "ReadDTCInformation.ReportSnapshot", 
	"replybytes": "590400000000", 
	"deny_sds": [], 
	"receivebyte_dataitems": {
		"DTCRecord": {
		"firstbyte": 3
		}, 
		"StatusOfDTC": {
		"firstbyte": 6
		}
	}, 
	"sendbyte_dataitems": {
		"DTCMaskRecord": {
		"firstbyte": 3
		}
	}, 
	"minbytes": 6, 
	"sentbytes": "1904000000FF"
	}, 
	{
	"name": "RDBLId - Musplit function Parameters Set", 
	"replybytes": "611100", 
	"deny_sds": [
		"nosds", 
		"plant", 
		"aftersales"
	], 
	"receivebyte_dataitems": {
		"C_ReturnToZeroMaxSpeedMuSplit": {
		"ref": true, 
		"firstbyte": 3
		}
	}, 
	"minbytes": 3, 
	"sentbytes": "2111"
	}, 
	{
	"name": "WDBLId - Dynamic FFD Parameters Set", 
	"replybytes": "7B0A", 
	"deny_sds": [
		"nosds", 
		"plant", 
		"aftersales"
	], 
	"manualsend": true, 
	"sendbyte_dataitems": {
		"C_Dff_limitation_SWA2_VS3": {
		"firstbyte": 8
		}, 
		"C_Dff_limitation_SWA2_VS2": {
		"firstbyte": 7
		}, 
		"C_Dff_limitation_Coeff2": {
		"firstbyte": 14
		}, 
		"C_Dff_limitation_Coeff3": {
		"firstbyte": 15
		}, 
		"C_Dff_limitation_Coeff0": {
		"firstbyte": 12
		}, 
		"C_Dff_limitation_Coeff1": {
		"firstbyte": 13
		}, 
		"C_Dff_limitation_SWA1_VS3": {
		"firstbyte": 5
		}, 
		"C_Dff_limitation_SWA1_VS2": {
		"firstbyte": 4
		}, 
		"C_Dff_limitation_SWA1_VS1": {
		"firstbyte": 3
		}, 
		"C_Dff_limitation_VS1": {
		"firstbyte": 16
		}, 
		"C_Dff_limitation_SWA3_VS1": {
		"firstbyte": 9
		}, 
		"C_Dff_limitation_VS2": {
		"firstbyte": 17
		}, 
		"C_Dff_limitation_SWA3_VS3": {
		"firstbyte": 11
		}, 
		"C_Dff_limitation_SWA3_VS2": {
		"firstbyte": 10
		}, 
		"C_Dff_limitation_VS3": {
		"firstbyte": 18
		}, 
		"C_Dff_limitation_SWA2_VS1": {
		"firstbyte": 6
		}
	}, 
	"minbytes": 2, 
	"sentbytes": "3B0A00000000000000000000000000000000"
	}, 
	{
	"name": "DataRead.GenericApplicativeDiagEnable", 
	"replybytes": "62050300", 
	"deny_sds": [], 
	"receivebyte_dataitems": {
		"GenericApplicativeDiagEnable": {
		"ref": true, 
		"firstbyte": 4
		}
	}, 
	"minbytes": 4, 
	"sentbytes": "220503"
	}, 
	{
	"name": "WDBLId - Static FFD Parameters Set", 
	"replybytes": "7B05", 
	"deny_sds": [
		"nosds", 
		"plant", 
		"aftersales"
	], 
	"manualsend": true, 
	"sendbyte_dataitems": {
		"C_SFF_Limitation_U_kmh": {
		"firstbyte": 3
		}, 
		"C_HighSpeed_Max_SFF_Angle": {
		"firstbyte": 8
		}
	}, 
	"minbytes": 2, 
	"sentbytes": "3B05000000000000"
	}, 
	{
	"name": "RDBLId - Global Saturations Parameters Set", 
	"replybytes": "610300000000000000000000000000", 
	"deny_sds": [
		"nosds", 
		"plant", 
		"aftersales"
	], 
	"receivebyte_dataitems": {
		"C_MaximumRWA_deg": {
		"ref": true, 
		"firstbyte": 15
		}, 
		"C_RWS_Sat_U": {
		"ref": true, 
		"firstbyte": 3
		}, 
		"C_RWS_Sat_Value": {
		"ref": true, 
		"firstbyte": 9
		}
	}, 
	"minbytes": 15, 
	"sentbytes": "2103"
	}, 
	{
	"name": "ClearDiagnosticInformation.All", 
	"deny_sds": [], 
	"minbytes": 1, 
	"sentbytes": "14FFFFFF", 
	"replybytes": "54"
	}, 
	{
	"name": "WDBLId - Downgraded Mode Parameters Set", 
	"replybytes": "7B10", 
	"deny_sds": [
		"nosds", 
		"plant", 
		"aftersales"
	], 
	"manualsend": true, 
	"sendbyte_dataitems": {
		"C_MaxLockRWAForDriving": {
		"firstbyte": 3
		}
	}, 
	"minbytes": 2, 
	"sentbytes": "3B1000"
	}, 
	{
	"deny_sds": [], 
	"minbytes": 1, 
	"sentbytes": "3E01", 
	"name": "TesterPresent.WithResponse"
	}, 
	{
	"name": "DataRead.Driver Brake", 
	"replybytes": "62020E00", 
	"deny_sds": [], 
	"receivebyte_dataitems": {
		"DriverBrake": {
		"ref": true, 
		"firstbyte": 4
		}
	}, 
	"minbytes": 4, 
	"sentbytes": "22020E"
	}, 
	{
	"name": "RDBLId - Reverse Static FFD Parameters Set n1", 
	"replybytes": "6108000000000000000000000000000000000000000000000000000000000000000000000000000000000000000000000000000000000000000000000000000000000000000000000000000000000000000000000000", 
	"deny_sds": [
		"nosds", 
		"plant", 
		"aftersales"
	], 
	"receivebyte_dataitems": {
		"C_Rev_VehicleSpeed_Vector_kmh": {
		"ref": true, 
		"firstbyte": 3
		}, 
		"C_Rev_Average_Tgs": {
		"ref": true, 
		"firstbyte": 31
		}
	}, 
	"minbytes": 86, 
	"sentbytes": "2108"
	}, 
	{
	"name": "RDBLId - VIN", 
	"replybytes": "618100000000000000000000000000000000000000", 
	"deny_sds": [], 
	"receivebyte_dataitems": {
		"Code VIN": {
		"ref": true, 
		"firstbyte": 3
		}, 
		"Crc": {
		"ref": true, 
		"firstbyte": 20
		}
	}, 
	"minbytes": 21, 
	"sentbytes": "2181"
	}, 
	{
	"name": "RDBLId - Reverse Static FFD Parameters Set n2", 
	"replybytes": "61090000000000000000000000000000000000000000000000000000000000000000000000000000000000000000000000000000000000000000", 
	"deny_sds": [
		"nosds", 
		"plant", 
		"aftersales"
	], 
	"receivebyte_dataitems": {
		"C_Rev_Slope": {
		"ref": true, 
		"firstbyte": 3
		}, 
		"C_Rev_DeadZone_Vector_deg": {
		"ref": true, 
		"firstbyte": 31
		}
	}, 
	"minbytes": 58, 
	"sentbytes": "2109"
	}, 
	{
	"name": "WDBLId - Global Saturations Parameters Set", 
	"replybytes": "7B03", 
	"deny_sds": [
		"nosds", 
		"plant", 
		"aftersales"
	], 
	"manualsend": true, 
	"sendbyte_dataitems": {
		"C_MaximumRWA_deg": {
		"firstbyte": 15
		}, 
		"C_RWS_Sat_U": {
		"firstbyte": 3
		}, 
		"C_RWS_Sat_Value": {
		"firstbyte": 9
		}
	}, 
	"minbytes": 2, 
	"sentbytes": "3B03010A648C96A075757543323275"
	}, 
	{
	"name": "WDBLId - General Parameters Set", 
	"replybytes": "7B01", 
	"deny_sds": [
		"nosds", 
		"plant", 
		"aftersales"
	], 
	"manualsend": true, 
	"sendbyte_dataitems": {
		"C_D2": {
		"firstbyte": 7
		}, 
		"C_D1": {
		"firstbyte": 6
		}, 
		"C_tau_actuator_model": {
		"firstbyte": 9
		}, 
		"C_M": {
		"firstbyte": 3
		}, 
		"C_Dem": {
		"firstbyte": 10
		}, 
		"C_Iz": {
		"firstbyte": 8
		}, 
		"C_L2": {
		"firstbyte": 5
		}, 
		"C_L1": {
		"firstbyte": 4
		}
	}, 
	"minbytes": 2, 
	"sentbytes": "3B010000000000000000"
	}, 
	{
	"name": "StartRoutine - Actuator testing", 
	"deny_sds": [], 
	"manualsend": true, 
	"receivebyte_dataitems": {
		"RoutineEntryStatus": {
		"firstbyte": 3
		}
	}, 
	"sendbyte_dataitems": {
		"Actuator Test pattern": {
		"firstbyte": 4
		}, 
		"RoutineEntryOption": {
		"firstbyte": 3
		}
	}, 
	"minbytes": 3, 
	"sentbytes": "310100000000"
	}, 
	{
	"name": "ReadDTCInformation.ReportExtendedData", 
	"replybytes": "590600000000", 
	"deny_sds": [], 
	"receivebyte_dataitems": {
		"DTCExtendedData.AgingCounter": {
		"firstbyte": 8
		}, 
		"DTCExtendedDataRecordNumber": {
		"firstbyte": 7
		}, 
		"DTCExtendedData.Mileage": {
		"firstbyte": 8
		}, 
		"DTCRecord": {
		"firstbyte": 3
		}, 
		"StatusOfDTC": {
		"firstbyte": 6
		}, 
		"DTCExtendedData.DTCOccurrenceCounter": {
		"firstbyte": 8
		}
	}, 
	"sendbyte_dataitems": {
		"DTCMaskRecord": {
		"firstbyte": 3
		}
	}, 
	"minbytes": 6, 
	"sentbytes": "1906000000FF"
	}, 
	{
	"name": "DataRead.Rear Wheel Angle Position (CAN)", 
	"replybytes": "62013300", 
	"deny_sds": [], 
	"receivebyte_dataitems": {
		"Rear Wheel Angle Position": {
		"ref": true, 
		"firstbyte": 4
		}
	}, 
	"minbytes": 4, 
	"sentbytes": "220133"
	}, 
	{
	"name": "DataRead.VehicleSpeed Sign", 
	"replybytes": "62020500", 
	"deny_sds": [], 
	"receivebyte_dataitems": {
		"Vehicle Speed Sign": {
		"ref": true, 
		"firstbyte": 4
		}
	}, 
	"minbytes": 4, 
	"sentbytes": "220205"
	}, 
	{
	"name": "WDBLId - Enable/ disable mu split function", 
	"replybytes": "7B0E", 
	"deny_sds": [
		"nosds", 
		"plant", 
		"aftersales"
	], 
	"manualsend": true, 
	"sendbyte_dataitems": {
		"C_MuSplit_Enable_Disable": {
		"firstbyte": 3
		}
	}, 
	"minbytes": 2, 
	"sentbytes": "3B0E00"
	}, 
	{
	"name": "Start Reprog Session", 
	"deny_sds": [], 
	"manualsend": true, 
	"sendbyte_dataitems": {
		"Reprog Session": {
		"firstbyte": 2
		}
	}, 
	"minbytes": 1, 
	"sentbytes": "1085"
	}, 
	{
	"receivebyte_dataitems": {
		"RoutineEntryStatus": {
		"firstbyte": 3
		}
	}, 
	"deny_sds": [], 
	"minbytes": 3, 
	"sentbytes": "310101", 
	"name": "StatusRoutine - OscillationOfActuator"
	}, 
	{
	"name": "WDBLId - System Inhibition Flags Parameters Set", 
	"replybytes": "7B1A", 
	"deny_sds": [
		"nosds", 
		"plant", 
		"aftersales"
	], 
	"manualsend": true, 
	"sendbyte_dataitems": {
		"C_Functions_Enable_Disable": {
		"firstbyte": 3
		}
	}, 
	"minbytes": 2, 
	"sentbytes": "3B1A00"
	}, 
	{
	"name": "DataRead.Steering Wheel Angle Status", 
	"replybytes": "62010200", 
	"deny_sds": [], 
	"receivebyte_dataitems": {
		"SWA Status initialisation flag": {
		"bitoffset": 7, 
		"ref": true, 
		"firstbyte": 4
		}, 
		"SWA Status failure flag": {
		"bitoffset": 6, 
		"ref": true, 
		"firstbyte": 4
		}, 
		"SWA Calibration flag": {
		"bitoffset": 5, 
		"ref": true, 
		"firstbyte": 4
		}
	}, 
	"minbytes": 4, 
	"sentbytes": "220102"
	}, 
	{
	"name": "RDBLId - Dynamic FFD Parameters Set", 
	"replybytes": "610A00000000000000000000000000000000", 
	"deny_sds": [
		"nosds", 
		"plant", 
		"aftersales"
	], 
	"receivebyte_dataitems": {
		"C_Dff_limitation_SWA2_VS3": {
		"ref": true, 
		"firstbyte": 8
		}, 
		"C_Dff_limitation_SWA2_VS2": {
		"ref": true, 
		"firstbyte": 7
		}, 
		"C_Dff_limitation_Coeff2": {
		"ref": true, 
		"firstbyte": 14
		}, 
		"C_Dff_limitation_Coeff3": {
		"ref": true, 
		"firstbyte": 15
		}, 
		"C_Dff_limitation_Coeff0": {
		"ref": true, 
		"firstbyte": 12
		}, 
		"C_Dff_limitation_Coeff1": {
		"ref": true, 
		"firstbyte": 13
		}, 
		"C_Dff_limitation_SWA1_VS3": {
		"ref": true, 
		"firstbyte": 5
		}, 
		"C_Dff_limitation_SWA1_VS2": {
		"ref": true, 
		"firstbyte": 4
		}, 
		"C_Dff_limitation_SWA1_VS1": {
		"ref": true, 
		"firstbyte": 3
		}, 
		"C_Dff_limitation_VS1": {
		"ref": true, 
		"firstbyte": 16
		}, 
		"C_Dff_limitation_SWA3_VS1": {
		"ref": true, 
		"firstbyte": 9
		}, 
		"C_Dff_limitation_VS2": {
		"ref": true, 
		"firstbyte": 17
		}, 
		"C_Dff_limitation_SWA3_VS3": {
		"ref": true, 
		"firstbyte": 11
		}, 
		"C_Dff_limitation_SWA3_VS2": {
		"ref": true, 
		"firstbyte": 10
		}, 
		"C_Dff_limitation_VS3": {
		"ref": true, 
		"firstbyte": 18
		}, 
		"C_Dff_limitation_SWA2_VS1": {
		"ref": true, 
		"firstbyte": 6
		}
	}, 
	"minbytes": 18, 
	"sentbytes": "210A"
	}, 
	{
	"name": "ReadDTCInformation.ReportDTC", 
	"replybytes": "59020000000000", 
	"deny_sds": [], 
	"receivebyte_dataitems": {
		"DTCStatus.testFailedSinceLastClear": {
		"bitoffset": 2, 
		"firstbyte": 7
		}, 
		"DTCStatus.pendingDTC": {
		"bitoffset": 5, 
		"firstbyte": 7
		}, 
		"DTCStatus.confirmedDTC": {
		"bitoffset": 4, 
		"firstbyte": 7
		}, 
		"DTCDeviceAndFailureTypeOBD": {
		"firstbyte": 4
		}, 
		"DTCFailureType.ManufacturerOrSupplier": {
		"bitoffset": 4, 
		"firstbyte": 6
		}, 
		"DTCFailureType.Category": {
		"firstbyte": 6
		}, 
		"DTCFailureType": {
		"firstbyte": 6
		}, 
		"DTCStatus.testNotCompletedSinceLastClear": {
		"bitoffset": 3, 
		"firstbyte": 7
		}, 
		"DTCStatus.testNotCompletedThisMonitoringCycle": {
		"bitoffset": 1, 
		"firstbyte": 7
		}, 
		"DTCStatusAvailabilityMask": {
		"firstbyte": 3
		}, 
		"DTCStatus.warningIndicatorRequested": {
		"firstbyte": 7
		}, 
		"StatusOfDTC": {
		"firstbyte": 7
		}, 
		"DTCStatus.testFailedThisMonitoringCycle": {
		"bitoffset": 6, 
		"firstbyte": 7
		}, 
		"DTCStatus.testFailed": {
		"bitoffset": 7, 
		"firstbyte": 7
		}, 
		"DTCDeviceIdentifier": {
		"firstbyte": 4
		}
	}, 
	"minbytes": 3, 
	"sentbytes": "1902FF", 
	"shiftbytescount": 4
	}, 
	{
	"name": "Start Diagnostic Session", 
	"deny_sds": [], 
	"manualsend": true, 
	"sendbyte_dataitems": {
		"Session Name": {
		"firstbyte": 2
		}
	}, 
	"minbytes": 1, 
	"sentbytes": "10C0"
	}, 
	{
	"name": "RW-WDBLI - VIN", 
	"replybytes": "7B81", 
	"deny_sds": [], 
	"manualsend": true, 
	"sendbyte_dataitems": {
		"Code VIN": {
		"firstbyte": 3
		}, 
		"Crc": {
		"firstbyte": 20
		}
	}, 
	"minbytes": 2, 
	"sentbytes": "3B8100000000000000000000000000000000000000"
	}, 
	{
	"receivebyte_dataitems": {
		"HardwareNumber.BasicPartList": {
		"firstbyte": 24, 
		"endian": "Little"
		}, 
		"DiagnosticIdentificationCode": {
		"firstbyte": 8, 
		"endian": "Little"
		}, 
		"CalibrationNumber": {
		"firstbyte": 21, 
		"endian": "Little"
		}, 
		"SupplierNumber.ITG": {
		"firstbyte": 9, 
		"endian": "Little"
		}, 
		"HardwareNumber.LowerPart": {
		"firstbyte": 12
		}, 
		"PartNumber.BasicPartList": {
		"firstbyte": 23, 
		"endian": "Little"
		}, 
		"ManufacturerIdentificationCode": {
		"firstbyte": 26
		}, 
		"ApprovalNumber.BasicPartList": {
		"firstbyte": 25
		}, 
		"EditionNumber": {
		"firstbyte": 19, 
		"endian": "Little"
		}, 
		"PartNumber.LowerPart": {
		"firstbyte": 3
		}, 
		"SoftwareNumber": {
		"firstbyte": 17, 
		"endian": "Little"
		}, 
		"SupplierNumber": {
		"firstbyte": 9
		}
	}, 
	"deny_sds": [
		"nosds"
	], 
	"minbytes": 26, 
	"sentbytes": "21F0", 
	"name": "DataRead.LogZone.5digits"
	}, 
	{
	"name": "DataRead.Steering Wheel Angle Speed", 
	"replybytes": "62010100", 
	"deny_sds": [], 
	"receivebyte_dataitems": {
		"Steering Wheel Angle Speed": {
		"ref": true, 
		"firstbyte": 4
		}
	}, 
	"minbytes": 4, 
	"sentbytes": "220101"
	}, 
	{
	"name": "DataRead.System status", 
	"replybytes": "62015800", 
	"deny_sds": [], 
	"receivebyte_dataitems": {
		"System internal Status": {
		"ref": true, 
		"firstbyte": 4
		}
	}, 
	"minbytes": 4, 
	"sentbytes": "220158"
	}, 
	{
	"name": "WDBLId - Enable/ disable Development frames", 
	"replybytes": "7B0F", 
	"deny_sds": [
		"nosds", 
		"plant", 
		"aftersales"
	], 
	"manualsend": true, 
	"sendbyte_dataitems": {
		"C_dev_frame_enab_disab": {
		"firstbyte": 3
		}
	}, 
	"minbytes": 2, 
	"sentbytes": "3B0F11"
	}, 
	{
	"name": "WDBLId - Plausibility Calculation Parameters Set", 
	"replybytes": "7B12", 
	"deny_sds": [
		"nosds", 
		"plant", 
		"aftersales"
	], 
	"manualsend": true, 
	"sendbyte_dataitems": {
		"C_Rev_Tgs_SignInversionSpeed": {
		"firstbyte": 4
		}, 
		"C_Fwd_Tgs_SignInversionSpeed": {
		"firstbyte": 3
		}
	}, 
	"minbytes": 2, 
	"sentbytes": "3B120000"
	}
], 
"data": {
	"Battery Voltage": {
	"scaled": true, 
	"step": 0.2, 
	"unit": "V"
	}, 
	"DTCExtendedDataRecordNumber": {
	"lists": {
		"128": "Mileage", 
		"129": "AgingCounter", 
		"130": "DTCOccurrenceCounter"
	}
	}, 
	"Steering Wheel Angle Speed": {
	"scaled": true, 
	"step": 10.0, 
	"unit": "\u00b0/s", 
	"offset": -1270.0
	}, 
	"C_dev_frame_enab_disab": {
	"lists": {
		"0": "Development frames Enabled", 
		"3": "Development frames Disabled"
	}
	}, 
	"Mu split RWA Request": {
	"scaled": true, 
	"step": 0.03, 
	"format": "0.00", 
	"unit": "\u00b0", 
	"offset": -3.81
	}, 
	"C_tau_actuator_model": {
	"scaled": true, 
	"step": 0.0007, 
	"offset": 0.022
	}, 
	"PartNumber.BasicPartList": {
	"lists": {
		"0": "N/A", 
		"1": "52700", 
		"2": "285J1"
	}
	}, 
	"SWA Gradient failure flag": {
	"bitscount": 1, 
	"lists": {
		"0": "no SWA gradient failure detected", 
		"1": "SWA gradient failure detected"
	}
	}, 
	"SWA Status initialisation flag": {
	"bitscount": 1, 
	"lists": {
		"0": "not initialised", 
		"1": "initialised"
	}
	}, 
	"Producer BCM C_absent": {
	"bitscount": 1, 
	"lists": {
		"0": "C_Absent = 255", 
		"1": "C_Absent != 255"
	}
	}, 
	"HardwareNumber.BasicPartList": {
	"lists": {
		"0": "N/A", 
		"1": "28506"
	}
	}, 
	"Production Serial number": {
	"bytesascii": true, 
	"bytescount": 4, 
	"byte": true, 
	"bitscount": 32
	}, 
	"Output Temporary Control List": {
	"lists": {
		"1": "Rear Wheel Angle Position Request"
	}
	}, 
	"C_MediumVehicleSpeedUnderThrs": {
	"scaled": true, 
	"unit": "km/h"
	}, 
	"Output Control Command": {
	"lists": {
		"0": "Start Temporary", 
		"1": "Status", 
		"17": "Stop", 
		"32": "Start Permanent"
	}
	}, 
	"Historical Failure": {
	"bitscount": 1, 
	"lists": {
		"0": "No", 
		"1": "Yes"
	}
	}, 
	"Current Failure": {
	"bitscount": 1, 
	"lists": {
		"0": "No", 
		"1": "Yes"
	}
	}, 
	"Production calendar month": {
	"byte": true, 
	"bytesascii": true
	}, 
	"C_Iz": {
	"scaled": true, 
	"step": 20.0, 
	"offset": 500.0
	}, 
	"RearWheelAnglePosition (CAN copy)": {
	"scaled": true, 
	"step": 0.03, 
	"format": "0.00", 
	"unit": "\u00b0", 
	"offset": -3.81
	}, 
	"Duration of the event": {
	"scaled": true, 
	"bytescount": 2, 
	"step": 0.498, 
	"bitscount": 16, 
	"unit": "s"
	}, 
	"C_TimeConstant_VehicleSpeed_Filter": {
	"scaled": true, 
	"step": 0.0004, 
	"offset": 0.012
	}, 
	"USM absence flag": {
	"bitscount": 1, 
	"lists": {
		"0": "USM present", 
		"1": "USM absent"
	}
	}, 
	"C_RWS_Sat_Value": {
	"bytescount": 6, 
	"byte": true, 
	"bitscount": 48
	}, 
	"Diagnostic version": {
	"lists": {
		"64": "version 4", 
		"65": "version 4.1", 
		"50": "version 3.2", 
		"51": "version 3.3", 
		"66": "version 4.2"
	}
	}, 
	"C_Kcech_19_27": {
	"bytescount": 18, 
	"byte": true, 
	"bitscount": 144
	}, 
	"SW version": {
	"bytescount": 2, 
	"bitscount": 16, 
	"lists": {
		"64": "version 4.0", 
		"65": "version 4.1", 
		"66": "version 4.2", 
		"67": "version 4.3", 
		"48": "version 3.0", 
		"49": "version 3.1", 
		"50": "version 3.2", 
		"51": "version 3.3"
	}
	}, 
	"C_Fwd_Tgs_SignInversionSpeed": {
	"scaled": true, 
	"unit": "km/h", 
	"format": "000"
	}, 
	"C_Rev_Tgs_SignInversionSpeed": {
	"scaled": true, 
	"unit": "km/h", 
	"format": "000"
	}, 
	"DTCDeviceIdentifier": {
	"bytescount": 2, 
	"bitscount": 16, 
	"lists": {
		"22528": "Internal memory : EEPROM", 
		"22529": "Relay stuck open", 
		"22530": "MainMPU Failure (Plausibility error /ROM / RAM / pulse / DMA)", 
		"22531": "Servo MPU Failure (Plausibility error /ROM / RAM / pulse / DMA)", 
		"22534": "ECU temperature Sensor Failure", 
		"22535": "Maximum ECU temperature overshoot (Failure mode)", 
		"22536": "maximum Current overshoot (failure mode)", 
		"22658": "incomplete configuration", 
		"22659": "Low Temperature Strategy Activated", 
		"61443": "ECU Power Supply", 
		"22560": "Hall effect Sensors", 
		"22561": "position sensors plausibility", 
		"22592": "Absolute Sensor Data (wires or sensor or acquisition)", 
		"22593": "motor or driver or current sensor", 
		"22594": "ECU internal relay stuck close or 3-phase connector disconnected", 
		"22656": "ECU Temperature overshoot (protection mode)", 
		"22624": "CAN - 4WS frame absent", 
		"22625": "CAN - Brake messages fault", 
		"22626": "mu split function deactivated", 
		"22627": "USM - miniconsumption requested", 
		"22629": "impossibility to move actuator", 
		"22657": "Abnormal system wake up"
	}
	}, 
	"Module Mute Compter Parameter": {
	"scaled": true, 
	"bitscount": 6, 
	"format": "000"
	}, 
	"DTCStatus.testFailedSinceLastClear": {
	"bitscount": 1, 
	"lists": {
		"0": "No", 
		"1": "Yes"
	}
	}, 
	"Rear Wheel Angle Position Request (Long List)": {
	"lists": {
		"131": "0.1", 
		"135": "0.2", 
		"138": "0.3", 
		"11": "-3.5", 
		"141": "0.4", 
		"15": "-3.4", 
		"115": "-0.4", 
		"145": "0.5", 
		"18": "-3.3", 
		"148": "0.6", 
		"21": "-3.2", 
		"151": "0.7", 
		"25": "-3.1", 
		"155": "0.8", 
		"28": "-3", 
		"158": "0.9", 
		"31": "-2.9", 
		"161": "1", 
		"35": "-2.8", 
		"165": "1.1", 
		"38": "-2.7", 
		"168": "1.2", 
		"41": "-2.6", 
		"171": "1.3", 
		"45": "-2.5", 
		"175": "1.4", 
		"48": "-2.4", 
		"178": "1.5", 
		"51": "-2.3", 
		"181": "1.6", 
		"55": "-2.2", 
		"185": "1.7", 
		"58": "-2.1", 
		"188": "1.8", 
		"61": "-2", 
		"191": "1.9", 
		"65": "-1.9", 
		"195": "2", 
		"68": "-1.8", 
		"198": "2.1", 
		"71": "-1.7", 
		"201": "2.2", 
		"75": "-1.6", 
		"205": "2.3", 
		"78": "-1.5", 
		"208": "2.4", 
		"81": "-1.4", 
		"211": "2.5", 
		"85": "-1.3", 
		"215": "2.6", 
		"88": "-1.2", 
		"218": "2.7", 
		"91": "-1.1", 
		"221": "2.8", 
		"95": "-1", 
		"225": "2.9", 
		"98": "-0.9", 
		"228": "3", 
		"101": "-0.8", 
		"231": "3.1", 
		"105": "-0.7", 
		"235": "3.2", 
		"108": "-0.6", 
		"238": "3.3", 
		"111": "-0.5", 
		"241": "3.4", 
		"243": "3.5", 
		"118": "-0.3", 
		"121": "-0.2", 
		"125": "-0.1", 
		"127": "0"
	}, 
	"signed": true
	}, 
	"Output Control Status": {
	"lists": {
		"1": "control in progress", 
		"2": "Control complete and OK", 
		"17": "control stopped", 
		"18": "control aborted due to vehicle speed > 0km/h", 
		"19": "control aborted due to internal failure", 
		"20": "control aborted due to diag tool unplugged (session C0 stopped)"
	}
	}, 
	"Code ITG": {
	"bytesascii": true, 
	"bytescount": 3, 
	"byte": true, 
	"bitscount": 24
	}, 
	"C_ReturnToZeroMaxSpeedMuSplit": {
	"scaled": true, 
	"step": 0.1, 
	"format": "00,0", 
	"unit": "\u00b0/s", 
	"offset": 0.1
	}, 
	"DTCStatus.testNotCompletedSinceLastClear": {
	"bitscount": 1, 
	"lists": {
		"0": "No", 
		"1": "Yes"
	}
	}, 
	"C_MaxLockRWAForDriving": {
	"scaled": true, 
	"step": 0.03, 
	"unit": "\u00b0"
	}, 
	"DriverBrake": {
	"lists": {
		"0": "not used", 
		"1": "Driver Not Braking", 
		"2": "Driver Braking", 
		"3": "Unavailable"
	}
	}, 
	"MiniConsumptionRequest": {
	"lists": {
		"0": "Reserved 1", 
		"1": "No minimum consumption requested", 
		"2": "minimum consumption requested", 
		"3": "Reserved 2"
	}
	}, 
	"C_Bus Off Parameter": {
	"bitscount": 1, 
	"lists": {
		"0": "C_Mute != 255", 
		"1": "C_Mute = 255"
	}
	}, 
	"System internal Status": {
	"lists": {
		"0": "Init phase", 
		"1": "Protection mode", 
		"2": "nominal mode", 
		"3": "Downgraded mode : Return to zero", 
		"4": "Hold mode (relay on)", 
		"5": "stop mode (relay off)"
	}
	}, 
	"Vehicle Speed Sign": {
	"lists": {
		"0": "Vehicle not moving", 
		"1": "Vehicle Running forward", 
		"2": "Vehicle Running backward", 
		"3": "unavailable"
	}
	}, 
	"Rear Wheel Angle Speed": {
	"scaled": true, 
	"step": 0.15, 
	"format": "00.00", 
	"unit": "\u00b0/s", 
	"offset": -19.05
	}, 
	"Diag Mux On State": {
	"lists": {
		"0": "counting and storage of mute/ absent failure masked", 
		"1": "counting and storage of mute/ absent failure not masked"
	}
	}, 
	"DTCExtendedData.Mileage": {
	"scaled": true, 
	"bytescount": 3, 
	"comment": "Description of the extendedData Mileage (use by Failure Page to decode data)", 
	"bitscount": 24, 
	"unit": "km"
	}, 
	"NDTC": {
	"scaled": true
	}, 
	"RoutineEntryOption": {
	"lists": {
		"0": "Perform routine requested"
	}
	}, 
	"Approval number": {
	"byte": true
	}, 
	"DTCStatus.warningIndicatorRequested": {
	"bitscount": 1, 
	"lists": {
		"0": "No", 
		"1": "Yes"
	}
	}, 
	"MoreDTC": {
	"scaled": true, 
	"signed": true
	}, 
	"DTCExtendedData.AgingCounter": {
	"scaled": true, 
	"comment": "Description of the extendedData AgingCounter (use by Failure Page to decode data)"
	}, 
	"VehicleSpeed": {
	"scaled": true, 
	"unit": "km/h"
	}, 
	"DTCMaskRecord": {
	"bytescount": 3, 
	"byte": true, 
	"bitscount": 24
	}, 
	"Session Name": {
	"lists": {
		"192": "Session apr\u00e8s Vente", 
		"129": "Session par d\u00e9faut - Stop Diag"
	}
	}, 
	"Producer BCM Status": {
	"bitscount": 1, 
	"lists": {
		"0": "Present", 
		"1": "Absent"
	}
	}, 
	"C_SFF_Limitation_U_kmh": {
	"bytescount": 5, 
	"byte": true, 
	"bitscount": 40
	}, 
	"Speed of actuator for oscillation routine": {
	"lists": {
		"0": "0 deg/s", 
		"131": "10,5", 
		"6": "0,5", 
		"138": "11", 
		"13": "1", 
		"144": "11,5", 
		"19": "1,5", 
		"150": "12", 
		"25": "2", 
		"156": "12,5", 
		"31": "2,5", 
		"163": "13", 
		"38": "3", 
		"169": "13,5", 
		"44": "3,5", 
		"175": "14", 
		"50": "4", 
		"181": "14,5", 
		"56": "4,5", 
		"188": "15", 
		"63": "5", 
		"69": "5,5", 
		"75": "6", 
		"81": "6,5", 
		"88": "7", 
		"94": "7,5", 
		"100": "8", 
		"106": "8,5", 
		"113": "9", 
		"119": "9,5", 
		"125": "10"
	}
	}, 
	"C_VspeedLim_kmh": {
	"scaled": true, 
	"unit": "km/h"
	}, 
	"DTCStatusAvailabilityMask": {
	"scaled": true
	}, 
	"Max Value for actuator oscillation (while in start routine)": {
	"lists": {
		"0": "0.5\u00b0", 
		"1": "1\u00b0", 
		"2": "1.5\u00b0", 
		"3": "2\u00b0", 
		"4": "2.5\u00b0", 
		"5": "3\u00b0", 
		"6": "3.5\u00b0"
	}
	}, 
	"DTCRecord": {
	"bytescount": 3, 
	"byte": true, 
	"bitscount": 24
	}, 
	"EditionNumber": {
	"comment": "Software version(edition) number", 
	"bytescount": 2, 
	"byte": true, 
	"bitscount": 16
	}, 
	"PartNumber.LowerPart": {
	"bytesascii": true, 
	"bytescount": 5, 
	"byte": true, 
	"bitscount": 40
	}, 
	"RWS Status": {
	"lists": {
		"0": "No fault", 
		"1": "Return to zero position", 
		"2": "Locked in position"
	}
	}, 
	"Producer ABS/ESP C_absent": {
	"bitscount": 1, 
	"lists": {
		"0": "C_Absent = 255", 
		"1": "C_Absent != 255"
	}
	}, 
	"ESP RWA Request Type": {
	"lists": {
		"0": "No request from ESP", 
		"1": "request from ESP", 
		"2": "not used", 
		"3": "Not used"
	}
	}, 
	"C_Dff_limitation_Coeff1": {
	"scaled": true, 
	"step": 0.004, 
	"unit": "-", 
	"format": "0.000"
	}, 
	"Lamp Activation Request.Value": {
	"lists": {
		"0": "No fault", 
		"1": "Orange Warning Lamp ON", 
		"2": "Red STOP Lamp ON"
	}
	}, 
	"C_Dff_limitation_Coeff2": {
	"scaled": true, 
	"step": 0.004, 
	"unit": "-", 
	"format": "0.000"
	}, 
	"ECU Measured temperature": {
	"scaled": true, 
	"unit": "\u00b0", 
	"offset": -100.0
	}, 
	"C_Dff_limitation_Coeff0": {
	"scaled": true, 
	"step": 0.004, 
	"unit": "-", 
	"format": "0.000"
	}, 
	"BCM absence flag": {
	"bitscount": 1, 
	"lists": {
		"0": "BCM present", 
		"1": "BCM absent"
	}
	}, 
	"Actuator Test pattern": {
	"bytescount": 3, 
	"bitscount": 24, 
	"lists": {
		"415746": "slow test", 
		"425218": "Fast test"
	}
	}, 
	"ESP RWA Request": {
	"scaled": true, 
	"step": 0.03, 
	"unit": "\u00b0", 
	"offset": -3.81
	}, 
	"Messagerie CAN": {
	"bytescount": 2, 
	"byte": true, 
	"bitscount": 16
	}, 
	"Code VIN": {
	"bytesascii": true, 
	"bytescount": 17, 
	"byte": true, 
	"bitscount": 136
	}, 
	"ESP absence flag": {
	"bitscount": 1, 
	"lists": {
		"0": "ESP present", 
		"1": "ESP absent"
	}
	}, 
	"DTCStatus.testNotCompletedThisMonitoringCycle": {
	"bitscount": 1, 
	"lists": {
		"0": "No", 
		"1": "Yes"
	}
	}, 
	"Module Mute Statut Parameter": {
	"bitscount": 1, 
	"lists": {
		"0": "No Mute", 
		"1": "Mute"
	}
	}, 
	"Bus Off Compter Parameter": {
	"scaled": true, 
	"bitscount": 6, 
	"format": "000"
	}, 
	"C_L2": {
	"scaled": true, 
	"step": 0.01, 
	"unit": "m", 
	"offset": 0.5
	}, 
	"Failure Lamp State": {
	"lists": {
		"0": "No warning lamp", 
		"1": "Orange warning lamp", 
		"2": "Red warning lamp"
	}
	}, 
	"C_Mute Parameter": {
	"bitscount": 1, 
	"lists": {
		"0": "C_Mute != 255", 
		"1": "C_Mute = 255"
	}
	}, 
	"C_D1": {
	"scaled": true, 
	"step": 1000.0, 
	"offset": 50000.0
	}, 
	"Absolute sensor position": {
	"scaled": true, 
	"step": 0.03, 
	"format": "0.00", 
	"unit": "\u00b0", 
	"offset": -3.81
	}, 
	"GenericApplicativeDiagEnable": {
	"lists": {
		"0": "Only faults reports and alerts that must remain active during cranking or sleeping periods are enabled", 
		"1": "all faults reports and alerts not related to APC power level are enabled", 
		"2": "all faults reports and alerts are enabled", 
		"3": "Reserved"
	}
	}, 
	"Producer ABS/ESP Compter": {
	"scaled": true, 
	"bitscount": 6, 
	"format": "000"
	}, 
	"Rear Wheel Angle Position": {
	"scaled": true, 
	"step": 0.03, 
	"format": "0.00", 
	"unit": "\u00b0", 
	"offset": -3.81
	}, 
	"ABSMalfunction": {
	"bitscount": 1, 
	"lists": {
		"0": "ABS OK", 
		"1": "ABS not OK"
	}
	}, 
	"RoutineEntryStatus_ECUInitPhase": {
	"lists": {
		"2": "Routine completed and Ok"
	}
	}, 
	"SoftwareNumber": {
	"comment": "Software identification number", 
	"bytescount": 2, 
	"byte": true, 
	"bitscount": 16
	}, 
	"IO_ControlStatus": {
	"lists": {
		"1": "Control In Progress (1h)", 
		"2": "Control complete and Ok (2h)", 
		"17": "Control stoppped by tool (11h)", 
		"18": "Control aborted due to vehicle speed > 0km/h (12h)", 
		"19": "Control aborted due to failure (13h)", 
		"20": "Control aborted due to tool unplugged (session C0 stopped) (14h)"
	}
	}, 
	"Steering Wheel Angle Calculated Offset": {
	"scaled": true, 
	"step": 0.5, 
	"unit": "\u00b0", 
	"offset": -63.5
	}, 
	"AYCInRegulation": {
	"bitscount": 1, 
	"lists": {
		"0": "AYC Not in Regulation", 
		"1": "AYC in regulation"
	}
	}, 
	"C_Fwd_VehicleSpeed_Vector_kmh": {
	"bytescount": 28, 
	"byte": true, 
	"bitscount": 224
	}, 
	"DTCFailureType.Category": {
	"bitscount": 4, 
	"lists": {
		"0": "General Failure Information", 
		"1": "General Electrical Failures", 
		"2": "General Signal Failures", 
		"3": "FM (Frequency Modulated) / PWM (Pulse Width Modulated) Failures", 
		"4": "System Internal Failures", 
		"5": "System Programming Failures", 
		"6": "Algorithm Based Failures", 
		"7": "Mechanical Failures", 
		"8": "Bus Signal / Message Failures", 
		"9": "Component Failures", 
		"15": "Vehicle manufacturer / System supplier specific"
	}
	}, 
	"RearWheelAngleOpenLoopRequest": {
	"scaled": true, 
	"step": 0.03, 
	"format": "0.00", 
	"unit": "\u00b0", 
	"offset": -3.81
	}, 
	"Ignition Signal": {
	"lists": {
		"0": "not present", 
		"1": "present"
	}
	}, 
	"C_Uint_kmh": {
	"bytescount": 9, 
	"byte": true, 
	"bitscount": 72
	}, 
	"number of cycles": {
	"scaled": true, 
	"unit": "-"
	}, 
	"DTCStatus.pendingDTC": {
	"bitscount": 1, 
	"lists": {
		"0": "No", 
		"1": "Yes"
	}
	}, 
	"C_Rev_Slope": {
	"bytescount": 28, 
	"byte": true, 
	"bitscount": 224
	}, 
	"Dynamic FFD RWA Request": {
	"scaled": true, 
	"step": 0.03, 
	"format": "0.00", 
	"unit": "\u00b0", 
	"offset": -3.81
	}, 
	"Vehicle Speed sign failure flag": {
	"bitscount": 1, 
	"lists": {
		"0": "no vehicle speed sign failure detected", 
		"1": "Vehicle speed sign failure detected"
	}
	}, 
	"VehicleState": {
	"lists": {
		"0": "Vehicle asleep and engine stopped", 
		"1": "Vehicle awake and engine stopped", 
		"2": "Ignition ON (engine ready to start)", 
		"3": "Starting in progress", 
		"4": "vehicle awake and engine running"
	}
	}, 
	"Steering Wheel Angle Status": {
	"lists": {
		"0": "No failure", 
		"1": "failure"
	}
	}, 
	"AYCMalfunction": {
	"bitscount": 1, 
	"lists": {
		"0": "ESP OK", 
		"1": "ESP not OK"
	}
	}, 
	"Bus Off Status Parameter": {
	"bitscount": 1, 
	"lists": {
		"0": "Bus On", 
		"1": "Bus Off"
	}
	}, 
	"Production day of month": {
	"bytesascii": true, 
	"bytescount": 2, 
	"byte": true, 
	"bitscount": 16
	}, 
	"Output Permanent Control List": {
	"lists": {
		"2": "Lamp Activation Request"
	}
	}, 
	"C_MediumVehicleSpeedOverThrs": {
	"scaled": true, 
	"unit": "km/h"
	}, 
	"Producer ABS/ESP Status": {
	"bitscount": 1, 
	"lists": {
		"0": "Present", 
		"1": "Absent"
	}
	}, 
	"Rear Wheel Angle Position Request.Value": {
	"lists": {
		"131": "0.1", 
		"135": "0.2", 
		"138": "0.3", 
		"11": "-3.5", 
		"141": "0.4", 
		"15": "-3.4", 
		"115": "-0.4", 
		"145": "0.5", 
		"18": "-3.3", 
		"148": "0.6", 
		"21": "-3.2", 
		"151": "0.7", 
		"25": "-3.1", 
		"155": "0.8", 
		"28": "-3", 
		"158": "0.9", 
		"31": "-2.9", 
		"161": "1", 
		"35": "-2.8", 
		"165": "1.1", 
		"38": "-2.7", 
		"168": "1.2", 
		"41": "-2.6", 
		"171": "1.3", 
		"45": "-2.5", 
		"175": "1.4", 
		"48": "-2.4", 
		"178": "1.5", 
		"51": "-2.3", 
		"181": "1.6", 
		"55": "-2.2", 
		"185": "1.7", 
		"58": "-2.1", 
		"188": "1.8", 
		"61": "-2", 
		"191": "1.9", 
		"65": "-1.9", 
		"195": "2", 
		"68": "-1.8", 
		"198": "2.1", 
		"71": "-1.7", 
		"201": "2.2", 
		"75": "-1.6", 
		"205": "2.3", 
		"78": "-1.5", 
		"208": "2.4", 
		"81": "-1.4", 
		"211": "2.5", 
		"85": "-1.3", 
		"215": "2.6", 
		"88": "-1.2", 
		"218": "2.7", 
		"91": "-1.1", 
		"221": "2.8", 
		"95": "-1", 
		"225": "2.9", 
		"98": "-0.9", 
		"228": "3", 
		"101": "-0.8", 
		"231": "3.1", 
		"105": "-0.7", 
		"235": "3.2", 
		"108": "-0.6", 
		"238": "3.3", 
		"111": "-0.5", 
		"241": "3.4", 
		"243": "3.5", 
		"118": "-0.3", 
		"121": "-0.2", 
		"125": "-0.1", 
		"127": "0"
	}
	}, 
	"C_L1": {
	"scaled": true, 
	"step": 0.01, 
	"unit": "m", 
	"offset": 0.5
	}, 
	"ESP_RWAPositionSeen": {
	"scaled": true, 
	"step": 0.03, 
	"unit": "\u00b0", 
	"offset": -3.81
	}, 
	"DTCFailureType.ManufacturerOrSupplier": {
	"bitscount": 4, 
	"lists": {
		"0": "Specific Default 0", 
		"1": "Specific Default 1", 
		"2": "Specific Default 2", 
		"3": "Specific Default 3", 
		"8": "Mon defaut \u00e0 moi"
	}
	}, 
	"bootSoftwareIdentification": {
	"bytescount": 5, 
	"byte": true, 
	"bitscount": 40
	}, 
	"C_Fwd_Slope": {
	"bytescount": 28, 
	"byte": true, 
	"bitscount": 224
	}, 
	"Crc": {
	"bytescount": 2, 
	"byte": true, 
	"bitscount": 16
	}, 
	"C_Dff_limitation_VS3": {
	"scaled": true, 
	"unit": "km/h", 
	"format": "000"
	}, 
	"C_Dff_limitation_VS2": {
	"scaled": true, 
	"unit": "km/h", 
	"format": "000"
	}, 
	"C_Dff_limitation_VS1": {
	"scaled": true, 
	"unit": "km/h", 
	"format": "000"
	}, 
	"RoutineEntryStatus": {
	"lists": {
		"1": "Routine in progress", 
		"2": "Routine completed and Ok", 
		"3": "Routine completed and Nok : stopped due to vehicle speed > 0km/h", 
		"4": "Routine completed and Nok : stopped due to failure", 
		"5": "routine completed and NOK : routine stopped due to diag tool unplugged (session C0 stopped)"
	}
	}, 
	"C_D2": {
	"scaled": true, 
	"step": 1000.0, 
	"offset": 50000.0
	}, 
	"DTCStatus.testFailedThisMonitoringCycle": {
	"bitscount": 1, 
	"lists": {
		"0": "No", 
		"1": "Yes"
	}
	}, 
	"C_Functions_Enable_Disable": {
	"lists": {
		"0": "Functions enabled", 
		"1": "System controlled in zero position", 
		"2": "Relay opening Requested"
	}
	}, 
	"C_Rev_Average_Tgs": {
	"bytescount": 56, 
	"byte": true, 
	"bitscount": 448
	}, 
	"Motor Measured current": {
	"scaled": true, 
	"unit": "A", 
	"offset": -127.0
	}, 
	"CalibrationFileChecksum": {
	"scaled": true, 
	"bytescount": 2, 
	"bitscount": 16, 
	"unit": "-"
	}, 
	"SW Number basic part list": {}, 
	"C_HighSpeed_Max_SFF_Angle": {
	"scaled": true, 
	"step": 0.03, 
	"unit": "\u00b0"
	}, 
	"SupplierNumber": {
	"comment": "Supplier code (hexa)", 
	"bytescount": 3, 
	"byte": true, 
	"bitscount": 24
	}, 
	"ABSInRegulation": {
	"bitscount": 1, 
	"lists": {
		"0": "ABS Not in Regulation", 
		"1": "ABS in regulation"
	}
	}, 
	"ManufacturerIdentificationCode": {
	"lists": {
		"0": "Renault R1", 
		"128": "Nissan N1", 
		"130": "Nissan N3", 
		"136": "5DIGITS", 
		"129": "Nissan N2"
	}
	}, 
	"SWA Calibration flag": {
	"bitscount": 1, 
	"lists": {
		"0": "not calibrated", 
		"1": "calibrated"
	}
	}, 
	"C_MuSplit_Enable_Disable": {
	"lists": {
		"0": "function disabled", 
		"1": "function enabled"
	}
	}, 
	"ESPRearWheelAngleAcknowledgment": {
	"lists": {
		"0": "RWA Request from ESP will not be applied", 
		"1": "RWA Request from ESP will be applied"
	}
	}, 
	"Rear Wheel Angle Position Request (Short List)": {
	"lists": {
		"160": "1", 
		"194": "2", 
		"227": "3", 
		"11": "-3,5", 
		"44": "-2,5", 
		"77": "-1,5", 
		"110": "-0,5", 
		"144": "0,5", 
		"177": "1,5", 
		"210": "2,5", 
		"243": "3,5", 
		"27": "-3", 
		"60": "-2", 
		"94": "-1", 
		"127": "0"
	}
	}, 
	"DiagnosticIdentificationCode": {
	"comment": "Diag evolution number", 
	"byte": true
	}, 
	"C_Dff_limitation_SWA3_VS3": {
	"scaled": true, 
	"unit": "\u00b0", 
	"format": "000"
	}, 
	"C_Kcech_1_9": {
	"bytescount": 18, 
	"byte": true, 
	"bitscount": 144
	}, 
	"RoutineExitStatus": {
	"lists": {
		"1": "Routine in progress", 
		"2": "Routine completed and Ok", 
		"3": "not used", 
		"4": "Routine completed and Nok : RAZ stopped due to internal fault", 
		"5": "Routine completed and NOK : routine stopped due to diag tool unplugged (session C0 stopped)"
	}
	}, 
	"C_Dem": {
	"scaled": true, 
	"step": 0.04, 
	"offset": 10.0
	}, 
	"DTCFailureType": {
	"lists": {
		"0": "Device and failure type ODB codding", 
		"1": "General Electrical Failure", 
		"2": "General signal failure", 
		"3": "FM (Frequency Modulated) / PWM (Pulse Width Modulated) Failures", 
		"4": "System Internal Failures", 
		"5": "System Programming Failures", 
		"6": "Algorithm Based Failures", 
		"7": "Mechanical Failures", 
		"8": "Bus Signal / Message Failures", 
		"9": "Component Failures", 
		"17": "circuit short to ground", 
		"18": "circuit short to battery", 
		"19": "circuit open", 
		"20": "circuit short to ground or open", 
		"21": "circuit short to battery or open", 
		"22": "circuit voltage below threshold", 
		"23": "circuit voltage above threshold", 
		"24": "circuit current below threshold", 
		"25": "circuit current above threshold", 
		"26": "circuit resistance below threshold", 
		"27": "circuit resistance above threshold", 
		"28": "circuit voltage out of range", 
		"29": "circuit current out of range", 
		"30": "circuit resistance out of range", 
		"31": "circuit intermittent", 
		"33": "signal amplitude < minimum", 
		"34": "signal amplitude > maximum", 
		"35": "signal stuck low", 
		"36": "signal stuck high", 
		"37": "signal shape / waveform failure", 
		"38": "signal rate of change below threshold", 
		"39": "signal rate of change above threshold", 
		"40": "signal bias level out of range / zero adjustment failure", 
		"41": "signal signal invalid", 
		"47": "signal erratic", 
		"49": "no signal", 
		"50": "signal low time < minimum", 
		"51": "signal low time > maximum", 
		"52": "signal high time < minimum", 
		"53": "signal high time > maximum", 
		"54": "signal frequency too low", 
		"55": "signal frequency too high", 
		"56": "signal frequency incorrect", 
		"57": "incorrect has too few pulses", 
		"58": "incorrect has too many pulses", 
		"65": "general checksum failure", 
		"66": "general memory failure", 
		"67": "special memory failure", 
		"68": "data memory failure", 
		"69": "program memory failure", 
		"70": "calibration / parameter memory failure", 
		"71": "watchdog / safety \u00b5C failure", 
		"72": "supervision software failure", 
		"73": "internal electronic failure", 
		"74": "incorrect component installed", 
		"75": "over temperature", 
		"81": "not programmed", 
		"82": "not activated", 
		"83": "deactivated", 
		"84": "missing calibration", 
		"85": "not configured", 
		"97": "signal calculation failure", 
		"98": "signal compare failure", 
		"99": "circuit / component protection time-out", 
		"100": "signal plausibility failure", 
		"101": "signal has too few transitions / events", 
		"102": "signal has too many transitions / events", 
		"103": "signal incorrect after event", 
		"104": "event information", 
		"113": "actuator stuck", 
		"114": "actuator stuck open", 
		"115": "actuator stuck closed", 
		"116": "actuator slipping", 
		"117": "emergency position not reachable", 
		"118": "wrong mounting position", 
		"119": "commanded position not reachable", 
		"120": "alignment or adjustment incorrect", 
		"121": "mechanical linkage failure", 
		"122": "fluid leak or seal failure", 
		"123": "low fluid level", 
		"129": "invalid serial data received", 
		"130": "alive / sequence counter incorrect / not updated", 
		"131": "value of signal protection calculation incorrect", 
		"132": "signal below allowable range", 
		"133": "signal above allowable range", 
		"134": "signal invalid", 
		"135": "missing message", 
		"136": "bus off", 
		"143": "erratic", 
		"145": "parametric", 
		"146": "performance or incorrect operation", 
		"147": "no operation", 
		"148": "unexpected operation", 
		"149": "incorrect assembly", 
		"150": "component internal failure", 
		"151": "Component or system operation obstructed or blocked", 
		"152": "component or system over temperature"
	}
	}, 
	"C_Rev_VehicleSpeed_Vector_kmh": {
	"bytescount": 28, 
	"byte": true, 
	"bitscount": 224
	}, 
	"C_Dff_limitation_SWA3_VS1": {
	"scaled": true, 
	"unit": "\u00b0", 
	"format": "000"
	}, 
	"C_Rev_DeadZone_Vector_deg": {
	"bytescount": 28, 
	"byte": true, 
	"bitscount": 224
	}, 
	"C_Dff_limitation_SWA3_VS2": {
	"scaled": true, 
	"unit": "\u00b0", 
	"format": "000"
	}, 
	"StatusOfDTC": {
	"scaled": true
	}, 
	"SW Number lower part": {
	"bytesascii": true, 
	"bytescount": 5, 
	"byte": true, 
	"bitscount": 40
	}, 
	"SW Number": {
	"bytescount": 2, 
	"byte": true, 
	"bitscount": 16
	}, 
	"Year of production": {
	"bytesascii": true, 
	"bytescount": 2, 
	"byte": true, 
	"bitscount": 16
	}, 
	"RearWheelAnglePosition status frame": {
	"bitscount": 16, 
	"signed": true, 
	"scaled": true, 
	"step": 0.001, 
	"bytescount": 2, 
	"unit": "\u00b0"
	}, 
	"Steering Wheel Angle": {
	"bitscount": 16, 
	"format": "0000.0", 
	"scaled": true, 
	"step": 0.1, 
	"bytescount": 2, 
	"offset": -3276.7, 
	"unit": "\u00b0"
	}, 
	"C_Dff_limitation_SWA1_VS3": {
	"scaled": true, 
	"unit": "\u00b0", 
	"format": "000"
	}, 
	"C_Dff_limitation_SWA1_VS2": {
	"scaled": true, 
	"unit": "\u00b0", 
	"format": "000"
	}, 
	"C_Dff_limitation_SWA1_VS1": {
	"scaled": true, 
	"unit": "\u00b0", 
	"format": "000"
	}, 
	"DataRecorder Data": {
	"bytescount": 701, 
	"byte": true, 
	"bitscount": 5608
	}, 
	"SWA Status failure flag": {
	"bitscount": 1, 
	"lists": {
		"0": "no failure", 
		"1": "failure"
	}
	}, 
	"C_Fwd_Average_Tgs": {
	"bytescount": 56, 
	"byte": true, 
	"bitscount": 448
	}, 
	"C_Kcech_10_18": {
	"bytescount": 18, 
	"byte": true, 
	"bitscount": 144
	}, 
	"Manufacturer identification code": {
	"byte": true
	}, 
	"DTCStatus.confirmedDTC": {
	"bitscount": 1, 
	"lists": {
		"0": "No", 
		"1": "Yes"
	}
	}, 
	"CalibrationNumber": {
	"comment": "Numero de calibration en Hexa", 
	"bytescount": 2, 
	"byte": true, 
	"bitscount": 16
	}, 
	"C_MaximumRWA_deg": {
	"scaled": true, 
	"step": 0.03, 
	"unit": "\u00b0"
	}, 
	"C_M": {
	"scaled": true, 
	"step": 10.0, 
	"format": "0000", 
	"unit": "Kg", 
	"offset": 500.0
	}, 
	"C_Dff_limitation_Coeff3": {
	"scaled": true, 
	"step": 0.004, 
	"unit": "-", 
	"format": "0.000"
	}, 
	"C_Dff_limitation_SWA2_VS1": {
	"scaled": true, 
	"unit": "\u00b0", 
	"format": "000"
	}, 
	"C_Dff_limitation_SWA2_VS2": {
	"scaled": true, 
	"unit": "\u00b0", 
	"format": "000"
	}, 
	"C_Dff_limitation_SWA2_VS3": {
	"scaled": true, 
	"unit": "\u00b0", 
	"format": "000"
	}, 
	"VehicleSpeed_status_frame": {
	"scaled": true, 
	"unit": "km/h"
	}, 
	"4WS absence flag": {
	"bitscount": 1, 
	"lists": {
		"0": "4WS present", 
		"1": "4WS absent"
	}
	}, 
	"Producer BCM Compter": {
	"scaled": true, 
	"bitscount": 6, 
	"format": "000"
	}, 
	"DTCExtendedData.DTCOccurrenceCounter": {
	"scaled": true, 
	"comment": "Description of the extendedData DTCOccurenceCounter (use by Failure Page to decode data)"
	}, 
	"Static FFD RWA Request": {
	"scaled": true, 
	"step": 0.03, 
	"format": "0.00", 
	"unit": "\u00b0", 
	"offset": -3.81
	}, 
	"C_Fwd_DeadZone_Vector_deg": {
	"bytescount": 28, 
	"byte": true, 
	"bitscount": 224
	}, 
	"Reprog Session": {
	"lists": {
		"133": "Reprog session"
	}
	}, 
	"HardwareNumber.LowerPart": {
	"bytesascii": true, 
	"bytescount": 5, 
	"byte": true, 
	"bitscount": 40
	}, 
	"ApprovalNumber.BasicPartList": {
	"lists": {
		"0": "N/A"
	}
	}, 
	"DTCDeviceAndFailureTypeOBD": {
	"bytescount": 2, 
	"bitscount": 16
	}, 
	"SupplierNumber.ITG": {
	"bytesascii": true, 
	"bytescount": 3, 
	"byte": true, 
	"bitscount": 24, 
	"comment": "Supplier ITG code"
	}, 
	"Vehicle Speed Gradient failure flag": {
	"bitscount": 1, 
	"lists": {
		"0": "no vehicle speed gradient failure detected", 
		"1": "Vehicle speed gradient failure detected"
	}
	}, 
	"C_RWS_Sat_U": {
	"bytescount": 6, 
	"byte": true, 
	"bitscount": 48
	}, 
	"Standard Fault": {
	"bitscount": 5, 
	"lists": {
		"0": "No possible classification about the type of fault", 
		"1": "Open circuit", 
		"2": "Short circuit to ground", 
		"3": "Short circuit at battery +", 
		"4": "Parameter at min limit", 
		"5": "Parameter at max limit", 
		"6": "Incoherency, not plausible", 
		"7": "No signal", 
		"8": "Below min. threshold", 
		"9": "Above max. threshold", 
		"10": "Permanent Low Level", 
		"11": "Permanent High Level", 
		"12": "Lines short-circuited", 
		"13": "Internal electronic anomaly", 
		"14": "Network default", 
		"15": "Remote diagnostic", 
		"16": "Disturbed communication", 
		"17": "Microcuts", 
		"18": "Abnormal voltage", 
		"19": "Value out of range", 
		"20": "Open circuit or Short circuit to ground", 
		"21": "Open circuit or Short circuit to battery", 
		"22": "Initialization / configuration not valid"
	}
	}, 
	"DTCStatus.testFailed": {
	"bitscount": 1, 
	"lists": {
		"0": "No", 
		"1": "Yes"
	}
	}
}
}