{
"obd": {
	"baudrate": 10400, 
	"protocol": "CAN", 
	"recv_id": "7A2", 
	"funcname": "AAU -Audio Amplifier Unit", 
	"funcaddr": "86", 
	"send_id": "782"
}, 
"devices": [
	{
	"dtc": 37638, 
	"devicedata": {}, 
	"dtctype": 3, 
	"name": "Surrounds (Twidlers)"
	}, 
	{
	"dtc": 37701, 
	"devicedata": {}, 
	"dtctype": 2, 
	"name": "Temperature"
	}, 
	{
	"dtc": 37867, 
	"devicedata": {}, 
	"dtctype": 3, 
	"name": "External ANC Microphone Supply 1"
	}, 
	{
	"dtc": 37868, 
	"devicedata": {}, 
	"dtctype": 3, 
	"name": "External ANC Microphone Supply 2"
	}, 
	{
	"dtc": 37869, 
	"devicedata": {}, 
	"dtctype": 3, 
	"name": "External ANC Microphone Supply 3"
	}, 
	{
	"dtc": 37667, 
	"devicedata": {}, 
	"dtctype": 3, 
	"name": "Rear left tweeter"
	}, 
	{
	"dtc": 37656, 
	"devicedata": {}, 
	"dtctype": 3, 
	"name": "Centerfill Speaker"
	}, 
	{
	"dtc": 37643, 
	"devicedata": {}, 
	"dtctype": 3, 
	"name": "Rear right loudspeaker"
	}, 
	{
	"dtc": 37649, 
	"devicedata": {}, 
	"dtctype": 3, 
	"name": "Rear left loudspeaker"
	}, 
	{
	"dtc": 57691, 
	"devicedata": {}, 
	"dtctype": 0, 
	"name": "USM communication"
	}, 
	{
	"dtc": 37697, 
	"devicedata": {}, 
	"dtctype": 2, 
	"name": "Virgin Or incomplete configuration"
	}, 
	{
	"dtc": 37698, 
	"devicedata": {}, 
	"dtctype": 2, 
	"name": "ECU"
	}, 
	{
	"dtc": 57672, 
	"devicedata": {}, 
	"dtctype": 0, 
	"name": "VDC communication"
	}, 
	{
	"dtc": 37666, 
	"devicedata": {}, 
	"dtctype": 3, 
	"name": "Front left tweeter"
	}, 
	{
	"dtc": 57709, 
	"devicedata": {}, 
	"dtctype": 0, 
	"name": "TCU communication"
	}, 
	{
	"dtc": 57707, 
	"devicedata": {}, 
	"dtctype": 0, 
	"name": "FRCAMERA communication"
	}, 
	{
	"dtc": 37645, 
	"devicedata": {}, 
	"dtctype": 3, 
	"name": "Front right loudspeaker"
	}, 
	{
	"dtc": 57684, 
	"devicedata": {}, 
	"dtctype": 0, 
	"name": "A-IVI communication"
	}, 
	{
	"dtc": 57664, 
	"devicedata": {}, 
	"dtctype": 0, 
	"name": "ECM communication"
	}, 
	{
	"dtc": 37664, 
	"devicedata": {}, 
	"dtctype": 3, 
	"name": "Rear right tweeter"
	}, 
	{
	"dtc": 37744, 
	"devicedata": {}, 
	"dtctype": 3, 
	"name": "Bass Box"
	}, 
	{
	"dtc": 37647, 
	"devicedata": {}, 
	"dtctype": 3, 
	"name": "Front left loudspeaker"
	}, 
	{
	"dtc": 57701, 
	"devicedata": {}, 
	"dtctype": 0, 
	"name": "SONAR communication"
	}, 
	{
	"dtc": 37655, 
	"devicedata": {}, 
	"dtctype": 3, 
	"name": "Subwoofers"
	}, 
	{
	"dtc": 37665, 
	"devicedata": {}, 
	"dtctype": 3, 
	"name": "Front right tweeter"
	}, 
	{
	"dtc": 57679, 
	"devicedata": {}, 
	"dtctype": 0, 
	"name": "BCM communication"
	}, 
	{
	"dtc": 57667, 
	"devicedata": {}, 
	"dtctype": 0, 
	"name": "HEVC communication"
	}, 
	{
	"dtc": 57678, 
	"devicedata": {}, 
	"dtctype": 0, 
	"name": "METER communication"
	}
], 
"ecuname": "A-IVI Premium_Amplifier_v0.12", 
"autoidents": [
	{
	"diagversion": "13", 
	"supplier": "398", 
	"version": "00000000000000FFFF", 
	"soft": "0000000000000000000000000000FFFF"
	}, 
	{
	"diagversion": "17", 
	"supplier": "398", 
	"version": "00000000000000FFFF", 
	"soft": "0000000000000000000000000000FFFF"
	}, 
	{
	"diagversion": "13", 
	"supplier": "398", 
	"version": "SW 04.20 V10.10.00", 
	"soft": "283C49382R BJA_NE1 P1 28.07.17  "
	}, 
	{
	"diagversion": "13", 
	"supplier": "398", 
	"version": "SW 05.10 V10.13.00", 
	"soft": "0000000000 Proto_P1             "
	}, 
	{
	"diagversion": "13", 
	"supplier": "398", 
	"version": "SW 05.10 V10.13.00", 
	"soft": "283C42010R BJA_NE1 P1 28.07.17  "
	}, 
	{
	"diagversion": "13", 
	"supplier": "398", 
	"version": "SW 06.00 V11.14.00", 
	"soft": "283C42716R BJA_NE1 P1 28.07.17  "
	}, 
	{
	"diagversion": "13", 
	"supplier": "398", 
	"version": "SW 06.00 V11.14.00", 
	"soft": "283C47430R LJC_NNN P1 28.07.17  "
	}, 
	{
	"diagversion": "17", 
	"supplier": "398", 
	"version": "SW 06.10 V21.13.00", 
	"soft": "283C47792R JFC_NE2 P2 28.07.17  "
	}, 
	{
	"diagversion": "17", 
	"supplier": "398", 
	"version": "SW 06.10 V21.13.00", 
	"soft": "283C47044R JFC_CE6 P2 28.03.18  "
	}, 
	{
	"diagversion": "17", 
	"supplier": "398", 
	"version": "SW 06.10 V21.13.00", 
	"soft": "0000000000 Proto_P2             "
	}, 
	{
	"diagversion": "13", 
	"supplier": "398", 
	"version": "SW 07.00 V11.15.00", 
	"soft": "0000000000 Proto_P1             "
	}, 
	{
	"diagversion": "17", 
	"supplier": "398", 
	"version": "SW 06.00 V21.12.05", 
	"soft": "283C46146R JFC_NE2 P2 28.07.17  "
	}, 
	{
	"diagversion": "17", 
	"supplier": "398", 
	"version": "SW 06.00 V20.12.07", 
	"soft": "283C47044R JFC_CE6 P2 28.03.18  "
	}, 
	{
	"diagversion": "17", 
	"supplier": "398", 
	"version": "SW 06.00 V20.12.07", 
	"soft": "283C49874R JFC_CE4 P2 28.03.18  "
	}, 
	{
	"diagversion": "17", 
	"supplier": "398", 
	"version": "SW 06.00 V20.12.07", 
	"soft": "283C41299R LFD_CE2 P2 28.03.18  "
	}, 
	{
	"diagversion": "17", 
	"supplier": "398", 
	"version": "SW 06.00 V21.12.02", 
	"soft": "283C44756R LFD_NE2 P2 28.07.17  "
	}, 
	{
	"diagversion": "17", 
	"supplier": "398", 
	"version": "SW 06.00 V21.12.02", 
	"soft": "283C46422R XFB_NE1 P2 28.07.17  "
	}, 
	{
	"diagversion": "13", 
	"supplier": "398", 
	"version": "SW 06.00 V10.14.03", 
	"soft": "283C41938R B10_NNN P1 28.07.17  "
	}, 
	{
	"diagversion": "13", 
	"supplier": "398", 
	"version": "SW 06.00 V10.14.03", 
	"soft": "283C47430R LJC_NNN P1 28.07.17  "
	}, 
	{
	"diagversion": "13", 
	"supplier": "398", 
	"version": "SW 06.00 V10.14.03", 
	"soft": "283C45493R HJB_NE1 P1 28.07.17  "
	}, 
	{
	"diagversion": "13", 
	"supplier": "398", 
	"version": "SW 06.00 V10.14.03", 
	"soft": "283C47576R LJL_NE1 P1 28.07.17  "
	}, 
	{
	"diagversion": "13", 
	"supplier": "398", 
	"version": "SW 07.00 V11.15.00", 
	"soft": "283C47430R LJC_NNN P1 28.07.17  "
	}, 
	{
	"diagversion": "13", 
	"supplier": "398", 
	"version": "SW 07.00 V11.15.00", 
	"soft": "283C41526R BJA_NNN P1 28.07.17  "
	}, 
	{
	"diagversion": "13", 
	"supplier": "398", 
	"version": "SW 07.00 V10.15.02", 
	"soft": "283C44535R BJA_NNN P1 09.01.19  "
	}, 
	{
	"diagversion": "13", 
	"supplier": "398", 
	"version": "SW 07.00 V10.15.03", 
	"soft": "283C47706R LJC_NNN P1 22.01.19  "
	}, 
	{
	"diagversion": "13", 
	"supplier": "398", 
	"version": "SW 08.00 V12.16.00", 
	"soft": "283C47413R B10_NNN P1 28.07.17"
	}, 
	{
	"diagversion": "13", 
	"supplier": "398", 
	"version": "SW 08.00 V12.16.00", 
	"soft": "283C45090R HJB_NNN P1 28.07.17"
	}, 
	{
	"diagversion": "17", 
	"supplier": "398", 
	"version": "SW 08.00 V22.15.01", 
	"soft": "283C44865R BFB_NE2 P2 28.07.17 "
	}, 
	{
	"diagversion": "13", 
	"supplier": "398", 
	"version": "SW 08.00 V12.16.00", 
	"soft": "283C47215R LJL_NNN P1 28.07.17"
	}, 
	{
	"diagversion": "17", 
	"supplier": "398", 
	"version": "SW 08.00 V22.15.01", 
	"soft": "283C47451R JFC_FE5 P2 24.10.18"
	}, 
	{
	"diagversion": "17", 
	"supplier": "398", 
	"version": "SW 08.00 V22.15.01", 
	"soft": "283C46671R JFC_OE5 P2 24.10.18"
	}, 
	{
	"diagversion": "17", 
	"supplier": "398", 
	"version": "SW 08.00 V22.15.01", 
	"soft": "283C46527R JFC_NE2 P2 24.10.18"
	}, 
	{
	"diagversion": "17", 
	"supplier": "398", 
	"version": "SW 08.00 V22.15.01", 
	"soft": "283C44865R BFB_NE2 P2 28.07.17"
	}, 
	{
	"diagversion": "17", 
	"supplier": "398", 
	"version": "SW 08.00 V22.15.01", 
	"soft": "283C43616RKFD_FE5 P2 24.10.18"
	}, 
	{
	"diagversion": "17", 
	"supplier": "398", 
	"version": "SW 08.00 V22.15.01", 
	"soft": "283C48340R KFD_NE2 P2 28.07.17"
	}
], 
"endian": "Big", 
"requests": [
	{
	"name": "StartDiagnosticSession.Default", 
	"replybytes": "5001", 
	"deny_sds": [], 
	"manualsend": true, 
	"minbytes": 2, 
	"sentbytes": "1001"
	}, 
	{
	"name": "DataRead.ESE/ANC parameters", 
	"replybytes": "622006", 
	"deny_sds": [], 
	"receivebyte_dataitems": {
		"ESE/ANC parameters.ESE activation": {
		"ref": true, 
		"firstbyte": 5
		}, 
		"ESE/ANC parameters.ANC activation": {
		"ref": true, 
		"firstbyte": 4
		}
	}, 
	"minbytes": 5, 
	"sentbytes": "222006"
	}, 
	{
	"name": "DataRead.diagnosticVersion", 
	"replybytes": "62F1A0", 
	"deny_sds": [], 
	"receivebyte_dataitems": {
		"diagnosticVersion": {
		"ref": true, 
		"firstbyte": 4
		}
	}, 
	"minbytes": 4, 
	"sentbytes": "22F1A0"
	}, 
	{
	"name": "DataWrite.ECU configuration", 
	"replybytes": "6E2111", 
	"deny_sds": [], 
	"manualsend": true, 
	"sendbyte_dataitems": {
		"ECU configuration.Hand drive": {
		"firstbyte": 6
		}, 
		"ECU configuration.ANC microphones": {
		"firstbyte": 5
		}, 
		"ECU configuration.Speakers": {
		"firstbyte": 4
		}
	}, 
	"minbytes": 3, 
	"sentbytes": "2E2111000000"
	}, 
	{
	"name": "DataRead.IO.Tweeter_result", 
	"replybytes": "629011", 
	"deny_sds": [], 
	"receivebyte_dataitems": {
		"IO.Tweeter_result": {
		"ref": true, 
		"firstbyte": 4
		}
	}, 
	"minbytes": 4, 
	"sentbytes": "229011"
	}, 
	{
	"name": "OutputControl", 
	"replybytes": "6F000000", 
	"deny_sds": [
		"nosds", 
		"plant", 
		"aftersales", 
		"engineering", 
		"supplier"
	], 
	"sendbyte_dataitems": {
		"OutputControlCommand": {
		"firstbyte": 4
		}, 
		"OutputPermanentControlList": {
		"firstbyte": 2
		}
	}, 
	"minbytes": 1, 
	"sentbytes": "2F000000"
	}, 
	{
	"name": "DataWrite.Sound volume configuration", 
	"replybytes": "6E2109", 
	"deny_sds": [], 
	"manualsend": true, 
	"sendbyte_dataitems": {
		"Sound volume configuration.ParkingAids_HFP_gain": {
		"firstbyte": 9
		}, 
		"Sound volume configuration.ParkingAids_PSM_gain": {
		"firstbyte": 10
		}, 
		"Sound volume configuration.Beep_Clic_Level": {
		"firstbyte": 16
		}, 
		"Sound volume configuration.CFG_ADAS_LDW": {
		"bitoffset": 4, 
		"firstbyte": 6
		}, 
		"Sound volume configuration.LateralADAS_LDW_gain": {
		"firstbyte": 11
		}, 
		"Sound volume configuration.CFG_ADAS_PSM": {
		"bitoffset": 3, 
		"firstbyte": 4
		}, 
		"Sound volume configuration.CFG_ADAS_APA": {
		"bitoffset": 4, 
		"firstbyte": 4
		}, 
		"Sound volume configuration.ParkingAids_UPA_gain": {
		"firstbyte": 8
		}, 
		"Sound volume configuration.CFG_ADAS_UPA_Audio": {
		"bitoffset": 6, 
		"firstbyte": 4
		}, 
		"Sound volume configuration.CFG_ADAS_SR": {
		"bitoffset": 2, 
		"firstbyte": 4
		}, 
		"Sound volume configuration.CFG_ADAS_RCTA": {
		"bitoffset": 1, 
		"firstbyte": 4
		}, 
		"Sound volume configuration.Cluster_sound_level": {
		"firstbyte": 12
		}, 
		"Sound volume configuration.Ecall_volume": {
		"firstbyte": 5
		}, 
		"Sound volume configuration.Sonar_System_Availability": {
		"bitoffset": 6, 
		"firstbyte": 6
		}
	}, 
	"minbytes": 3, 
	"sentbytes": "2E21090000000000000000000000000000000000"
	}, 
	{
	"name": "DataRead.DTC Occurrence Counter", 
	"replybytes": "62F0D1", 
	"deny_sds": [], 
	"manualsend": true, 
	"receivebyte_dataitems": {
		"DTC Occurrence Counter": {
		"firstbyte": 4
		}
	}, 
	"minbytes": 4, 
	"sentbytes": "22F0D1"
	}, 
	{
	"name": "ReadDTCInformation.ReportNumberOfDTCByStatusMask", 
	"replybytes": "5901", 
	"deny_sds": [], 
	"receivebyte_dataitems": {
		"DTCCount": {
		"firstbyte": 5
		}, 
		"DTCFormatIdentifier": {
		"firstbyte": 4
		}, 
		"DTCStatusAvailabilityMask": {
		"firstbyte": 3
		}
	}, 
	"minbytes": 3, 
	"sentbytes": "1901FF", 
	"shiftbytescount": 3
	}, 
	{
	"name": "DataRead.Operational Reference", 
	"replybytes": "62F012", 
	"deny_sds": [], 
	"receivebyte_dataitems": {
		"Operational Reference": {
		"ref": true, 
		"firstbyte": 4
		}
	}, 
	"minbytes": 13, 
	"sentbytes": "22F012"
	}, 
	{
	"name": "DataRead.LIN_IN", 
	"replybytes": "620101", 
	"deny_sds": [], 
	"receivebyte_dataitems": {
		"LIN_IN.SystemON": {
		"bitoffset": 7, 
		"ref": true, 
		"firstbyte": 4
		}
	}, 
	"minbytes": 4, 
	"sentbytes": "220101"
	}, 
	{
	"name": "DataRead.Mileage", 
	"replybytes": "62F0D0", 
	"deny_sds": [], 
	"receivebyte_dataitems": {
		"Mileage": {
		"ref": true, 
		"firstbyte": 4
		}
	}, 
	"minbytes": 6, 
	"sentbytes": "22F0D0"
	}, 
	{
	"name": "ReadDTCInformation.ReportDTCSnapshotIdentification", 
	"deny_sds": [], 
	"minbytes": 2, 
	"sentbytes": "1903000000FF", 
	"replybytes": "5903"
	}, 
	{
	"name": "DataRead.Battery level", 
	"replybytes": "620200", 
	"deny_sds": [], 
	"receivebyte_dataitems": {
		"Battery level": {
		"ref": true, 
		"firstbyte": 4
		}
	}, 
	"minbytes": 4, 
	"sentbytes": "220200"
	}, 
	{
	"name": "DataRead.Sound volume configuration", 
	"replybytes": "622109", 
	"deny_sds": [], 
	"receivebyte_dataitems": {
		"Sound volume configuration.ParkingAids_HFP_gain": {
		"ref": true, 
		"firstbyte": 9
		}, 
		"Sound volume configuration.ParkingAids_PSM_gain": {
		"ref": true, 
		"firstbyte": 10
		}, 
		"Sound volume configuration.Beep_Clic_Level": {
		"ref": true, 
		"firstbyte": 16
		}, 
		"Sound volume configuration.CFG_ADAS_LDW": {
		"bitoffset": 4, 
		"ref": true, 
		"firstbyte": 6
		}, 
		"Sound volume configuration.LateralADAS_LDW_gain": {
		"ref": true, 
		"firstbyte": 11
		}, 
		"Sound volume configuration.CFG_ADAS_PSM": {
		"bitoffset": 3, 
		"ref": true, 
		"firstbyte": 4
		}, 
		"Sound volume configuration.CFG_ADAS_APA": {
		"bitoffset": 4, 
		"ref": true, 
		"firstbyte": 4
		}, 
		"Sound volume configuration.ParkingAids_UPA_gain": {
		"ref": true, 
		"firstbyte": 8
		}, 
		"Sound volume configuration.CFG_ADAS_UPA_Audio": {
		"bitoffset": 6, 
		"ref": true, 
		"firstbyte": 4
		}, 
		"Sound volume configuration.CFG_ADAS_SR": {
		"bitoffset": 2, 
		"ref": true, 
		"firstbyte": 4
		}, 
		"Sound volume configuration.CFG_ADAS_RCTA": {
		"bitoffset": 1, 
		"ref": true, 
		"firstbyte": 4
		}, 
		"Sound volume configuration.Cluster_sound_level": {
		"ref": true, 
		"firstbyte": 12
		}, 
		"Sound volume configuration.Ecall_volume": {
		"ref": true, 
		"firstbyte": 5
		}, 
		"Sound volume configuration.Sonar_System_Availability": {
		"bitoffset": 6, 
		"ref": true, 
		"firstbyte": 6
		}
	}, 
	"minbytes": 20, 
	"sentbytes": "222109"
	}, 
	{
	"name": "ReadDTCInformation.ReportExtendedData", 
	"replybytes": "590600000000", 
	"deny_sds": [], 
	"receivebyte_dataitems": {
		"StatusOfDTC": {
		"firstbyte": 6
		}
	}, 
	"minbytes": 6, 
	"sentbytes": "1906000000FF"
	}, 
	{
	"name": "DataRead.VIN", 
	"replybytes": "62F190", 
	"deny_sds": [], 
	"receivebyte_dataitems": {
		"VIN": {
		"firstbyte": 4
		}
	}, 
	"minbytes": 20, 
	"sentbytes": "22F190"
	}, 
	{
	"name": "StartDiagnosticSession.Extended", 
	"replybytes": "5003", 
	"deny_sds": [], 
	"manualsend": true, 
	"minbytes": 2, 
	"sentbytes": "1003"
	}, 
	{
	"name": "DataRead.vehicleManufacturerECUSoftwareNumber", 
	"replybytes": "62F188", 
	"deny_sds": [], 
	"receivebyte_dataitems": {
		"vehicleManufacturerECUSoftwareNumber": {
		"ref": true, 
		"firstbyte": 4
		}
	}, 
	"minbytes": 13, 
	"sentbytes": "22F188"
	}, 
	{
	"name": "DataRead.VehicleManufacturerSparePartNumber_N", 
	"replybytes": "62F1A1", 
	"deny_sds": [], 
	"receivebyte_dataitems": {
		"VehicleManufacturerSparePartNumber_N": {
		"firstbyte": 4
		}
	}, 
	"minbytes": 13, 
	"sentbytes": "22F1A1"
	}, 
	{
	"name": "DataRead.vehicleManufacturerSparePartNumber", 
	"replybytes": "62F187", 
	"deny_sds": [], 
	"receivebyte_dataitems": {
		"vehicleManufacturerSparePartNumber": {
		"ref": true, 
		"firstbyte": 4
		}
	}, 
	"minbytes": 13, 
	"sentbytes": "22F187"
	}, 
	{
	"name": "TesterPresent.WithResponse", 
	"deny_sds": [], 
	"minbytes": 1, 
	"sentbytes": "3E00", 
	"replybytes": "7E"
	}, 
	{
	"name": "DataWrite.Car configuration", 
	"replybytes": "6E2100", 
	"deny_sds": [], 
	"manualsend": true, 
	"sendbyte_dataitems": {
		"Car configuration.HEVC": {
		"bitoffset": 1, 
		"firstbyte": 5
		}, 
		"Car configuration.Twidlers": {
		"bitoffset": 1, 
		"firstbyte": 4
		}, 
		"Car configuration.Welcome Sequence volume level": {
		"bitoffset": 2, 
		"firstbyte": 4
		}, 
		"Car configuration.Centerfill speaker": {
		"firstbyte": 4
		}, 
		"Car configuration.Rear tweeters": {
		"firstbyte": 5
		}, 
		"Car configuration.ECM": {
		"bitoffset": 2, 
		"firstbyte": 5
		}
	}, 
	"minbytes": 3, 
	"sentbytes": "2E21000000"
	}, 
	{
	"name": "ReadDTCInformation.ReportSnapshot", 
	"replybytes": "59040000000000000000000000000000", 
	"deny_sds": [], 
	"receivebyte_dataitems": {
		"StatusOfDTC": {
		"firstbyte": 6
		}, 
		"DTC Occurrence Counter": {
		"firstbyte": 16
		}, 
		"Mileage": {
		"firstbyte": 11
		}
	}, 
	"sendbyte_dataitems": {
		"DTCMaskRecord": {
		"firstbyte": 3
		}
	}, 
	"minbytes": 16, 
	"sentbytes": "190400000001"
	}, 
	{
	"name": "ClearDiagnosticInformation.All", 
	"replybytes": "54", 
	"deny_sds": [], 
	"manualsend": true, 
	"minbytes": 1, 
	"sentbytes": "14FFFFFF"
	}, 
	{
	"name": "DataRead.systemSupplierECUSoftwareNumber", 
	"replybytes": "62F194", 
	"deny_sds": [], 
	"receivebyte_dataitems": {
		"systemSupplierECUSoftwareNumber": {
		"ref": true, 
		"firstbyte": 4
		}
	}, 
	"minbytes": 35, 
	"sentbytes": "22F194"
	}, 
	{
	"name": "ReadDTCInformation.ReportExtendedData.Mileage", 
	"replybytes": "59060000000080000000", 
	"deny_sds": [], 
	"receivebyte_dataitems": {
		"StatusOfDTC": {
		"firstbyte": 6
		}
	}, 
	"minbytes": 6, 
	"sentbytes": "190600000080"
	}, 
	{
	"name": "ECUReset.keyoffon", 
	"replybytes": "5102", 
	"deny_sds": [], 
	"manualsend": true, 
	"minbytes": 2, 
	"sentbytes": "1102"
	}, 
	{
	"name": "DataRead.Loudspeaker", 
	"replybytes": "629002", 
	"deny_sds": [], 
	"receivebyte_dataitems": {
		"Loudspeaker": {
		"ref": true, 
		"firstbyte": 4
		}
	}, 
	"minbytes": 4, 
	"sentbytes": "229002"
	}, 
	{
	"name": "DataRead.systemSupplierIdentifier", 
	"replybytes": "62F18A", 
	"deny_sds": [], 
	"receivebyte_dataitems": {
		"systemSupplierIdentifier": {
		"ref": true, 
		"firstbyte": 4
		}
	}, 
	"minbytes": 6, 
	"sentbytes": "22F18A"
	}, 
	{
	"name": "DataWrite.VIN", 
	"replybytes": "6EF190", 
	"deny_sds": [], 
	"manualsend": true, 
	"sendbyte_dataitems": {
		"VIN": {
		"firstbyte": 4
		}
	}, 
	"minbytes": 3, 
	"sentbytes": "2EF1900000000000000000000000000000000000"
	}, 
	{
	"name": "OutputControl.Stop.LoudspeakerTest", 
	"replybytes": "6F9002", 
	"deny_sds": [], 
	"manualsend": true, 
	"receivebyte_dataitems": {
		"OutputControlStatus": {
		"firstbyte": 4
		}
	}, 
	"sendbyte_dataitems": {
		"OutputControlCommand": {
		"firstbyte": 4
		}, 
		"OutputPermanentControlList": {
		"firstbyte": 2
		}
	}, 
	"minbytes": 7, 
	"sentbytes": "2F900200"
	}, 
	{
	"name": "DataRead.Car configuration", 
	"replybytes": "622100", 
	"deny_sds": [], 
	"receivebyte_dataitems": {
		"Car configuration.HEVC": {
		"bitoffset": 1, 
		"ref": true, 
		"firstbyte": 5
		}, 
		"Car configuration.Twidlers": {
		"bitoffset": 1, 
		"ref": true, 
		"firstbyte": 4
		}, 
		"Car configuration.Welcome Sequence volume level": {
		"bitoffset": 2, 
		"ref": true, 
		"firstbyte": 4
		}, 
		"Car configuration.Centerfill speaker": {
		"ref": true, 
		"firstbyte": 4
		}, 
		"Car configuration.Rear tweeters": {
		"ref": true, 
		"firstbyte": 5
		}, 
		"Car configuration.ECM": {
		"bitoffset": 2, 
		"ref": true, 
		"firstbyte": 5
		}
	}, 
	"minbytes": 5, 
	"sentbytes": "222100"
	}, 
	{
	"name": "DataWrite.ESE/ANC parameters", 
	"replybytes": "6E2006", 
	"deny_sds": [], 
	"manualsend": true, 
	"sendbyte_dataitems": {
		"ESE/ANC parameters.ESE activation": {
		"firstbyte": 5
		}, 
		"ESE/ANC parameters.ANC activation": {
		"firstbyte": 4
		}
	}, 
	"minbytes": 3, 
	"sentbytes": "2E20060000"
	}, 
	{
	"name": "DataRead.ECUSerialNumber", 
	"replybytes": "62F18C", 
	"deny_sds": [], 
	"receivebyte_dataitems": {
		"ECUSerialNumber": {
		"ref": true, 
		"firstbyte": 4
		}
	}, 
	"minbytes": 23, 
	"sentbytes": "22F18C"
	}, 
	{
	"name": "StartDiagnosticSession.Reprog", 
	"replybytes": "5002", 
	"deny_sds": [], 
	"manualsend": true, 
	"minbytes": 2, 
	"sentbytes": "1002"
	}, 
	{
	"name": "ReadDTCInformation.ReportSupportedDTC", 
	"replybytes": "590A", 
	"deny_sds": [], 
	"receivebyte_dataitems": {
		"DTCStatusAvailabilityMask": {
		"firstbyte": 3
		}
	}, 
	"minbytes": 3, 
	"sentbytes": "190A"
	}, 
	{
	"name": "DataRead.systemSupplierECUSoftwareVersionNumber", 
	"replybytes": "62F195", 
	"deny_sds": [], 
	"receivebyte_dataitems": {
		"systemSupplierECUSoftwareVersionNumber": {
		"ref": true, 
		"firstbyte": 4
		}
	}, 
	"minbytes": 21, 
	"sentbytes": "22F195"
	}, 
	{
	"name": "ReadDTCInformation.ReportDTC", 
	"replybytes": "5902", 
	"deny_sds": [], 
	"receivebyte_dataitems": {
		"DTCStatus.pendingDTC": {
		"bitoffset": 5, 
		"firstbyte": 7
		}, 
		"DTCDeviceIdentifier": {
		"firstbyte": 4
		}, 
		"DTCStatus.testFailedSinceLastClear": {
		"bitoffset": 2, 
		"firstbyte": 7
		}, 
		"DTCDeviceAndFailureTypeOBD": {
		"firstbyte": 4
		}, 
		"DTCFailureType.ManufacturerOrSupplier": {
		"firstbyte": 6
		}, 
		"DTCFailureType.Category": {
		"firstbyte": 6
		}, 
		"DTCFailureType": {
		"firstbyte": 6
		}, 
		"DTCStatus.testNotCompletedSinceLastClear": {
		"bitoffset": 3, 
		"firstbyte": 7
		}, 
		"DTCStatus.testNotCompletedThisMonitoringCycle": {
		"bitoffset": 1, 
		"firstbyte": 7
		}, 
		"DTCStatusAvailabilityMask": {
		"firstbyte": 3
		}, 
		"DTCStatus.warningIndicatorRequested": {
		"firstbyte": 7
		}, 
		"StatusOfDTC": {
		"firstbyte": 7
		}, 
		"DTCStatus.testFailedThisMonitoringCycle": {
		"bitoffset": 6, 
		"firstbyte": 7
		}, 
		"DTCStatus.testFailed": {
		"bitoffset": 7, 
		"firstbyte": 7
		}, 
		"DTCStatus.confirmedDTC": {
		"bitoffset": 4, 
		"firstbyte": 7
		}
	}, 
	"minbytes": 3, 
	"sentbytes": "1902FF", 
	"shiftbytescount": 4
	}, 
	{
	"name": "ECUReset.config", 
	"replybytes": "5140", 
	"deny_sds": [], 
	"manualsend": true, 
	"minbytes": 2, 
	"sentbytes": "1140"
	}, 
	{
	"name": "DataRead.CAN diversity", 
	"replybytes": "622112", 
	"deny_sds": [], 
	"receivebyte_dataitems": {
		"CAN diversity": {
		"ref": true, 
		"firstbyte": 4
		}
	}, 
	"minbytes": 4, 
	"sentbytes": "222112"
	}, 
	{
	"name": "OutputControl.Start.Tweeters Test", 
	"replybytes": "6F9011", 
	"deny_sds": [], 
	"manualsend": true, 
	"receivebyte_dataitems": {
		"OutputControlStatus": {
		"firstbyte": 4
		}
	}, 
	"sendbyte_dataitems": {
		"OutputControlCommand": {
		"firstbyte": 4
		}, 
		"OutputPermanentControlList": {
		"firstbyte": 2
		}
	}, 
	"minbytes": 4, 
	"sentbytes": "2F90110300"
	}, 
	{
	"name": "ECUReset.hard", 
	"replybytes": "5101", 
	"deny_sds": [], 
	"manualsend": true, 
	"minbytes": 2, 
	"sentbytes": "1101"
	}, 
	{
	"name": "DataWrite.CAN diversity", 
	"replybytes": "6E2112", 
	"deny_sds": [], 
	"manualsend": true, 
	"sendbyte_dataitems": {
		"CAN diversity": {
		"firstbyte": 4
		}
	}, 
	"minbytes": 3, 
	"sentbytes": "2E211200"
	}, 
	{
	"name": "DataRead.vehicleManufacturerECUHardwareNumber", 
	"replybytes": "62F191", 
	"deny_sds": [], 
	"receivebyte_dataitems": {
		"vehicleManufacturerECUHardwareNumber": {
		"firstbyte": 4
		}
	}, 
	"minbytes": 13, 
	"sentbytes": "22F191"
	}, 
	{
	"name": "DataRead.ECU configuration", 
	"replybytes": "622111", 
	"deny_sds": [], 
	"receivebyte_dataitems": {
		"ECU configuration.Hand drive": {
		"ref": true, 
		"firstbyte": 6
		}, 
		"ECU configuration.ANC microphones": {
		"ref": true, 
		"firstbyte": 5
		}, 
		"ECU configuration.Speakers": {
		"ref": true, 
		"firstbyte": 4
		}
	}, 
	"minbytes": 6, 
	"sentbytes": "222111"
	}, 
	{
	"name": "OutputControl.Start.LoudspeakerTest", 
	"replybytes": "6F9002", 
	"deny_sds": [], 
	"manualsend": true, 
	"receivebyte_dataitems": {
		"OutputControlStatus": {
		"firstbyte": 4
		}
	}, 
	"sendbyte_dataitems": {
		"IO.Tone_Frequency": {
		"bitoffset": 1, 
		"firstbyte": 6
		}, 
		"OutputControlCommand": {
		"firstbyte": 4
		}, 
		"IO.Loudspeaker_Number": {
		"firstbyte": 5
		}, 
		"IO.Tone_Level": {
		"bitoffset": 2, 
		"firstbyte": 7
		}, 
		"OutputPermanentControlList": {
		"firstbyte": 2
		}
	}, 
	"minbytes": 7, 
	"sentbytes": "2F900203000000"
	}
], 
"data": {
	"Loudspeaker": {
	"scaled": true, 
	"comment": "Loudspeaker"
	}, 
	"Car configuration.HEVC": {
	"comment": "HEVC", 
	"bitscount": 1, 
	"lists": {
		"0": "Not present", 
		"1": "Present"
	}
	}, 
	"CAN diversity": {
	"comment": "CAN slot number", 
	"lists": {
		"0": "Slot 0 (Default)", 
		"1": "Slot 1 (C1A)", 
		"2": "Slot 2 (C1R)", 
		"3": "Slot 3 (T4Vs)"
	}
	}, 
	"I/O ID": {
	"scaled": true
	}, 
	"Operational Reference": {
	"bytesascii": true, 
	"bytescount": 10, 
	"byte": true, 
	"bitscount": 80, 
	"comment": "Operational reference"
	}, 
	"vehicleManufacturerECUHardwareNumber": {
	"bytesascii": true, 
	"bytescount": 10, 
	"byte": true, 
	"bitscount": 80, 
	"comment": "vehicleManufacturerECUHardwareNumber"
	}, 
	"OutputControlCommand": {
	"comment": "Control Parameter", 
	"lists": {
		"0": "Stop test", 
		"1": "Reset to default", 
		"2": "Freeze test", 
		"3": "Start test"
	}
	}, 
	"ECU configuration.ANC microphones": {
	"comment": "Microphone", 
	"lists": {
		"0": "Not fitted", 
		"1": "Fitted"
	}
	}, 
	"DTCFailureType.Category": {
	"bitscount": 4, 
	"lists": {
		"0": "General Failure Information", 
		"1": "General Electrical Failures", 
		"2": "General Signal Failures", 
		"3": "FM / PWM Failures", 
		"4": "System Internal Failures", 
		"5": "System Programming Failures", 
		"6": "Algorithm Based Failures", 
		"7": "Mechanical Failures", 
		"8": "Bus Signal / Message Failures", 
		"9": "Component Failures", 
		"15": "Vehicle manufacturer / System supplier specific"
	}
	}, 
	"DTCFailureType": {
	"lists": {
		"0": "Device and failure type ODB codding", 
		"1": "General Electrical Failure", 
		"2": "General signal failure", 
		"3": "FM / PWM Failures", 
		"4": "System Internal Failures", 
		"5": "System Programming Failures", 
		"6": "Algorithm Based Failures", 
		"7": "Mechanical Failures", 
		"8": "Bus Signal / Message Failures", 
		"9": "Component Failures", 
		"17": "circuit short to ground", 
		"18": "circuit short to battery", 
		"19": "circuit open", 
		"20": "circuit short to ground or open", 
		"21": "circuit short to battery or open", 
		"22": "circuit voltage below threshold", 
		"23": "circuit voltage above threshold", 
		"24": "circuit current below threshold", 
		"25": "circuit current above threshold", 
		"26": "circuit resistance below threshold", 
		"27": "circuit resistance above threshold", 
		"28": "circuit voltage out of range", 
		"29": "circuit current out of range", 
		"30": "circuit resistance out of range", 
		"31": "circuit intermittent", 
		"33": "signal amplitude < minimum", 
		"34": "signal amplitude > maximum", 
		"35": "signal stuck low", 
		"36": "signal stuck high", 
		"37": "signal shape / waveform failure", 
		"38": "signal rate of change below threshold", 
		"39": "signal rate of change above threshold", 
		"40": "signal level out of range/zero adjustment failure", 
		"41": "signal signal invalid", 
		"47": "signal erratic", 
		"49": "no signal", 
		"50": "signal low time < minimum", 
		"51": "signal low time > maximum", 
		"52": "signal high time < minimum", 
		"53": "signal high time > maximum", 
		"54": "signal frequency too low", 
		"55": "signal frequency too high", 
		"56": "signal frequency incorrect", 
		"57": "incorrect has too few pulses", 
		"58": "incorrect has too many pulses", 
		"65": "general checksum failure", 
		"66": "general memory failure", 
		"67": "special memory failure", 
		"68": "data memory failure", 
		"69": "program memory failure", 
		"70": "calibration / parameter memory failure", 
		"71": "watchdog / safety \u00b5C failure", 
		"72": "supervision software failure", 
		"73": "internal electronic failure", 
		"74": "incorrect component installed", 
		"75": "over temperature", 
		"81": "not programmed", 
		"82": "not activated", 
		"83": "deactivated", 
		"84": "missing calibration", 
		"85": "not configured", 
		"97": "signal calculation failure", 
		"98": "signal compare failure", 
		"99": "circuit / component protection time-out", 
		"100": "signal plausibility failure", 
		"101": "signal has too few transitions / events", 
		"102": "signal has too many transitions / events", 
		"103": "signal incorrect after event", 
		"104": "event information", 
		"113": "actuator stuck", 
		"114": "actuator stuck open", 
		"115": "actuator stuck closed", 
		"116": "actuator slipping", 
		"117": "emergency position not reachable", 
		"118": "wrong mounting position", 
		"119": "commanded position not reachable", 
		"120": "alignment or adjustment incorrect", 
		"121": "mechanical linkage failure", 
		"122": "fluid leak or seal failure", 
		"123": "low fluid level", 
		"129": "invalid serial data received", 
		"130": "alive / sequence counter incorrect / not updated", 
		"131": "value of signal protection calculation incorrect", 
		"132": "signal below allowable range", 
		"133": "signal above allowable range", 
		"134": "signal invalid", 
		"135": "missing message", 
		"136": "bus off", 
		"143": "erratic", 
		"145": "parametric", 
		"146": "performance or incorrect operation", 
		"147": "no operation", 
		"148": "unexpected operation", 
		"149": "incorrect assembly", 
		"150": "component internal failure", 
		"151": "Component | system operation obstructed or blocked", 
		"152": "component or system over temperature"
	}
	}, 
	"Car configuration.Welcome Sequence volume level": {
	"scaled": true, 
	"comment": "Welcome Sequence volume level", 
	"bitscount": 6
	}, 
	"Sound volume configuration.CFG_ADAS_RCTA": {
	"comment": "CFG_ADAS_RCTA", 
	"bitscount": 1, 
	"lists": {
		"0": "Absent", 
		"1": "Present"
	}
	}, 
	"Car configuration.Centerfill speaker": {
	"comment": "Centerfill speaker", 
	"bitscount": 1, 
	"lists": {
		"0": "Not present", 
		"1": "present"
	}
	}, 
	"Sound volume configuration.CFG_ADAS_UPA_Audio": {
	"comment": "UPA_Audio", 
	"bitscount": 2, 
	"lists": {
		"0": "UPA audio not present", 
		"1": "UPA audio without settings", 
		"2": "UPA audio with settings"
	}
	}, 
	"Sound volume configuration.CFG_ADAS_SR": {
	"comment": "CFG_ADAS_SR", 
	"bitscount": 1, 
	"lists": {
		"0": "Absent", 
		"1": "Present"
	}
	}, 
	"IO.Tone_Frequency": {
	"scaled": true, 
	"comment": "tone frequency", 
	"bitscount": 7, 
	"unit": "X100Hz"
	}, 
	"DTCStatus.warningIndicatorRequested": {
	"scaled": true, 
	"bitscount": 1
	}, 
	"Car configuration.ECM": {
	"comment": "ECM", 
	"bitscount": 1, 
	"lists": {
		"0": "Not present", 
		"1": "Present"
	}
	}, 
	"StatusOfDTC": {
	"scaled": true, 
	"comment": "StatusOfDTC"
	}, 
	"Sound volume configuration.Cluster_sound_level": {
	"scaled": true, 
	"comment": "Cluster_sound_level", 
	"unit": "00h-28h volume step"
	}, 
	"DTCStatus.confirmedDTC": {
	"comment": "Confirmation of DTC", 
	"bitscount": 1, 
	"lists": {
		"0": "No", 
		"1": "Yes"
	}
	}, 
	"Battery level": {
	"scaled": true, 
	"divideby": 5.0, 
	"comment": "Battery level", 
	"unit": "V"
	}, 
	"DTCStatus.pendingDTC": {
	"scaled": true, 
	"bitscount": 1
	}, 
	"DTCExtendedData.AgingCounter": {
	"scaled": true
	}, 
	"Mileage": {
	"scaled": true, 
	"bytescount": 3, 
	"comment": "Mileage", 
	"bitscount": 24, 
	"unit": "km"
	}, 
	"LIN_IN.SystemON": {
	"comment": "Input lines", 
	"bitscount": 1, 
	"lists": {
		"0": "System_ON OFF", 
		"1": "System_ON ON"
	}
	}, 
	"Sound volume configuration.ParkingAids_PSM_gain": {
	"scaled": true, 
	"comment": "ParkingAids_PSM_gain", 
	"unit": "dB", 
	"signed": true, 
	"offset": -10.0
	}, 
	"DTCDeviceAndFailureTypeOBD": {
	"bytescount": 2, 
	"bitscount": 16
	}, 
	"diagnosticVersion": {
	"comment": "Alliance specific: VDIAG", 
	"byte": true
	}, 
	"Sound volume configuration.CFG_ADAS_LDW": {
	"comment": "CFG_ADAS_LDW", 
	"bitscount": 2, 
	"lists": {
		"0": "LDW not present", 
		"1": "LDW Sound", 
		"2": "LDW Haptic"
	}
	}, 
	"ECUSerialNumber": {
	"bytesascii": true, 
	"bytescount": 20, 
	"byte": true, 
	"bitscount": 160, 
	"comment": "ECUSerialNumber"
	}, 
	"Sound volume configuration.LateralADAS_LDW_gain": {
	"scaled": true, 
	"comment": "LateralADAS_LDW_gain", 
	"unit": "dB", 
	"signed": true, 
	"offset": -10.0
	}, 
	"ECU configuration.Speakers": {
	"comment": "Speakers configuration", 
	"lists": {
		"0": "Bass Box", 
		"1": "Subwoofers"
	}
	}, 
	"ESE/ANC parameters.ESE activation": {
	"comment": "ESE parameter activation", 
	"lists": {
		"0": "Not activated", 
		"1": "Activated"
	}
	}, 
	"systemSupplierECUSoftwareNumber": {
	"bytesascii": true, 
	"bytescount": 32, 
	"byte": true, 
	"bitscount": 256, 
	"comment": "systemSupplierECUSoftwareNumber"
	}, 
	"vehicleManufacturerECUSoftwareNumber": {
	"bytesascii": true, 
	"bytescount": 10, 
	"byte": true, 
	"bitscount": 80, 
	"comment": "ConfigurationFileReferenceLink"
	}, 
	"DTCStatusAvailabilityMask": {
	"scaled": true, 
	"comment": "DTCS tatus Availability Mask"
	}, 
	"vehicleManufacturerECUSoftwareNumber_old1": {
	"bytesascii": true, 
	"bytescount": 10, 
	"byte": true, 
	"bitscount": 80, 
	"comment": "vehicleManufacturerECUSoftwareNumber"
	}, 
	"Status mask": {
	"comment": "Mask of DTC status to reply with 1 byte", 
	"lists": {
		"0": "Test Failed", 
		"3": "Confirmed DTC", 
		"4": "Test Not Complete Since Last Clear", 
		"5": "Test Failed Since Last Clear"
	}
	}, 
	"DTCSnapshotRecordNumber": {
	"scaled": true
	}, 
	"Sound volume configuration.Sonar_System_Availability": {
	"comment": "Sonar_System_Availability", 
	"bitscount": 2, 
	"lists": {
		"0": "Not available", 
		"1": "Available"
	}
	}, 
	"systemSupplierECUSoftwareVersionNumber": {
	"bytesascii": true, 
	"bytescount": 18, 
	"byte": true, 
	"bitscount": 144, 
	"comment": "systemSupplierECUSoftwareVersionNumber"
	}, 
	"ECU configuration.Hand drive": {
	"comment": "Hand drive", 
	"lists": {
		"0": "Left hand drive (F..)", 
		"1": "Right hand drive (GB..)"
	}
	}, 
	"Sound volume configuration.ParkingAids_HFP_gain": {
	"scaled": true, 
	"comment": "ParkingAids_HFP_gain", 
	"unit": "dB", 
	"signed": true, 
	"offset": -10.0
	}, 
	"Tweeters": {
	"lists": {
		"0": "Control in progress", 
		"1": "Control complete and OK", 
		"2": "Control complete and NOK"
	}
	}, 
	"DTCRecord": {
	"bytescount": 3, 
	"byte": true, 
	"bitscount": 24
	}, 
	"DTCFailureType.ManufacturerOrSupplier": {
	"bitscount": 4
	}, 
	"VehicleManufacturerSparePartNumber_N": {
	"bytesascii": true, 
	"bytescount": 10, 
	"byte": true, 
	"bitscount": 80, 
	"comment": "VehicleManufacturerSparePartNumber_N"
	}, 
	"Control state 3": {
	"scaled": true, 
	"comment": "Volume tested OK"
	}, 
	"Sound volume configuration.CFG_ADAS_PSM": {
	"comment": "CFG_ADAS_PSM", 
	"bitscount": 1, 
	"lists": {
		"0": "Absent", 
		"1": "Present"
	}
	}, 
	"DTCCount": {
	"bytescount": 2, 
	"byte": true, 
	"bitscount": 16
	}, 
	"OutputPermanentControlList": {
	"comment": "IO Control List", 
	"bytescount": 2, 
	"bitscount": 16, 
	"lists": {
		"36881": "Perform Tweeters Test", 
		"36866": "Loudspeaker tone test"
	}
	}, 
	"DTCStatus.testNotCompletedThisMonitoringCycle": {
	"scaled": true, 
	"bitscount": 1
	}, 
	"IO.Tweeter_result": {
	"comment": "Tweeter Result", 
	"lists": {
		"0": "In progress", 
		"1": "Done and OK", 
		"2": "Done and NOK"
	}
	}, 
	"OutputControlStatus": {
	"comment": "Front display test card status", 
	"lists": {
		"0": "Stopped", 
		"2": "Frozen", 
		"3": "Started"
	}
	}, 
	"VehicleManufacturerECUHardwareNumber_DAI": {
	"bytesascii": true, 
	"bytescount": 10, 
	"byte": true, 
	"bitscount": 80, 
	"comment": "VehicleManufacturerECUHardwareNumber_DAI"
	}, 
	"Car configuration.Twidlers": {
	"comment": "Twidlers", 
	"bitscount": 1, 
	"lists": {
		"0": "Not Fitted", 
		"1": "Fitted"
	}
	}, 
	"systemSupplierIdentifier": {
	"bytesascii": true, 
	"bytescount": 3, 
	"byte": true, 
	"bitscount": 24, 
	"comment": "systemSupplierIdentifier"
	}, 
	"vehicleManufacturerSparePartNumber_R": {
	"bytesascii": true, 
	"bytescount": 10, 
	"byte": true, 
	"bitscount": 80, 
	"comment": "Spare Part Number_R"
	}, 
	"IO.Tone_Level": {
	"scaled": true, 
	"comment": "Tone Level", 
	"bitscount": 6, 
	"unit": "0 to 41"
	}, 
	"DTCStatus.testFailedThisMonitoringCycle": {
	"scaled": true, 
	"bitscount": 1
	}, 
	"DTCExtendedData.DTCOccurrenceCounter": {
	"scaled": true
	}, 
	"DTCDeviceIdentifier": {
	"bytescount": 2, 
	"bitscount": 16, 
	"lists": {
		"37867": "External ANC Microphone Supply 1", 
		"37638": "Surrounds (Twidlers)", 
		"37643": "Rear right loudspeaker", 
		"37645": "Front right loudspeaker", 
		"37647": "Front left loudspeaker", 
		"37649": "Rear left loudspeaker", 
		"37655": "Subwoofers", 
		"37656": "Centerfill Speaker", 
		"37664": "Rear right tweeter", 
		"37665": "Front right tweeter", 
		"37666": "Front left tweeter", 
		"37667": "Rear left tweeter", 
		"37869": "External ANC Microphone Supply 3", 
		"57664": "ECM communication", 
		"37697": "Virgin Or incomplete configuration", 
		"37698": "ECU", 
		"57667": "HEVC communication", 
		"37701": "Temperature", 
		"57672": "VDC communication", 
		"57678": "METER communication", 
		"57679": "BCM communication", 
		"57684": "A-IVI communication", 
		"57691": "USM communication", 
		"57701": "SONAR communication", 
		"57707": "FRCAMERA communication", 
		"37868": "External ANC Microphone Supply 2", 
		"57709": "TCU communication", 
		"37744": "Bass Box"
	}
	}, 
	"Control state 1": {
	"lists": {
		"1": "Front left loudspeaker line tested OK", 
		"2": "Front right loudspeaker line tested OK", 
		"3": "Rear right loudspeaker line tested OK", 
		"4": "Rear left loudspeaker & tweeter line tested OK"
	}
	}, 
	"DTCStatus.testFailedSinceLastClear": {
	"comment": "DTC Test failes since last clear", 
	"bitscount": 1, 
	"lists": {
		"0": "No", 
		"1": "Yes"
	}
	}, 
	"vehicleManufacturerSparePartNumber": {
	"bytesascii": true, 
	"bytescount": 10, 
	"byte": true, 
	"bitscount": 80, 
	"comment": "Spare Part Number"
	}, 
	"DTC Occurrence Counter": {
	"scaled": true, 
	"comment": "DTC Occurrence Counter"
	}, 
	"Sound volume configuration.Beep_Clic_Level": {
	"scaled": true, 
	"comment": "Beep_Clic_Level", 
	"unit": "dB", 
	"signed": true, 
	"offset": -12.0
	}, 
	"VIN": {
	"bytesascii": true, 
	"bytescount": 17, 
	"byte": true, 
	"bitscount": 136, 
	"comment": "Serial number of the car, written at Renault factory"
	}, 
	"Control state 2": {
	"scaled": true, 
	"comment": "Frequency tested OK"
	}, 
	"Sound volume configuration.ParkingAids_UPA_gain": {
	"scaled": true, 
	"comment": "ParkingAids_UPA_gain", 
	"unit": "dB", 
	"signed": true, 
	"offset": -10.0
	}, 
	"ESE/ANC parameters.ANC activation": {
	"comment": "ANC parameter activation", 
	"lists": {
		"0": "Not activated", 
		"1": "Activated"
	}
	}, 
	"VehicleManufacturerECUSoftwareNumber_DAI": {
	"bytesascii": true, 
	"bytescount": 20, 
	"byte": true, 
	"bitscount": 160, 
	"comment": "VehicleManufacturerECUSoftwareNumber_DAI"
	}, 
	"DTCMaskRecord": {
	"bytescount": 3, 
	"byte": true, 
	"bitscount": 24
	}, 
	"DTCStatus.testNotCompletedSinceLastClear": {
	"comment": "DTC Test not complete since last clear", 
	"bitscount": 1, 
	"lists": {
		"0": "No", 
		"1": "Yes"
	}
	}, 
	"Sound volume configuration.CFG_ADAS_APA": {
	"comment": "CFG_ADAS_APA", 
	"bitscount": 2, 
	"lists": {
		"0": "APA not present", 
		"1": "HFP present", 
		"2": "HFPB present", 
		"3": "APK present"
	}
	}, 
	"Car configuration.Rear tweeters": {
	"comment": "Rear tweeters", 
	"bitscount": 1, 
	"lists": {
		"0": "Not present", 
		"1": "Present"
	}
	}, 
	"Sound volume configuration.Ecall_volume": {
	"scaled": true, 
	"comment": "Ecall_volume", 
	"unit": "00h-28h volume step"
	}, 
	"DTCFormatIdentifier": {
	"lists": {
		"0": "SAE_J2012-DA_DTCFormat", 
		"1": "ISO_14229-1_DTCFormat", 
		"2": "SAE_J1939-73_DTCFormat", 
		"3": "ISO_11992-4_DTCFormat", 
		"4": "SAE_J2012-DA_WWHOBD_DTCFormat"
	}
	}, 
	"IO.Loudspeaker_Number": {
	"comment": "loudspeaker line", 
	"lists": {
		"1": "front left loudspeaker line", 
		"2": "front right loudspeaker line", 
		"3": "rear right loudspeaker line", 
		"4": "rear left loudspeaker line & tweeter line", 
		"5": "Centerfill", 
		"6": "Surround"
	}
	}, 
	"DTCStatus.testFailed": {
	"comment": "DTC Test failed", 
	"bitscount": 1, 
	"lists": {
		"0": "No", 
		"1": "Yes"
	}
	}
}
}