{
"obd": {
	"baudrate": 10400, 
	"protocol": "CAN", 
	"recv_id": "76E", 
	"funcname": "Aide au parking", 
	"funcaddr": "0E", 
	"send_id": "74E"
}, 
"devices": [
	{
	"dtc": 36877, 
	"devicedata": {
		"AVDE": "0", 
		"Distance_capt_ext_droit_Avant": "0", 
		"Attenuation Time FOR": "0"
	}, 
	"dtctype": 0, 
	"name": "Capteur Exterieur Droit Avant"
	}, 
	{
	"dtc": 36876, 
	"devicedata": {
		"Distance_capt_int_droit_Avant": "0", 
		"Attenuation Time FIR": "0", 
		"AVDI": "0"
	}, 
	"dtctype": 0, 
	"name": "Capteur Interieur Droit Avant"
	}, 
	{
	"dtc": 36873, 
	"devicedata": {}, 
	"dtctype": 3, 
	"name": "Led"
	}, 
	{
	"dtc": 36866, 
	"devicedata": {
		"ARGI": "0", 
		"Attenuation Time  Sensor RIL": "0", 
		"Distance_capt_int_gauche_Arriere": "0"
	}, 
	"dtctype": 0, 
	"name": "Capteur Interieur Gauche Arriere"
	}, 
	{
	"dtc": 0, 
	"devicedata": {
		"EOLT month": "0", 
		"EOLT date": "0", 
		"EOLT test equipment": "0", 
		"EOLT year": "0", 
		"Tracabilite EOLT": "0", 
		"EOLT kind of test": "0", 
		"EOLT test result": "0"
	}, 
	"dtctype": 4, 
	"name": "Tra\u00e7abilit\u00e9 EOLT"
	}, 
	{
	"dtc": 36878, 
	"devicedata": {
		"Volume Buzzer Avant": "0", 
		"Frequence Buzzer Avant": "0"
	}, 
	"dtctype": 3, 
	"name": "Buzzer Avant"
	}, 
	{
	"dtc": 36875, 
	"devicedata": {
		"Attenuation Time FIL": "0", 
		"Distance_capt_int_gauche_Avant": "0", 
		"AVGI": "0"
	}, 
	"dtctype": 0, 
	"name": "Capteur Interieur Gauche Avant"
	}, 
	{
	"dtc": 36869, 
	"devicedata": {
		"HardwareNumber.BasicPartList": "0", 
		"N\u00b0 Logiciel": "0", 
		"N\u00b0 Hardware": "0", 
		"N\u00b0 Version UCE": "0", 
		"HardwareNumber.LowerPart": "0", 
		"PartNumber.BasicPartList": "0", 
		"ManufacturerIdentificationCode": "0", 
		"ApprovalNumber.BasicPartList": "0", 
		"Numero ligne assemblage": "0", 
		"Tension_Capteur": "0", 
		"PartNumber.LowerPart": "0", 
		"SoftwareNumber": "0"
	}, 
	"dtctype": 2, 
	"name": "Calculateur"
	}, 
	{
	"dtc": 36865, 
	"devicedata": {
		"ARGE": "0", 
		"Attenuation Time  Sensor ROL": "0", 
		"Distance_capt_ext_gauche_Arriere": "0"
	}, 
	"dtctype": 0, 
	"name": "Capteur Exterieur Gauche Arriere"
	}, 
	{
	"dtc": 36867, 
	"devicedata": {
		"ARDI": "0", 
		"Attenuation Time  Sensor RIR": "0", 
		"Distance_capt_int_droit_Arri\u00e8re": "0"
	}, 
	"dtctype": 0, 
	"name": "Capteur Interieur Droit Arriere"
	}, 
	{
	"dtc": 36870, 
	"devicedata": {
		"Volume Buzzer Arriere": "0", 
		"Lect_Freq_Buzzer": "0"
	}, 
	"dtctype": 3, 
	"name": "Buzzer Arriere"
	}, 
	{
	"dtc": 36868, 
	"devicedata": {
		"Attenuation Time  Sensor ROR": "0", 
		"Distance_capt_ext_droit_Arriere": "0", 
		"ARDE": "0"
	}, 
	"dtctype": 0, 
	"name": "Capteur Exterieur Droit Arriere"
	}, 
	{
	"dtc": 36874, 
	"devicedata": {
		"Attenuation Time FOL": "0", 
		"AVGE": "0", 
		"Distance_capt_ext_gauche_Avant": "0"
	}, 
	"dtctype": 0, 
	"name": "Capteur Exterieur Gauche Avant"
	}
], 
"ecuname": "AAP CAN 91 V1.01", 
"autoidents": [
	{
	"diagversion": "12", 
	"supplier": "AFK", 
	"version": "0002", 
	"soft": "0011"
	}
], 
"endian": "Big", 
"requests": [
	{
	"receivebyte_dataitems": {
		"EOLT month": {
		"ref": true, 
		"firstbyte": 4
		}, 
		"EOLT date": {
		"ref": true, 
		"firstbyte": 3
		}, 
		"EOLT test equipment": {
		"ref": true, 
		"firstbyte": 7
		}, 
		"EOLT year": {
		"ref": true, 
		"firstbyte": 5
		}, 
		"Tracabilite EOLT": {
		"ref": true, 
		"firstbyte": 3
		}, 
		"EOLT kind of test": {
		"ref": true, 
		"firstbyte": 8
		}, 
		"EOLT test result": {
		"ref": true, 
		"firstbyte": 6
		}
	}, 
	"deny_sds": [], 
	"minbytes": 12, 
	"sentbytes": "2195", 
	"name": "DataRead.Tracabilite_EOLT"
	}, 
	{
	"receivebyte_dataitems": {
		"ARGI-ARDI": {
		"ref": true, 
		"firstbyte": 7
		}, 
		"ARDE": {
		"ref": true, 
		"firstbyte": 12
		}, 
		"ARDI": {
		"ref": true, 
		"firstbyte": 9
		}, 
		"ARGI-ARGE": {
		"ref": true, 
		"firstbyte": 5
		}, 
		"ARDE-ARDI": {
		"ref": true, 
		"firstbyte": 11
		}, 
		"ARGI": {
		"ref": true, 
		"firstbyte": 6
		}, 
		"ARGE-ARGI": {
		"ref": true, 
		"firstbyte": 4
		}, 
		"ARDI-ARGI": {
		"ref": true, 
		"firstbyte": 8
		}, 
		"ARDI-ARDE": {
		"ref": true, 
		"firstbyte": 10
		}, 
		"ARGE": {
		"ref": true, 
		"firstbyte": 3
		}
	}, 
	"deny_sds": [], 
	"minbytes": 12, 
	"sentbytes": "2111", 
	"name": "DataRead.Mesures Distances_Arriere"
	}, 
	{
	"receivebyte_dataitems": {
		"Frequence Buzzer Avant": {
		"ref": true, 
		"firstbyte": 3
		}
	}, 
	"deny_sds": [], 
	"minbytes": 3, 
	"sentbytes": "2106", 
	"name": "DataRead.Frequence_Buzzer_Avant"
	}, 
	{
	"sendbyte_dataitems": {
		"Volume Buzzer Avant": {
		"firstbyte": 3
		}
	}, 
	"deny_sds": [], 
	"minbytes": 1, 
	"sentbytes": "3B0500", 
	"name": "DataWrite.Volume_Buzzer_Avant"
	}, 
	{
	"receivebyte_dataitems": {
		"Flag Emission error tone": {
		"bitoffset": 4, 
		"ref": true, 
		"firstbyte": 3
		}, 
		"Flag Gearbox": {
		"bitoffset": 3, 
		"ref": true, 
		"firstbyte": 3
		}, 
		"Flag Parking brake signal": {
		"bitoffset": 2, 
		"ref": true, 
		"firstbyte": 3
		}, 
		"Flag Config": {
		"ref": true, 
		"firstbyte": 3
		}, 
		"Flag Chime ton": {
		"bitoffset": 1, 
		"ref": true, 
		"firstbyte": 3
		}, 
		"Flag On/Off Button": {
		"ref": true, 
		"firstbyte": 3
		}
	}, 
	"deny_sds": [], 
	"minbytes": 3, 
	"sentbytes": "2107", 
	"name": "DataRead.Flag_Config"
	}, 
	{
	"receivebyte_dataitems": {
		"Volume Buzzer Avant": {
		"ref": true, 
		"firstbyte": 3
		}
	}, 
	"deny_sds": [], 
	"minbytes": 3, 
	"sentbytes": "2105", 
	"name": "DataRead.Volume_Buzzer_Avant"
	}, 
	{
	"receivebyte_dataitems": {
		"Attenuation Time  Sensor ROR": {
		"ref": true, 
		"firstbyte": 4
		}, 
		"Attenuation Time  Sensor RIR": {
		"ref": true, 
		"firstbyte": 6
		}, 
		"Attenuation Time  Sensor RIL": {
		"ref": true, 
		"firstbyte": 5
		}, 
		"Attenuation Time  Sensor ROL": {
		"ref": true, 
		"firstbyte": 3
		}
	}, 
	"deny_sds": [], 
	"minbytes": 6, 
	"sentbytes": "2194", 
	"name": "DataRead.Temps Attenuation"
	}, 
	{
	"name": "DataRead.Systeme", 
	"replybytes": "618000000000000000000000000000000000000000000000", 
	"deny_sds": [], 
	"receivebyte_dataitems": {
		"Choix du Vehicule": {
		"ref": true, 
		"firstbyte": 21
		}, 
		"N\u00b0 Logiciel": {
		"ref": true, 
		"firstbyte": 17
		}, 
		"Code MPR": {
		"ref": true, 
		"firstbyte": 3
		}, 
		"N\u00b0 Version UCE": {
		"ref": true, 
		"firstbyte": 19
		}, 
		"Code ITG Fournisseur": {
		"ref": true, 
		"firstbyte": 9
		}, 
		"N\u00b0 Hardware": {
		"ref": true, 
		"firstbyte": 12
		}, 
		"Type boite de vitesse": {
		"ref": true, 
		"firstbyte": 22
		}, 
		"Code Ident Diag": {
		"ref": true, 
		"firstbyte": 8
		}
	}, 
	"minbytes": 24, 
	"sentbytes": "2180"
	}, 
	{
	"sendbyte_dataitems": {
		"N\u00b0 Version UCE": {
		"firstbyte": 3
		}
	}, 
	"deny_sds": [], 
	"minbytes": 1, 
	"sentbytes": "3B130000", 
	"name": "DataWrite.Version_UCE"
	}, 
	{
	"sendbyte_dataitems": {
		"SessionName": {
		"firstbyte": 2
		}
	}, 
	"deny_sds": [], 
	"minbytes": 2, 
	"sentbytes": "10C0", 
	"name": "StartDiagnosticSession"
	}, 
	{
	"sendbyte_dataitems": {
		"Code MPR": {
		"firstbyte": 3
		}
	}, 
	"deny_sds": [], 
	"minbytes": 1, 
	"sentbytes": "3B110000000000", 
	"name": "DataWrite.Code_MPR"
	}, 
	{
	"sendbyte_dataitems": {
		"UPA systeme type": {
		"firstbyte": 3
		}
	}, 
	"deny_sds": [], 
	"minbytes": 1, 
	"sentbytes": "3B1500", 
	"name": "DataWrite.UPA_System_Type"
	}, 
	{
	"sendbyte_dataitems": {
		"Version HW": {
		"firstbyte": 3
		}
	}, 
	"deny_sds": [], 
	"minbytes": 1, 
	"sentbytes": "3B120000000000", 
	"name": "DataWrite.Version_HW"
	}, 
	{
	"name": "RoutineStart.Desactivation_Buzzer", 
	"deny_sds": [], 
	"receivebyte_dataitems": {
		"Status Desactivation buzzer": {
		"firstbyte": 3
		}
	}, 
	"sendbyte_dataitems": {
		"Desactivation buzzer": {
		"firstbyte": 3
		}
	}, 
	"minbytes": 3, 
	"sentbytes": "310200"
	}, 
	{
	"receivebyte_dataitems": {
		"Jour de production": {
		"ref": true, 
		"firstbyte": 15
		}, 
		"Numero serie PCB": {
		"ref": true, 
		"firstbyte": 6
		}, 
		"Numero piece du jour": {
		"ref": true, 
		"firstbyte": 18
		}, 
		"Annee de production": {
		"ref": true, 
		"firstbyte": 13
		}, 
		"Tracabilit\u00e9 ICT": {
		"ref": true, 
		"firstbyte": 3
		}
	}, 
	"deny_sds": [], 
	"minbytes": 22, 
	"sentbytes": "2193", 
	"name": "DataRead.Tracabilite_ICT"
	}, 
	{
	"name": "ReadDTCInformation.ReportExtendedData", 
	"replybytes": "590600000000", 
	"deny_sds": [], 
	"receivebyte_dataitems": {
		"DTCExtendedData.AgingCounter": {
		"firstbyte": 8
		}, 
		"DTCExtendedDataRecordNumber": {
		"firstbyte": 7
		}, 
		"DTCExtendedData.Mileage": {
		"firstbyte": 8
		}, 
		"DTCRecord": {
		"firstbyte": 3
		}, 
		"StatusOfDTC": {
		"firstbyte": 6
		}, 
		"DTCExtendedData.DTCOccurrenceCounter": {
		"firstbyte": 8
		}
	}, 
	"sendbyte_dataitems": {
		"DTCMaskRecord": {
		"firstbyte": 3
		}
	}, 
	"minbytes": 6, 
	"sentbytes": "1906000000FF"
	}, 
	{
	"receivebyte_dataitems": {
		"CRC": {
		"ref": true, 
		"firstbyte": 20
		}, 
		"VIN": {
		"ref": true, 
		"firstbyte": 3
		}
	}, 
	"deny_sds": [], 
	"minbytes": 21, 
	"sentbytes": "2181", 
	"name": "DataRead.VIN"
	}, 
	{
	"receivebyte_dataitems": {
		"Zone de detection remorque": {
		"ref": true, 
		"firstbyte": 3
		}
	}, 
	"deny_sds": [], 
	"minbytes": 3, 
	"sentbytes": "2108", 
	"name": "DataRead.Zone _remorque"
	}, 
	{
	"receivebyte_dataitems": {
		"Detection Range Front inner": {
		"ref": true, 
		"firstbyte": 4
		}, 
		"Detection Range Front outer": {
		"ref": true, 
		"firstbyte": 3
		}
	}, 
	"deny_sds": [], 
	"minbytes": 4, 
	"sentbytes": "2117", 
	"name": "DataRead.DetectionRange_Front"
	}, 
	{
	"receivebyte_dataitems": {
		"Threshold Speed Activation": {
		"ref": true, 
		"firstbyte": 3
		}
	}, 
	"deny_sds": [], 
	"minbytes": 3, 
	"sentbytes": "2119", 
	"name": "DataRead.Speed_Th_Activation"
	}, 
	{
	"receivebyte_dataitems": {
		"Volume Buzzer Arriere": {
		"ref": true, 
		"firstbyte": 3
		}
	}, 
	"deny_sds": [], 
	"minbytes": 3, 
	"sentbytes": "2103", 
	"name": "DataRead.Volume_Buzzer_Arriere"
	}, 
	{
	"receivebyte_dataitems": {
		"Detection Range Rear inner": {
		"ref": true, 
		"firstbyte": 4
		}, 
		"Detection Range Rear outer": {
		"ref": true, 
		"firstbyte": 3
		}
	}, 
	"deny_sds": [], 
	"minbytes": 4, 
	"sentbytes": "2116", 
	"name": "DataRead.DetectionRange_Rear"
	}, 
	{
	"sendbyte_dataitems": {
		"Frequence Buzzer Avant": {
		"firstbyte": 3
		}
	}, 
	"deny_sds": [], 
	"minbytes": 1, 
	"sentbytes": "3B0600", 
	"name": "DataWrite.Frequence_Buzzer_Avant"
	}, 
	{
	"receivebyte_dataitems": {
		"Distance_capt_ext_droit_Avant": {
		"ref": true, 
		"firstbyte": 11
		}, 
		"Distance_capt_int_droit_Arri\u00e8re": {
		"ref": true, 
		"firstbyte": 5
		}, 
		"Status Mode Normal": {
		"bitoffset": 1, 
		"ref": true, 
		"firstbyte": 17
		}, 
		"Status reverse": {
		"bitoffset": 7, 
		"ref": true, 
		"firstbyte": 16
		}, 
		"Status Trailer tow": {
		"bitoffset": 6, 
		"ref": true, 
		"firstbyte": 16
		}, 
		"Status Long On/Off mode": {
		"bitoffset": 3, 
		"ref": true, 
		"firstbyte": 16
		}, 
		"Status - Etat du syst\u00e8me": {
		"ref": true, 
		"firstbyte": 16
		}, 
		"Status Push Trace": {
		"bitoffset": 1, 
		"ref": true, 
		"firstbyte": 16
		}, 
		"Distance_capt_int_gauche_Arriere": {
		"ref": true, 
		"firstbyte": 4
		}, 
		"Tension_ECU": {
		"ref": true, 
		"firstbyte": 14
		}, 
		"Status Byte2 Etat du systeme": {
		"ref": true, 
		"firstbyte": 17
		}, 
		"Tension_Capteur": {
		"ref": true, 
		"firstbyte": 15
		}, 
		"Status Gearbox Type": {
		"bitoffset": 4, 
		"ref": true, 
		"firstbyte": 16
		}, 
		"Distance_capt_ext_gauche_Arriere": {
		"ref": true, 
		"firstbyte": 3
		}, 
		"Distance_calculee Arriere": {
		"ref": true, 
		"firstbyte": 7
		}, 
		"Distance_capt_ext_gauche_Avant": {
		"ref": true, 
		"firstbyte": 8
		}, 
		"Distance_capt_ext_droit_Arriere": {
		"ref": true, 
		"firstbyte": 6
		}, 
		"Status Handbrake": {
		"bitoffset": 5, 
		"ref": true, 
		"firstbyte": 16
		}, 
		"Distance_capt_int_gauche_Avant": {
		"ref": true, 
		"firstbyte": 9
		}, 
		"Status Mode Manoeuvre": {
		"ref": true, 
		"firstbyte": 17
		}, 
		"Distance_calculee Avant": {
		"ref": true, 
		"firstbyte": 12
		}, 
		"Status Short On/Off mode": {
		"bitoffset": 2, 
		"ref": true, 
		"firstbyte": 16
		}, 
		"Distance_capt_int_droit_Avant": {
		"ref": true, 
		"firstbyte": 10
		}, 
		"Vit_veh": {
		"ref": true, 
		"firstbyte": 13
		}
	}, 
	"deny_sds": [], 
	"minbytes": 17, 
	"sentbytes": "2101", 
	"name": "DataRead.Trame_Etat"
	}, 
	{
	"receivebyte_dataitems": {
		"HardwareNumber.BasicPartList": {
		"ref": true, 
		"firstbyte": 24
		}, 
		"DiagnosticIdentificationCode": {
		"ref": true, 
		"firstbyte": 8
		}, 
		"CalibrationNumber": {
		"ref": true, 
		"firstbyte": 21
		}, 
		"SupplierNumber.ITG": {
		"ref": true, 
		"firstbyte": 9
		}, 
		"HardwareNumber.LowerPart": {
		"ref": true, 
		"firstbyte": 12
		}, 
		"PartNumber.BasicPartList": {
		"ref": true, 
		"firstbyte": 23
		}, 
		"ManufacturerIdentificationCode": {
		"ref": true, 
		"firstbyte": 26
		}, 
		"ApprovalNumber.BasicPartList": {
		"ref": true, 
		"firstbyte": 25
		}, 
		"EditionNumber": {
		"ref": true, 
		"firstbyte": 19
		}, 
		"PartNumber.LowerPart": {
		"ref": true, 
		"firstbyte": 3
		}, 
		"SoftwareNumber": {
		"ref": true, 
		"firstbyte": 17
		}, 
		"SupplierNumber": {
		"ref": true, 
		"firstbyte": 9
		}
	}, 
	"deny_sds": [
		"nosds"
	], 
	"minbytes": 26, 
	"sentbytes": "2180", 
	"name": "DataRead.Identification.5digits"
	}, 
	{
	"receivebyte_dataitems": {
		"Lect_Freq_Buzzer": {
		"ref": true, 
		"firstbyte": 3
		}
	}, 
	"deny_sds": [], 
	"minbytes": 3, 
	"sentbytes": "2104", 
	"name": "DataRead.Frequence_Buzzer_Arriere"
	}, 
	{
	"receivebyte_dataitems": {
		"Distance between front corner and centre sensors": {
		"ref": true, 
		"firstbyte": 3
		}, 
		"Front Measurement range corner sensors": {
		"ref": true, 
		"firstbyte": 5
		}, 
		"Front Offset corner sensors": {
		"ref": true, 
		"firstbyte": 7
		}, 
		"Front Offset centre sensors": {
		"ref": true, 
		"firstbyte": 8
		}, 
		"Ton Continu capteur avant": {
		"ref": true, 
		"firstbyte": 9
		}, 
		"Front Measurement range centre sensors": {
		"ref": true, 
		"firstbyte": 6
		}, 
		"Distance between front centre sensors": {
		"ref": true, 
		"firstbyte": 4
		}
	}, 
	"deny_sds": [], 
	"minbytes": 9, 
	"sentbytes": "21A1", 
	"name": "DataRead.Geometrie_Avant"
	}, 
	{
	"name": "ReadDTCInformation.ReportExtendedData.Mileage", 
	"replybytes": "59060000000080000000", 
	"deny_sds": [], 
	"receivebyte_dataitems": {
		"DTCExtendedData.Mileage": {
		"firstbyte": 8
		}, 
		"DTCRecord": {
		"firstbyte": 3
		}, 
		"StatusOfDTC": {
		"firstbyte": 6
		}, 
		"DTCExtendedDataRecordNumber": {
		"firstbyte": 7
		}
	}, 
	"sendbyte_dataitems": {
		"DTCMaskRecord": {
		"firstbyte": 3
		}
	}, 
	"minbytes": 6, 
	"sentbytes": "190600000080"
	}, 
	{
	"sendbyte_dataitems": {
		"Code Ident Diag": {
		"firstbyte": 3
		}
	}, 
	"deny_sds": [], 
	"minbytes": 1, 
	"sentbytes": "3B2200", 
	"name": "DataWrite.VDiag"
	}, 
	{
	"sendbyte_dataitems": {
		"N\u00b0 Logiciel": {
		"firstbyte": 3
		}
	}, 
	"deny_sds": [], 
	"minbytes": 1, 
	"sentbytes": "3B1400", 
	"name": "DataWrite.Version_SW"
	}, 
	{
	"sendbyte_dataitems": {
		"Frequence Buzzer Arriere": {
		"firstbyte": 3
		}
	}, 
	"deny_sds": [], 
	"minbytes": 1, 
	"sentbytes": "3B0400", 
	"name": "DataWrite.Frequence_Buzzer_Arriere"
	}, 
	{
	"receivebyte_dataitems": {
		"Tempo pour V=0": {
		"ref": true, 
		"firstbyte": 3
		}
	}, 
	"deny_sds": [], 
	"minbytes": 3, 
	"sentbytes": "2118", 
	"name": "DataRead.TempoValue"
	}, 
	{
	"receivebyte_dataitems": {
		"Jour de production": {
		"firstbyte": 9
		}, 
		"Numero piece du jour": {
		"firstbyte": 12
		}, 
		"Annee de production": {
		"firstbyte": 7
		}, 
		"Numero ligne assemblage": {
		"ref": true, 
		"firstbyte": 3
		}, 
		"EOLT test equipment": {
		"firstbyte": 5
		}
	}, 
	"deny_sds": [], 
	"minbytes": 20, 
	"sentbytes": "2184", 
	"name": "DataRead.ECU Tracabilite"
	}, 
	{
	"receivebyte_dataitems": {
		"distance between inner sensors": {
		"ref": true, 
		"firstbyte": 4
		}, 
		"Rear measurement range inner sensors": {
		"ref": true, 
		"firstbyte": 6
		}, 
		"Rear Offset inner sensors": {
		"ref": true, 
		"firstbyte": 8
		}, 
		"Rear Offset outer sensors": {
		"ref": true, 
		"firstbyte": 7
		}, 
		"Rear measurement range outer sensors": {
		"ref": true, 
		"firstbyte": 5
		}, 
		"Zone arri\u00e8re de d\u00e9tection continue": {
		"ref": true, 
		"firstbyte": 9
		}, 
		"Distance between outer and inner sensors": {
		"ref": true, 
		"firstbyte": 3
		}
	}, 
	"deny_sds": [], 
	"minbytes": 9, 
	"sentbytes": "21A0", 
	"name": "DataRead.Geometrie_Arriere"
	}, 
	{
	"receivebyte_dataitems": {
		"Rear Level_ext 3ms": {
		"ref": true, 
		"firstbyte": 6
		}, 
		"Rear Level_ext 8ms": {
		"ref": true, 
		"firstbyte": 13
		}, 
		"Rear Level_ext 5ms": {
		"ref": true, 
		"firstbyte": 10
		}, 
		"Rear Level_ext 4,5ms": {
		"ref": true, 
		"firstbyte": 9
		}, 
		"Rear Level_ext 9ms": {
		"ref": true, 
		"firstbyte": 14
		}, 
		"Rear Level_ext 3,5ms": {
		"ref": true, 
		"firstbyte": 7
		}, 
		"Flags_ext": {
		"ref": true, 
		"firstbyte": 15
		}, 
		"Rear Level_ext 2,5ms": {
		"ref": true, 
		"firstbyte": 5
		}, 
		"Rear Level_ext 1,5ms": {
		"ref": true, 
		"firstbyte": 3
		}, 
		"Rear Level_ext 6ms": {
		"ref": true, 
		"firstbyte": 11
		}, 
		"Rear Level_ext 2ms": {
		"ref": true, 
		"firstbyte": 4
		}, 
		"Rear Level_ext 4ms": {
		"ref": true, 
		"firstbyte": 8
		}, 
		"Rear Level_ext 7ms": {
		"ref": true, 
		"firstbyte": 12
		}
	}, 
	"deny_sds": [], 
	"minbytes": 15, 
	"sentbytes": "2192", 
	"name": "DataRead.Seuils_extern"
	}, 
	{
	"receivebyte_dataitems": {
		"Attenuation Time FOL": {
		"ref": true, 
		"firstbyte": 3
		}, 
		"Attenuation Time FIL": {
		"ref": true, 
		"firstbyte": 5
		}, 
		"Attenuation Time FIR": {
		"ref": true, 
		"firstbyte": 6
		}, 
		"Attenuation Time FOR": {
		"ref": true, 
		"firstbyte": 4
		}
	}, 
	"deny_sds": [], 
	"minbytes": 6, 
	"sentbytes": "2199", 
	"name": "DataRead.Front _Attenuation_Time"
	}, 
	{
	"sendbyte_dataitems": {
		"Zone de detection remorque": {
		"firstbyte": 3
		}
	}, 
	"deny_sds": [], 
	"minbytes": 1, 
	"sentbytes": "3B0800", 
	"name": "DataWrite.Zone_remorque"
	}, 
	{
	"receivebyte_dataitems": {
		"Threshold Speed Deactivation": {
		"ref": true, 
		"firstbyte": 3
		}
	}, 
	"deny_sds": [], 
	"minbytes": 3, 
	"sentbytes": "211A", 
	"name": "DataRead.Speed_Th_Deactivation"
	}, 
	{
	"receivebyte_dataitems": {
		"Front level ext 7ms": {
		"ref": true, 
		"firstbyte": 12
		}, 
		"Front level ext 5ms": {
		"ref": true, 
		"firstbyte": 10
		}, 
		"Front external sensor threshold": {
		"ref": true, 
		"firstbyte": 15
		}, 
		"Front level ext 9ms": {
		"ref": true, 
		"firstbyte": 14
		}, 
		"Front level ext 4,5ms": {
		"ref": true, 
		"firstbyte": 9
		}, 
		"Front level ext 1,5ms": {
		"ref": true, 
		"firstbyte": 3
		}, 
		"Front level ext 3,5ms": {
		"ref": true, 
		"firstbyte": 7
		}, 
		"Front level ext 2,5ms": {
		"ref": true, 
		"firstbyte": 5
		}, 
		"Front level ext 4ms": {
		"ref": true, 
		"firstbyte": 8
		}, 
		"Front level ext 2ms": {
		"ref": true, 
		"firstbyte": 4
		}, 
		"Front level ext 8ms": {
		"ref": true, 
		"firstbyte": 13
		}, 
		"Front level ext 3ms": {
		"ref": true, 
		"firstbyte": 6
		}, 
		"Front level ext 6ms": {
		"ref": true, 
		"firstbyte": 11
		}
	}, 
	"deny_sds": [], 
	"minbytes": 15, 
	"sentbytes": "2197", 
	"name": "DataRead.Seuil_Capteur_Avant_Ext"
	}, 
	{
	"receivebyte_dataitems": {
		"AVGI-AVDI": {
		"ref": true, 
		"firstbyte": 7
		}, 
		"AVGI": {
		"ref": true, 
		"firstbyte": 6
		}, 
		"AVGE": {
		"ref": true, 
		"firstbyte": 3
		}, 
		"AVGI-AVGE": {
		"ref": true, 
		"firstbyte": 5
		}, 
		"AVDE-AVDI": {
		"ref": true, 
		"firstbyte": 11
		}, 
		"AVDE": {
		"ref": true, 
		"firstbyte": 12
		}, 
		"AVGE-AVGI": {
		"ref": true, 
		"firstbyte": 4
		}, 
		"AVDI-AVGI": {
		"ref": true, 
		"firstbyte": 8
		}, 
		"AVDI-AVDE": {
		"ref": true, 
		"firstbyte": 10
		}, 
		"AVDI": {
		"ref": true, 
		"firstbyte": 9
		}
	}, 
	"deny_sds": [], 
	"minbytes": 12, 
	"sentbytes": "2112", 
	"name": "DataRead.Mesures Distances_Avant"
	}, 
	{
	"receivebyte_dataitems": {
		"UPA systeme type": {
		"ref": true, 
		"firstbyte": 3
		}
	}, 
	"deny_sds": [], 
	"minbytes": 3, 
	"sentbytes": "2115", 
	"name": "DataRead.UPA_System_Type"
	}, 
	{
	"name": "DataWrite.Identification Veh", 
	"replybytes": "7B01", 
	"deny_sds": [], 
	"sendbyte_dataitems": {
		"Choix du Vehicule": {
		"firstbyte": 3
		}, 
		"Type boite de vitesse": {
		"firstbyte": 4
		}
	}, 
	"minbytes": 2, 
	"sentbytes": "3B010000"
	}, 
	{
	"name": "ReadDTCInformation.ReportDTC", 
	"replybytes": "59020000000000", 
	"deny_sds": [], 
	"receivebyte_dataitems": {
		"DTCStatus.testFailedSinceLastClear": {
		"bitoffset": 2, 
		"firstbyte": 7
		}, 
		"DTCStatus.pendingDTC": {
		"bitoffset": 5, 
		"firstbyte": 7
		}, 
		"DTCStatus.confirmedDTC": {
		"bitoffset": 4, 
		"firstbyte": 7
		}, 
		"DTCDeviceAndFailureTypeOBD": {
		"firstbyte": 4
		}, 
		"DTCFailureType.ManufacturerOrSupplier": {
		"bitoffset": 4, 
		"firstbyte": 6
		}, 
		"DTCFailureType.Category": {
		"firstbyte": 6
		}, 
		"DTCFailureType": {
		"firstbyte": 6
		}, 
		"DTCStatus.testNotCompletedSinceLastClear": {
		"bitoffset": 3, 
		"firstbyte": 7
		}, 
		"DTCStatus.testNotCompletedThisMonitoringCycle": {
		"bitoffset": 1, 
		"firstbyte": 7
		}, 
		"DTCStatusAvailabilityMask": {
		"firstbyte": 3
		}, 
		"DTCStatus.warningIndicatorRequested": {
		"firstbyte": 7
		}, 
		"StatusOfDTC": {
		"firstbyte": 7
		}, 
		"DTCStatus.testFailedThisMonitoringCycle": {
		"bitoffset": 6, 
		"firstbyte": 7
		}, 
		"DTCStatus.testFailed": {
		"bitoffset": 7, 
		"firstbyte": 7
		}, 
		"DTCDeviceIdentifier": {
		"firstbyte": 4
		}
	}, 
	"minbytes": 3, 
	"sentbytes": "1902FF", 
	"shiftbytescount": 4
	}, 
	{
	"sendbyte_dataitems": {
		"Volume Buzzer Arriere": {
		"firstbyte": 3
		}
	}, 
	"deny_sds": [], 
	"minbytes": 1, 
	"sentbytes": "3B0300", 
	"name": "DataWrite.Volume_Buzzer_Arriere"
	}, 
	{
	"sendbyte_dataitems": {
		"CRC": {
		"firstbyte": 20
		}, 
		"VIN": {
		"firstbyte": 3
		}
	}, 
	"deny_sds": [], 
	"minbytes": 1, 
	"sentbytes": "3B8100000000000000000000000000000000000000", 
	"name": "DataWrite.VIN"
	}, 
	{
	"deny_sds": [], 
	"minbytes": 1, 
	"sentbytes": "14FFFFFF", 
	"name": "ClearDiagnosticInformation.All"
	}, 
	{
	"sendbyte_dataitems": {
		"Jour": {
		"firstbyte": 5
		}, 
		"Annee": {
		"firstbyte": 3
		}, 
		"Mois": {
		"firstbyte": 4
		}
	}, 
	"deny_sds": [], 
	"minbytes": 1, 
	"sentbytes": "3BB0000000", 
	"name": "DataWrite.DateApresVente"
	}, 
	{
	"deny_sds": [], 
	"minbytes": 1, 
	"sentbytes": "3E01", 
	"name": "TesterPresent.WithResponse"
	}, 
	{
	"receivebyte_dataitems": {
		"Rear Level 5ms": {
		"ref": true, 
		"firstbyte": 10
		}, 
		"Rear Level 2ms": {
		"ref": true, 
		"firstbyte": 4
		}, 
		"Rear Level 4ms": {
		"ref": true, 
		"firstbyte": 8
		}, 
		"Rear Level 6ms": {
		"ref": true, 
		"firstbyte": 11
		}, 
		"Rear Level 4,5ms": {
		"ref": true, 
		"firstbyte": 9
		}, 
		"Rear Level 2,5ms": {
		"ref": true, 
		"firstbyte": 5
		}, 
		"Rear Level 3ms": {
		"ref": true, 
		"firstbyte": 6
		}, 
		"Rear Level 3,5ms": {
		"ref": true, 
		"firstbyte": 7
		}, 
		"Flags": {
		"ref": true, 
		"firstbyte": 15
		}, 
		"Rear Level 9ms": {
		"ref": true, 
		"firstbyte": 14
		}, 
		"Rear Level 1,5ms": {
		"ref": true, 
		"firstbyte": 3
		}, 
		"Rear Level 8ms": {
		"ref": true, 
		"firstbyte": 13
		}, 
		"Rear Level 7ms": {
		"ref": true, 
		"firstbyte": 12
		}
	}, 
	"deny_sds": [], 
	"minbytes": 15, 
	"sentbytes": "2191", 
	"name": "DataRead.Seuils_centre"
	}, 
	{
	"receivebyte_dataitems": {
		"Front level center 2,5ms": {
		"ref": true, 
		"firstbyte": 5
		}, 
		"Front center sensor threshold": {
		"ref": true, 
		"firstbyte": 15
		}, 
		"Front level center 5ms": {
		"ref": true, 
		"firstbyte": 10
		}, 
		"Front level center 3,5ms": {
		"ref": true, 
		"firstbyte": 7
		}, 
		"Front level center 6ms": {
		"ref": true, 
		"firstbyte": 11
		}, 
		"Front level center 3ms": {
		"ref": true, 
		"firstbyte": 6
		}, 
		"Front level center 4ms": {
		"ref": true, 
		"firstbyte": 8
		}, 
		"Front level center 2ms": {
		"ref": true, 
		"firstbyte": 4
		}, 
		"Front level center 4,5ms": {
		"ref": true, 
		"firstbyte": 9
		}, 
		"Front level center 8ms": {
		"ref": true, 
		"firstbyte": 13
		}, 
		"Front level center 1,5ms": {
		"ref": true, 
		"firstbyte": 3
		}, 
		"Front level center 7ms": {
		"ref": true, 
		"firstbyte": 12
		}, 
		"Front level center 9ms": {
		"ref": true, 
		"firstbyte": 14
		}
	}, 
	"deny_sds": [], 
	"minbytes": 15, 
	"sentbytes": "2196", 
	"name": "DataRead.Seuil_Capteur_Avant_Centre"
	}
], 
"data": {
	"AVGI-AVDI": {
	"scaled": true
	}, 
	"Attenuation Time  Sensor RIL": {
	"scaled": true, 
	"divideby": 1000.0, 
	"step": 16.0, 
	"unit": "ms"
	}, 
	"DTCExtendedDataRecordNumber": {
	"lists": {
		"128": "Mileage", 
		"129": "AgingCounter", 
		"130": "DTCOccurrenceCounter"
	}
	}, 
	"Jour de production": {
	"bytesascii": true, 
	"bytescount": 3, 
	"byte": true, 
	"bitscount": 24
	}, 
	"Ton Continu capteur avant": {
	"scaled": true
	}, 
	"Lect Mois Prog ECU": {
	"lists": {
		"1": "janvier", 
		"2": "Fevrier", 
		"3": "Mars", 
		"4": "Avril", 
		"5": "Mai", 
		"6": "Juin", 
		"7": "Juillet", 
		"8": "Aout", 
		"9": "Septembre", 
		"10": "Octobre", 
		"11": "Novembre", 
		"12": "Decembre"
	}
	}, 
	"EOLT kind of test": {
	"scaled": true
	}, 
	"Attenuation Time  Sensor RIR": {
	"scaled": true, 
	"divideby": 1000.0, 
	"step": 16.0, 
	"unit": "ms"
	}, 
	"ARDI": {
	"scaled": true
	}, 
	"Front level ext 3ms": {
	"scaled": true
	}, 
	"Front level ext 6ms": {
	"scaled": true
	}, 
	"HardwareNumber.BasicPartList": {
	"lists": {
		"0": "N/A", 
		"1": "@@@@@"
	}
	}, 
	"Attenuation Time FOR": {
	"scaled": true, 
	"divideby": 1000.0, 
	"step": 16.0, 
	"unit": "ms"
	}, 
	"Distance_capt_int_gauche_Avant": {
	"scaled": true
	}, 
	"N\u00b0 Version UCE": {
	"bytesascii": true, 
	"bytescount": 2, 
	"byte": true, 
	"bitscount": 16
	}, 
	"ARGI-ARGE": {
	"scaled": true
	}, 
	"Front level center 2ms": {
	"scaled": true
	}, 
	"Status Gearbox Type": {
	"scaled": true, 
	"bitscount": 1
	}, 
	"Numero ligne assemblage": {
	"bytesascii": true, 
	"bytescount": 2, 
	"byte": true, 
	"bitscount": 16
	}, 
	"Flag On/Off Button": {
	"bitscount": 1, 
	"lists": {
		"0": "No Button", 
		"1": "Button present"
	}
	}, 
	"Attenuation Time FOL": {
	"scaled": true, 
	"divideby": 1000.0, 
	"step": 16.0, 
	"unit": "ms"
	}, 
	"DTCDeviceIdentifier": {
	"bytescount": 2, 
	"bitscount": 16
	}, 
	"Code Ident Diag": {
	"byte": true
	}, 
	"Tempo pour V=0": {
	"scaled": true
	}, 
	"Numero piece du jour": {
	"bytesascii": true, 
	"bytescount": 5, 
	"byte": true, 
	"bitscount": 40
	}, 
	"Rear Level_ext 7ms": {
	"scaled": true
	}, 
	"Front level ext 4,5ms": {
	"scaled": true
	}, 
	"Status Push Trace": {
	"scaled": true, 
	"bitscount": 1
	}, 
	"Bus off Status Parameter": {
	"bitscount": 1, 
	"lists": {
		"0": "Bus ON", 
		"1": "Bus OFF"
	}
	}, 
	"N\u00b0 Hardware": {
	"bytescount": 5, 
	"byte": true, 
	"bitscount": 40
	}, 
	"Status Byte2 Etat du systeme": {
	"scaled": true
	}, 
	"Rear Level_ext 1,5ms": {
	"scaled": true
	}, 
	"AVDI-AVGI": {
	"scaled": true
	}, 
	"Rear Level 8ms": {
	"scaled": true
	}, 
	"Distance_capt_ext_gauche_Arriere": {
	"scaled": true
	}, 
	"Rear Level_ext 3ms": {
	"scaled": true
	}, 
	"ARGI-ARDI": {
	"scaled": true
	}, 
	"Front level center 2,5ms": {
	"scaled": true
	}, 
	"Front center sensor threshold": {
	"scaled": true
	}, 
	"Front level ext 9ms": {
	"scaled": true
	}, 
	"Front level center 6ms": {
	"scaled": true
	}, 
	"Frequence Buzzer Arriere": {
	"lists": {
		"2": "Frequence 800hz", 
		"3": "Frequence 1000hz", 
		"4": "Frequence 1500hz", 
		"5": "Frequence 2000hz"
	}
	}, 
	"Rear Level 7ms": {
	"scaled": true
	}, 
	"DTCStatus.testNotCompletedSinceLastClear": {
	"bitscount": 1, 
	"lists": {
		"0": "No", 
		"1": "Yes"
	}
	}, 
	"PartNumber.BasicPartList": {
	"lists": {
		"0": "N/A__", 
		"1": "@@@@@"
	}
	}, 
	"Distance_calculee Avant": {
	"scaled": true
	}, 
	"Distance_capt_int_droit_Avant": {
	"scaled": true
	}, 
	"EOLT year": {
	"scaled": true
	}, 
	"Rear Level_ext 4ms": {
	"scaled": true
	}, 
	"Distance_capt_ext_droit_Avant": {
	"scaled": true
	}, 
	"Attenuation Time FIL": {
	"scaled": true, 
	"divideby": 1000.0, 
	"step": 16.0
	}, 
	"Version HW": {
	"bytescount": 5, 
	"byte": true, 
	"bitscount": 40
	}, 
	"Tracabilit\u00e9 ICT": {
	"bytescount": 10, 
	"byte": true, 
	"bitscount": 80
	}, 
	"ARGI": {
	"scaled": true
	}, 
	"AVGE-AVGI": {
	"scaled": true
	}, 
	"SessionName": {
	"lists": {
		"192": "Etendue", 
		"129": "Par defaut", 
		"250": "Fournisseur", 
		"134": "BE"
	}
	}, 
	"DTCStatus.warningIndicatorRequested": {
	"bitscount": 1, 
	"lists": {
		"0": "No", 
		"1": "Yes"
	}
	}, 
	"Front level ext 2ms": {
	"scaled": true
	}, 
	"ARGE": {
	"scaled": true
	}, 
	"Choix du Vehicule": {
	"lists": {
		"3": "X73 Ph2", 
		"4": "J81 Ph2", 
		"5": "J81 Ph2 Long", 
		"6": "B91", 
		"7": "K91", 
		"8": "D91"
	}
	}, 
	"Rear Level 5ms": {
	"scaled": true
	}, 
	"Mois": {
	"lists": {
		"1": "Janvier", 
		"2": "Fevrier", 
		"3": "Mars", 
		"4": "Avril", 
		"5": "Mai", 
		"6": "Juin", 
		"7": "Juillet", 
		"8": "Aout", 
		"9": "Septembre", 
		"10": "Octobre", 
		"11": "Novembre", 
		"12": "Decembre"
	}
	}, 
	"AVGI": {
	"scaled": true
	}, 
	"AVGE": {
	"scaled": true
	}, 
	"Detection Range Rear inner": {
	"scaled": true
	}, 
	"Rear measurement range outer sensors": {
	"scaled": true
	}, 
	"Status Trailer tow": {
	"scaled": true, 
	"bitscount": 1
	}, 
	"Front level center 5ms": {
	"scaled": true
	}, 
	"ARGE-ARGI": {
	"scaled": true
	}, 
	"Lect Jour Prog ECU": {
	"byte": true
	}, 
	"DTCStatusAvailabilityMask": {
	"scaled": true
	}, 
	"Numero serie PCB": {
	"bytesascii": true, 
	"bytescount": 6, 
	"byte": true, 
	"bitscount": 48
	}, 
	"Front level ext 2,5ms": {
	"scaled": true
	}, 
	"PartNumber.LowerPart": {
	"bytesascii": true, 
	"bytescount": 5, 
	"byte": true, 
	"bitscount": 40
	}, 
	"Detection Range Rear outer": {
	"scaled": true
	}, 
	"Detection Range Front outer": {
	"scaled": true
	}, 
	"Distance between front centre sensors": {
	"scaled": true
	}, 
	"Status - Etat du syst\u00e8me": {
	"scaled": true
	}, 
	"EOLT month": {
	"scaled": true
	}, 
	"Bus off Compteur Parameter": {
	"scaled": true, 
	"bitscount": 6, 
	"format": "000"
	}, 
	"Flag Parking brake signal": {
	"bitscount": 1, 
	"lists": {
		"0": "Not present", 
		"1": "Present"
	}
	}, 
	"DTCRecord": {
	"bytescount": 3, 
	"byte": true, 
	"bitscount": 24
	}, 
	"AVGI-AVGE": {
	"scaled": true
	}, 
	"Messagerie CAN": {
	"bytescount": 2, 
	"byte": true, 
	"bitscount": 16
	}, 
	"Volume Buzzer Avant": {
	"lists": {
		"2": "Volume faible", 
		"3": "Volume moyen", 
		"4": "Volume Moyen fort", 
		"5": "Volume Fort", 
		"6": "Volume Fort+", 
		"7": "Volume Fort++"
	}
	}, 
	"DTCStatus.testNotCompletedThisMonitoringCycle": {
	"bitscount": 1, 
	"lists": {
		"0": "No", 
		"1": "Yes"
	}
	}, 
	"Zone de detection remorque": {
	"scaled": true
	}, 
	"Tension_Capteur": {
	"scaled": true
	}, 
	"Type boite de vitesse": {
	"lists": {
		"186": "Boite Automatique", 
		"181": "Boite Manuelle"
	}
	}, 
	"Module Mute Compteur Parameter": {
	"scaled": true, 
	"bitscount": 6, 
	"format": "000"
	}, 
	"C_Mute Parameter": {
	"bitscount": 1, 
	"lists": {
		"0": "C_Mute != 255", 
		"1": "C_Mute = 255"
	}
	}, 
	"Rear Level 4ms": {
	"scaled": true
	}, 
	"Lect Annee Prog ECU": {
	"lists": {
		"0": "2000", 
		"1": "2001", 
		"2": "2002", 
		"3": "2003", 
		"4": "2004", 
		"5": "2005", 
		"6": "2006", 
		"7": "2007", 
		"8": "2008", 
		"9": "2009", 
		"10": "2010", 
		"11": "2011", 
		"12": "2012", 
		"13": "2013", 
		"14": "2014", 
		"15": "2015", 
		"99": "1999"
	}
	}, 
	"Front level ext 1,5ms": {
	"scaled": true
	}, 
	"AVDE": {
	"scaled": true
	}, 
	"Rear Level_ext 2,5ms": {
	"scaled": true
	}, 
	"UPA systeme type": {
	"lists": {
		"8": "AAP Ar / Av", 
		"10": "AAP Ar / Av / PSM", 
		"4": "AAP Ar"
	}
	}, 
	"Rear Level_ext 2ms": {
	"scaled": true
	}, 
	"Front level center 4,5ms": {
	"scaled": true
	}, 
	"Status Handbrake": {
	"scaled": true, 
	"bitscount": 1
	}, 
	"Front level center 9ms": {
	"scaled": true
	}, 
	"SoftwareNumber": {
	"comment": "Software identification number", 
	"bytescount": 2, 
	"byte": true, 
	"bitscount": 16
	}, 
	"Front Measurement range corner sensors": {
	"scaled": true
	}, 
	"Flag Emission error tone": {
	"bitscount": 1, 
	"lists": {
		"0": "Yes", 
		"1": "Not"
	}
	}, 
	"Jour": {
	"byte": true
	}, 
	"Frequence Buzzer Avant": {
	"lists": {
		"2": "Frequence 800Hz", 
		"3": "Frequence 1000Hz", 
		"4": "Frequence 1500Hz", 
		"5": "Frequence 2000Hz"
	}
	}, 
	"Rear Level_ext 9ms": {
	"scaled": true
	}, 
	"ARDE-ARDI": {
	"scaled": true
	}, 
	"Status reverse": {
	"scaled": true, 
	"bitscount": 1
	}, 
	"Distance_capt_int_droit_Arri\u00e8re": {
	"scaled": true
	}, 
	"DTCFailureType.Category": {
	"bitscount": 4, 
	"lists": {
		"0": "General Failure Information", 
		"1": "General Electrical Failures", 
		"2": "General Signal Failures", 
		"3": "FM (Frequency Modulated) / PWM (Pulse Width Modulated) Failures", 
		"4": "System Internal Failures", 
		"5": "System Programming Failures", 
		"6": "Algorithm Based Failures", 
		"7": "Mechanical Failures", 
		"8": "Bus Signal / Message Failures", 
		"9": "Component Failures", 
		"15": "Vehicle manufacturer / System supplier specific"
	}
	}, 
	"EOLT test result": {
	"scaled": true
	}, 
	"Front level ext 4ms": {
	"scaled": true
	}, 
	"EditionNumber": {
	"comment": "Software version(edition) number", 
	"bytescount": 2, 
	"byte": true, 
	"bitscount": 16
	}, 
	"AVDI-AVDE": {
	"scaled": true
	}, 
	"C_Bus off Parameter": {
	"bitscount": 1, 
	"lists": {
		"0": "C_Mute !=255", 
		"1": "C_Mute =255"
	}
	}, 
	"Annee de production": {
	"bytesascii": true, 
	"bytescount": 2, 
	"byte": true, 
	"bitscount": 16
	}, 
	"DTCStatus.pendingDTC": {
	"bitscount": 1, 
	"lists": {
		"0": "No", 
		"1": "Yes"
	}
	}, 
	"Identification Vehicule": {
	"bytescount": 2, 
	"bitscount": 16, 
	"lists": {
		"698": "K74 - Boite Automatique", 
		"437": "B74 - Boite Manuelle", 
		"1210": "J81 - Boite Automatique", 
		"954": "X73 - Boite Automatique", 
		"693": "K74 - Boite Manuelle", 
		"1461": "Par defaut - Boite Manuelle", 
		"1717": "J84 - Boite Manuelle", 
		"949": "X73 - Boite Manuelle", 
		"1722": "J84 - Boite Automatique", 
		"442": "B74 - Boite Automatique", 
		"1466": "Par defaut - Boite Automatique", 
		"1205": "J81 - Boite Manuelle"
	}
	}, 
	"N\u00b0 Logiciel": {
	"bytescount": 2, 
	"byte": true, 
	"bitscount": 16
	}, 
	"Front external sensor threshold": {
	"scaled": true
	}, 
	"EOLT test equipment": {
	"bytesascii": true, 
	"bytescount": 2, 
	"byte": true, 
	"bitscount": 16
	}, 
	"Rear Level 6ms": {
	"scaled": true
	}, 
	"AVDE-AVDI": {
	"scaled": true
	}, 
	"Lect_Freq_Buzzer": {
	"lists": {
		"2": "Frequence 800hz", 
		"3": "Frequence 1000hz", 
		"4": "Frequence 1500hz", 
		"5": "Frequence 2000hz"
	}
	}, 
	"Rear Level 9ms": {
	"scaled": true
	}, 
	"Status Long On/Off mode": {
	"scaled": true, 
	"bitscount": 1
	}, 
	"Detection Range Front inner": {
	"scaled": true
	}, 
	"Threshold Speed Activation": {
	"scaled": true
	}, 
	"Rear Offset inner sensors": {
	"scaled": true
	}, 
	"Front level center 8ms": {
	"scaled": true
	}, 
	"DTCFailureType.ManufacturerOrSupplier": {
	"bitscount": 4
	}, 
	"Flag Config": {
	"lists": {
		"128": "Bouton on / off present"
	}
	}, 
	"Distance_capt_int_gauche_Arriere": {
	"scaled": true
	}, 
	"Front Measurement range centre sensors": {
	"scaled": true
	}, 
	"Front level center 1,5ms": {
	"scaled": true
	}, 
	"ARDE": {
	"scaled": true
	}, 
	"ARDI-ARDE": {
	"scaled": true
	}, 
	"DTCStatus.testFailedThisMonitoringCycle": {
	"bitscount": 1, 
	"lists": {
		"0": "No", 
		"1": "Yes"
	}
	}, 
	"EOLT date": {
	"scaled": true
	}, 
	"Front level ext 7ms": {
	"scaled": true
	}, 
	"Distance_calculee Arriere": {
	"scaled": true
	}, 
	"Rear Level_ext 4,5ms": {
	"scaled": true
	}, 
	"CRC": {
	"bytescount": 2, 
	"byte": true, 
	"bitscount": 16
	}, 
	"Distance between outer and inner sensors": {
	"scaled": true
	}, 
	"Front level center 4ms": {
	"scaled": true
	}, 
	"DTCMaskRecord": {
	"bytescount": 3, 
	"byte": true, 
	"bitscount": 24
	}, 
	"Rear Level 3,5ms": {
	"scaled": true
	}, 
	"SupplierNumber": {
	"comment": "Supplier code (hexa)", 
	"bytescount": 3, 
	"byte": true, 
	"bitscount": 24
	}, 
	"Status Short On/Off mode": {
	"scaled": true, 
	"bitscount": 1
	}, 
	"Rear Level_ext 6ms": {
	"scaled": true
	}, 
	"Vit_veh": {
	"scaled": true
	}, 
	"Attenuation Time  Sensor ROR": {
	"scaled": true, 
	"divideby": 1000.0, 
	"step": 16.0, 
	"unit": "ms"
	}, 
	"VIN": {
	"bytesascii": true, 
	"bytescount": 17, 
	"byte": true, 
	"bitscount": 136
	}, 
	"Rear Level_ext 8ms": {
	"scaled": true
	}, 
	"Front Offset corner sensors": {
	"scaled": true
	}, 
	"Rear measurement range inner sensors": {
	"scaled": true
	}, 
	"Front Offset centre sensors": {
	"scaled": true
	}, 
	"Desactivation buzzer": {
	"lists": {
		"0": "Lancement routine", 
		"1": "Status routine"
	}
	}, 
	"DTCFailureType": {
	"lists": {
		"0": "Device and failure type ODB codding", 
		"1": "General Electrical Failure", 
		"2": "General signal failure", 
		"3": "FM (Frequency Modulated) / PWM (Pulse Width Modulated) Failures", 
		"4": "System Internal Failures", 
		"5": "System Programming Failures", 
		"6": "Algorithm Based Failures", 
		"7": "Mechanical Failures", 
		"8": "Bus Signal / Message Failures", 
		"9": "Component Failures", 
		"17": "circuit short to ground", 
		"18": "circuit short to battery", 
		"19": "circuit open", 
		"20": "circuit short to ground or open", 
		"21": "circuit short to battery or open", 
		"22": "circuit voltage below threshold", 
		"23": "circuit voltage above threshold", 
		"24": "circuit current below threshold", 
		"25": "circuit current above threshold", 
		"26": "circuit resistance below threshold", 
		"27": "circuit resistance above threshold", 
		"28": "circuit voltage out of range", 
		"29": "circuit current out of range", 
		"30": "circuit resistance out of range", 
		"31": "circuit intermittent", 
		"33": "signal amplitude < minimum", 
		"34": "signal amplitude > maximum", 
		"35": "signal stuck low", 
		"36": "signal stuck high", 
		"37": "signal shape / waveform failure", 
		"38": "signal rate of change below threshold", 
		"39": "signal rate of change above threshold", 
		"40": "signal bias level out of range / zero adjustment failure", 
		"41": "signal signal invalid", 
		"47": "signal erratic", 
		"49": "no signal", 
		"50": "signal low time < minimum", 
		"51": "signal low time > maximum", 
		"52": "signal high time < minimum", 
		"53": "signal high time > maximum", 
		"54": "signal frequency too low", 
		"55": "signal frequency too high", 
		"56": "signal frequency incorrect", 
		"57": "incorrect has too few pulses", 
		"58": "incorrect has too many pulses", 
		"65": "general checksum failure", 
		"66": "general memory failure", 
		"67": "special memory failure", 
		"68": "data memory failure", 
		"69": "program memory failure", 
		"70": "calibration / parameter memory failure", 
		"71": "watchdog / safety \u00b5C failure", 
		"72": "supervision software failure", 
		"73": "internal electronic failure", 
		"74": "incorrect component installed", 
		"75": "over temperature", 
		"81": "not programmed", 
		"82": "not activated", 
		"83": "deactivated", 
		"84": "missing calibration", 
		"85": "not configured", 
		"97": "signal calculation failure", 
		"98": "signal compare failure", 
		"99": "circuit / component protection time-out", 
		"100": "signal plausibility failure", 
		"101": "signal has too few transitions / events", 
		"102": "signal has too many transitions / events", 
		"103": "signal incorrect after event", 
		"104": "event information", 
		"113": "actuator stuck", 
		"114": "actuator stuck open", 
		"115": "actuator stuck closed", 
		"116": "actuator slipping", 
		"117": "emergency position not reachable", 
		"118": "wrong mounting position", 
		"119": "commanded position not reachable", 
		"120": "alignment or adjustment incorrect", 
		"121": "mechanical linkage failure", 
		"122": "fluid leak or seal failure", 
		"123": "low fluid level", 
		"129": "invalid serial data received", 
		"130": "alive / sequence counter incorrect / not updated", 
		"131": "value of signal protection calculation incorrect", 
		"132": "signal below allowable range", 
		"133": "signal above allowable range", 
		"134": "signal invalid", 
		"135": "missing message", 
		"136": "bus off", 
		"143": "erratic", 
		"145": "parametric", 
		"146": "performance or incorrect operation", 
		"147": "no operation", 
		"148": "unexpected operation", 
		"149": "incorrect assembly", 
		"150": "component internal failure", 
		"151": "Component or system operation obstructed or blocked", 
		"152": "component or system over temperature"
	}
	}, 
	"Status Mode Normal": {
	"scaled": true, 
	"bitscount": 1
	}, 
	"ManufacturerIdentificationCode": {
	"lists": {
		"0": "Renault R1", 
		"128": "Nissan N1", 
		"130": "Nissan N3", 
		"136": "5DIGITS", 
		"129": "Nissan N2"
	}
	}, 
	"ARDI-ARGI": {
	"scaled": true
	}, 
	"Rear Level 3ms": {
	"scaled": true
	}, 
	"DiagnosticIdentificationCode": {
	"comment": "Diag evolution number", 
	"byte": true
	}, 
	"StatusOfDTC": {
	"scaled": true
	}, 
	"Attenuation Time  Sensor ROL": {
	"scaled": true, 
	"divideby": 1000.0, 
	"step": 16.0, 
	"unit": "ms"
	}, 
	"Status Mode Manoeuvre": {
	"scaled": true, 
	"bitscount": 1
	}, 
	"Rear Level 2ms": {
	"scaled": true
	}, 
	"Module Mute Status Parameter": {
	"bitscount": 1, 
	"lists": {
		"0": "No Mute", 
		"1": "Mute"
	}
	}, 
	"Status Desactivation buzzer": {
	"lists": {
		"1": "Routine en cours d'execution", 
		"2": "Routine termin\u00e9e : Ok", 
		"4": "Routine termin\u00e9e : NOk"
	}
	}, 
	"DTCDeviceAndFailureTypeOBD": {
	"bytescount": 2, 
	"bitscount": 16
	}, 
	"Code ITG Fournisseur": {
	"bytesascii": true, 
	"bytescount": 3, 
	"byte": true, 
	"bitscount": 24
	}, 
	"Front level center 3ms": {
	"scaled": true
	}, 
	"Flags_ext": {
	"scaled": true
	}, 
	"SupplierNumber.ITG": {
	"bytesascii": true, 
	"bytescount": 3, 
	"byte": true, 
	"bitscount": 24, 
	"comment": "Supplier ITG code"
	}, 
	"Attenuation Time FIR": {
	"scaled": true, 
	"divideby": 1000.0, 
	"step": 16.0
	}, 
	"Annee": {
	"lists": {
		"4": "2004", 
		"5": "2005", 
		"6": "2006", 
		"7": "2007", 
		"8": "2008", 
		"9": "2009", 
		"10": "2010", 
		"11": "2011", 
		"12": "2012", 
		"13": "2013", 
		"14": "2014", 
		"15": "2015", 
		"16": "2016", 
		"17": "2017", 
		"18": "2018", 
		"19": "2019", 
		"20": "2020"
	}
	}, 
	"Rear Offset outer sensors": {
	"scaled": true
	}, 
	"Front level ext 3,5ms": {
	"scaled": true
	}, 
	"Threshold Speed Deactivation": {
	"scaled": true
	}, 
	"Rear Level_ext 5ms": {
	"scaled": true
	}, 
	"DTCStatus.confirmedDTC": {
	"bitscount": 1, 
	"lists": {
		"0": "No", 
		"1": "Yes"
	}
	}, 
	"CalibrationNumber": {
	"comment": "Numero de calibration en Hexa", 
	"bytescount": 2, 
	"byte": true, 
	"bitscount": 16
	}, 
	"Flag Gearbox": {
	"bitscount": 1, 
	"lists": {
		"0": "Manual", 
		"1": "Automatic"
	}
	}, 
	"Rear Level_ext 3,5ms": {
	"scaled": true
	}, 
	"Code MPR": {
	"bytescount": 5, 
	"byte": true, 
	"bitscount": 40
	}, 
	"DTCExtendedData.AgingCounter": {
	"scaled": true, 
	"comment": "Description of the extendedData AgingCounter (use by Failure Page to decode data)"
	}, 
	"Tracabilite EOLT": {
	"bytescount": 10, 
	"byte": true, 
	"bitscount": 80
	}, 
	"Volume Buzzer Arriere": {
	"lists": {
		"2": "Faible", 
		"3": "Moyen", 
		"4": "Moyen Fort", 
		"5": "Fort", 
		"6": "Fort+", 
		"7": "Fort++"
	}
	}, 
	"Flag Chime ton": {
	"bitscount": 1, 
	"lists": {
		"0": "No Chime ton", 
		"1": "Chime ton emission"
	}
	}, 
	"Flags": {
	"scaled": true
	}, 
	"Rear Level 4,5ms": {
	"scaled": true
	}, 
	"DTCExtendedData.DTCOccurrenceCounter": {
	"scaled": true, 
	"comment": "Description of the extendedData DTCOccurenceCounter (use by Failure Page to decode data)"
	}, 
	"DTCStatus.testFailedSinceLastClear": {
	"bitscount": 1, 
	"lists": {
		"0": "No", 
		"1": "Yes"
	}
	}, 
	"distance between inner sensors": {
	"scaled": true
	}, 
	"Front level ext 5ms": {
	"scaled": true
	}, 
	"Distance_capt_ext_gauche_Avant": {
	"scaled": true
	}, 
	"Tension_ECU": {
	"scaled": true
	}, 
	"Distance_capt_ext_droit_Arriere": {
	"scaled": true
	}, 
	"Front level center 3,5ms": {
	"scaled": true
	}, 
	"Rear Level 2,5ms": {
	"scaled": true
	}, 
	"Distance between front corner and centre sensors": {
	"scaled": true
	}, 
	"HardwareNumber.LowerPart": {
	"bytesascii": true, 
	"bytescount": 5, 
	"byte": true, 
	"bitscount": 40
	}, 
	"Rear Level 1,5ms": {
	"scaled": true
	}, 
	"ApprovalNumber.BasicPartList": {
	"lists": {
		"0": "N/A"
	}
	}, 
	"Zone arri\u00e8re de d\u00e9tection continue": {
	"scaled": true
	}, 
	"Front level center 7ms": {
	"scaled": true
	}, 
	"AVDI": {
	"scaled": true
	}, 
	"Front level ext 8ms": {
	"scaled": true
	}, 
	"DTCStatus.testFailed": {
	"bitscount": 1, 
	"lists": {
		"0": "No", 
		"1": "Yes"
	}
	}, 
	"DTCExtendedData.Mileage": {
	"scaled": true, 
	"bytescount": 3, 
	"comment": "Description of the extendedData Mileage (use by Failure Page to decode data)", 
	"bitscount": 24, 
	"unit": "km"
	}
}
}