{
"obd": {
	"baudrate": 500000, 
	"protocol": "CAN", 
	"recv_id": "760", 
	"funcname": "ABS", 
	"funcaddr": "01", 
	"send_id": "740"
}, 
"devices": [
	{
	"dtc": 20550, 
	"devicedata": {
		"Vitesse v\u00e9hicule": "0", 
		"Vitesse roue avant gauche": "0", 
		"Vitesse roue arri\u00e8re gauche": "0", 
		"Vitesse roue avant droite": "0", 
		"Vitesse roue arri\u00e8re droite": "0"
	}, 
	"dtctype": 0, 
	"name": "D\u00e9faut g\u00e9n\u00e9ral capteurs vitesses roues"
	}, 
	{
	"dtc": 20684, 
	"devicedata": {
		"Alimentation": "0"
	}, 
	"dtctype": 0, 
	"name": "Alimentation calculateur"
	}, 
	{
	"dtc": 20495, 
	"devicedata": {}, 
	"dtctype": 0, 
	"name": "Capteur vitesse roue AvD"
	}, 
	{
	"dtc": 20678, 
	"devicedata": {
		"Etat de la p\u00e9dale de frein": "0"
	}, 
	"dtctype": 0, 
	"name": "Contacteur p\u00e9dale de frein"
	}, 
	{
	"dtc": 20546, 
	"devicedata": {}, 
	"dtctype": 0, 
	"name": "Cible magn\u00e9tique multipoles roue AvG"
	}, 
	{
	"dtc": 20675, 
	"devicedata": {
		"Semaine de production du bloc": "0", 
		"Num\u00e9ro de la ligne de production du bloc": "0", 
		"Num\u00e9ro du bloc  : 0 265": "0", 
		"Systeme Serveur": "0", 
		"Jour": "0", 
		"Algorithme Serveur Version Number": "0", 
		"Mois": "0", 
		"Code MPR": "0", 
		"Ann\u00e9e de production du bloc": "0", 
		"Code ITG": "0", 
		"Algorithme Serveur Version Number 2": "0", 
		"Etat ABS et REF": "0", 
		"Identificateur de Diagnostic": "0", 
		"Dimension du pneumatique": "0", 
		"Code constructeur": "0", 
		"Ann\u00e9e": "0", 
		"Algorithme Serveur Version Number 3et4": "0", 
		"Compteur": "0", 
		"Algorithme Serveur BB-Number": "0"
	}, 
	"dtctype": 2, 
	"name": "Calculateur"
	}, 
	{
	"dtc": 20543, 
	"devicedata": {}, 
	"dtctype": 0, 
	"name": "Capteur vitesse roue ArG"
	}, 
	{
	"dtc": 20527, 
	"devicedata": {}, 
	"dtctype": 0, 
	"name": "Capteur vitesse roue ArD"
	}, 
	{
	"dtc": 20548, 
	"devicedata": {}, 
	"dtctype": 0, 
	"name": "Cible magn\u00e9tique multipoles roue ArG"
	}, 
	{
	"dtc": 20547, 
	"devicedata": {}, 
	"dtctype": 0, 
	"name": "Cible magn\u00e9tique multipoles roue ArD"
	}, 
	{
	"dtc": 20864, 
	"devicedata": {
		"Producer ECM Status": "0", 
		"Producer ECM C_absent": "0", 
		"Producer ECM Compter": "0"
	}, 
	"dtctype": 4, 
	"name": "Contr\u00f4le moteur"
	}, 
	{
	"dtc": 20710, 
	"devicedata": {
		"Module Mute Compter Parameter": "0", 
		"C_Mute Parameter": "0", 
		"Messagerie CAN": "0", 
		"Bus Off Status Parameter": "0", 
		"Module Mute Statut Parameter": "0", 
		"Bus Off Compter Parameter": "0", 
		"C_Bus Off Parameter": "0"
	}, 
	"dtctype": 4, 
	"name": "R\u00e9seau CAN"
	}, 
	{
	"dtc": 20511, 
	"devicedata": {}, 
	"dtctype": 0, 
	"name": "Capteur vitsse roue AvG"
	}, 
	{
	"dtc": 20545, 
	"devicedata": {}, 
	"dtctype": 0, 
	"name": "Cible magn\u00e9tique multipoles roue AvD"
	}
], 
"ecuname": "Abs X84 Bosch8.0 F05 V2", 
"autoidents": [
	{
	"diagversion": "13", 
	"supplier": "037", 
	"version": "0102", 
	"soft": "6FAD"
	}
], 
"endian": "Big", 
"requests": [
	{
	"receivebyte_dataitems": {
		"Jour": {
		"ref": true, 
		"firstbyte": 5
		}, 
		"Mois": {
		"ref": true, 
		"firstbyte": 4
		}, 
		"Ann\u00e9e": {
		"ref": true, 
		"firstbyte": 3
		}
	}, 
	"deny_sds": [], 
	"minbytes": 5, 
	"sentbytes": "21B0", 
	"name": "RW-RDBLI_DateAfterSale"
	}, 
	{
	"receivebyte_dataitems": {
		"Variante Abs": {
		"ref": true, 
		"firstbyte": 3
		}
	}, 
	"deny_sds": [], 
	"minbytes": 3, 
	"sentbytes": "2101", 
	"name": "*RW-RDBLI - VehicleConfiguration"
	}, 
	{
	"name": "R-StatusRoutine - StartPolesCounting", 
	"deny_sds": [], 
	"receivebyte_dataitems": {
		"Nom de la roue choisie": {
		"firstbyte": 4
		}, 
		"Etat de la routine": {
		"firstbyte": 3
		}
	}, 
	"sendbyte_dataitems": {
		"Choix de la roue": {
		"firstbyte": 4
		}
	}, 
	"minbytes": 4, 
	"sentbytes": "31010101"
	}, 
	{
	"receivebyte_dataitems": {
		"Etat du processus d'activation": {
		"firstbyte": 3
		}
	}, 
	"deny_sds": [], 
	"minbytes": 3, 
	"sentbytes": "300301FA", 
	"name": "IO-IOStatus - HazardWarningRequest"
	}, 
	{
	"name": "R-StartRBLI - StartPolesCounting_FL", 
	"deny_sds": [], 
	"manualsend": true, 
	"receivebyte_dataitems": {
		"Nom de la roue choisie": {
		"firstbyte": 4
		}, 
		"Etat de la routine": {
		"firstbyte": 3
		}
	}, 
	"minbytes": 4, 
	"sentbytes": "31010001"
	}, 
	{
	"name": "R-StopRBLI - StartPolesCounting", 
	"deny_sds": [], 
	"manualsend": true, 
	"receivebyte_dataitems": {
		"Etat de l'arr\u00eat de la routine": {
		"firstbyte": 3
		}
	}, 
	"sendbyte_dataitems": {
		"Choix du type d'arr\u00eat": {
		"firstbyte": 3
		}
	}, 
	"minbytes": 3, 
	"sentbytes": "320180"
	}, 
	{
	"name": "R-StartRBLI - StartPolesCounting_FR", 
	"deny_sds": [], 
	"manualsend": true, 
	"receivebyte_dataitems": {
		"Nom de la roue choisie": {
		"firstbyte": 4
		}, 
		"Etat de la routine": {
		"firstbyte": 3
		}
	}, 
	"minbytes": 4, 
	"sentbytes": "31010002"
	}, 
	{
	"receivebyte_dataitems": {
		"Producer Cluster C_absent": {
		"bitoffset": 1, 
		"ref": true, 
		"firstbyte": 9
		}, 
		"Producer EPS Compter": {
		"bitoffset": 2, 
		"ref": true, 
		"firstbyte": 23
		}, 
		"Producer Cluster Status": {
		"ref": true, 
		"firstbyte": 9
		}, 
		"Bus Off Status Parameter": {
		"ref": true, 
		"firstbyte": 5
		}, 
		"Producer ABS/ESP Status": {
		"ref": true, 
		"firstbyte": 8
		}, 
		"Producer ECM C_absent": {
		"bitoffset": 1, 
		"ref": true, 
		"firstbyte": 7
		}, 
		"Producer AT Compter": {
		"bitoffset": 2, 
		"ref": true, 
		"firstbyte": 14
		}, 
		"Producer ABS/ESP C_absent": {
		"bitoffset": 1, 
		"ref": true, 
		"firstbyte": 8
		}, 
		"Messagerie CAN": {
		"ref": true, 
		"firstbyte": 3
		}, 
		"Producer ECM Status": {
		"ref": true, 
		"firstbyte": 7
		}, 
		"Module Mute Statut Parameter": {
		"ref": true, 
		"firstbyte": 6
		}, 
		"Bus Off Compter Parameter": {
		"bitoffset": 2, 
		"ref": true, 
		"firstbyte": 5
		}, 
		"Module Mute Compter Parameter": {
		"bitoffset": 2, 
		"ref": true, 
		"firstbyte": 6
		}, 
		"C_Mute Parameter": {
		"bitoffset": 1, 
		"ref": true, 
		"firstbyte": 6
		}, 
		"Producer EPS Status": {
		"ref": true, 
		"firstbyte": 23
		}, 
		"Producer AT C_absent": {
		"bitoffset": 1, 
		"ref": true, 
		"firstbyte": 14
		}, 
		"Producer ECM Compter": {
		"bitoffset": 2, 
		"ref": true, 
		"firstbyte": 7
		}, 
		"Producer ABS/ESP Compter": {
		"bitoffset": 2, 
		"ref": true, 
		"firstbyte": 8
		}, 
		"Producer AT Status": {
		"ref": true, 
		"firstbyte": 14
		}, 
		"Producer Cluster Compter": {
		"bitoffset": 2, 
		"ref": true, 
		"firstbyte": 9
		}, 
		"Producer EPS C_absent": {
		"bitoffset": 1, 
		"ref": true, 
		"firstbyte": 23
		}, 
		"C_Bus Off Parameter": {
		"bitoffset": 1, 
		"ref": true, 
		"firstbyte": 5
		}
	}, 
	"deny_sds": [], 
	"minbytes": 30, 
	"sentbytes": "2182", 
	"name": "*RW-RDBLI_NetworkDiag"
	}, 
	{
	"name": "R-StartRBLI - StopPolesCounting", 
	"deny_sds": [], 
	"manualsend": true, 
	"receivebyte_dataitems": {
		"Nombre de dents": {
		"firstbyte": 4
		}, 
		"Etat de la routine": {
		"firstbyte": 3
		}
	}, 
	"minbytes": 4, 
	"sentbytes": "310200"
	}, 
	{
	"name": "*ReadFreezeFrame", 
	"deny_sds": [], 
	"receivebyte_dataitems": {
		"Etat de la p\u00e9dale de frein (Freeze)": {
		"bitoffset": 2, 
		"firstbyte": 8
		}, 
		"Alimentation (Freeze)": {
		"bitoffset": 4, 
		"firstbyte": 8
		}, 
		"Temps depuis IgnOn": {
		"firstbyte": 9
		}, 
		"DiagMuxOn": {
		"bitoffset": 3, 
		"firstbyte": 8
		}, 
		"DTC Number": {
		"firstbyte": 13
		}, 
		"Etat REF (Freeze)": {
		"bitoffset": 1, 
		"firstbyte": 8
		}, 
		"Vitesse roue avant droite (Freeze)": {
		"firstbyte": 5
		}, 
		"Vitesse roue arri\u00e8re droite (Freeze)": {
		"firstbyte": 7
		}, 
		"Vitesse roue avant gauche (Freeze)": {
		"firstbyte": 4
		}, 
		"Vitesse roue arri\u00e8re gauche (Freeze)": {
		"firstbyte": 6
		}, 
		"Etat Abs (Freeze)": {
		"firstbyte": 8
		}
	}, 
	"sendbyte_dataitems": {
		"FFN": {
		"firstbyte": 2
		}, 
		"FirstDTC": {
		"firstbyte": 4
		}
	}, 
	"minbytes": 14, 
	"sentbytes": "1200040000"
	}, 
	{
	"name": "R-StartRBLI - HybraulicCircuitTest_RR", 
	"deny_sds": [], 
	"manualsend": true, 
	"receivebyte_dataitems": {
		"Nom de la roue choisie": {
		"firstbyte": 4
		}, 
		"Etat de la routine": {
		"firstbyte": 3
		}
	}, 
	"minbytes": 4, 
	"sentbytes": "31030004"
	}, 
	{
	"name": "*RW-WDBLI - VehicleConigurationRecording", 
	"deny_sds": [], 
	"manualsend": true, 
	"sendbyte_dataitems": {
		"Variante Abs": {
		"firstbyte": 3
		}
	}, 
	"minbytes": 1, 
	"sentbytes": "3B0105"
	}, 
	{
	"receivebyte_dataitems": {
		"Circonference Pneu Maximum": {
		"firstbyte": 7
		}, 
		"Circonference pneu": {
		"firstbyte": 3
		}, 
		"Dimension du pneumatique": {
		"firstbyte": 9
		}, 
		"Odom\u00e8tre": {
		"firstbyte": 10
		}, 
		"Circonference Pneu Minimum": {
		"firstbyte": 5
		}
	}, 
	"deny_sds": [], 
	"minbytes": 11, 
	"sentbytes": "2105", 
	"name": "RW-RDBLI - OdometerFrame"
	}, 
	{
	"name": "R-StartRBLI - BleedingProcedure Part2", 
	"deny_sds": [], 
	"manualsend": true, 
	"receivebyte_dataitems": {
		"Etat de la routine": {
		"firstbyte": 3
		}, 
		"Phase de la purge apr\u00e8s vente": {
		"firstbyte": 4
		}
	}, 
	"minbytes": 4, 
	"sentbytes": "3105000200"
	}, 
	{
	"name": "IO-IOCBLI - HazardWarningRequest", 
	"deny_sds": [], 
	"manualsend": true, 
	"receivebyte_dataitems": {
		"Etat du processus d'activation": {
		"firstbyte": 3
		}
	}, 
	"minbytes": 3, 
	"sentbytes": "300300FA"
	}, 
	{
	"receivebyte_dataitems": {
		"Etat de la routine": {
		"firstbyte": 3
		}, 
		"Phase de la purge apr\u00e8s vente": {
		"firstbyte": 4
		}
	}, 
	"deny_sds": [], 
	"minbytes": 4, 
	"sentbytes": "3105010100", 
	"name": "R-StatusRoutine - BleedingProcedure"
	}, 
	{
	"name": "R-StartRBLI - BleedingProcedure Part1", 
	"deny_sds": [], 
	"manualsend": true, 
	"receivebyte_dataitems": {
		"Etat de la routine": {
		"firstbyte": 3
		}, 
		"Phase de la purge apr\u00e8s vente": {
		"firstbyte": 4
		}
	}, 
	"minbytes": 4, 
	"sentbytes": "3105000100"
	}, 
	{
	"name": "R-StartRBLI - BleedingProcedure Part4", 
	"deny_sds": [], 
	"manualsend": true, 
	"receivebyte_dataitems": {
		"Etat de la routine": {
		"firstbyte": 3
		}, 
		"Phase de la purge apr\u00e8s vente": {
		"firstbyte": 4
		}
	}, 
	"minbytes": 4, 
	"sentbytes": "3105000404"
	}, 
	{
	"name": "R-StopRBLI - Evac&FillProcedure", 
	"deny_sds": [], 
	"manualsend": true, 
	"receivebyte_dataitems": {
		"Etat de l'arr\u00eat de la routine": {
		"firstbyte": 3
		}
	}, 
	"minbytes": 3, 
	"sentbytes": "320480"
	}, 
	{
	"receivebyte_dataitems": {
		"Dimension du pneumatique": {
		"ref": true, 
		"firstbyte": 3
		}
	}, 
	"deny_sds": [], 
	"minbytes": 3, 
	"sentbytes": "2102", 
	"name": "RW-RDBLI - IndexTire"
	}, 
	{
	"name": "R-StartRBLI - Evac&FillProcedure", 
	"deny_sds": [], 
	"manualsend": true, 
	"receivebyte_dataitems": {
		"Etat de la routine": {
		"firstbyte": 3
		}
	}, 
	"minbytes": 3, 
	"sentbytes": "3104005A"
	}, 
	{
	"receivebyte_dataitems": {
		"Nombre de dents": {
		"firstbyte": 4
		}, 
		"Etat de la routine": {
		"firstbyte": 3
		}
	}, 
	"deny_sds": [], 
	"minbytes": 4, 
	"sentbytes": "310201", 
	"name": "R-StatusRoutine - StopPolesCounting"
	}, 
	{
	"receivebyte_dataitems": {
		"Alimentation": {
		"ref": true, 
		"firstbyte": 3
		}, 
		"Etat de la p\u00e9dale de frein": {
		"ref": true, 
		"firstbyte": 4
		}, 
		"Etat ABS et REF": {
		"bitoffset": 2, 
		"ref": true, 
		"firstbyte": 4
		}
	}, 
	"deny_sds": [], 
	"minbytes": 4, 
	"sentbytes": "2106", 
	"name": "*RW-RDBLI - SystemStatusFrame"
	}, 
	{
	"name": "RW-WDBLI - DateAfterSales", 
	"deny_sds": [], 
	"manualsend": true, 
	"sendbyte_dataitems": {
		"Jour": {
		"firstbyte": 5
		}, 
		"Mois": {
		"firstbyte": 4
		}, 
		"Ann\u00e9e": {
		"firstbyte": 3
		}
	}, 
	"minbytes": 1, 
	"sentbytes": "3BB0010101"
	}, 
	{
	"receivebyte_dataitems": {
		"Code VIN": {
		"firstbyte": 3
		}, 
		"Crc": {
		"firstbyte": 20
		}
	}, 
	"deny_sds": [], 
	"minbytes": 21, 
	"sentbytes": "2181", 
	"name": "RW-RDBLI - VIN"
	}, 
	{
	"name": "R-StartRBLI - HybraulicCircuitTest_RL", 
	"deny_sds": [], 
	"manualsend": true, 
	"receivebyte_dataitems": {
		"Nom de la roue choisie": {
		"firstbyte": 4
		}, 
		"Etat de la routine": {
		"firstbyte": 3
		}
	}, 
	"minbytes": 4, 
	"sentbytes": "31030003"
	}, 
	{
	"name": "IO-IOStatus - VSOonWire", 
	"deny_sds": [], 
	"receivebyte_dataitems": {
		"Etat du processus d'activation": {
		"firstbyte": 3
		}
	}, 
	"sendbyte_dataitems": {
		"Choix du processus d'activation": {
		"firstbyte": 3
		}, 
		"Choix du temps d'activation (Xx80ms) (Min5s/Max20s)": {
		"firstbyte": 4
		}
	}, 
	"minbytes": 3, 
	"sentbytes": "300201FA"
	}, 
	{
	"receivebyte_dataitems": {
		"Etat du processus d'activation": {
		"firstbyte": 3
		}
	}, 
	"deny_sds": [], 
	"minbytes": 3, 
	"sentbytes": "300101FFFF0501F41601F401F4", 
	"name": "*IO-StatusIO - ABS valves & Pump"
	}, 
	{
	"name": "R-StartRBLI - HybraulicCircuitTest_FR", 
	"deny_sds": [], 
	"manualsend": true, 
	"receivebyte_dataitems": {
		"Nom de la roue choisie": {
		"firstbyte": 4
		}, 
		"Etat de la routine": {
		"firstbyte": 3
		}
	}, 
	"minbytes": 4, 
	"sentbytes": "31030002"
	}, 
	{
	"name": "CDI_Failure", 
	"deny_sds": [], 
	"manualsend": true, 
	"sendbyte_dataitems": {
		"S\u00e9lection du groupe de d\u00e9faut": {
		"firstbyte": 2
		}
	}, 
	"minbytes": 1, 
	"sentbytes": "14FF00"
	}, 
	{
	"receivebyte_dataitems": {
		"Semaine de production du bloc": {
		"ref": true, 
		"firstbyte": 12
		}, 
		"Algorithme Serveur Version Number": {
		"ref": true, 
		"firstbyte": 19
		}, 
		"Code MPR": {
		"ref": true, 
		"firstbyte": 3
		}, 
		"Ann\u00e9e de production du bloc": {
		"ref": true, 
		"firstbyte": 13
		}, 
		"Algorithme Serveur Version Number 3et4": {
		"ref": true, 
		"firstbyte": 21
		}, 
		"Code ITG": {
		"ref": true, 
		"firstbyte": 9
		}, 
		"Algorithme Serveur Version Number 2": {
		"ref": true, 
		"firstbyte": 20
		}, 
		"Num\u00e9ro de la ligne de production du bloc": {
		"ref": true, 
		"firstbyte": 14
		}, 
		"Systeme Serveur": {
		"ref": true, 
		"firstbyte": 22
		}, 
		"Identificateur de Diagnostic": {
		"ref": true, 
		"firstbyte": 8
		}, 
		"Num\u00e9ro du bloc  : 0 265": {
		"ref": true, 
		"firstbyte": 23
		}, 
		"Compteur": {
		"ref": true, 
		"firstbyte": 15
		}, 
		"Algorithme Serveur BB-Number": {
		"ref": true, 
		"firstbyte": 17
		}, 
		"Code constructeur": {
		"ref": true, 
		"firstbyte": 26
		}
	}, 
	"deny_sds": [], 
	"minbytes": 26, 
	"sentbytes": "2180", 
	"name": "RW-RDBLI - RenaultSystemId"
	}, 
	{
	"name": "R-StartRBLI - StartPolesCounting_RL", 
	"deny_sds": [], 
	"manualsend": true, 
	"receivebyte_dataitems": {
		"Nom de la roue choisie": {
		"firstbyte": 4
		}, 
		"Etat de la routine": {
		"firstbyte": 3
		}
	}, 
	"minbytes": 4, 
	"sentbytes": "31010003"
	}, 
	{
	"receivebyte_dataitems": {
		"Etat de la routine": {
		"firstbyte": 3
		}
	}, 
	"deny_sds": [], 
	"minbytes": 3, 
	"sentbytes": "3104010A", 
	"name": "R-StatusRoutine - Evac&FillProcedure"
	}, 
	{
	"name": "*IO-IOCBLI - ABS valves & Pump", 
	"deny_sds": [], 
	"manualsend": true, 
	"receivebyte_dataitems": {
		"Etat du processus d'activation": {
		"firstbyte": 3
		}
	}, 
	"sendbyte_dataitems": {
		"Echappement avant gauche": {
		"bitoffset": 6, 
		"firstbyte": 4
		}, 
		"Admission arri\u00e8re droite": {
		"bitoffset": 1, 
		"firstbyte": 4
		}, 
		"Echappement arri\u00e8re gauche": {
		"bitoffset": 2, 
		"firstbyte": 4
		}, 
		"Echappement arri\u00e8re droite": {
		"firstbyte": 4
		}, 
		"Admission avant droite": {
		"bitoffset": 5, 
		"firstbyte": 4
		}, 
		"Choix du temps d'activation (Xx20ms) (Min:1s/Max5s)": {
		"firstbyte": 6
		}, 
		"Admission avant gauche": {
		"bitoffset": 7, 
		"firstbyte": 4
		}, 
		"Admission arri\u00e8re gauche": {
		"bitoffset": 3, 
		"firstbyte": 4
		}, 
		"Activation de la pompe": {
		"bitoffset": 1, 
		"firstbyte": 5
		}, 
		"Echappement avant droite": {
		"bitoffset": 4, 
		"firstbyte": 4
		}
	}, 
	"minbytes": 3, 
	"sentbytes": "300100FFFFFA01F41601F401F4"
	}, 
	{
	"name": "R-StopRBLI - BleedingProcedure", 
	"deny_sds": [], 
	"manualsend": true, 
	"receivebyte_dataitems": {
		"Etat de l'arr\u00eat de la routine": {
		"firstbyte": 3
		}
	}, 
	"sendbyte_dataitems": {
		"Choix du type d'arr\u00eat": {
		"firstbyte": 3
		}
	}, 
	"minbytes": 3, 
	"sentbytes": "320580"
	}, 
	{
	"name": "RW-WDBLI - FillingProcessByte", 
	"deny_sds": [], 
	"manualsend": true, 
	"sendbyte_dataitems": {
		"ProcessByte Remplissage": {
		"firstbyte": 3
		}
	}, 
	"minbytes": 1, 
	"sentbytes": "3B0300"
	}, 
	{
	"name": "R-StartRBLI - StartPolesCounting_RR", 
	"deny_sds": [], 
	"manualsend": true, 
	"receivebyte_dataitems": {
		"Nom de la roue choisie": {
		"firstbyte": 4
		}, 
		"Etat de la routine": {
		"firstbyte": 3
		}
	}, 
	"minbytes": 4, 
	"sentbytes": "31010004"
	}, 
	{
	"receivebyte_dataitems": {
		"Nom de la roue choisie": {
		"firstbyte": 4
		}, 
		"Etat de la routine": {
		"firstbyte": 3
		}
	}, 
	"deny_sds": [], 
	"minbytes": 4, 
	"sentbytes": "31030101", 
	"name": "R-StatusRoutine - HybraulicCircuitTest"
	}, 
	{
	"name": "R-StartRBLI - HybraulicCircuitTest_FL", 
	"deny_sds": [], 
	"manualsend": true, 
	"receivebyte_dataitems": {
		"Nom de la roue choisie": {
		"firstbyte": 4
		}, 
		"Etat de la routine": {
		"firstbyte": 3
		}
	}, 
	"minbytes": 4, 
	"sentbytes": "31030001"
	}, 
	{
	"name": "C-TesterPresent", 
	"deny_sds": [], 
	"manualsend": true, 
	"sendbyte_dataitems": {
		"Choix du type de r\u00e9ponse": {
		"firstbyte": 2
		}
	}, 
	"minbytes": 1, 
	"sentbytes": "3E02"
	}, 
	{
	"name": "R-StopRBLI - HybraulicCircuitTest", 
	"deny_sds": [], 
	"manualsend": true, 
	"receivebyte_dataitems": {
		"Etat de l'arr\u00eat de la routine": {
		"firstbyte": 3
		}
	}, 
	"minbytes": 3, 
	"sentbytes": "320380"
	}, 
	{
	"receivebyte_dataitems": {
		"Vitesse v\u00e9hicule": {
		"ref": true, 
		"firstbyte": 11
		}, 
		"Vitesse roue avant gauche": {
		"ref": true, 
		"firstbyte": 3
		}, 
		"Vitesse roue arri\u00e8re gauche": {
		"ref": true, 
		"firstbyte": 7
		}, 
		"Vitesse roue avant droite": {
		"ref": true, 
		"firstbyte": 5
		}, 
		"Vitesse roue arri\u00e8re droite": {
		"ref": true, 
		"firstbyte": 9
		}
	}, 
	"deny_sds": [], 
	"minbytes": 12, 
	"sentbytes": "2104", 
	"name": "RW-RDBLI - SpeedsFrame"
	}, 
	{
	"name": "IO-IOCBLI - VSOonWire", 
	"deny_sds": [], 
	"manualsend": true, 
	"receivebyte_dataitems": {
		"Etat du processus d'activation": {
		"firstbyte": 3
		}
	}, 
	"minbytes": 3, 
	"sentbytes": "300200FA"
	}, 
	{
	"name": "Start Diagnostic Session", 
	"deny_sds": [], 
	"manualsend": true, 
	"sendbyte_dataitems": {
		"Session Name": {
		"firstbyte": 2
		}
	}, 
	"minbytes": 1, 
	"sentbytes": "10C0"
	}, 
	{
	"name": "RW-WDBLI - VIN", 
	"deny_sds": [], 
	"manualsend": true, 
	"sendbyte_dataitems": {
		"Code VIN": {
		"firstbyte": 3
		}, 
		"Crc": {
		"firstbyte": 20
		}
	}, 
	"minbytes": 1, 
	"sentbytes": "3B8100000000000000000000000000000000000000"
	}, 
	{
	"name": "RW-WDBLI - IndexTireRecording", 
	"deny_sds": [], 
	"manualsend": true, 
	"sendbyte_dataitems": {
		"Dimension du pneumatique": {
		"firstbyte": 3
		}
	}, 
	"minbytes": 1, 
	"sentbytes": "3B0218"
	}, 
	{
	"receivebyte_dataitems": {
		"Etat du bloc hydraulique": {
		"bitoffset": 3, 
		"firstbyte": 3
		}, 
		"Affectation": {
		"bitoffset": 4, 
		"firstbyte": 3
		}, 
		"Autorisation remplissage RF": {
		"bitoffset": 7, 
		"firstbyte": 3
		}, 
		"D\u00e9faut de remplissage": {
		"bitoffset": 5, 
		"firstbyte": 3
		}, 
		"Etat du circuit de frein": {
		"bitoffset": 2, 
		"firstbyte": 3
		}
	}, 
	"deny_sds": [], 
	"minbytes": 3, 
	"sentbytes": "2103", 
	"name": "RW-RDBLI - FillingProcessByte"
	}, 
	{
	"name": "R-StartRBLI - BleedingProcedure Part3", 
	"deny_sds": [], 
	"manualsend": true, 
	"receivebyte_dataitems": {
		"Etat de la routine": {
		"firstbyte": 3
		}, 
		"Phase de la purge apr\u00e8s vente": {
		"firstbyte": 4
		}
	}, 
	"minbytes": 4, 
	"sentbytes": "3105000304"
	}, 
	{
	"name": "ReadDTC", 
	"deny_sds": [], 
	"receivebyte_dataitems": {
		"NDTC": {
		"firstbyte": 2
		}, 
		"Panne M\u00e9moris\u00e9e": {
		"bitoffset": 1, 
		"firstbyte": 5
		}, 
		"FirstDTC": {
		"firstbyte": 3
		}, 
		"Panne Pr\u00e9sente": {
		"bitoffset": 2, 
		"firstbyte": 5
		}, 
		"Statut": {
		"firstbyte": 5
		}
	}, 
	"sendbyte_dataitems": {
		"MoreDTC": {
		"firstbyte": 3
		}
	}, 
	"minbytes": 2, 
	"sentbytes": "17FF00", 
	"shiftbytescount": 3
	}, 
	{
	"receivebyte_dataitems": {
		"Data D": {
		"firstbyte": 6
		}, 
		"Data B": {
		"firstbyte": 4
		}, 
		"Data C": {
		"firstbyte": 5
		}, 
		"Data A": {
		"firstbyte": 3
		}
	}, 
	"deny_sds": [], 
	"minbytes": 5, 
	"sentbytes": "2100", 
	"name": "Supported_LID"
	}
], 
"data": {
	"Alimentation": {
	"scaled": true, 
	"step": 0.08, 
	"unit": "V", 
	"format": "00.00"
	}, 
	"Admission avant gauche": {
	"bitscount": 1, 
	"lists": {
		"0": "Active", 
		"1": "Repos"
	}
	}, 
	"Num\u00e9ro de la ligne de production du bloc": {
	"scaled": true
	}, 
	"Algorithme Serveur BB-Number": {
	"scaled": true, 
	"bytescount": 2, 
	"bitscount": 16
	}, 
	"LId": {
	"lists": {
		"0": "From 01h to 20h", 
		"32": "From 21h to 40h", 
		"64": "From 41h to 60h", 
		"96": "From 61h to 80h"
	}
	}, 
	"Producer Cluster Status": {
	"bitscount": 1, 
	"lists": {
		"0": "Present", 
		"1": "Absent"
	}
	}, 
	"DiagMuxOn": {
	"bitscount": 1, 
	"lists": {
		"0": "DiagMuxOff (0)", 
		"1": "DiagMuxOn (1)"
	}
	}, 
	"Temps depuis IgnOn": {
	"scaled": true, 
	"bytescount": 2, 
	"bitscount": 16, 
	"unit": "s", 
	"format": "0000000"
	}, 
	"Dimension du pneumatique": {
	"comment": "A coder", 
	"lists": {
		"68": "205/60 R16", 
		"73": "205/55 R17", 
		"42": "205/50 R17", 
		"36": "195/65 R15", 
		"30": "205/55 R16", 
		"255": "Valeur invalide (FFh)"
	}
	}, 
	"Activation de la pompe": {
	"bitscount": 1, 
	"lists": {
		"0": "Active", 
		"1": "Repos"
	}
	}, 
	"Etat de la routine": {
	"lists": {
		"0": "Routine non active", 
		"1": "Routine en cours", 
		"2": "Routine termin\u00e9e Ok", 
		"4": "Routine termin\u00e9e non Ok", 
		"8": "Routine termin\u00e9e et probl\u00e8me global", 
		"128": "Test pr\u00eat", 
		"16": "Erreur d'\u00e9criture", 
		"144": "Routine interrompue par l'outils de diagnostic", 
		"132": "Choix du roue invalide"
	}
	}, 
	"Phase de la purge apr\u00e8s vente": {
	"lists": {
		"1": "Phase 1", 
		"2": "Phase 2", 
		"3": "Phase 3", 
		"4": "Phase 4"
	}
	}, 
	"Etat du circuit de frein": {
	"bitscount": 1, 
	"lists": {
		"0": "Imconpl\u00e8tement rempli", 
		"1": "Compl\u00e8tement rempli"
	}
	}, 
	"Alimentation (Freeze)": {
	"scaled": true, 
	"format": "00", 
	"bitscount": 4, 
	"unit": "V", 
	"offset": 7.0
	}, 
	"Etat du bloc hydraulique": {
	"bitscount": 1, 
	"lists": {
		"0": "Encore sec", 
		"1": "Humide"
	}
	}, 
	"Echappement arri\u00e8re gauche": {
	"bitscount": 1, 
	"lists": {
		"0": "Active", 
		"1": "Repos"
	}
	}, 
	"Ann\u00e9e": {
	"lists": {
		"0": "2000", 
		"1": "2001", 
		"2": "2002", 
		"3": "2003", 
		"4": "2004", 
		"5": "2005", 
		"6": "2006", 
		"7": "2007", 
		"8": "2008", 
		"9": "2009", 
		"10": "2010", 
		"11": "2011", 
		"12": "2012", 
		"13": "2013", 
		"14": "2014", 
		"15": "2015", 
		"16": "2016", 
		"17": "2017", 
		"18": "2018", 
		"19": "2019", 
		"20": "2020", 
		"21": "2021", 
		"22": "2022", 
		"23": "2023", 
		"24": "2024", 
		"25": "2025", 
		"26": "2026", 
		"27": "2027", 
		"28": "2028", 
		"29": "2029", 
		"30": "2030", 
		"31": "2031", 
		"32": "2032", 
		"33": "2033", 
		"34": "2034", 
		"35": "2035", 
		"36": "2036", 
		"37": "2037", 
		"38": "2038", 
		"39": "2039", 
		"40": "2040", 
		"41": "2041", 
		"42": "2042", 
		"43": "2043", 
		"44": "2044", 
		"45": "2045", 
		"46": "2046", 
		"47": "2047", 
		"48": "2048", 
		"49": "2049", 
		"50": "2050"
	}
	}, 
	"Panne M\u00e9moris\u00e9e": {
	"bitscount": 1, 
	"lists": {
		"0": "non", 
		"1": "oui"
	}
	}, 
	"Module Mute Compter Parameter": {
	"scaled": true, 
	"bitscount": 6, 
	"format": "000"
	}, 
	"Code ITG": {
	"bytesascii": true, 
	"bytescount": 3, 
	"byte": true, 
	"bitscount": 24
	}, 
	"Etat de la p\u00e9dale de frein": {
	"bitscount": 2, 
	"lists": {
		"0": "Relach\u00e9e", 
		"1": "Enfonc\u00e9e", 
		"3": "Inalvide / En d\u00e9faut"
	}
	}, 
	"Admission avant droite": {
	"bitscount": 1, 
	"lists": {
		"0": "Active", 
		"1": "Repos"
	}
	}, 
	"Choix du processus d'activation": {
	"lists": {
		"0": "Lancement d'un contr\u00f4le temporaire", 
		"1": "Demande de statut", 
		"17": "Arr\u00eat du contr\u00f4le", 
		"32": "Lancement d'un contr\u00f4le permanent"
	}
	}, 
	"Systeme Serveur": {
	"lists": {
		"2": "Pluto C05 SR2 : BB28031", 
		"3": "Pluto C05 SR3 : BB28409", 
		"4": "A d\u00e9finir", 
		"5": "Pluto C05 SR5 : BB29140 1_1", 
		"19": "Mars F10 SR1 : BB28234", 
		"20": "Mars F10 SRx : BB28848 1_1"
	}
	}, 
	"Choix du temps d'activation (Xx20ms) (Min:1s/Max5s)": {
	"lists": {
		"200": "4s", 
		"50": "1s", 
		"100": "2s", 
		"250": "5s", 
		"150": "3s"
	}
	}, 
	"Affectation": {
	"bitscount": 1, 
	"lists": {
		"0": "Pour usine", 
		"1": "Pour l'apr\u00e8s vente"
	}
	}, 
	"Producer ABS/ESP Compter": {
	"scaled": true, 
	"bitscount": 6, 
	"format": "000"
	}, 
	"Panne Pr\u00e9sente": {
	"bitscount": 1, 
	"lists": {
		"0": "non", 
		"1": "oui"
	}
	}, 
	"Echappement avant gauche": {
	"bitscount": 1, 
	"lists": {
		"0": "Active", 
		"1": "Repos"
	}
	}, 
	"Ann\u00e9e de production du bloc": {
	"lists": {
		"0": "2000", 
		"1": "2001", 
		"2": "2002", 
		"3": "2003", 
		"4": "2004", 
		"5": "2005", 
		"6": "2006", 
		"7": "2007", 
		"8": "2008", 
		"9": "2009", 
		"10": "2010", 
		"11": "2011", 
		"12": "2012", 
		"13": "2013", 
		"14": "2014", 
		"15": "2015", 
		"16": "2016", 
		"17": "2017", 
		"18": "2018", 
		"19": "2019", 
		"20": "2020", 
		"21": "2021", 
		"22": "2022", 
		"23": "2023", 
		"24": "2024", 
		"25": "2025", 
		"26": "2026", 
		"27": "2027", 
		"28": "2028", 
		"29": "2029", 
		"30": "2030", 
		"31": "2031", 
		"32": "2032", 
		"33": "2033", 
		"34": "2034", 
		"35": "2035", 
		"36": "2036", 
		"37": "2037", 
		"38": "2038", 
		"39": "2039", 
		"40": "2040", 
		"41": "2041", 
		"42": "2042", 
		"43": "2043", 
		"44": "2044", 
		"45": "2045", 
		"46": "2046", 
		"47": "2047", 
		"48": "2048", 
		"49": "2049", 
		"50": "2050"
	}
	}, 
	"Identificateur de Diagnostic": {
	"lists": {
		"8": "Syt\u00e8me ESP F10", 
		"9": "Syt\u00e8me ESP F05", 
		"12": "Syst\u00e8me ABS F10", 
		"13": "Syst\u00e8me ABS F05"
	}
	}, 
	"Producer ECM Compter": {
	"scaled": true, 
	"bitscount": 6, 
	"format": "000"
	}, 
	"Vitesse v\u00e9hicule": {
	"divideby": 100.0, 
	"bitscount": 16, 
	"format": "000.00", 
	"scaled": true, 
	"bytescount": 2, 
	"unit": "Km/H"
	}, 
	"Vitesse roue avant droite (Freeze)": {
	"scaled": true, 
	"unit": "Km/H", 
	"format": "000.00"
	}, 
	"Vitesse roue avant gauche (Freeze)": {
	"scaled": true, 
	"unit": "Km/H", 
	"format": "000.00"
	}, 
	"Odom\u00e8tre": {
	"divideby": 10.0, 
	"bitscount": 16, 
	"format": "00000.00", 
	"scaled": true, 
	"bytescount": 2, 
	"unit": "cm"
	}, 
	"Mois": {
	"lists": {
		"1": "Janvier", 
		"2": "F\u00e9vrier", 
		"3": "Mars", 
		"4": "Avril", 
		"5": "Mai", 
		"6": "Juin", 
		"7": "Juillet", 
		"8": "Aout", 
		"9": "Septembre", 
		"10": "Octobre", 
		"11": "Novembre", 
		"12": "Decembre"
	}
	}, 
	"Algorithme Serveur Version Number": {
	"scaled": true
	}, 
	"FFN": {
	"scaled": true
	}, 
	"Session Name": {
	"lists": {
		"192": "Session apr\u00e8s Vente", 
		"129": "Session par d\u00e9faut - Stop Diag"
	}
	}, 
	"Service Reponse": {
	"lists": {
		"112": "Acq Input Output Control By Local Identifier (70h)", 
		"97": "Acq Read Data By Local Identifier (61h)", 
		"114": "Acq Stop Routine By Local Identifier (72h)", 
		"123": "Acq Write Data By Local Identifier (7Bh)", 
		"113": "Acq Start Routine By Local Identifier (71h)"
	}
	}, 
	"Producer AT Status": {
	"bitscount": 1, 
	"lists": {
		"0": "Present", 
		"1": "Absent"
	}
	}, 
	"Vitesse roue avant droite": {
	"divideby": 100.0, 
	"bitscount": 16, 
	"format": "000.00", 
	"scaled": true, 
	"bytescount": 2, 
	"unit": "Km/H"
	}, 
	"Choix du type d'arr\u00eat": {
	"lists": {
		"128": "Maintenant"
	}
	}, 
	"Producer ABS/ESP C_absent": {
	"bitscount": 1, 
	"lists": {
		"0": "C_Absent = 255", 
		"1": "C_Absent != 255"
	}
	}, 
	"Vitesse roue avant gauche": {
	"divideby": 100.0, 
	"bitscount": 16, 
	"format": "000.00", 
	"scaled": true, 
	"bytescount": 2, 
	"unit": "Km/H"
	}, 
	"MoreDTC": {
	"scaled": true, 
	"signed": true
	}, 
	"Code MPR": {
	"bytescount": 5, 
	"byte": true, 
	"bitscount": 40
	}, 
	"Etat de l'arr\u00eat de la routine": {
	"lists": {
		"144": "Routine interrompue par l'outils de diagnostic"
	}
	}, 
	"Etat REF (Freeze)": {
	"bitscount": 1, 
	"lists": {
		"0": "REF non en r\u00e9gulation", 
		"1": "REF en r\u00e9gulation"
	}
	}, 
	"Messagerie CAN": {
	"bytescount": 2, 
	"byte": true, 
	"bitscount": 16
	}, 
	"Code VIN": {
	"bytesascii": true, 
	"bytescount": 17, 
	"byte": true, 
	"bitscount": 136
	}, 
	"Producer ECM Status": {
	"bitscount": 1, 
	"lists": {
		"0": "Present", 
		"1": "Absent"
	}
	}, 
	"FirstDTC": {
	"bytescount": 2, 
	"bitscount": 16, 
	"lists": {
		"20864": "Contr\u00f4le moteur", 
		"20545": "Cible magn\u00e9tique multipoles roue AvD", 
		"20546": "Cible magn\u00e9tique multipoles roue AvG", 
		"20547": "Cible magn\u00e9tique multipoles roue ArD", 
		"20548": "Cible magn\u00e9tique multipoles roue ArG", 
		"20550": "D\u00e9faut g\u00e9n\u00e9ral capteurs vitesses roues", 
		"20678": "Contacteur p\u00e9dale de frein", 
		"20872": "Boite de vitesse automatique", 
		"20681": "Bouton ESP", 
		"20543": "Capteur vitesse roue ArG", 
		"20684": "Alimentation calculateur", 
		"20866": "Tableau de bord", 
		"20686": "Sortie relai feux stop", 
		"20495": "Capteur vitesse roue AvD", 
		"20675": "Calculateur", 
		"20724": "Gyrom\u00e8tre & acc\u00e9l\u00e9rom\u00e8tre", 
		"20824": "Direction assist\u00e9e \u00e9lectrique", 
		"20710": "R\u00e9seau CAN", 
		"20527": "Capteur vitesse roue ArD", 
		"20511": "Capteur vitsse roue AvG"
	}
	}, 
	"Compteur": {
	"scaled": true, 
	"bytescount": 2, 
	"bitscount": 16
	}, 
	"Variante Abs": {
	"scaled": true, 
	"comment": "A coder"
	}, 
	"Module Mute Statut Parameter": {
	"bitscount": 1, 
	"lists": {
		"0": "No Mute", 
		"1": "Mute"
	}
	}, 
	"Data D": {
	"lists": {
		"0": "00000000", 
		"1": "00000001", 
		"2": "00000010", 
		"3": "00000011", 
		"4": "00000100", 
		"5": "00000101", 
		"6": "00000110", 
		"7": "00000111", 
		"8": "00001000", 
		"9": "00001001", 
		"10": "00001010", 
		"11": "00001011", 
		"12": "00001100", 
		"13": "00001101", 
		"14": "00001110", 
		"15": "00001111", 
		"16": "00010000", 
		"17": "00010001", 
		"18": "00010010", 
		"19": "00010011", 
		"20": "00010100", 
		"21": "00010101", 
		"22": "00010110", 
		"23": "00010111", 
		"24": "00011000", 
		"25": "00011001", 
		"26": "00011010", 
		"27": "00011011", 
		"28": "00011100", 
		"29": "00011101", 
		"30": "00011110", 
		"31": "00011111", 
		"32": "00100000", 
		"33": "00100001", 
		"34": "00100010", 
		"35": "00100011", 
		"36": "00100100", 
		"37": "00100101", 
		"38": "00100110", 
		"39": "00100111", 
		"40": "00101000", 
		"41": "00101001", 
		"42": "00101010", 
		"43": "00101011", 
		"44": "00101100", 
		"45": "00101101", 
		"46": "00101110", 
		"47": "00101111", 
		"48": "00110000", 
		"49": "00110001", 
		"50": "00110010", 
		"51": "00110011", 
		"52": "00110100", 
		"53": "00110101", 
		"54": "00110110", 
		"55": "00110111", 
		"56": "00111000", 
		"57": "00111001", 
		"58": "00111010", 
		"59": "00111011", 
		"60": "00111100", 
		"61": "00111101", 
		"62": "00111110", 
		"63": "00111111", 
		"64": "01000000", 
		"65": "01000001", 
		"66": "01000010", 
		"67": "01000011", 
		"68": "01000100", 
		"69": "01000101", 
		"70": "01000110", 
		"71": "01000111", 
		"72": "01001000", 
		"73": "01001001", 
		"74": "01001010", 
		"75": "01001011", 
		"76": "01001100", 
		"77": "01001101", 
		"78": "01001110", 
		"79": "01001111", 
		"80": "01010000", 
		"81": "1010001", 
		"82": "1010010", 
		"83": "1010011", 
		"84": "1010100", 
		"85": "1010101", 
		"86": "1010110", 
		"87": "1010111", 
		"88": "1011000", 
		"89": "1011001", 
		"90": "1011010", 
		"91": "1011011", 
		"92": "1011100", 
		"93": "1011101", 
		"94": "1011110", 
		"95": "1011111", 
		"96": "1100000", 
		"97": "1100001", 
		"98": "1100010", 
		"99": "1100011", 
		"100": "1100100", 
		"101": "1100101", 
		"102": "1100110", 
		"103": "1100111", 
		"104": "1101000", 
		"105": "1101001", 
		"106": "1101010", 
		"107": "1101011", 
		"108": "1101100", 
		"109": "1101101", 
		"110": "1101110", 
		"111": "1101111", 
		"112": "1110000", 
		"113": "1110001", 
		"114": "1110010", 
		"115": "1110011", 
		"116": "1110100", 
		"117": "1110101", 
		"118": "1110110", 
		"119": "1110111", 
		"120": "1111000", 
		"121": "1111001", 
		"122": "1111010", 
		"123": "1111011", 
		"124": "1111100", 
		"125": "1111101", 
		"126": "1111110", 
		"127": "1111111", 
		"128": "10000000", 
		"129": "10000001", 
		"130": "10000010", 
		"131": "10000011", 
		"132": "10000100", 
		"133": "10000101", 
		"134": "10000110", 
		"135": "10000111", 
		"136": "10001000", 
		"137": "10001001", 
		"138": "10001010", 
		"139": "10001011", 
		"140": "10001100", 
		"141": "10001101", 
		"142": "10001110", 
		"143": "10001111", 
		"144": "10010000", 
		"145": "10010001", 
		"146": "10010010", 
		"147": "10010011", 
		"148": "10010100", 
		"149": "10010101", 
		"150": "10010110", 
		"151": "10010111", 
		"152": "10011000", 
		"153": "10011001", 
		"154": "10011010", 
		"155": "10011011", 
		"156": "10011100", 
		"157": "10011101", 
		"158": "10011110", 
		"159": "10011111", 
		"160": "10100000", 
		"161": "10100001", 
		"162": "10100010", 
		"163": "10100011", 
		"164": "10100100", 
		"165": "10100101", 
		"166": "10100110", 
		"167": "10100111", 
		"168": "10101000", 
		"169": "10101001", 
		"170": "10101010", 
		"171": "10101011", 
		"172": "10101100", 
		"173": "10101101", 
		"174": "10101110", 
		"175": "10101111", 
		"176": "10110000", 
		"177": "10110001", 
		"178": "10110010", 
		"179": "10110011", 
		"180": "10110100", 
		"181": "10110101", 
		"182": "10110110", 
		"183": "10110111", 
		"184": "10111000", 
		"185": "10111001", 
		"186": "10111010", 
		"187": "10111011", 
		"188": "10111100", 
		"189": "10111101", 
		"190": "10111110", 
		"191": "10111111", 
		"192": "11000000", 
		"193": "11000001", 
		"194": "11000010", 
		"195": "11000011", 
		"196": "11000100", 
		"197": "11000101", 
		"198": "11000110", 
		"199": "11000111", 
		"200": "11001000", 
		"201": "11001001", 
		"202": "11001010", 
		"203": "11001011", 
		"204": "11001100", 
		"205": "11001101", 
		"206": "11001110", 
		"207": "11001111", 
		"208": "11010000", 
		"209": "11010001", 
		"210": "11010010", 
		"211": "11010011", 
		"212": "11010100", 
		"213": "11010101", 
		"214": "11010110", 
		"215": "11010111", 
		"216": "11011000", 
		"217": "11011001", 
		"218": "11011010", 
		"219": "11011011", 
		"220": "11011100", 
		"221": "11011101", 
		"222": "11011110", 
		"223": "11011111", 
		"224": "11100000", 
		"225": "11100001", 
		"226": "11100010", 
		"227": "11100011", 
		"228": "11100100", 
		"229": "11100101", 
		"230": "11100110", 
		"231": "11100111", 
		"232": "11101000", 
		"233": "11101001", 
		"234": "11101010", 
		"235": "11101011", 
		"236": "11101100", 
		"237": "11101101", 
		"238": "11101110", 
		"239": "11101111", 
		"240": "11110000", 
		"241": "11110001", 
		"242": "11110010", 
		"243": "11110011", 
		"244": "11110100", 
		"245": "11110101", 
		"246": "11110110", 
		"247": "11110111", 
		"248": "11111000", 
		"249": "11111001", 
		"250": "11111010", 
		"251": "11111011", 
		"252": "11111100", 
		"253": "11111101", 
		"254": "11111110", 
		"255": "11111111"
	}
	}, 
	"Bus Off Compter Parameter": {
	"scaled": true, 
	"bitscount": 6, 
	"format": "000"
	}, 
	"Data B": {
	"lists": {
		"0": "00000000", 
		"1": "00000001", 
		"2": "00000010", 
		"3": "00000011", 
		"4": "00000100", 
		"5": "00000101", 
		"6": "00000110", 
		"7": "00000111", 
		"8": "00001000", 
		"9": "00001001", 
		"10": "00001010", 
		"11": "00001011", 
		"12": "00001100", 
		"13": "00001101", 
		"14": "00001110", 
		"15": "00001111", 
		"16": "00010000", 
		"17": "00010001", 
		"18": "00010010", 
		"19": "00010011", 
		"20": "00010100", 
		"21": "00010101", 
		"22": "00010110", 
		"23": "00010111", 
		"24": "00011000", 
		"25": "00011001", 
		"26": "00011010", 
		"27": "00011011", 
		"28": "00011100", 
		"29": "00011101", 
		"30": "00011110", 
		"31": "00011111", 
		"32": "00100000", 
		"33": "00100001", 
		"34": "00100010", 
		"35": "00100011", 
		"36": "00100100", 
		"37": "00100101", 
		"38": "00100110", 
		"39": "00100111", 
		"40": "00101000", 
		"41": "00101001", 
		"42": "00101010", 
		"43": "00101011", 
		"44": "00101100", 
		"45": "00101101", 
		"46": "00101110", 
		"47": "00101111", 
		"48": "00110000", 
		"49": "00110001", 
		"50": "00110010", 
		"51": "00110011", 
		"52": "00110100", 
		"53": "00110101", 
		"54": "00110110", 
		"55": "00110111", 
		"56": "00111000", 
		"57": "00111001", 
		"58": "00111010", 
		"59": "00111011", 
		"60": "00111100", 
		"61": "00111101", 
		"62": "00111110", 
		"63": "00111111", 
		"64": "01000000", 
		"65": "01000001", 
		"66": "01000010", 
		"67": "01000011", 
		"68": "01000100", 
		"69": "01000101", 
		"70": "01000110", 
		"71": "01000111", 
		"72": "01001000", 
		"73": "01001001", 
		"74": "01001010", 
		"75": "01001011", 
		"76": "01001100", 
		"77": "01001101", 
		"78": "01001110", 
		"79": "01001111", 
		"80": "01010000", 
		"81": "1010001", 
		"82": "1010010", 
		"83": "1010011", 
		"84": "1010100", 
		"85": "1010101", 
		"86": "1010110", 
		"87": "1010111", 
		"88": "1011000", 
		"89": "1011001", 
		"90": "1011010", 
		"91": "1011011", 
		"92": "1011100", 
		"93": "1011101", 
		"94": "1011110", 
		"95": "1011111", 
		"96": "1100000", 
		"97": "1100001", 
		"98": "1100010", 
		"99": "1100011", 
		"100": "1100100", 
		"101": "1100101", 
		"102": "1100110", 
		"103": "1100111", 
		"104": "1101000", 
		"105": "1101001", 
		"106": "1101010", 
		"107": "1101011", 
		"108": "1101100", 
		"109": "1101101", 
		"110": "1101110", 
		"111": "1101111", 
		"112": "1110000", 
		"113": "1110001", 
		"114": "1110010", 
		"115": "1110011", 
		"116": "1110100", 
		"117": "1110101", 
		"118": "1110110", 
		"119": "1110111", 
		"120": "1111000", 
		"121": "1111001", 
		"122": "1111010", 
		"123": "1111011", 
		"124": "1111100", 
		"125": "1111101", 
		"126": "1111110", 
		"127": "1111111", 
		"128": "10000000", 
		"129": "10000001", 
		"130": "10000010", 
		"131": "10000011", 
		"132": "10000100", 
		"133": "10000101", 
		"134": "10000110", 
		"135": "10000111", 
		"136": "10001000", 
		"137": "10001001", 
		"138": "10001010", 
		"139": "10001011", 
		"140": "10001100", 
		"141": "10001101", 
		"142": "10001110", 
		"143": "10001111", 
		"144": "10010000", 
		"145": "10010001", 
		"146": "10010010", 
		"147": "10010011", 
		"148": "10010100", 
		"149": "10010101", 
		"150": "10010110", 
		"151": "10010111", 
		"152": "10011000", 
		"153": "10011001", 
		"154": "10011010", 
		"155": "10011011", 
		"156": "10011100", 
		"157": "10011101", 
		"158": "10011110", 
		"159": "10011111", 
		"160": "10100000", 
		"161": "10100001", 
		"162": "10100010", 
		"163": "10100011", 
		"164": "10100100", 
		"165": "10100101", 
		"166": "10100110", 
		"167": "10100111", 
		"168": "10101000", 
		"169": "10101001", 
		"170": "10101010", 
		"171": "10101011", 
		"172": "10101100", 
		"173": "10101101", 
		"174": "10101110", 
		"175": "10101111", 
		"176": "10110000", 
		"177": "10110001", 
		"178": "10110010", 
		"179": "10110011", 
		"180": "10110100", 
		"181": "10110101", 
		"182": "10110110", 
		"183": "10110111", 
		"184": "10111000", 
		"185": "10111001", 
		"186": "10111010", 
		"187": "10111011", 
		"188": "10111100", 
		"189": "10111101", 
		"190": "10111110", 
		"191": "10111111", 
		"192": "11000000", 
		"193": "11000001", 
		"194": "11000010", 
		"195": "11000011", 
		"196": "11000100", 
		"197": "11000101", 
		"198": "11000110", 
		"199": "11000111", 
		"200": "11001000", 
		"201": "11001001", 
		"202": "11001010", 
		"203": "11001011", 
		"204": "11001100", 
		"205": "11001101", 
		"206": "11001110", 
		"207": "11001111", 
		"208": "11010000", 
		"209": "11010001", 
		"210": "11010010", 
		"211": "11010011", 
		"212": "11010100", 
		"213": "11010101", 
		"214": "11010110", 
		"215": "11010111", 
		"216": "11011000", 
		"217": "11011001", 
		"218": "11011010", 
		"219": "11011011", 
		"220": "11011100", 
		"221": "11011101", 
		"222": "11011110", 
		"223": "11011111", 
		"224": "11100000", 
		"225": "11100001", 
		"226": "11100010", 
		"227": "11100011", 
		"228": "11100100", 
		"229": "11100101", 
		"230": "11100110", 
		"231": "11100111", 
		"232": "11101000", 
		"233": "11101001", 
		"234": "11101010", 
		"235": "11101011", 
		"236": "11101100", 
		"237": "11101101", 
		"238": "11101110", 
		"239": "11101111", 
		"240": "11110000", 
		"241": "11110001", 
		"242": "11110010", 
		"243": "11110011", 
		"244": "11110100", 
		"245": "11110101", 
		"246": "11110110", 
		"247": "11110111", 
		"248": "11111000", 
		"249": "11111001", 
		"250": "11111010", 
		"251": "11111011", 
		"252": "11111100", 
		"253": "11111101", 
		"254": "11111110", 
		"255": "11111111"
	}
	}, 
	"Data C": {
	"lists": {
		"0": "00000000", 
		"1": "00000001", 
		"2": "00000010", 
		"3": "00000011", 
		"4": "00000100", 
		"5": "00000101", 
		"6": "00000110", 
		"7": "00000111", 
		"8": "00001000", 
		"9": "00001001", 
		"10": "00001010", 
		"11": "00001011", 
		"12": "00001100", 
		"13": "00001101", 
		"14": "00001110", 
		"15": "00001111", 
		"16": "00010000", 
		"17": "00010001", 
		"18": "00010010", 
		"19": "00010011", 
		"20": "00010100", 
		"21": "00010101", 
		"22": "00010110", 
		"23": "00010111", 
		"24": "00011000", 
		"25": "00011001", 
		"26": "00011010", 
		"27": "00011011", 
		"28": "00011100", 
		"29": "00011101", 
		"30": "00011110", 
		"31": "00011111", 
		"32": "00100000", 
		"33": "00100001", 
		"34": "00100010", 
		"35": "00100011", 
		"36": "00100100", 
		"37": "00100101", 
		"38": "00100110", 
		"39": "00100111", 
		"40": "00101000", 
		"41": "00101001", 
		"42": "00101010", 
		"43": "00101011", 
		"44": "00101100", 
		"45": "00101101", 
		"46": "00101110", 
		"47": "00101111", 
		"48": "00110000", 
		"49": "00110001", 
		"50": "00110010", 
		"51": "00110011", 
		"52": "00110100", 
		"53": "00110101", 
		"54": "00110110", 
		"55": "00110111", 
		"56": "00111000", 
		"57": "00111001", 
		"58": "00111010", 
		"59": "00111011", 
		"60": "00111100", 
		"61": "00111101", 
		"62": "00111110", 
		"63": "00111111", 
		"64": "01000000", 
		"65": "01000001", 
		"66": "01000010", 
		"67": "01000011", 
		"68": "01000100", 
		"69": "01000101", 
		"70": "01000110", 
		"71": "01000111", 
		"72": "01001000", 
		"73": "01001001", 
		"74": "01001010", 
		"75": "01001011", 
		"76": "01001100", 
		"77": "01001101", 
		"78": "01001110", 
		"79": "01001111", 
		"80": "01010000", 
		"81": "1010001", 
		"82": "1010010", 
		"83": "1010011", 
		"84": "1010100", 
		"85": "1010101", 
		"86": "1010110", 
		"87": "1010111", 
		"88": "1011000", 
		"89": "1011001", 
		"90": "1011010", 
		"91": "1011011", 
		"92": "1011100", 
		"93": "1011101", 
		"94": "1011110", 
		"95": "1011111", 
		"96": "1100000", 
		"97": "1100001", 
		"98": "1100010", 
		"99": "1100011", 
		"100": "1100100", 
		"101": "1100101", 
		"102": "1100110", 
		"103": "1100111", 
		"104": "1101000", 
		"105": "1101001", 
		"106": "1101010", 
		"107": "1101011", 
		"108": "1101100", 
		"109": "1101101", 
		"110": "1101110", 
		"111": "1101111", 
		"112": "1110000", 
		"113": "1110001", 
		"114": "1110010", 
		"115": "1110011", 
		"116": "1110100", 
		"117": "1110101", 
		"118": "1110110", 
		"119": "1110111", 
		"120": "1111000", 
		"121": "1111001", 
		"122": "1111010", 
		"123": "1111011", 
		"124": "1111100", 
		"125": "1111101", 
		"126": "1111110", 
		"127": "1111111", 
		"128": "10000000", 
		"129": "10000001", 
		"130": "10000010", 
		"131": "10000011", 
		"132": "10000100", 
		"133": "10000101", 
		"134": "10000110", 
		"135": "10000111", 
		"136": "10001000", 
		"137": "10001001", 
		"138": "10001010", 
		"139": "10001011", 
		"140": "10001100", 
		"141": "10001101", 
		"142": "10001110", 
		"143": "10001111", 
		"144": "10010000", 
		"145": "10010001", 
		"146": "10010010", 
		"147": "10010011", 
		"148": "10010100", 
		"149": "10010101", 
		"150": "10010110", 
		"151": "10010111", 
		"152": "10011000", 
		"153": "10011001", 
		"154": "10011010", 
		"155": "10011011", 
		"156": "10011100", 
		"157": "10011101", 
		"158": "10011110", 
		"159": "10011111", 
		"160": "10100000", 
		"161": "10100001", 
		"162": "10100010", 
		"163": "10100011", 
		"164": "10100100", 
		"165": "10100101", 
		"166": "10100110", 
		"167": "10100111", 
		"168": "10101000", 
		"169": "10101001", 
		"170": "10101010", 
		"171": "10101011", 
		"172": "10101100", 
		"173": "10101101", 
		"174": "10101110", 
		"175": "10101111", 
		"176": "10110000", 
		"177": "10110001", 
		"178": "10110010", 
		"179": "10110011", 
		"180": "10110100", 
		"181": "10110101", 
		"182": "10110110", 
		"183": "10110111", 
		"184": "10111000", 
		"185": "10111001", 
		"186": "10111010", 
		"187": "10111011", 
		"188": "10111100", 
		"189": "10111101", 
		"190": "10111110", 
		"191": "10111111", 
		"192": "11000000", 
		"193": "11000001", 
		"194": "11000010", 
		"195": "11000011", 
		"196": "11000100", 
		"197": "11000101", 
		"198": "11000110", 
		"199": "11000111", 
		"200": "11001000", 
		"201": "11001001", 
		"202": "11001010", 
		"203": "11001011", 
		"204": "11001100", 
		"205": "11001101", 
		"206": "11001110", 
		"207": "11001111", 
		"208": "11010000", 
		"209": "11010001", 
		"210": "11010010", 
		"211": "11010011", 
		"212": "11010100", 
		"213": "11010101", 
		"214": "11010110", 
		"215": "11010111", 
		"216": "11011000", 
		"217": "11011001", 
		"218": "11011010", 
		"219": "11011011", 
		"220": "11011100", 
		"221": "11011101", 
		"222": "11011110", 
		"223": "11011111", 
		"224": "11100000", 
		"225": "11100001", 
		"226": "11100010", 
		"227": "11100011", 
		"228": "11100100", 
		"229": "11100101", 
		"230": "11100110", 
		"231": "11100111", 
		"232": "11101000", 
		"233": "11101001", 
		"234": "11101010", 
		"235": "11101011", 
		"236": "11101100", 
		"237": "11101101", 
		"238": "11101110", 
		"239": "11101111", 
		"240": "11110000", 
		"241": "11110001", 
		"242": "11110010", 
		"243": "11110011", 
		"244": "11110100", 
		"245": "11110101", 
		"246": "11110110", 
		"247": "11110111", 
		"248": "11111000", 
		"249": "11111001", 
		"250": "11111010", 
		"251": "11111011", 
		"252": "11111100", 
		"253": "11111101", 
		"254": "11111110", 
		"255": "11111111"
	}
	}, 
	"Data A": {
	"lists": {
		"0": "00000000", 
		"1": "00000001", 
		"2": "00000010", 
		"3": "00000011", 
		"4": "00000100", 
		"5": "00000101", 
		"6": "00000110", 
		"7": "00000111", 
		"8": "00001000", 
		"9": "00001001", 
		"10": "00001010", 
		"11": "00001011", 
		"12": "00001100", 
		"13": "00001101", 
		"14": "00001110", 
		"15": "00001111", 
		"16": "00010000", 
		"17": "00010001", 
		"18": "00010010", 
		"19": "00010011", 
		"20": "00010100", 
		"21": "00010101", 
		"22": "00010110", 
		"23": "00010111", 
		"24": "00011000", 
		"25": "00011001", 
		"26": "00011010", 
		"27": "00011011", 
		"28": "00011100", 
		"29": "00011101", 
		"30": "00011110", 
		"31": "00011111", 
		"32": "00100000", 
		"33": "00100001", 
		"34": "00100010", 
		"35": "00100011", 
		"36": "00100100", 
		"37": "00100101", 
		"38": "00100110", 
		"39": "00100111", 
		"40": "00101000", 
		"41": "00101001", 
		"42": "00101010", 
		"43": "00101011", 
		"44": "00101100", 
		"45": "00101101", 
		"46": "00101110", 
		"47": "00101111", 
		"48": "00110000", 
		"49": "00110001", 
		"50": "00110010", 
		"51": "00110011", 
		"52": "00110100", 
		"53": "00110101", 
		"54": "00110110", 
		"55": "00110111", 
		"56": "00111000", 
		"57": "00111001", 
		"58": "00111010", 
		"59": "00111011", 
		"60": "00111100", 
		"61": "00111101", 
		"62": "00111110", 
		"63": "00111111", 
		"64": "01000000", 
		"65": "01000001", 
		"66": "01000010", 
		"67": "01000011", 
		"68": "01000100", 
		"69": "01000101", 
		"70": "01000110", 
		"71": "01000111", 
		"72": "01001000", 
		"73": "01001001", 
		"74": "01001010", 
		"75": "01001011", 
		"76": "01001100", 
		"77": "01001101", 
		"78": "01001110", 
		"79": "01001111", 
		"80": "01010000", 
		"81": "1010001", 
		"82": "1010010", 
		"83": "1010011", 
		"84": "1010100", 
		"85": "1010101", 
		"86": "1010110", 
		"87": "1010111", 
		"88": "1011000", 
		"89": "1011001", 
		"90": "1011010", 
		"91": "1011011", 
		"92": "1011100", 
		"93": "1011101", 
		"94": "1011110", 
		"95": "1011111", 
		"96": "1100000", 
		"97": "1100001", 
		"98": "1100010", 
		"99": "1100011", 
		"100": "1100100", 
		"101": "1100101", 
		"102": "1100110", 
		"103": "1100111", 
		"104": "1101000", 
		"105": "1101001", 
		"106": "1101010", 
		"107": "1101011", 
		"108": "1101100", 
		"109": "1101101", 
		"110": "1101110", 
		"111": "1101111", 
		"112": "1110000", 
		"113": "1110001", 
		"114": "1110010", 
		"115": "1110011", 
		"116": "1110100", 
		"117": "1110101", 
		"118": "1110110", 
		"119": "1110111", 
		"120": "1111000", 
		"121": "1111001", 
		"122": "1111010", 
		"123": "1111011", 
		"124": "1111100", 
		"125": "1111101", 
		"126": "1111110", 
		"127": "1111111", 
		"128": "10000000", 
		"129": "10000001", 
		"130": "10000010", 
		"131": "10000011", 
		"132": "10000100", 
		"133": "10000101", 
		"134": "10000110", 
		"135": "10000111", 
		"136": "10001000", 
		"137": "10001001", 
		"138": "10001010", 
		"139": "10001011", 
		"140": "10001100", 
		"141": "10001101", 
		"142": "10001110", 
		"143": "10001111", 
		"144": "10010000", 
		"145": "10010001", 
		"146": "10010010", 
		"147": "10010011", 
		"148": "10010100", 
		"149": "10010101", 
		"150": "10010110", 
		"151": "10010111", 
		"152": "10011000", 
		"153": "10011001", 
		"154": "10011010", 
		"155": "10011011", 
		"156": "10011100", 
		"157": "10011101", 
		"158": "10011110", 
		"159": "10011111", 
		"160": "10100000", 
		"161": "10100001", 
		"162": "10100010", 
		"163": "10100011", 
		"164": "10100100", 
		"165": "10100101", 
		"166": "10100110", 
		"167": "10100111", 
		"168": "10101000", 
		"169": "10101001", 
		"170": "10101010", 
		"171": "10101011", 
		"172": "10101100", 
		"173": "10101101", 
		"174": "10101110", 
		"175": "10101111", 
		"176": "10110000", 
		"177": "10110001", 
		"178": "10110010", 
		"179": "10110011", 
		"180": "10110100", 
		"181": "10110101", 
		"182": "10110110", 
		"183": "10110111", 
		"184": "10111000", 
		"185": "10111001", 
		"186": "10111010", 
		"187": "10111011", 
		"188": "10111100", 
		"189": "10111101", 
		"190": "10111110", 
		"191": "10111111", 
		"192": "11000000", 
		"193": "11000001", 
		"194": "11000010", 
		"195": "11000011", 
		"196": "11000100", 
		"197": "11000101", 
		"198": "11000110", 
		"199": "11000111", 
		"200": "11001000", 
		"201": "11001001", 
		"202": "11001010", 
		"203": "11001011", 
		"204": "11001100", 
		"205": "11001101", 
		"206": "11001110", 
		"207": "11001111", 
		"208": "11010000", 
		"209": "11010001", 
		"210": "11010010", 
		"211": "11010011", 
		"212": "11010100", 
		"213": "11010101", 
		"214": "11010110", 
		"215": "11010111", 
		"216": "11011000", 
		"217": "11011001", 
		"218": "11011010", 
		"219": "11011011", 
		"220": "11011100", 
		"221": "11011101", 
		"222": "11011110", 
		"223": "11011111", 
		"224": "11100000", 
		"225": "11100001", 
		"226": "11100010", 
		"227": "11100011", 
		"228": "11100100", 
		"229": "11100101", 
		"230": "11100110", 
		"231": "11100111", 
		"232": "11101000", 
		"233": "11101001", 
		"234": "11101010", 
		"235": "11101011", 
		"236": "11101100", 
		"237": "11101101", 
		"238": "11101110", 
		"239": "11101111", 
		"240": "11110000", 
		"241": "11110001", 
		"242": "11110010", 
		"243": "11110011", 
		"244": "11110100", 
		"245": "11110101", 
		"246": "11110110", 
		"247": "11110111", 
		"248": "11111000", 
		"249": "11111001", 
		"250": "11111010", 
		"251": "11111011", 
		"252": "11111100", 
		"253": "11111101", 
		"254": "11111110", 
		"255": "11111111"
	}
	}, 
	"Semaine de production du bloc": {
	"scaled": true
	}, 
	"C_Mute Parameter": {
	"bitscount": 1, 
	"lists": {
		"0": "C_Mute != 255", 
		"1": "C_Mute = 255"
	}
	}, 
	"Producer AT C_absent": {
	"bitscount": 1, 
	"lists": {
		"0": "C_Absent = 255", 
		"1": "C_Absent != 255"
	}
	}, 
	"C_Bus Off Parameter": {
	"bitscount": 1, 
	"lists": {
		"0": "C_Mute != 255", 
		"1": "C_Mute = 255"
	}
	}, 
	"Jour": {
	"lists": {
		"1": "1", 
		"2": "2", 
		"3": "3", 
		"4": "4", 
		"5": "5", 
		"6": "6", 
		"7": "7", 
		"8": "8", 
		"9": "9", 
		"10": "10", 
		"11": "11", 
		"12": "12", 
		"13": "13", 
		"14": "14", 
		"15": "15", 
		"16": "16", 
		"17": "17", 
		"18": "18", 
		"19": "19", 
		"20": "20", 
		"21": "21", 
		"22": "22", 
		"23": "23", 
		"24": "24", 
		"25": "25", 
		"26": "26", 
		"27": "27", 
		"28": "28", 
		"29": "29", 
		"30": "30", 
		"31": "31"
	}
	}, 
	"Choix de la roue": {
	"lists": {
		"1": "Roue avant gauche", 
		"2": "Roue avant droite", 
		"3": "Roue arri\u00e8re gauche", 
		"4": "Roue arri\u00e8re droite"
	}
	}, 
	"Admission arri\u00e8re droite": {
	"bitscount": 1, 
	"lists": {
		"0": "Active", 
		"1": "Repos"
	}
	}, 
	"DTC Number": {
	"bytescount": 2, 
	"byte": true, 
	"bitscount": 16
	}, 
	"Algorithme Serveur Version Number 3et4": {
	"scaled": true, 
	"format": "00"
	}, 
	"Choix du type de r\u00e9ponse": {
	"lists": {
		"1": "Avec r\u00e9ponse", 
		"2": "Sans r\u00e9ponse"
	}
	}, 
	"Producer EPS Compter": {
	"scaled": true, 
	"bitscount": 6, 
	"format": "000"
	}, 
	"Statut": {
	"lists": {
		"0": "D\u00e9f:.Statut:0", 
		"1": "D\u00e9f:.Statut:Circuit ouvert (1h)", 
		"2": "D\u00e9f:.Statut:Court-circuit \u00e0 la masse (2h)", 
		"3": "D\u00e9f:.Statut:Court-circuit au +bat (3h)", 
		"4": "D\u00e9f:.Statut:Param \u00e0 la limite basse (4h)", 
		"5": "D\u00e9f:.Statut:Param \u00e0 la limite haute (5h)", 
		"6": "D\u00e9f:.Statut:Incoh\u00e9rence, impossible (6h)", 
		"7": "D\u00e9f:.Statut:Pas de signal (7h)", 
		"8": "D\u00e9f:.Statut:En dessous du seuil bas (8h)", 
		"9": "D\u00e9f:.Statut:Au dessus du seuil haut (9h)", 
		"10": "D\u00e9f:.Statut:Niveau bas permanent (Ah)", 
		"11": "D\u00e9f:.Statut:Niveau haut permanent (Bh)", 
		"12": "D\u00e9f:.Statut:Lignes en court-circuit (Ch)", 
		"13": "D\u00e9f:.Statut:Anomalie \u00e9l\u00e9ctronique interne (Dh)", 
		"14": "D\u00e9f:.Statut:Anomaly du r\u00e9seau (Eh)", 
		"15": "D\u00e9f:.Statut:Diagnostique erron\u00e9 (Fh)", 
		"16": "D\u00e9f:.Statut:Communication perturb\u00e9e (10h)", 
		"17": "D\u00e9f:.Statut:Microcoupures (11h)", 
		"18": "D\u00e9f:.Statut:Tension anormale (12h)", 
		"19": "D\u00e9f:.Statut:Valeur en dehors de la plage (13h)", 
		"20": "D\u00e9f:.Statut:Circuit ouvert ou court-circuit \u00e0 la masse (14h)", 
		"21": "D\u00e9f:.Statut:Circuit ouvert ou court-circuit au +Bat(15h)", 
		"22": "D\u00e9f:.Statut:Init / config non valide (16h)", 
		"23": "D\u00e9f:.Statut:Init non valide(17h)", 
		"24": "D\u00e9f:.Statut:Anomalie (18h)", 
		"32": "D\u00e9f:Pr\u00e9sent.Statut:0", 
		"33": "D\u00e9f:Pr\u00e9sent.Statut:Circuit ouvert (1h)", 
		"34": "D\u00e9f:Pr\u00e9sent.Statut:Court-circuit \u00e0 la masse (2h)", 
		"35": "D\u00e9f:Pr\u00e9sent.Statut:Court-circuit au +bat (3h)", 
		"36": "D\u00e9f:Pr\u00e9sent.Statut:Param \u00e0 la limite basse (4h)", 
		"37": "D\u00e9f:Pr\u00e9sent.Statut:Param \u00e0 la limite haute (5h)", 
		"38": "D\u00e9f:Pr\u00e9sent.Statut:Incoh\u00e9rence, impossible (6h)", 
		"39": "D\u00e9f:Pr\u00e9sent.Statut:Pas de signal (7h)", 
		"40": "D\u00e9f:Pr\u00e9sent.Statut:En dessous du seuil bas (8h)", 
		"41": "D\u00e9f:Pr\u00e9sent.Statut:Au dessus du seuil haut (9h)", 
		"42": "D\u00e9f:Pr\u00e9sent.Statut:Niveau bas permanent (Ah)", 
		"43": "D\u00e9f:Pr\u00e9sent.Statut:Niveau haut permanent (Bh)", 
		"44": "D\u00e9f:Pr\u00e9sent.Statut:Lignes en court-circuit (Ch)", 
		"45": "D\u00e9f:Pr\u00e9sent.Statut:Anomalie \u00e9l\u00e9ctronique interne (Dh)", 
		"46": "D\u00e9f:Pr\u00e9sent.Statut:Anomaly du r\u00e9seau (Eh)", 
		"47": "D\u00e9f:Pr\u00e9sent.Statut:Diagnostique erron\u00e9 (Fh)", 
		"48": "D\u00e9f:Pr\u00e9sent.Statut:Communication perturb\u00e9e (10h)", 
		"49": "D\u00e9f:Pr\u00e9sent.Statut:Microcoupures (11h)", 
		"50": "D\u00e9f:Pr\u00e9sent.Statut:Tension anormale (12h)", 
		"51": "D\u00e9f:Pr\u00e9sent.Statut:Valeur en dehors de la plage (13h)", 
		"52": "D\u00e9f:Pr\u00e9sent.Statut:Circuit ouvert ou court-circuit \u00e0 la masse (14h)", 
		"53": "D\u00e9f:Pr\u00e9sent.Statut:Circuit ouvert ou court-circuit au +Bat(15h)", 
		"54": "D\u00e9f:Pr\u00e9sent.Statut:Init / config non valide (16h)", 
		"55": "D\u00e9f:Pr\u00e9sent.Statut:Init non valide(17h)", 
		"56": "D\u00e9f:Pr\u00e9sent.Statut:Anomalie (18h)", 
		"64": "D\u00e9f:M\u00e9mo.Statut:0", 
		"65": "D\u00e9f:M\u00e9mo.Statut:Circuit ouvert (1h)", 
		"66": "D\u00e9f:M\u00e9mo.Statut:Court-circuit \u00e0 la masse (2h)", 
		"67": "D\u00e9f:M\u00e9mo.Statut:Court-circuit au +bat (3h)", 
		"68": "D\u00e9f:M\u00e9mo.Statut:Param \u00e0 la limite basse (4h)", 
		"69": "D\u00e9f:M\u00e9mo.Statut:Param \u00e0 la limite haute (5h)", 
		"70": "D\u00e9f:M\u00e9mo.Statut:Incoh\u00e9rence, impossible (6h)", 
		"71": "D\u00e9f:M\u00e9mo.Statut:Pas de signal (7h)", 
		"72": "D\u00e9f:M\u00e9mo.Statut:En dessous du seuil bas (8h)", 
		"73": "D\u00e9f:M\u00e9mo.Statut:Au dessus du seuil haut (9h)", 
		"74": "D\u00e9f:M\u00e9mo.Statut:Niveau bas permanent (Ah)", 
		"75": "D\u00e9f:M\u00e9mo.Statut:Niveau haut permanent (Bh)", 
		"76": "D\u00e9f:M\u00e9mo.Statut:Lignes en court-circuit (Ch)", 
		"77": "D\u00e9f:M\u00e9mo.Statut:Anomalie \u00e9l\u00e9ctronique interne (Dh)", 
		"78": "D\u00e9f:M\u00e9mo.Statut:Anomaly du r\u00e9seau (Eh)", 
		"79": "D\u00e9f:M\u00e9mo.Statut:Diagnostique erron\u00e9 (Fh)", 
		"80": "D\u00e9f:M\u00e9mo.Statut:Communication perturb\u00e9e (10h)", 
		"81": "D\u00e9f:M\u00e9mo.Statut:Microcoupures (11h)", 
		"82": "D\u00e9f:M\u00e9mo.Statut:Tension anormale (12h)", 
		"83": "D\u00e9f:M\u00e9mo.Statut:Valeur en dehors de la plage (13h)", 
		"84": "D\u00e9f:M\u00e9mo.Statut:Circuit ouvert ou court-circuit \u00e0 la masse (14h)", 
		"85": "D\u00e9f:M\u00e9mo.Statut:Circuit ouvert ou court-circuit au +Bat(15h)", 
		"86": "D\u00e9f:M\u00e9mo.Statut:Init / config non valide (16h)", 
		"87": "D\u00e9f:M\u00e9mo.Statut:Init non valide(17h)", 
		"88": "D\u00e9f:M\u00e9mo.Statut:Anomalie (18h)", 
		"96": "D\u00e9f:Pr\u00e9sent,M\u00e9mo.Statut:0", 
		"97": "D\u00e9f:Pr\u00e9sent,M\u00e9mo.Statut:Circuit ouvert (1h)", 
		"98": "D\u00e9f:Pr\u00e9sent,M\u00e9mo.Statut:Court-circuit \u00e0 la masse (2h)", 
		"99": "D\u00e9f:Pr\u00e9sent,M\u00e9mo.Statut:Court-circuit au +bat (3h)", 
		"100": "D\u00e9f:Pr\u00e9sent,M\u00e9mo.Statut:Param \u00e0 la limite basse (4h)", 
		"101": "D\u00e9f:Pr\u00e9sent,M\u00e9mo.Statut:Param \u00e0 la limite haute (5h)", 
		"102": "D\u00e9f:Pr\u00e9sent,M\u00e9mo.Statut:Incoh\u00e9rence, impossible (6h)", 
		"103": "D\u00e9f:Pr\u00e9sent,M\u00e9mo.Statut:Pas de signal (7h)", 
		"104": "D\u00e9f:Pr\u00e9sent,M\u00e9mo.Statut:En dessous du seuil bas (8h)", 
		"105": "D\u00e9f:Pr\u00e9sent,M\u00e9mo.Statut:Au dessus du seuil haut (9h)", 
		"106": "D\u00e9f:Pr\u00e9sent,M\u00e9mo.Statut:Niveau bas permanent (Ah)", 
		"107": "D\u00e9f:Pr\u00e9sent,M\u00e9mo.Statut:Niveau haut permanent (Bh)", 
		"108": "D\u00e9f:Pr\u00e9sent,M\u00e9mo.Statut:Lignes en court-circuit (Ch)", 
		"109": "D\u00e9f:Pr\u00e9sent,M\u00e9mo.Statut:Anomalie \u00e9l\u00e9ctronique interne (Dh)", 
		"110": "D\u00e9f:Pr\u00e9sent,M\u00e9mo.Statut:Anomaly du r\u00e9seau (Eh)", 
		"111": "D\u00e9f:Pr\u00e9sent,M\u00e9mo.Statut:Diagnostique erron\u00e9 (Fh)", 
		"112": "D\u00e9f:Pr\u00e9sent,M\u00e9mo.Statut:Communication perturb\u00e9e (10h)", 
		"113": "D\u00e9f:Pr\u00e9sent,M\u00e9mo.Statut:Microcoupures (11h)", 
		"114": "D\u00e9f:Pr\u00e9sent,M\u00e9mo.Statut:Tension anormale (12h)", 
		"115": "D\u00e9f:Pr\u00e9sent,M\u00e9mo.Statut:Valeur en dehors de la plage (13h)", 
		"116": "D\u00e9f:Pr\u00e9sent,M\u00e9mo.Statut:Circuit ouvert ou court-circuit \u00e0 la masse (14h)", 
		"117": "D\u00e9f:Pr\u00e9sent,M\u00e9mo.Statut:Circuit ouvert ou court-circuit au +Bat(15h)", 
		"118": "D\u00e9f:Pr\u00e9sent,M\u00e9mo.Statut:Init / config non valide (16h)", 
		"119": "D\u00e9f:Pr\u00e9sent,M\u00e9mo.Statut:Init non valide(17h)", 
		"120": "D\u00e9f:Pr\u00e9sent,M\u00e9mo.Statut:Anomalie (18h)", 
		"129": "D\u00e9f:.Statut:Circuit ouvert ou court circuit au +Bat ou \u00e0 la masse (1h)", 
		"132": "D\u00e9f:.Statut:Interf\u00e9rence entre une ou plusieurs roues (4h)", 
		"133": "D\u00e9f:.Statut:Config v\u00e9hicule non s\u00e9lectionn\u00e9e (5h)", 
		"134": "D\u00e9f:.Statut:Config v\u00e9hicule non valide (6h)", 
		"136": "D\u00e9f:.Statut:Dent manquante (8h)", 
		"140": "D\u00e9f:.Statut:Index pneu non s\u00e9lectionn\u00e9 (Ch)", 
		"141": "D\u00e9f:.Statut:Pb M\u00e9canique ou Magn\u00e9tique sur la cible (Dh)", 
		"142": "D\u00e9f:.Statut:Montage incorrect (Eh)", 
		"161": "D\u00e9f:Pr\u00e9sent.Statut:Circuit ouvert ou court circuit au +Bat ou \u00e0 la masse (1h)", 
		"164": "D\u00e9f:Pr\u00e9sent.Statut:Interf\u00e9rence entre une ou plusieurs roues (4h)", 
		"165": "D\u00e9f:Pr\u00e9sent.Statut:Config v\u00e9hicule non s\u00e9lectionn\u00e9e (5h)", 
		"166": "D\u00e9f:Pr\u00e9sent.Statut:Config v\u00e9hicule non valide (6h)", 
		"168": "D\u00e9f:Pr\u00e9sent.Statut:Dent manquante (8h)", 
		"172": "D\u00e9f:Pr\u00e9sent.Statut:Index pneu non s\u00e9lectionn\u00e9 (Ch)", 
		"173": "D\u00e9f:Pr\u00e9sent.Statut:Pb M\u00e9canique ou Magn\u00e9tique sur la cible (Dh)", 
		"174": "D\u00e9f:Pr\u00e9sent.Statut:Montage incorrect (Eh)", 
		"193": "D\u00e9f:M\u00e9mo.Statut:Circuit ouvert ou court circuit au +Bat ou \u00e0 la masse (1h)", 
		"196": "D\u00e9f:M\u00e9mo.Statut:Interf\u00e9rence entre une ou plusieurs roues (4h)", 
		"197": "D\u00e9f:M\u00e9mo.Statut:Config v\u00e9hicule non s\u00e9lectionn\u00e9e (5h)", 
		"198": "D\u00e9f:M\u00e9mo.Statut:Config v\u00e9hicule non valide (6h)", 
		"200": "D\u00e9f:M\u00e9mo.Statut:Dent manquante (8h)", 
		"204": "D\u00e9f:M\u00e9mo.Statut:Index pneu non s\u00e9lectionn\u00e9 (Ch)", 
		"205": "D\u00e9f:M\u00e9mo.Statut:Pb M\u00e9canique ou Magn\u00e9tique sur la cible (Dh)", 
		"206": "D\u00e9f:M\u00e9mo.Statut:Montage incorrect (Eh)", 
		"225": "D\u00e9f:Pr\u00e9sent,M\u00e9mo.Statut:Circuit ouvert ou court circuit au +Bat ou \u00e0 la masse (1", 
		"228": "D\u00e9f:Pr\u00e9sent,M\u00e9mo.Statut:Interf\u00e9rence entre une ou plusieurs roues (4h)", 
		"229": "D\u00e9f:Pr\u00e9sent,M\u00e9mo.Statut:Config v\u00e9hicule non s\u00e9lectionn\u00e9e (5h)", 
		"230": "D\u00e9f:Pr\u00e9sent,M\u00e9mo.Statut:Config v\u00e9hicule non valide (6h)", 
		"232": "D\u00e9f:Pr\u00e9sent,M\u00e9mo.Statut:Dent manquante (8h)", 
		"236": "D\u00e9f:Pr\u00e9sent,M\u00e9mo.Statut:Index pneu non s\u00e9lectionn\u00e9 (Ch)", 
		"237": "D\u00e9f:Pr\u00e9sent,M\u00e9mo.Statut:Pb M\u00e9canique ou Magn\u00e9tique sur la cible (Dh)", 
		"238": "D\u00e9f:Pr\u00e9sent,M\u00e9mo.Statut:Montage incorrect (Eh)"
	}
	}, 
	"Nom de la roue choisie": {
	"lists": {
		"1": "Roue avant gauche", 
		"2": "Roue avant droite", 
		"3": "Roue arri\u00e8re gauche", 
		"4": "Roue arri\u00e8re droite"
	}
	}, 
	"Bus Off Status Parameter": {
	"bitscount": 1, 
	"lists": {
		"0": "Bus On", 
		"1": "Bus Off"
	}
	}, 
	"Producer ABS/ESP Status": {
	"bitscount": 1, 
	"lists": {
		"0": "Present", 
		"1": "Absent"
	}
	}, 
	"Code constructeur": {
	"lists": {
		"0": "Renault"
	}
	}, 
	"Producer ECM C_absent": {
	"bitscount": 1, 
	"lists": {
		"0": "C_Absent = 255", 
		"1": "C_Absent != 255"
	}
	}, 
	"Crc": {
	"bytescount": 2, 
	"byte": true, 
	"bitscount": 16
	}, 
	"Producer EPS C_absent": {
	"bitscount": 1, 
	"lists": {
		"0": "C_Absent = 255", 
		"1": "C_Absent != 255"
	}
	}, 
	"Etat du processus d'activation": {
	"lists": {
		"128": "Probl\u00e8me en cours d'activation", 
		"1": "Activation en cours", 
		"2": "Activation termin\u00e9e", 
		"129": "Activation interrompue", 
		"130": "Activation disponible", 
		"17": "Activation arr\u00eat\u00e9e"
	}
	}, 
	"Producer EPS Status": {
	"bitscount": 1, 
	"lists": {
		"0": "Present", 
		"1": "Absent"
	}
	}, 
	"Etat ABS et REF": {
	"bitscount": 3, 
	"lists": {
		"0": "ABS & REF indisponible", 
		"1": "ABS indisponible, EBV Backup disponible", 
		"2": "ABS indisponible, EBV disponible", 
		"3": "ABS & EBV Backup disponible", 
		"4": "ABS Backup disponible, EBV disponible ", 
		"7": "ABS et EBV disponible"
	}
	}, 
	"Choix du temps d'activation (Xx80ms) (Min5s/Max20s)": {
	"lists": {
		"250": "20s", 
		"187": "15s", 
		"125": "10s", 
		"62": "5s"
	}
	}, 
	"Vitesse roue arri\u00e8re droite (Freeze)": {
	"scaled": true, 
	"unit": "Km/H", 
	"format": "000.00"
	}, 
	"Vitesse roue arri\u00e8re gauche (Freeze)": {
	"scaled": true, 
	"unit": "Km/H", 
	"format": "000.00"
	}, 
	"Producer Cluster Compter": {
	"scaled": true, 
	"bitscount": 6, 
	"format": "000"
	}, 
	"Circonference Pneu Minimum": {
	"scaled": true, 
	"bytescount": 2, 
	"bitscount": 16, 
	"unit": "mm", 
	"format": "000000"
	}, 
	"Echappement arri\u00e8re droite": {
	"bitscount": 1, 
	"lists": {
		"0": "Active", 
		"1": "Repos"
	}
	}, 
	"Algorithme Serveur Version Number 2": {
	"scaled": true
	}, 
	"Producer Cluster C_absent": {
	"bitscount": 1, 
	"lists": {
		"0": "C_Absent = 255", 
		"1": "C_Absent != 255"
	}
	}, 
	"Admission arri\u00e8re gauche": {
	"bitscount": 1, 
	"lists": {
		"0": "Active", 
		"1": "Repos"
	}
	}, 
	"D\u00e9faut de remplissage": {
	"bitscount": 2, 
	"lists": {
		"0": "Aucun d\u00e9faut", 
		"1": "D\u00e9faut interne au bloc", 
		"2": "D\u00e9faut externe au bloc"
	}
	}, 
	"Echappement avant droite": {
	"bitscount": 1, 
	"lists": {
		"0": "Active", 
		"1": "Repos"
	}
	}, 
	"Autorisation remplissage RF": {
	"bitscount": 1, 
	"lists": {
		"0": "Autoris\u00e9", 
		"1": "Interdit"
	}
	}, 
	"Supported Services": {
	"lists": {
		"48": "Input Output Control By Local Identifier (30h)", 
		"33": "Read Data By Local Identifier (21h)", 
		"50": "Stop Routine By Local Identifier (32h)", 
		"59": "Write Data By Local Identifier (3Bh)", 
		"49": "Start Routine By Local Identifier (31h)"
	}
	}, 
	"Vitesse roue arri\u00e8re gauche": {
	"divideby": 100.0, 
	"bitscount": 16, 
	"format": "000.00", 
	"scaled": true, 
	"bytescount": 2, 
	"unit": "Km/H"
	}, 
	"Producer AT Compter": {
	"scaled": true, 
	"bitscount": 6, 
	"format": "000"
	}, 
	"ProcessByte Remplissage": {
	"lists": {
		"0": "ABS/ESP sec, remplissage RF autoris\u00e9", 
		"25": "ABS/ESP pour apr\u00e8s ventes", 
		"49": "ABS/ESP rempli"
	}
	}, 
	"Etat de la p\u00e9dale de frein (Freeze)": {
	"bitscount": 1, 
	"lists": {
		"0": "Relach\u00e9e", 
		"1": "Enfonc\u00e9e"
	}
	}, 
	"Num\u00e9ro du bloc  : 0 265": {
	"bytescount": 3, 
	"byte": true, 
	"bitscount": 24
	}, 
	"Circonference pneu": {
	"scaled": true, 
	"bytescount": 2, 
	"bitscount": 16, 
	"unit": "mm", 
	"format": "0000"
	}, 
	"NDTC": {
	"scaled": true
	}, 
	"Vitesse roue arri\u00e8re droite": {
	"divideby": 100.0, 
	"bitscount": 16, 
	"format": "000.00", 
	"scaled": true, 
	"bytescount": 2, 
	"unit": "Km/H"
	}, 
	"Nombre de dents": {
	"scaled": true, 
	"format": "00"
	}, 
	"S\u00e9lection du groupe de d\u00e9faut": {
	"lists": {
		"64": "D\u00e9faut Ch\u00e2ssis", 
		"255": "Tous"
	}
	}, 
	"Etat Abs (Freeze)": {
	"bitscount": 1, 
	"lists": {
		"0": "ABS non en r\u00e9gulation", 
		"1": "ABS en r\u00e9gulation"
	}
	}, 
	"Circonference Pneu Maximum": {
	"scaled": true, 
	"bytescount": 2, 
	"bitscount": 16, 
	"unit": "mm", 
	"format": "000000"
	}
}
}