{
"obd": {
	"baudrate": 500000, 
	"protocol": "CAN", 
	"recv_id": "760", 
	"funcname": "ABS", 
	"funcaddr": "01", 
	"send_id": "740"
}, 
"devices": [
	{
	"dtc": 20511, 
	"devicedata": {}, 
	"dtctype": 0, 
	"name": "Capteur vitesse roue AvG"
	}, 
	{
	"dtc": 20550, 
	"devicedata": {
		"Wheel Speed Rear Left": "0", 
		"Wheel Speed Front Right": "0", 
		"Speed Vehicle": "0", 
		"Wheel Speed Front Left": "0", 
		"Rear Right Wheel Speed": "0"
	}, 
	"dtctype": 0, 
	"name": "D\u00e9faut g\u00e9n\u00e9ral capteurs vitesses roues"
	}, 
	{
	"dtc": 20684, 
	"devicedata": {
		"Power Suppley": "0"
	}, 
	"dtctype": 0, 
	"name": "Alimentation calculateur"
	}, 
	{
	"dtc": 20495, 
	"devicedata": {}, 
	"dtctype": 0, 
	"name": "Capteur vitesse roue AvD"
	}, 
	{
	"dtc": 20682, 
	"devicedata": {}, 
	"dtctype": 0, 
	"name": "Alimentation Moteur de Pompe"
	}, 
	{
	"dtc": 20678, 
	"devicedata": {
		"Brake switch State": "0"
	}, 
	"dtctype": 0, 
	"name": "Contacteur p\u00e9dale de frein"
	}, 
	{
	"dtc": 20675, 
	"devicedata": {
		"Identificateur de Diagnostic": "0", 
		"Month": "0", 
		"Dimension du pneumatique": "0", 
		"Year": "0", 
		"ABS And REF State": "0", 
		"Day": "0"
	}, 
	"dtctype": 2, 
	"name": "Calculateur"
	}, 
	{
	"dtc": 20543, 
	"devicedata": {}, 
	"dtctype": 0, 
	"name": "Capteur vitesse roue ArG"
	}, 
	{
	"dtc": 20527, 
	"devicedata": {}, 
	"dtctype": 0, 
	"name": "Capteur vitesse roue ArD"
	}, 
	{
	"dtc": 20548, 
	"devicedata": {}, 
	"dtctype": 0, 
	"name": "Cible magn\u00e9tique multipoles roue ArG"
	}, 
	{
	"dtc": 20867, 
	"devicedata": {}, 
	"dtctype": 0, 
	"name": "BCM (Unit\u00e9 Centrale Habitacle)"
	}, 
	{
	"dtc": 20547, 
	"devicedata": {}, 
	"dtctype": 0, 
	"name": "Cible magn\u00e9tique multipoles roue ArD"
	}, 
	{
	"dtc": 20864, 
	"devicedata": {}, 
	"dtctype": 4, 
	"name": "Contr\u00f4le moteur"
	}, 
	{
	"dtc": 20710, 
	"devicedata": {}, 
	"dtctype": 4, 
	"name": "R\u00e9seau CAN"
	}, 
	{
	"dtc": 20683, 
	"devicedata": {}, 
	"dtctype": 0, 
	"name": "Alimentation Electrovannes"
	}, 
	{
	"dtc": 20546, 
	"devicedata": {}, 
	"dtctype": 0, 
	"name": "Cible magn\u00e9tique multipoles roue AvG"
	}, 
	{
	"dtc": 20545, 
	"devicedata": {}, 
	"dtctype": 0, 
	"name": "Cible magn\u00e9tique multipoles roue AvD"
	}
], 
"ecuname": "Abs_X83_Bosch8.1_V3", 
"autoidents": [
	{
	"diagversion": "8", 
	"supplier": "037", 
	"version": "0100", 
	"soft": "F27A"
	}, 
	{
	"diagversion": "8", 
	"supplier": "037", 
	"version": "0201", 
	"soft": "F27A"
	}, 
	{
	"diagversion": "8", 
	"supplier": "037", 
	"version": "0202", 
	"soft": "F27A"
	}, 
	{
	"diagversion": "8", 
	"supplier": "037", 
	"version": "0303", 
	"soft": "F27A"
	}, 
	{
	"diagversion": "8", 
	"supplier": "037", 
	"version": "0304", 
	"soft": "F27A"
	}, 
	{
	"diagversion": "8", 
	"supplier": "037", 
	"version": "0306", 
	"soft": "F27A"
	}
], 
"endian": "Big", 
"requests": [
	{
	"name": "Routine - HydraulicCircuitTest_FR Start", 
	"deny_sds": [], 
	"manualsend": true, 
	"receivebyte_dataitems": {
		"Routine State": {
		"firstbyte": 3
		}, 
		"Selection Name of the Wheel": {
		"firstbyte": 4
		}
	}, 
	"minbytes": 4, 
	"sentbytes": "31030002"
	}, 
	{
	"receivebyte_dataitems": {
		"Routine State": {
		"firstbyte": 3
		}, 
		"Purge state after sale": {
		"firstbyte": 4
		}
	}, 
	"deny_sds": [], 
	"minbytes": 4, 
	"sentbytes": "3105010100", 
	"name": "Routine - BleedingProcedure Status"
	}, 
	{
	"name": "IO Control - ValvesAndPump", 
	"deny_sds": [], 
	"receivebyte_dataitems": {
		"Activation processus State": {
		"firstbyte": 3
		}
	}, 
	"sendbyte_dataitems": {
		"Rear Left Admission": {
		"bitoffset": 3, 
		"firstbyte": 4
		}, 
		"Rear Left Exhaust": {
		"bitoffset": 2, 
		"firstbyte": 4
		}, 
		"Front Right Admission": {
		"bitoffset": 5, 
		"firstbyte": 4
		}, 
		"Rear Right Exhaust": {
		"firstbyte": 4
		}, 
		"Front Left Exhaust": {
		"bitoffset": 6, 
		"firstbyte": 4
		}, 
		"Activation Pompe": {
		"bitoffset": 1, 
		"firstbyte": 5
		}, 
		"Front Right Exhaust": {
		"bitoffset": 4, 
		"firstbyte": 4
		}, 
		"Front Left Admission": {
		"bitoffset": 7, 
		"firstbyte": 4
		}, 
		"Time activation Selection EV/Pompe": {
		"firstbyte": 6
		}, 
		"Rear Right Admission": {
		"bitoffset": 1, 
		"firstbyte": 4
		}
	}, 
	"minbytes": 3, 
	"sentbytes": "300100FFFFFA01F41601F401F4"
	}, 
	{
	"name": "Read - TachyIndex", 
	"replybytes": "610200", 
	"deny_sds": [], 
	"receivebyte_dataitems": {
		"Dimension du pneumatique": {
		"ref": true, 
		"firstbyte": 3
		}
	}, 
	"minbytes": 3, 
	"sentbytes": "2102"
	}, 
	{
	"name": "Routine - BleedingProcedure Stop", 
	"deny_sds": [], 
	"manualsend": true, 
	"receivebyte_dataitems": {
		"Routine State about the stop": {
		"firstbyte": 3
		}
	}, 
	"sendbyte_dataitems": {
		"Stop Selection": {
		"firstbyte": 3
		}
	}, 
	"minbytes": 3, 
	"sentbytes": "320580"
	}, 
	{
	"name": "Write - VIN", 
	"replybytes": "7B81", 
	"deny_sds": [], 
	"manualsend": true, 
	"sendbyte_dataitems": {
		"CRC": {
		"firstbyte": 20
		}, 
		"VIN Code": {
		"firstbyte": 3
		}
	}, 
	"minbytes": 1, 
	"sentbytes": "3B8100000000000000000000000000000000000000"
	}, 
	{
	"name": "Read - VIN", 
	"replybytes": "6181", 
	"deny_sds": [], 
	"receivebyte_dataitems": {
		"CRC": {
		"ref": true, 
		"firstbyte": 20
		}, 
		"VIN Code": {
		"ref": true, 
		"firstbyte": 3
		}
	}, 
	"minbytes": 21, 
	"sentbytes": "2181"
	}, 
	{
	"name": "Write - CANVehicleSpeedInitialisationValue", 
	"replybytes": "7B0DFF", 
	"deny_sds": [], 
	"manualsend": true, 
	"sendbyte_dataitems": {
		"Valeur de la vitesse CAN a l'initialisation": {
		"firstbyte": 3
		}
	}, 
	"minbytes": 1, 
	"sentbytes": "3B0DFF"
	}, 
	{
	"name": "Routine - PolesCounting_FR Start", 
	"deny_sds": [], 
	"manualsend": true, 
	"receivebyte_dataitems": {
		"Routine State": {
		"firstbyte": 3
		}, 
		"Selection Name of the Wheel": {
		"firstbyte": 4
		}
	}, 
	"minbytes": 4, 
	"sentbytes": "31010002"
	}, 
	{
	"receivebyte_dataitems": {
		"Routine State": {
		"firstbyte": 3
		}
	}, 
	"deny_sds": [], 
	"minbytes": 3, 
	"sentbytes": "3104010A", 
	"name": "StartRoutine - EvacAndFillProcedure Status"
	}, 
	{
	"receivebyte_dataitems": {
		"Activation processus State": {
		"firstbyte": 3
		}
	}, 
	"deny_sds": [], 
	"minbytes": 3, 
	"sentbytes": "300300FA", 
	"name": "IO Control - HazardWarningRequest"
	}, 
	{
	"receivebyte_dataitems": {
		"Activation processus State": {
		"firstbyte": 3
		}
	}, 
	"deny_sds": [], 
	"minbytes": 3, 
	"sentbytes": "300301FA", 
	"name": "IO Control - HazardWarningRequest Status"
	}, 
	{
	"receivebyte_dataitems": {
		"Activation processus State": {
		"firstbyte": 3
		}
	}, 
	"deny_sds": [], 
	"minbytes": 3, 
	"sentbytes": "30050105", 
	"name": "IO Control - BLAOutput Status"
	}, 
	{
	"name": "Routine - PolesCounting Emergency Stop", 
	"deny_sds": [], 
	"manualsend": true, 
	"receivebyte_dataitems": {
		"Routine State about the stop": {
		"firstbyte": 3
		}
	}, 
	"sendbyte_dataitems": {
		"Stop Selection": {
		"firstbyte": 3
		}
	}, 
	"minbytes": 3, 
	"sentbytes": "320180"
	}, 
	{
	"name": "Read - Odometer", 
	"replybytes": "6105000000000000000000", 
	"deny_sds": [], 
	"receivebyte_dataitems": {
		"Tire circumference maximum": {
		"ref": true, 
		"firstbyte": 7
		}, 
		"Tire circumference": {
		"ref": true, 
		"firstbyte": 3
		}, 
		"Odometer": {
		"ref": true, 
		"firstbyte": 10
		}, 
		"Tire odometer index": {
		"ref": true, 
		"firstbyte": 9
		}, 
		"Tire circumference minimum": {
		"ref": true, 
		"firstbyte": 5
		}
	}, 
	"minbytes": 11, 
	"sentbytes": "2105"
	}, 
	{
	"name": "Routine - PolesCounting Status", 
	"deny_sds": [], 
	"receivebyte_dataitems": {
		"Routine State": {
		"firstbyte": 3
		}, 
		"Selection Name of the Wheel": {
		"firstbyte": 4
		}
	}, 
	"sendbyte_dataitems": {
		"Wheel Selection": {
		"firstbyte": 4
		}
	}, 
	"minbytes": 4, 
	"sentbytes": "31010101"
	}, 
	{
	"name": "*ReadFreezeFrame", 
	"deny_sds": [], 
	"receivebyte_dataitems": {
		"REF State (Freeze)": {
		"bitoffset": 1, 
		"firstbyte": 11
		}, 
		"Brake switch State (Freeze)": {
		"bitoffset": 2, 
		"firstbyte": 11
		}, 
		"Driving Cycle (Freeze)": {
		"firstbyte": 3
		}, 
		"Alimentation (Freeze)": {
		"firstbyte": 10
		}, 
		"Wheel Speed Rear Left (Freeze)": {
		"firstbyte": 8
		}, 
		"Wheel Speed Front Right (Freeze)": {
		"firstbyte": 7
		}, 
		"IgnOn Time(Freeze)": {
		"firstbyte": 4
		}, 
		"Wheel Speed Rear Right (Freeze)": {
		"firstbyte": 9
		}, 
		"ABS State (Freeze)": {
		"firstbyte": 11
		}, 
		"DTC Number (Freeze)": {
		"firstbyte": 16
		}, 
		"Wheel Speed Front Left (Freeze)": {
		"firstbyte": 6
		}, 
		"DiagMuxOn (Freeze)": {
		"bitoffset": 3, 
		"firstbyte": 14
		}
	}, 
	"sendbyte_dataitems": {
		"FFN": {
		"firstbyte": 2
		}, 
		"FirstDTC": {
		"firstbyte": 4
		}
	}, 
	"minbytes": 17, 
	"sentbytes": "1200040000"
	}, 
	{
	"receivebyte_dataitems": {
		"Fault Location": {
		"firstbyte": 3
		}, 
		"Environment information": {
		"firstbyte": 18
		}, 
		"Drive Cycle information": {
		"firstbyte": 8
		}, 
		"Fault ICC": {
		"firstbyte": 22
		}, 
		"Store Condition": {
		"firstbyte": 9
		}, 
		"Current ICC": {
		"firstbyte": 4
		}, 
		"Debug information 0": {
		"firstbyte": 10
		}, 
		"Debug information 1": {
		"firstbyte": 14
		}, 
		"Failure Type": {
		"firstbyte": 7
		}, 
		"Failure Path": {
		"firstbyte": 6
		}
	}, 
	"deny_sds": [], 
	"minbytes": 23, 
	"sentbytes": "2193", 
	"name": "Read - BoschDTCLocation3"
	}, 
	{
	"name": "IO Control - BLAOutput", 
	"deny_sds": [], 
	"receivebyte_dataitems": {
		"Activation processus State": {
		"firstbyte": 3
		}
	}, 
	"sendbyte_dataitems": {
		"Time activation Selection": {
		"firstbyte": 4
		}
	}, 
	"minbytes": 3, 
	"sentbytes": "300500FA"
	}, 
	{
	"name": "Write - VehicleConfiguration", 
	"replybytes": "7B01", 
	"deny_sds": [], 
	"manualsend": true, 
	"sendbyte_dataitems": {
		"Car Configuration": {
		"firstbyte": 3
		}
	}, 
	"minbytes": 1, 
	"sentbytes": "3B0101"
	}, 
	{
	"name": "TesterPresent", 
	"deny_sds": [], 
	"manualsend": true, 
	"sendbyte_dataitems": {
		"Answer Selection": {
		"firstbyte": 2
		}
	}, 
	"minbytes": 1, 
	"sentbytes": "3E02"
	}, 
	{
	"receivebyte_dataitems": {
		"Activation processus State": {
		"firstbyte": 3
		}
	}, 
	"deny_sds": [], 
	"minbytes": 3, 
	"sentbytes": "300200FA", 
	"name": "IO Control - VSOonWire"
	}, 
	{
	"name": "Read - SystemStatus", 
	"replybytes": "61060000", 
	"deny_sds": [], 
	"receivebyte_dataitems": {
		"Power Suppley": {
		"ref": true, 
		"firstbyte": 3
		}, 
		"ABS And REF State": {
		"bitoffset": 2, 
		"ref": true, 
		"firstbyte": 4
		}, 
		"Brake switch State": {
		"ref": true, 
		"firstbyte": 4
		}
	}, 
	"minbytes": 4, 
	"sentbytes": "2106"
	}, 
	{
	"name": "Routine - PolesCounting Stop", 
	"deny_sds": [], 
	"manualsend": true, 
	"receivebyte_dataitems": {
		"Tooth Number": {
		"firstbyte": 4
		}, 
		"Routine State": {
		"firstbyte": 3
		}
	}, 
	"minbytes": 4, 
	"sentbytes": "310200"
	}, 
	{
	"receivebyte_dataitems": {
		"Fault Location": {
		"firstbyte": 3
		}, 
		"Environment information": {
		"firstbyte": 18
		}, 
		"Drive Cycle information": {
		"firstbyte": 8
		}, 
		"Fault ICC": {
		"firstbyte": 22
		}, 
		"Store Condition": {
		"firstbyte": 9
		}, 
		"Current ICC": {
		"firstbyte": 4
		}, 
		"Debug information 0": {
		"firstbyte": 10
		}, 
		"Debug information 1": {
		"firstbyte": 14
		}, 
		"Failure Type": {
		"firstbyte": 7
		}, 
		"Failure Path": {
		"firstbyte": 6
		}
	}, 
	"deny_sds": [], 
	"minbytes": 23, 
	"sentbytes": "2192", 
	"name": "Read - BoschDTCLocation2"
	}, 
	{
	"name": "IO Control - VSOonWire Status", 
	"deny_sds": [], 
	"receivebyte_dataitems": {
		"Activation processus State": {
		"firstbyte": 3
		}
	}, 
	"sendbyte_dataitems": {
		"Time activation Selection": {
		"firstbyte": 4
		}, 
		"Activation processus Selection": {
		"firstbyte": 3
		}
	}, 
	"minbytes": 3, 
	"sentbytes": "300201FA"
	}, 
	{
	"receivebyte_dataitems": {
		"Fault Location": {
		"ref": true, 
		"firstbyte": 3
		}, 
		"Environment information": {
		"ref": true, 
		"firstbyte": 18
		}, 
		"Drive Cycle information": {
		"ref": true, 
		"firstbyte": 8
		}, 
		"Fault ICC": {
		"ref": true, 
		"firstbyte": 22
		}, 
		"Store Condition": {
		"ref": true, 
		"firstbyte": 9
		}, 
		"Current ICC": {
		"ref": true, 
		"firstbyte": 4
		}, 
		"Debug information 0": {
		"ref": true, 
		"firstbyte": 10
		}, 
		"Debug information 1": {
		"ref": true, 
		"firstbyte": 14
		}, 
		"Failure Type": {
		"ref": true, 
		"firstbyte": 7
		}, 
		"Failure Path": {
		"ref": true, 
		"firstbyte": 6
		}
	}, 
	"deny_sds": [], 
	"minbytes": 23, 
	"sentbytes": "2191", 
	"name": "Read - BoschDTCLocation1"
	}, 
	{
	"receivebyte_dataitems": {
		"Fault Location": {
		"firstbyte": 3
		}, 
		"Environment information": {
		"firstbyte": 18
		}, 
		"Drive Cycle information": {
		"firstbyte": 8
		}, 
		"Fault ICC": {
		"firstbyte": 22
		}, 
		"Store Condition": {
		"firstbyte": 9
		}, 
		"Current ICC": {
		"firstbyte": 4
		}, 
		"Debug information 0": {
		"firstbyte": 10
		}, 
		"Debug information 1": {
		"firstbyte": 14
		}, 
		"Failure Type": {
		"firstbyte": 7
		}, 
		"Failure Path": {
		"firstbyte": 6
		}
	}, 
	"deny_sds": [], 
	"minbytes": 23, 
	"sentbytes": "2196", 
	"name": "Read - BoschDTCLocation6"
	}, 
	{
	"receivebyte_dataitems": {
		"Fault Location": {
		"firstbyte": 3
		}, 
		"Environment information": {
		"firstbyte": 18
		}, 
		"Drive Cycle information": {
		"firstbyte": 8
		}, 
		"Fault ICC": {
		"firstbyte": 22
		}, 
		"Store Condition": {
		"firstbyte": 9
		}, 
		"Current ICC": {
		"firstbyte": 4
		}, 
		"Debug information 0": {
		"firstbyte": 10
		}, 
		"Debug information 1": {
		"firstbyte": 14
		}, 
		"Failure Type": {
		"firstbyte": 7
		}, 
		"Failure Path": {
		"firstbyte": 6
		}
	}, 
	"deny_sds": [], 
	"minbytes": 23, 
	"sentbytes": "2194", 
	"name": "Read - BoschDTCLocation4"
	}, 
	{
	"receivebyte_dataitems": {
		"Fault Location": {
		"firstbyte": 3
		}, 
		"Environment information": {
		"firstbyte": 18
		}, 
		"Drive Cycle information": {
		"firstbyte": 8
		}, 
		"Fault ICC": {
		"firstbyte": 22
		}, 
		"Store Condition": {
		"firstbyte": 9
		}, 
		"Current ICC": {
		"firstbyte": 4
		}, 
		"Debug information 0": {
		"firstbyte": 10
		}, 
		"Debug information 1": {
		"firstbyte": 14
		}, 
		"Failure Type": {
		"firstbyte": 7
		}, 
		"Failure Path": {
		"firstbyte": 6
		}
	}, 
	"deny_sds": [], 
	"minbytes": 23, 
	"sentbytes": "2195", 
	"name": "Read - BoschDTCLocation5"
	}, 
	{
	"name": "Read - FillingProcessByte", 
	"replybytes": "610300", 
	"deny_sds": [], 
	"receivebyte_dataitems": {
		"Affectation": {
		"bitoffset": 4, 
		"ref": true, 
		"firstbyte": 3
		}, 
		"Filling Autorisation RF": {
		"bitoffset": 7, 
		"ref": true, 
		"firstbyte": 3
		}, 
		"Brake Circuit State": {
		"bitoffset": 2, 
		"ref": true, 
		"firstbyte": 3
		}, 
		"Hydraulic Bloc State": {
		"bitoffset": 3, 
		"ref": true, 
		"firstbyte": 3
		}, 
		"Failure about filling": {
		"bitoffset": 5, 
		"ref": true, 
		"firstbyte": 3
		}
	}, 
	"minbytes": 3, 
	"sentbytes": "2103"
	}, 
	{
	"receivebyte_dataitems": {
		"Tooth Number": {
		"firstbyte": 4
		}, 
		"Routine State": {
		"firstbyte": 3
		}
	}, 
	"deny_sds": [], 
	"minbytes": 4, 
	"sentbytes": "310201", 
	"name": "Routine - PolesCounting Stop Status"
	}, 
	{
	"name": "Routine - BleedingProcedure Part4 Start", 
	"deny_sds": [], 
	"manualsend": true, 
	"receivebyte_dataitems": {
		"Routine State": {
		"firstbyte": 3
		}, 
		"Purge state after sale": {
		"firstbyte": 4
		}
	}, 
	"minbytes": 4, 
	"sentbytes": "3105000404"
	}, 
	{
	"receivebyte_dataitems": {
		"Routine State": {
		"firstbyte": 3
		}, 
		"Selection Name of the Wheel": {
		"firstbyte": 4
		}
	}, 
	"deny_sds": [], 
	"minbytes": 4, 
	"sentbytes": "31030101", 
	"name": "Routine - HydraulicCircuitTest Status"
	}, 
	{
	"name": "Routine - PolesCounting_FL Start", 
	"deny_sds": [], 
	"manualsend": true, 
	"receivebyte_dataitems": {
		"Routine State": {
		"firstbyte": 3
		}, 
		"Selection Name of the Wheel": {
		"firstbyte": 4
		}
	}, 
	"minbytes": 4, 
	"sentbytes": "31010001"
	}, 
	{
	"receivebyte_dataitems": {
		"Builder Code": {
		"ref": true, 
		"firstbyte": 26
		}, 
		"Software Number BB-Number": {
		"ref": true, 
		"firstbyte": 17
		}, 
		"After Sale Code": {
		"ref": true, 
		"firstbyte": 3
		}, 
		"Identificateur de Diagnostic": {
		"ref": true, 
		"firstbyte": 8
		}, 
		"Edition Number": {
		"ref": true, 
		"firstbyte": 19
		}, 
		"Bloc Number : 0 265": {
		"ref": true, 
		"firstbyte": 23
		}, 
		"Supplier Code": {
		"ref": true, 
		"firstbyte": 9
		}, 
		"Hardware Number": {
		"ref": true, 
		"firstbyte": 12
		}, 
		"Calibration Number": {
		"ref": true, 
		"firstbyte": 21
		}
	}, 
	"deny_sds": [], 
	"minbytes": 26, 
	"sentbytes": "2180", 
	"name": "RW-RDBLI - RenaultSystemId"
	}, 
	{
	"name": "Read - PartIdNumberFor Plant", 
	"replybytes": "610B0000000000", 
	"deny_sds": [], 
	"receivebyte_dataitems": {
		"Plant Reference": {
		"ref": true, 
		"firstbyte": 3
		}
	}, 
	"minbytes": 7, 
	"sentbytes": "210B"
	}, 
	{
	"receivebyte_dataitems": {
		"Activation processus State": {
		"firstbyte": 3
		}
	}, 
	"deny_sds": [], 
	"minbytes": 3, 
	"sentbytes": "300101FFFF0501F41601F401F4", 
	"name": "IO Control - ValvesAndPump Status"
	}, 
	{
	"receivebyte_dataitems": {
		"Activation processus State": {
		"firstbyte": 3
		}
	}, 
	"deny_sds": [], 
	"minbytes": 3, 
	"sentbytes": "30040105", 
	"name": "IO Control - WheelSpeedOutput Status"
	}, 
	{
	"name": "ReadDTC", 
	"deny_sds": [], 
	"manualsend": true, 
	"receivebyte_dataitems": {
		"Type Of Fault": {
		"firstbyte": 5
		}, 
		"Standard Fault": {
		"bitoffset": 3, 
		"firstbyte": 5
		}, 
		"Historical Failure": {
		"bitoffset": 1, 
		"firstbyte": 5
		}, 
		"Current Failure": {
		"bitoffset": 2, 
		"firstbyte": 5
		}, 
		"FirstDTC": {
		"firstbyte": 3
		}, 
		"Specific Fault": {
		"bitoffset": 3, 
		"firstbyte": 5
		}, 
		"NDTC": {
		"firstbyte": 2
		}
	}, 
	"sendbyte_dataitems": {
		"MoreDTC": {
		"firstbyte": 3
		}
	}, 
	"minbytes": 2, 
	"sentbytes": "17FF00", 
	"shiftbytescount": 3
	}, 
	{
	"name": "CDIFailure", 
	"deny_sds": [], 
	"manualsend": true, 
	"sendbyte_dataitems": {
		"Groupe failure selection": {
		"firstbyte": 2
		}
	}, 
	"minbytes": 1, 
	"sentbytes": "14FF00"
	}, 
	{
	"name": "Routine - BleedingProcedure Part3 Start", 
	"replybytes": "7105", 
	"deny_sds": [], 
	"manualsend": true, 
	"receivebyte_dataitems": {
		"Routine State": {
		"firstbyte": 3
		}, 
		"Purge state after sale": {
		"firstbyte": 4
		}
	}, 
	"minbytes": 4, 
	"sentbytes": "3105000200"
	}, 
	{
	"name": "Routine - BleedingProcedure Part1 Start", 
	"replybytes": "7105", 
	"deny_sds": [], 
	"manualsend": true, 
	"receivebyte_dataitems": {
		"Routine State": {
		"firstbyte": 3
		}, 
		"Purge state after sale": {
		"firstbyte": 4
		}
	}, 
	"minbytes": 4, 
	"sentbytes": "3105000304"
	}, 
	{
	"name": "Routine - HydraulicCircuitTest_FL Start", 
	"deny_sds": [], 
	"manualsend": true, 
	"receivebyte_dataitems": {
		"Routine State": {
		"firstbyte": 3
		}, 
		"Selection Name of the Wheel": {
		"firstbyte": 4
		}
	}, 
	"minbytes": 4, 
	"sentbytes": "31030001"
	}, 
	{
	"name": "Routine - EvacAndFillProcedure Stop", 
	"deny_sds": [], 
	"manualsend": true, 
	"receivebyte_dataitems": {
		"Routine State about the stop": {
		"firstbyte": 3
		}
	}, 
	"minbytes": 3, 
	"sentbytes": "320480"
	}, 
	{
	"name": "Read - Speeds", 
	"replybytes": "610400000000000000000000", 
	"deny_sds": [], 
	"receivebyte_dataitems": {
		"Wheel Speed Rear Left": {
		"ref": true, 
		"firstbyte": 7
		}, 
		"Wheel Speed Front Right": {
		"ref": true, 
		"firstbyte": 5
		}, 
		"Speed Vehicle": {
		"ref": true, 
		"firstbyte": 11
		}, 
		"Rear Right Wheel Speed": {
		"ref": true, 
		"firstbyte": 9
		}, 
		"Wheel Speed Front Left": {
		"ref": true, 
		"firstbyte": 3
		}
	}, 
	"minbytes": 12, 
	"sentbytes": "2104"
	}, 
	{
	"name": "Routine - PolesCounting_RR Start", 
	"deny_sds": [], 
	"manualsend": true, 
	"receivebyte_dataitems": {
		"Routine State": {
		"firstbyte": 3
		}, 
		"Selection Name of the Wheel": {
		"firstbyte": 4
		}
	}, 
	"minbytes": 4, 
	"sentbytes": "31010004"
	}, 
	{
	"name": "Routine - PolesCounting_RL Start", 
	"deny_sds": [], 
	"manualsend": true, 
	"receivebyte_dataitems": {
		"Routine State": {
		"firstbyte": 3
		}, 
		"Selection Name of the Wheel": {
		"firstbyte": 4
		}
	}, 
	"minbytes": 4, 
	"sentbytes": "31010003"
	}, 
	{
	"name": "Routine - HydraulicCircuitTest_RR Start", 
	"deny_sds": [], 
	"manualsend": true, 
	"receivebyte_dataitems": {
		"Routine State": {
		"firstbyte": 3
		}, 
		"Selection Name of the Wheel": {
		"firstbyte": 4
		}
	}, 
	"minbytes": 4, 
	"sentbytes": "31030004"
	}, 
	{
	"name": "Write - TachyIndex", 
	"replybytes": "7B02", 
	"deny_sds": [], 
	"manualsend": true, 
	"sendbyte_dataitems": {
		"Dimension du pneumatique": {
		"firstbyte": 3
		}
	}, 
	"minbytes": 1, 
	"sentbytes": "3B0218"
	}, 
	{
	"name": "Write - FillingProcessByte", 
	"replybytes": "7B03", 
	"deny_sds": [], 
	"manualsend": true, 
	"sendbyte_dataitems": {
		"ProcessByte Remplissage": {
		"firstbyte": 3
		}
	}, 
	"minbytes": 1, 
	"sentbytes": "3B0300"
	}, 
	{
	"name": "Start Diagnostic Session", 
	"deny_sds": [], 
	"manualsend": true, 
	"sendbyte_dataitems": {
		"Session Name": {
		"firstbyte": 2
		}
	}, 
	"minbytes": 1, 
	"sentbytes": "10C0"
	}, 
	{
	"name": "Routine - HydraulicCircuitTest Stop", 
	"deny_sds": [], 
	"manualsend": true, 
	"receivebyte_dataitems": {
		"Routine State about the stop": {
		"firstbyte": 3
		}
	}, 
	"minbytes": 3, 
	"sentbytes": "320380"
	}, 
	{
	"name": "IO Control - WheelSpeedOutput", 
	"deny_sds": [], 
	"receivebyte_dataitems": {
		"Activation processus State": {
		"firstbyte": 3
		}
	}, 
	"sendbyte_dataitems": {
		"Time activation Selection": {
		"firstbyte": 4
		}
	}, 
	"minbytes": 3, 
	"sentbytes": "300400FA"
	}, 
	{
	"receivebyte_dataitems": {
		"Tra\u00e7abilit\u00e9 - ABS/ESP": {
		"ref": true, 
		"firstbyte": 3
		}, 
		"Tra\u00e7abilit\u00e9 - Week of production of Bloc": {
		"ref": true, 
		"firstbyte": 8
		}, 
		"Tra\u00e7abilit\u00e9 - Production Line of Bloc": {
		"ref": true, 
		"firstbyte": 12
		}, 
		"Tra\u00e7abilit\u00e9 - libre": {
		"ref": true, 
		"firstbyte": 18
		}, 
		"Tra\u00e7abilit\u00e9 - Plan of production of Bloc": {
		"ref": true, 
		"firstbyte": 11
		}, 
		"Tra\u00e7abilit\u00e9 - Day of production of Bloc": {
		"ref": true, 
		"firstbyte": 10
		}, 
		"Tra\u00e7abilit\u00e9 - Compteur": {
		"ref": true, 
		"firstbyte": 14
		}, 
		"Tra\u00e7abilit\u00e9 - Team for production of Bloc": {
		"ref": true, 
		"firstbyte": 13
		}, 
		"Tra\u00e7abilit\u00e9 - Year of production of Bloc": {
		"ref": true, 
		"firstbyte": 6
		}
	}, 
	"deny_sds": [], 
	"minbytes": 22, 
	"sentbytes": "2184", 
	"name": "RW-RDBLI-Traceability"
	}, 
	{
	"name": "Routine - EvacAndFillProcedure Start", 
	"deny_sds": [], 
	"manualsend": true, 
	"receivebyte_dataitems": {
		"Routine State": {
		"firstbyte": 3
		}
	}, 
	"minbytes": 3, 
	"sentbytes": "3104005A"
	}, 
	{
	"name": "Write - DateAfterSales", 
	"replybytes": "7BB0", 
	"deny_sds": [], 
	"manualsend": true, 
	"sendbyte_dataitems": {
		"Year": {
		"firstbyte": 3
		}, 
		"Day": {
		"firstbyte": 5
		}, 
		"Month": {
		"firstbyte": 4
		}
	}, 
	"minbytes": 1, 
	"sentbytes": "3BB0010101"
	}, 
	{
	"name": "Read - VehicleConfiguration", 
	"replybytes": "610100", 
	"deny_sds": [], 
	"receivebyte_dataitems": {
		"Car Configuration": {
		"ref": true, 
		"firstbyte": 3
		}
	}, 
	"minbytes": 3, 
	"sentbytes": "2101"
	}, 
	{
	"name": "Read - AfterSalesDate", 
	"replybytes": "61B0", 
	"deny_sds": [], 
	"receivebyte_dataitems": {
		"Year": {
		"ref": true, 
		"firstbyte": 3
		}, 
		"Day": {
		"ref": true, 
		"firstbyte": 5
		}, 
		"Month": {
		"ref": true, 
		"firstbyte": 4
		}
	}, 
	"minbytes": 5, 
	"sentbytes": "21B0"
	}, 
	{
	"name": "Read - CANVehicleSpeedInitialisationValue", 
	"replybytes": "610D00", 
	"deny_sds": [], 
	"receivebyte_dataitems": {
		"Valeur de la vitesse CAN a l'initialisation": {
		"ref": true, 
		"firstbyte": 3
		}
	}, 
	"minbytes": 3, 
	"sentbytes": "210D"
	}, 
	{
	"name": "Routine - BleedingProcedure Part2 Start", 
	"replybytes": "7105", 
	"deny_sds": [], 
	"manualsend": true, 
	"receivebyte_dataitems": {
		"Routine State": {
		"firstbyte": 3
		}, 
		"Purge state after sale": {
		"firstbyte": 4
		}
	}, 
	"minbytes": 4, 
	"sentbytes": "3105000100"
	}, 
	{
	"name": "Routine - HydraulicCircuitTest_RL Start", 
	"deny_sds": [], 
	"manualsend": true, 
	"receivebyte_dataitems": {
		"Routine State": {
		"firstbyte": 3
		}, 
		"Selection Name of the Wheel": {
		"firstbyte": 4
		}
	}, 
	"minbytes": 4, 
	"sentbytes": "31030003"
	}
], 
"data": {
	"VIN Code": {
	"bytesascii": true, 
	"bytescount": 17, 
	"byte": true, 
	"bitscount": 136
	}, 
	"Tra\u00e7abilit\u00e9 - Production Line of Bloc": {
	"byte": true, 
	"bytesascii": true
	}, 
	"Groupe failure selection": {
	"lists": {
		"64": "Chassis failure", 
		"255": "All"
	}
	}, 
	"Historical Failure": {
	"bitscount": 1, 
	"lists": {
		"0": "No", 
		"1": "Yes"
	}
	}, 
	"Tooth Number": {
	"scaled": true, 
	"format": "00"
	}, 
	"Current Failure": {
	"bitscount": 1, 
	"lists": {
		"0": "No", 
		"1": "Yes"
	}
	}, 
	"Dimension du pneumatique": {
	"comment": "A coder", 
	"lists": {
		"80": "205/65R16", 
		"120": "215/65R16", 
		"154": "195/75R16", 
		"44": "195/65R16", 
		"255": "Invalid Value (FFh)"
	}
	}, 
	"Day": {
	"lists": {
		"1": "1", 
		"2": "2", 
		"3": "3", 
		"4": "4", 
		"5": "5", 
		"6": "6", 
		"7": "7", 
		"8": "8", 
		"9": "9", 
		"10": "10", 
		"11": "11", 
		"12": "12", 
		"13": "13", 
		"14": "14", 
		"15": "15", 
		"16": "16", 
		"17": "17", 
		"18": "18", 
		"19": "19", 
		"20": "20", 
		"21": "21", 
		"22": "22", 
		"23": "23", 
		"24": "24", 
		"25": "25", 
		"26": "26", 
		"27": "27", 
		"28": "28", 
		"29": "29", 
		"30": "30", 
		"31": "31"
	}
	}, 
	"Front Right Admission": {
	"bitscount": 1, 
	"lists": {
		"0": "In Action", 
		"1": "Stopped"
	}
	}, 
	"Software Number BB-Number": {
	"bytescount": 2, 
	"byte": true, 
	"bitscount": 16
	}, 
	"Alimentation (Freeze)": {
	"scaled": true, 
	"step": 0.08, 
	"format": "00.00", 
	"unit": "V", 
	"offset": 7.0
	}, 
	"Drive Cycle information": {
	"comment": "Information sur le Drive Cycle", 
	"byte": true
	}, 
	"After Sale Code": {
	"bytescount": 5, 
	"byte": true, 
	"bitscount": 40
	}, 
	"Hydraulic Bloc State": {
	"bitscount": 1, 
	"lists": {
		"0": "Bloc Empty", 
		"1": "Bloc filling"
	}
	}, 
	"ABS State (Freeze)": {
	"bitscount": 1, 
	"lists": {
		"0": "ABS not in regulation", 
		"1": "ABS in regulation"
	}
	}, 
	"Current ICC": {
	"comment": "Cycle de roulage en cours", 
	"bytescount": 2, 
	"byte": true, 
	"bitscount": 16
	}, 
	"Tire circumference": {
	"scaled": true, 
	"bytescount": 2, 
	"bitscount": 16, 
	"unit": "mm", 
	"format": "0000"
	}, 
	"Wheel Speed Rear Left (Freeze)": {
	"scaled": true, 
	"unit": "Km/H", 
	"format": "000.00"
	}, 
	"Wheel Speed Rear Left": {
	"divideby": 100.0, 
	"bitscount": 16, 
	"format": "000.00", 
	"scaled": true, 
	"bytescount": 2, 
	"unit": "Km/H"
	}, 
	"FFN": {
	"scaled": true
	}, 
	"Store Condition": {
	"comment": "Condition de stockage", 
	"byte": true
	}, 
	"Tire odometer index": {
	"scaled": true, 
	"unit": "mm", 
	"format": "000.00"
	}, 
	"Affectation": {
	"bitscount": 1, 
	"lists": {
		"0": "For Plant", 
		"1": "For After Sale"
	}
	}, 
	"Wheel Selection": {
	"lists": {
		"1": "Front Left Wheel", 
		"2": "Front Right Wheel", 
		"3": "Rear Left Wheel", 
		"4": "Rear Right Wheel"
	}
	}, 
	"Brake switch State": {
	"bitscount": 2, 
	"lists": {
		"0": "Not Braking", 
		"1": "Braking", 
		"3": "Invalid"
	}
	}, 
	"Tire circumference maximum": {
	"scaled": true, 
	"bytescount": 2, 
	"bitscount": 16, 
	"unit": "mm", 
	"format": "000000"
	}, 
	"Identificateur de Diagnostic": {
	"lists": {
		"8": "Vdiag = 08H OK pour ABS", 
		"10": "Vdiag = 0AH OK pour ESP"
	}
	}, 
	"Odometer": {
	"divideby": 10.0, 
	"bitscount": 16, 
	"format": "00000.00", 
	"scaled": true, 
	"bytescount": 2, 
	"unit": "cm"
	}, 
	"CRC": {
	"bytescount": 2, 
	"byte": true, 
	"bitscount": 16
	}, 
	"Bloc Number : 0 265": {
	"bytescount": 3, 
	"byte": true, 
	"bitscount": 24
	}, 
	"Valeur de la vitesse CAN a l'initialisation": {
	"comment": "Value of CAN speed during the initialisation / Valeur de la vitesse Can a l'initialisation", 
	"lists": {
		"0": "Speed = 0km/h / Vitesse nulle (00h)", 
		"128": "Value of init speed not program / Valeur vitesse init non programm\u00e9e (80h)", 
		"255": "Invalid Speed / Vitesse invalide (FFh)"
	}
	}, 
	"Wheel Speed Front Right": {
	"divideby": 100.0, 
	"bitscount": 16, 
	"format": "000.00", 
	"scaled": true, 
	"bytescount": 2, 
	"unit": "Km/H"
	}, 
	"Tra\u00e7abilit\u00e9 - Day of production of Bloc": {
	"lists": {
		"48": "NC", 
		"49": "Monday", 
		"50": "Thusday", 
		"51": "Wednesday", 
		"52": "Thursday", 
		"53": "Friday", 
		"54": "Saturday", 
		"55": "Sunday"
	}
	}, 
	"Edition Number": {
	"bytescount": 2, 
	"byte": true, 
	"bitscount": 16
	}, 
	"Session Name": {
	"lists": {
		"192": "Session After Sale", 
		"129": "Defaut session - Stop Diag", 
		"133": "Session Reprogrammation"
	}
	}, 
	"Failure Path": {
	"comment": "Chemin de la faute", 
	"byte": true
	}, 
	"Car Configuration": {
	"comment": "A coder", 
	"lists": {
		"1": "Chassis L0 type VU Freins Tambour AVEC MSR", 
		"2": "Chassis L1 type VU et VP Freins disque AVEC MSR", 
		"4": "Chassis L1 type VU et VP Freins disque  SANS MSR (Boite Automatique)", 
		"5": "Chassis ACCESS (L1 + freins arri\u00e8re \u00e0 tambour) avec MSR", 
		"6": "Chassis ACCESS (L1 + freins arri\u00e8re \u00e0 tambour) SANS MSR", 
		"8": "Chassis L2 type VU Freins disque", 
		"9": "Chassis TC type VU et VP Freins disque", 
		"255": "Invalide (FFh)"
	}
	}, 
	"MoreDTC": {
	"scaled": true, 
	"signed": true
	}, 
	"Fault Location": {
	"comment": "Num\u00e9ro de la localisation Bosch de la faute", 
	"lists": {
		"1": "Faute \u00e0 la localisation Bosch 1", 
		"2": "Faute \u00e0 la localisation Bosch 2", 
		"3": "Faute \u00e0 la localisation Bosch 3", 
		"4": "Faute \u00e0 la localisation Bosch 4", 
		"5": "Faute \u00e0 la localisation Bosch 5", 
		"6": "Faute \u00e0 la localisation Bosch 6"
	}
	}, 
	"Plant Reference": {
	"comment": "Plant Reference about ABS Bloc / R\u00e9f\u00e9rence usine du bloc ABS", 
	"bytescount": 5, 
	"byte": true, 
	"bitscount": 40
	}, 
	"FirstDTC": {
	"bytescount": 2, 
	"bitscount": 16, 
	"lists": {
		"20864": "Contr\u00f4le moteur", 
		"20545": "Cible magn\u00e9tique multipoles roue AvD", 
		"20546": "Cible magn\u00e9tique multipoles roue AvG", 
		"20547": "Cible magn\u00e9tique multipoles roue ArD", 
		"20548": "Cible magn\u00e9tique multipoles roue ArG", 
		"20550": "D\u00e9faut g\u00e9n\u00e9ral capteurs vitesses roues", 
		"20678": "Contacteur p\u00e9dale de frein", 
		"20511": "Capteur vitesse roue AvG", 
		"20543": "Capteur vitesse roue ArG", 
		"20682": "Alimentation Moteur de Pompe", 
		"20683": "Alimentation Electrovannes", 
		"20684": "Alimentation calculateur", 
		"20495": "Capteur vitesse roue AvD", 
		"20867": "BCM (Unit\u00e9 Centrale Habitacle)", 
		"20710": "R\u00e9seau CAN", 
		"20527": "Capteur vitesse roue ArD", 
		"20675": "Calculateur"
	}
	}, 
	"Specific Fault": {
	"bitscount": 5, 
	"lists": {
		"1": "Open Circuit or Short Circuit in +bat or Ground (1h)", 
		"2": "Wheel_speed_continuity", 
		"4": "Interference between one or more wheels (4h)", 
		"5": "Config v\u00e9hicule not chose (5h)", 
		"6": "Config v\u00e9hicule not OK (6h)", 
		"8": "Missing Tooth (8h)", 
		"12": "Index pneu not select (Ch)", 
		"13": "Pb Mecanic Failure or Magnetic Failure on the targuet (Dh)", 
		"14": "Wrong Montage (Eh)", 
		"15": "CAN message absent"
	}
	}, 
	"Power Suppley": {
	"scaled": true, 
	"step": 0.08, 
	"unit": "V", 
	"format": "00.00"
	}, 
	"Type Of Fault": {
	"bitscount": 1, 
	"lists": {
		"0": "Standard", 
		"1": "Specific"
	}
	}, 
	"Month": {
	"lists": {
		"1": "Janvier", 
		"2": "F\u00e9vrier", 
		"3": "Mars", 
		"4": "Avril", 
		"5": "Mai", 
		"6": "Juin", 
		"7": "Juillet", 
		"8": "Ao\u00fbt", 
		"9": "Septembre", 
		"10": "Octobre", 
		"11": "Novembre", 
		"12": "D\u00e9cembre"
	}
	}, 
	"Front Right Exhaust": {
	"bitscount": 1, 
	"lists": {
		"0": "In Action", 
		"1": "Stopped"
	}
	}, 
	"ABS And REF State": {
	"bitscount": 3, 
	"lists": {
		"0": "ABS and REF not available", 
		"1": "ABS not available, REF Backup available", 
		"2": "ABS not available, REF available", 
		"3": "ABS and REF Backup available", 
		"4": "ABS Backup available, REF available", 
		"7": "ABS and REF available"
	}
	}, 
	"Failure Type": {
	"comment": "Type de faute", 
	"byte": true
	}, 
	"REF State (Freeze)": {
	"bitscount": 1, 
	"lists": {
		"0": "REF Not in regulation", 
		"1": "REF in regulation"
	}
	}, 
	"Brake Circuit State": {
	"bitscount": 1, 
	"lists": {
		"0": "Incompletly fill", 
		"1": "Completly fill"
	}
	}, 
	"DTC Number (Freeze)": {
	"bytescount": 2, 
	"byte": true, 
	"bitscount": 16
	}, 
	"Stop Selection": {
	"lists": {
		"128": "Now"
	}
	}, 
	"Selection Name of the Wheel": {
	"lists": {
		"1": "Wheel Front Left / Roue avant gauche", 
		"2": "Wheel Front Right / Roue avant droite", 
		"3": "Wheel Rear Left / Roue arri\u00e8re gauche", 
		"4": "Wheel Rear Right / Roue arri\u00e8re droite"
	}
	}, 
	"Time activation Selection EV/Pompe": {
	"lists": {
		"200": "4s", 
		"50": "1s", 
		"100": "2s", 
		"250": "5s", 
		"150": "3s"
	}
	}, 
	"Rear Right Admission": {
	"bitscount": 1, 
	"lists": {
		"0": "In Action", 
		"1": "Stopped"
	}
	}, 
	"Time activation Selection": {
	"lists": {
		"250": "20s", 
		"187": "15s", 
		"125": "10s", 
		"62": "5s"
	}
	}, 
	"Front Left Exhaust": {
	"bitscount": 1, 
	"lists": {
		"0": "In Action", 
		"1": "Stopped"
	}
	}, 
	"Tra\u00e7abilit\u00e9 - Plan of production of Bloc": {
	"byte": true, 
	"bytesascii": true
	}, 
	"IgnOn Time(Freeze)": {
	"scaled": true, 
	"bytescount": 2, 
	"bitscount": 16, 
	"unit": "s", 
	"format": "0000000"
	}, 
	"Speed Vehicle": {
	"divideby": 100.0, 
	"bitscount": 16, 
	"format": "000.00", 
	"scaled": true, 
	"bytescount": 2, 
	"unit": "Km/H"
	}, 
	"Environment information": {
	"comment": "Donn\u00e9es d'environnement de la faute", 
	"bytescount": 4, 
	"byte": true, 
	"bitscount": 32
	}, 
	"Builder Code": {
	"lists": {
		"0": "Renault"
	}
	}, 
	"Driving Cycle (Freeze)": {
	"scaled": true, 
	"comment": "ICC"
	}, 
	"Failure about filling": {
	"bitscount": 2, 
	"lists": {
		"0": "Without failure", 
		"1": "Intern Bloc Failure", 
		"2": "Extern Bloc Failure"
	}
	}, 
	"Activation Pompe": {
	"bitscount": 1, 
	"lists": {
		"0": "Actived", 
		"1": "Stopped"
	}
	}, 
	"Tra\u00e7abilit\u00e9 - Team for production of Bloc": {
	"byte": true, 
	"bytesascii": true
	}, 
	"Wheel Speed Front Left (Freeze)": {
	"scaled": true, 
	"unit": "Km/H", 
	"format": "000.00"
	}, 
	"Tra\u00e7abilit\u00e9 - Week of production of Bloc": {
	"bytesascii": true, 
	"bytescount": 2, 
	"byte": true, 
	"bitscount": 16
	}, 
	"Routine State about the stop": {
	"lists": {
		"144": "Routine interrupt by diagnostic tool"
	}
	}, 
	"Rear Right Exhaust": {
	"bitscount": 1, 
	"lists": {
		"0": "In Action", 
		"1": "Stopped"
	}
	}, 
	"Tire circumference minimum": {
	"scaled": true, 
	"bytescount": 2, 
	"bitscount": 16, 
	"unit": "mm", 
	"format": "000000"
	}, 
	"Supplier Code": {
	"bytesascii": true, 
	"bytescount": 3, 
	"byte": true, 
	"bitscount": 24
	}, 
	"Rear Left Admission": {
	"bitscount": 1, 
	"lists": {
		"0": "In Action", 
		"1": "Stopped"
	}
	}, 
	"Filling Autorisation RF": {
	"bitscount": 1, 
	"lists": {
		"0": "Agree", 
		"1": "Forbidden"
	}
	}, 
	"Wheel Speed Front Left": {
	"divideby": 100.0, 
	"bitscount": 16, 
	"format": "000.00", 
	"scaled": true, 
	"bytescount": 2, 
	"unit": "Km/H"
	}, 
	"Wheel Speed Rear Right (Freeze)": {
	"scaled": true, 
	"unit": "Km/H", 
	"format": "000.00"
	}, 
	"Rear Left Exhaust": {
	"bitscount": 1, 
	"lists": {
		"0": "In action", 
		"1": "Stopped"
	}
	}, 
	"Front Left Admission": {
	"bitscount": 1, 
	"lists": {
		"0": "In Action", 
		"1": "Stopped"
	}
	}, 
	"Purge state after sale": {
	"lists": {
		"1": "Phase 1", 
		"2": "Phase 2", 
		"3": "Phase 3", 
		"4": "Phase 4"
	}
	}, 
	"Hardware Number": {
	"bytescount": 5, 
	"byte": true, 
	"bitscount": 40
	}, 
	"DiagMuxOn (Freeze)": {
	"bitscount": 1, 
	"lists": {
		"0": "DiagMuxOff (0)", 
		"1": "DiagMuxOn (1)"
	}
	}, 
	"Brake switch State (Freeze)": {
	"bitscount": 1, 
	"lists": {
		"0": "Not Braking", 
		"1": "Braking"
	}
	}, 
	"Activation processus Selection": {
	"lists": {
		"0": "Launching temporary control", 
		"1": "Status demand", 
		"17": "Stop of control"
	}
	}, 
	"Answer Selection": {
	"lists": {
		"1": "with answer", 
		"2": "without answer"
	}
	}, 
	"Routine State": {
	"lists": {
		"0": "Not active Routine", 
		"1": "Active Routine", 
		"2": "Routine Finish => OK", 
		"4": "Routine Finish => NOT OK", 
		"8": "Routine Finish & Global problem", 
		"128": "Test Ready", 
		"16": "Writting Failure", 
		"144": "Routine interrupt by diagnostic tool", 
		"132": "Invalid Wheel Selection"
	}
	}, 
	"Tra\u00e7abilit\u00e9 - libre": {
	"byte": true, 
	"bytesascii": true
	}, 
	"ProcessByte Remplissage": {
	"lists": {
		"0": "ABS/ESP sec, remplissage RF autoris\u00e9", 
		"25": "ABS/ESP pour apr\u00e8s-vente", 
		"49": "ABS/ESP rempli"
	}
	}, 
	"Debug information 0": {
	"comment": "Information de debug 0", 
	"bytescount": 4, 
	"byte": true, 
	"bitscount": 32
	}, 
	"Debug information 1": {
	"comment": "Information de debug 1", 
	"bytescount": 4, 
	"byte": true, 
	"bitscount": 32
	}, 
	"Tra\u00e7abilit\u00e9 - Year of production of Bloc": {
	"bytesascii": true, 
	"bytescount": 2, 
	"byte": true, 
	"bitscount": 16
	}, 
	"Rear Right Wheel Speed": {
	"divideby": 100.0, 
	"bitscount": 16, 
	"format": "000.00", 
	"scaled": true, 
	"bytescount": 2, 
	"unit": "Km/H"
	}, 
	"Tra\u00e7abilit\u00e9 - Compteur": {
	"bytesascii": true, 
	"bytescount": 4, 
	"byte": true, 
	"bitscount": 32
	}, 
	"Activation processus State": {
	"lists": {
		"128": "Failure during the activation", 
		"1": "Activation in action", 
		"2": "Activation finish", 
		"129": "Activation interrupt", 
		"130": "Activation available", 
		"17": "Activation stop"
	}
	}, 
	"NDTC": {
	"scaled": true
	}, 
	"Tra\u00e7abilit\u00e9 - ABS/ESP": {
	"bytesascii": true, 
	"bytescount": 3, 
	"byte": true, 
	"bitscount": 24
	}, 
	"Fault ICC": {
	"comment": "Cycle de roulage \u00e0 l'apparition de la faute", 
	"bytescount": 2, 
	"byte": true, 
	"bitscount": 16
	}, 
	"Calibration Number": {
	"bytescount": 2, 
	"byte": true, 
	"bitscount": 16
	}, 
	"Wheel Speed Front Right (Freeze)": {
	"scaled": true, 
	"unit": "Km/H", 
	"format": "000.00"
	}, 
	"Year": {
	"lists": {
		"0": "2000", 
		"1": "2001", 
		"2": "2002", 
		"3": "2003", 
		"4": "2004", 
		"5": "2005", 
		"6": "2006", 
		"7": "2007", 
		"8": "2008", 
		"9": "2009", 
		"10": "2010", 
		"11": "2011", 
		"12": "2012", 
		"13": "2013", 
		"14": "2014", 
		"15": "2015", 
		"16": "2016", 
		"17": "2017", 
		"18": "2018", 
		"19": "2019", 
		"20": "2020", 
		"21": "2021", 
		"22": "2022", 
		"23": "2023", 
		"24": "2024", 
		"25": "2025", 
		"26": "2026", 
		"27": "2027", 
		"28": "2028", 
		"29": "2029", 
		"30": "2030", 
		"31": "2031", 
		"32": "2032", 
		"33": "2033", 
		"34": "2034", 
		"35": "2035", 
		"36": "2036", 
		"37": "2037", 
		"38": "2038", 
		"39": "2039", 
		"40": "2040", 
		"41": "2041", 
		"42": "2042", 
		"43": "2043", 
		"44": "2044", 
		"45": "2045", 
		"46": "2046", 
		"47": "2047", 
		"48": "2048", 
		"49": "2049", 
		"50": "2050"
	}
	}, 
	"Standard Fault": {
	"bitscount": 5, 
	"lists": {
		"0": "Not Used", 
		"1": "Open Circuit / Circuit Ouvert (1h)", 
		"2": "Short Circuit at the Ground / Court-circuit \u00e0 la masse (2h)", 
		"3": "Short circuit at the power supply / Court-circuit au +bat (3h)", 
		"4": "Parametre in Low Limite / Parametre en but\u00e9e Min (4h)", 
		"5": "Parametre in High Limite / Param en but\u00e9e Haute (5h)", 
		"6": "Incoherence, impossible (6h)", 
		"7": "No signal / Pas de signal (7h)", 
		"8": "Below Low Threshold / En dessous du seuil bas (8h)", 
		"9": "Under Higth Threshold / Au dessus du seuil haut (9h)", 
		"10": "Permanent Low Level /  Niveau bas permanent (Ah)", 
		"11": "Permanent High Level / Niveau haut permanent (Bh)", 
		"12": "Lines in Short Circuit / Lignes en court-circuit (Ch)", 
		"13": "Interne Electronic Anomalie / Anomalie \u00e9l\u00e9ctronique interne (Dh)", 
		"14": "Network Anomaly / Anomaly du r\u00e9seau (Eh)", 
		"15": "Remote Diagnostic / Diagnostique erron\u00e9 (Fh)", 
		"16": "Disturbed Communication / Communication perturb\u00e9e (10h)", 
		"17": "Microbreaks / Microcoupures (11h)", 
		"18": "Abnormal Voltage / Tension anormale (12h)", 
		"19": "Value out of range / Valeur en dehors de la plage (13h)", 
		"20": "Open or short Circuit to ground / Circuit ouvert ou court-circuit \u00e0 la masse (14h)", 
		"21": "Open or Short circuit to battery / Circuit ouvert ou court-circuit au +Bat(15h)", 
		"22": "Init or config not valid / Init ou config non valide (16h)", 
		"23": "Init not valid / Init non valide(17h)", 
		"24": "Anomaly / Anomalie (18h)"
	}
	}
}
}