{
"obd": {
	"kw1": "62", 
	"kw2": "7", 
	"funcname": "Airbag", 
	"protocol": "ISO8", 
	"funcaddr": "2C"
}, 
"devices": [], 
"ecuname": "AC6 Ph 2", 
"autoidents": [], 
"endian": "Big", 
"requests": [
	{
	"receivebyte_dataitems": {
		"32 octets lus 01E0": {
		"ref": true, 
		"firstbyte": 3
		}
	}, 
	"deny_sds": [], 
	"minbytes": 34, 
	"sentbytes": "3253A001E0", 
	"name": "mapping memoire 01E0"
	}, 
	{
	"receivebyte_dataitems": {
		"32 octets lus 0000": {
		"ref": true, 
		"firstbyte": 3
		}
	}, 
	"deny_sds": [], 
	"minbytes": 34, 
	"sentbytes": "3253A00000", 
	"name": "mapping memoire 0000"
	}, 
	{
	"receivebyte_dataitems": {
		"32 octets lus 0100": {
		"ref": true, 
		"firstbyte": 3
		}
	}, 
	"deny_sds": [], 
	"minbytes": 34, 
	"sentbytes": "3253A00120", 
	"name": "mapping memoire 0100"
	}, 
	{
	"name": "Inhibition airbag PSG", 
	"deny_sds": [], 
	"manualsend": true, 
	"sendbyte_dataitems": {
		"Etat airbag frontal passager": {
		"bitoffset": 7, 
		"ref": true, 
		"firstbyte": 2
		}
	}, 
	"minbytes": 2, 
	"sentbytes": "4900"
	}, 
	{
	"receivebyte_dataitems": {
		"32 octets lus 0140": {
		"ref": true, 
		"firstbyte": 3
		}
	}, 
	"deny_sds": [], 
	"minbytes": 34, 
	"sentbytes": "3253A00140", 
	"name": "mapping memoire 0140"
	}, 
	{
	"receivebyte_dataitems": {
		"32 octets lus 0120": {
		"ref": true, 
		"firstbyte": 3
		}
	}, 
	"deny_sds": [], 
	"minbytes": 34, 
	"sentbytes": "3253A00140", 
	"name": "mapping memoire 0120"
	}, 
	{
	"receivebyte_dataitems": {
		"32 octets lus 0160": {
		"ref": true, 
		"firstbyte": 3
		}
	}, 
	"deny_sds": [], 
	"minbytes": 34, 
	"sentbytes": "3253A00160", 
	"name": "mapping memoire 0160"
	}, 
	{
	"receivebyte_dataitems": {
		"32 octets lus 0080": {
		"ref": true, 
		"firstbyte": 3
		}
	}, 
	"deny_sds": [], 
	"minbytes": 34, 
	"sentbytes": "3253A00080", 
	"name": "mapping memoire 0080"
	}, 
	{
	"deny_sds": [], 
	"minbytes": 1, 
	"sentbytes": "4800", 
	"name": "Activation liaison choc"
	}, 
	{
	"name": "Salve n\u00b02  liste des anomalies", 
	"deny_sds": [], 
	"receivebyte_dataitems": {
		"Circuit ouvert airbag lat\u00e9ral passager": {
		"bitoffset": 2, 
		"ref": true, 
		"firstbyte": 4
		}, 
		"Court-circuit airbag frontal passager": {
		"bitoffset": 3, 
		"ref": true, 
		"firstbyte": 3
		}, 
		"D\u00e9faut capteur n\u00b03 fugitif": {
		"bitoffset": 3, 
		"ref": true, 
		"firstbyte": 16
		}, 
		"Circuit ouvert airbag frontal passager": {
		"bitoffset": 2, 
		"ref": true, 
		"firstbyte": 3
		}, 
		"Circuit ouvert fugitif airbag lat\u00e9ral passager": {
		"bitoffset": 2, 
		"ref": true, 
		"firstbyte": 12
		}, 
		"D\u00e9fauts alimentation et d\u00e9fauts internes au calculateur fugitifs": {
		"ref": true, 
		"firstbyte": 15
		}, 
		"Court-circuit fugitif airbag lat\u00e9ral conducteur": {
		"bitoffset": 7, 
		"ref": true, 
		"firstbyte": 12
		}, 
		"D\u00e9faut boitier satellite passager fugitif": {
		"bitoffset": 4, 
		"ref": true, 
		"firstbyte": 18
		}, 
		"D\u00e9faut permanent des lignes airbags frontaux": {
		"ref": true, 
		"firstbyte": 3
		}, 
		"Fuite au + 12 V fugitive airbag frontal conducteur": {
		"bitoffset": 5, 
		"ref": true, 
		"firstbyte": 11
		}, 
		"D\u00e9faut de communication avec satellite passager fugitif": {
		"bitoffset": 3, 
		"ref": true, 
		"firstbyte": 18
		}, 
		"Identification satellite PSG non conforme auparavant": {
		"ref": true, 
		"firstbyte": 18
		}, 
		"Fuite au 0 V fugitive airbag frontal passager": {
		"ref": true, 
		"firstbyte": 11
		}, 
		"Fuite au + 12 V fugitive airbag frontal passager": {
		"bitoffset": 1, 
		"ref": true, 
		"firstbyte": 11
		}, 
		"Fuite au 0 V fugitive airbag lat\u00e9ral conducteur": {
		"bitoffset": 4, 
		"ref": true, 
		"firstbyte": 12
		}, 
		"Fuite au 0 V fugitive airbag frontal conducteur": {
		"bitoffset": 4, 
		"ref": true, 
		"firstbyte": 11
		}, 
		"Identification satellite CDC non conforme auparavant": {
		"bitoffset": 1, 
		"ref": true, 
		"firstbyte": 18
		}, 
		"Fuite au + 12 V pr\u00e9tensionneurs": {
		"bitoffset": 6, 
		"ref": true, 
		"firstbyte": 5
		}, 
		"Ligne PWM perturb\u00e9e cot\u00e9 passager": {
		"bitoffset": 2, 
		"ref": true, 
		"firstbyte": 10
		}, 
		"Interpr\u00e9tation du syst\u00e8me DPP": {
		"ref": true, 
		"firstbyte": 17
		}, 
		"Circuit ouvert fugitif pr\u00e9tensionneurs": {
		"bitoffset": 7, 
		"ref": true, 
		"firstbyte": 13
		}, 
		"Fuite au + 12 V fugitive airbag lat\u00e9ral conducteur": {
		"bitoffset": 5, 
		"ref": true, 
		"firstbyte": 12
		}, 
		"Circuit ouvert fugif airbag lat\u00e9ral conducteur": {
		"bitoffset": 6, 
		"ref": true, 
		"firstbyte": 12
		}, 
		"D\u00e9faut capteur n\u00b02 fugitif": {
		"bitoffset": 4, 
		"ref": true, 
		"firstbyte": 16
		}, 
		"Court-circuit fugitif airbag frontal conducteur": {
		"bitoffset": 7, 
		"ref": true, 
		"firstbyte": 11
		}, 
		"Fuite au 0 V airbag lat\u00e9ral conducteur": {
		"bitoffset": 4, 
		"ref": true, 
		"firstbyte": 4
		}, 
		"Etat fugitif des lignes pr\u00e9tensionneurs": {
		"ref": true, 
		"firstbyte": 13
		}, 
		"Fuite au 0 V fugitive airbag lat\u00e9ral passager": {
		"ref": true, 
		"firstbyte": 12
		}, 
		"DPP d\u00e9tect\u00e9 sur boitier configur\u00e9 sans": {
		"bitoffset": 6, 
		"ref": true, 
		"firstbyte": 9
		}, 
		"Fuite au 0 V airbag lat\u00e9ral passager": {
		"ref": true, 
		"firstbyte": 4
		}, 
		"Court-circuit ou fuite au + 12 V fugitifs t\u00e9moin d alerte": {
		"bitoffset": 7, 
		"ref": true, 
		"firstbyte": 14
		}, 
		"Court-circuit fugitif airbag lat\u00e9ral passager": {
		"bitoffset": 3, 
		"ref": true, 
		"firstbyte": 12
		}, 
		"Court-circuit ou fuite au + 12 V t\u00e9moin d alerte": {
		"bitoffset": 7, 
		"ref": true, 
		"firstbyte": 6
		}, 
		"D\u00e9faut permanent des lignes pr\u00e9tensionneurs": {
		"ref": true, 
		"firstbyte": 5
		}, 
		"Configur\u00e9 avec satellite passager sans airbag lat\u00e9ral passager": {
		"bitoffset": 1, 
		"ref": true, 
		"firstbyte": 9
		}, 
		"Si\u00e8ge enfant face \u00e0 la route": {
		"bitoffset": 6, 
		"ref": true, 
		"firstbyte": 17
		}, 
		"D\u00e9faut capteur n\u00b01": {
		"bitoffset": 5, 
		"ref": true, 
		"firstbyte": 8
		}, 
		"D\u00e9faut capteur n\u00b03": {
		"bitoffset": 3, 
		"ref": true, 
		"firstbyte": 8
		}, 
		"D\u00e9faut capteur n\u00b02": {
		"bitoffset": 4, 
		"ref": true, 
		"firstbyte": 8
		}, 
		"Etat fugitif des lignes airbags frontaux": {
		"ref": true, 
		"firstbyte": 11
		}, 
		"S\u00e9lection de la salve n\u00b02": {
		"ref": true, 
		"firstbyte": 2
		}, 
		"Configur\u00e9 avec satellite conducteur sans airbag lat\u00e9ral conducteur": {
		"bitoffset": 2, 
		"ref": true, 
		"firstbyte": 9
		}, 
		"D\u00e9faut permanent de la ligne t\u00e9moin d alerte": {
		"ref": true, 
		"firstbyte": 6
		}, 
		"Si\u00e8ge enfant dos \u00e0 la route": {
		"bitoffset": 4, 
		"ref": true, 
		"firstbyte": 17
		}, 
		"D\u00e9fauts permanents satellites avant": {
		"ref": true, 
		"firstbyte": 10
		}, 
		"Circuit ouvert pr\u00e9tensionneurs": {
		"bitoffset": 7, 
		"ref": true, 
		"firstbyte": 5
		}, 
		"Fuite au 0 V fugitive pr\u00e9tensionneurs": {
		"bitoffset": 5, 
		"ref": true, 
		"firstbyte": 13
		}, 
		"Configur\u00e9 avec DPP sans airbag passager": {
		"bitoffset": 5, 
		"ref": true, 
		"firstbyte": 9
		}, 
		"D\u00e9faut de communication avec satellite conducteur fugitif": {
		"bitoffset": 6, 
		"ref": true, 
		"firstbyte": 18
		}, 
		"Fuite au + 12 V fugitive airbag lat\u00e9ral passager": {
		"bitoffset": 1, 
		"ref": true, 
		"firstbyte": 12
		}, 
		"Circuit ouvert fugitif airbag frontal passager": {
		"bitoffset": 2, 
		"ref": true, 
		"firstbyte": 11
		}, 
		"D\u00e9fauts syst\u00e8me DPP avant fugitifs": {
		"ref": true, 
		"firstbyte": 16
		}, 
		"D\u00e9fauts des satellites avant fugitifs": {
		"ref": true, 
		"firstbyte": 18
		}, 
		"Attente de configuration satellite": {
		"ref": true, 
		"firstbyte": 9
		}, 
		"Circuit ouvert airbag frontal conducteur": {
		"bitoffset": 6, 
		"ref": true, 
		"firstbyte": 3
		}, 
		"Circuit ouvert airbag lat\u00e9ral conducteur": {
		"bitoffset": 6, 
		"ref": true, 
		"firstbyte": 4
		}, 
		"D\u00e9faut alimentation boitier DPP": {
		"bitoffset": 6, 
		"ref": true, 
		"firstbyte": 8
		}, 
		"Fuite au 0 V pr\u00e9tensionneurs": {
		"bitoffset": 5, 
		"ref": true, 
		"firstbyte": 5
		}, 
		"D\u00e9faut permanent de la ligne t\u00e9moin d inhibition": {
		"ref": true, 
		"firstbyte": 6
		}, 
		"Fuite au 0 V airbag frontal passager": {
		"ref": true, 
		"firstbyte": 3
		}, 
		"Anomalie \u00e9lectronique interne fugitive": {
		"bitoffset": 1, 
		"ref": true, 
		"firstbyte": 15
		}, 
		"Court-circuit airbag lat\u00e9ral passager": {
		"bitoffset": 3, 
		"ref": true, 
		"firstbyte": 4
		}, 
		"Court-circuit ou fuite au + 12 V fugitifs t\u00e9moin d inhibition": {
		"bitoffset": 4, 
		"ref": true, 
		"firstbyte": 14
		}, 
		"Circuit ouvert ou fuite au 0 V fugitifs t\u00e9moin d inhibition": {
		"bitoffset": 3, 
		"ref": true, 
		"firstbyte": 14
		}, 
		"Passager pr\u00e9sent": {
		"bitoffset": 7, 
		"ref": true, 
		"firstbyte": 17
		}, 
		"Fuite au + 12 V airbag lat\u00e9ral passager": {
		"bitoffset": 1, 
		"ref": true, 
		"firstbyte": 4
		}, 
		"Court-circuit fugitif airbag frontal passager": {
		"bitoffset": 3, 
		"ref": true, 
		"firstbyte": 11
		}, 
		"D\u00e9faut boitier satellite passager": {
		"bitoffset": 4, 
		"ref": true, 
		"firstbyte": 10
		}, 
		"D\u00e9faut permanent des lignes airbags lat\u00e9raux": {
		"ref": true, 
		"firstbyte": 4
		}, 
		"Court-circuit ou fuite au +12 V t\u00e9moin d inhibition": {
		"bitoffset": 4, 
		"ref": true, 
		"firstbyte": 6
		}, 
		"Circuit ouvert ou fuite au 0 V t\u00e9moin d alerte": {
		"bitoffset": 6, 
		"ref": true, 
		"firstbyte": 6
		}, 
		"Ligne PWM perturb\u00e9e cot\u00e9 conducteur fugitivement": {
		"bitoffset": 5, 
		"ref": true, 
		"firstbyte": 18
		}, 
		"Identification satellite CDC non conforme": {
		"bitoffset": 1, 
		"ref": true, 
		"firstbyte": 10
		}, 
		"Ligne PWM perturb\u00e9e cot\u00e9 conducteur": {
		"bitoffset": 5, 
		"ref": true, 
		"firstbyte": 10
		}, 
		"D\u00e9faut boitier DPP fugitif": {
		"bitoffset": 7, 
		"ref": true, 
		"firstbyte": 16
		}, 
		"Anomalie \u00e9lectronique interne": {
		"bitoffset": 1, 
		"ref": true, 
		"firstbyte": 7
		}, 
		"D\u00e9fauts permanents syst\u00e8me DPP avant": {
		"ref": true, 
		"firstbyte": 8
		}, 
		"Identification satellite PSG non conforme": {
		"ref": true, 
		"firstbyte": 10
		}, 
		"Faible charge d\u00e9tect\u00e9e": {
		"bitoffset": 3, 
		"ref": true, 
		"firstbyte": 17
		}, 
		"Fuite au + 12 V airbag lat\u00e9ral conducteur": {
		"bitoffset": 5, 
		"ref": true, 
		"firstbyte": 4
		}, 
		"Trop de micro-coupures": {
		"bitoffset": 2, 
		"ref": true, 
		"firstbyte": 7
		}, 
		"Si\u00e8ge enfant mal positionn\u00e9": {
		"bitoffset": 2, 
		"ref": true, 
		"firstbyte": 17
		}, 
		"Trop de micro-coupures fugitives": {
		"bitoffset": 2, 
		"ref": true, 
		"firstbyte": 15
		}, 
		"Circuit ouvert ou fuite au 0 V t\u00e9moin d inhibition": {
		"bitoffset": 3, 
		"ref": true, 
		"firstbyte": 6
		}, 
		"D\u00e9fauts permanents alimentation et d\u00e9fauts internes": {
		"ref": true, 
		"firstbyte": 7
		}, 
		"D\u00e9faut boitier satellite conducteur": {
		"bitoffset": 7, 
		"ref": true, 
		"firstbyte": 10
		}, 
		"Court-circuit airbag frontal conducteur": {
		"bitoffset": 7, 
		"ref": true, 
		"firstbyte": 3
		}, 
		"Satellite conducteur sur boitier configur\u00e9 sans": {
		"bitoffset": 4, 
		"ref": true, 
		"firstbyte": 9
		}, 
		"Fuite au 0 V airbag frontal conducteur": {
		"bitoffset": 4, 
		"ref": true, 
		"firstbyte": 3
		}, 
		"D\u00e9fauts boitier DPP": {
		"bitoffset": 7, 
		"ref": true, 
		"firstbyte": 8
		}, 
		"Etat fugitif de la ligne t\u00e9moin d alerte": {
		"bitoffset": 5, 
		"ref": true, 
		"firstbyte": 14
		}, 
		"D\u00e9faut boitier satellite conducteur fugitif": {
		"bitoffset": 7, 
		"ref": true, 
		"firstbyte": 18
		}, 
		"Fuite au + 12 V airbag frontal conducteur": {
		"bitoffset": 5, 
		"ref": true, 
		"firstbyte": 3
		}, 
		"D\u00e9faut alimentation boitier DPP fugitif": {
		"bitoffset": 6, 
		"ref": true, 
		"firstbyte": 16
		}, 
		"Tension hors gamme fugitivement": {
		"bitoffset": 4, 
		"ref": true, 
		"firstbyte": 15
		}, 
		"Etat fugitif des lignes airbags lat\u00e9raux": {
		"ref": true, 
		"firstbyte": 12
		}, 
		"Etat fugitif de la ligne t\u00e9moin d inhibition": {
		"ref": true, 
		"firstbyte": 14
		}, 
		"Ligne PWM perturb\u00e9e cot\u00e9 passager fugitivement": {
		"bitoffset": 2, 
		"ref": true, 
		"firstbyte": 18
		}, 
		"Circuit ouvert fugitif airbag frontal conducteur": {
		"bitoffset": 6, 
		"ref": true, 
		"firstbyte": 11
		}, 
		"Pas de communication avec satellite conducteur": {
		"bitoffset": 6, 
		"ref": true, 
		"firstbyte": 10
		}, 
		"S\u00e9lection du mode diagnostic": {
		"ref": true, 
		"firstbyte": 1, 
		"endian": "Little"
		}, 
		"Fuite au + 12 V fugitive pr\u00e9tensionneurs": {
		"bitoffset": 6, 
		"ref": true, 
		"firstbyte": 13
		}, 
		"Erreur de configuration des allumeurs": {
		"bitoffset": 7, 
		"ref": true, 
		"firstbyte": 9
		}, 
		"Fuite au + 12 V airbag frontal passager": {
		"bitoffset": 1, 
		"ref": true, 
		"firstbyte": 3
		}, 
		"Erreur de communication avec DPP": {
		"bitoffset": 2, 
		"ref": true, 
		"firstbyte": 8
		}, 
		"D\u00e9fauts de configuration": {
		"ref": true, 
		"firstbyte": 9
		}, 
		"Erreur de communication avec DPP fugitive": {
		"bitoffset": 2, 
		"ref": true, 
		"firstbyte": 16
		}, 
		"Pas de communication avec satellite passager": {
		"bitoffset": 3, 
		"ref": true, 
		"firstbyte": 10
		}, 
		"Tension hors gamme": {
		"bitoffset": 4, 
		"ref": true, 
		"firstbyte": 7
		}, 
		"Circuit ouvert ou fuite au 0 V fugitifs t\u00e9moin d alerte": {
		"bitoffset": 6, 
		"ref": true, 
		"firstbyte": 14
		}, 
		"Court-circuit airbag lat\u00e9ral conducteur": {
		"bitoffset": 7, 
		"ref": true, 
		"firstbyte": 4
		}, 
		"Si\u00e8ge vide": {
		"bitoffset": 5, 
		"ref": true, 
		"firstbyte": 17
		}, 
		"Satellite passager sur boitier configur\u00e9 sans": {
		"bitoffset": 3, 
		"ref": true, 
		"firstbyte": 9
		}, 
		"D\u00e9faut capteur n\u00b01 fugitif": {
		"bitoffset": 5, 
		"ref": true, 
		"firstbyte": 16
		}
	}, 
	"sendbyte_dataitems": {
		"Mode de diagnostic Salve n\u00b02": {
		"ref": true, 
		"firstbyte": 1
		}
	}, 
	"minbytes": 18, 
	"sentbytes": "3151"
	}, 
	{
	"name": "Salve n\u00b03  mesures li\u00e9es aux pannes de", 
	"deny_sds": [], 
	"receivebyte_dataitems": {
		"Arming sensor XY ferm\u00e9 en roulage": {
		"bitoffset": 4, 
		"ref": true, 
		"firstbyte": 5
		}, 
		"Arming sensor non ferm\u00e9 au moment du crash": {
		"bitoffset": 5, 
		"ref": true, 
		"firstbyte": 5
		}, 
		"Valeur instantan\u00e9e imp\u00e9dance airbag frontal conducteur": {
		"ref": true, 
		"firstbyte": 8
		}, 
		"D\u00e9faut transistor de mise \u00e0 feu airbag frontal conducteur": {
		"bitoffset": 7, 
		"ref": true, 
		"firstbyte": 4
		}, 
		"Valeur instantan\u00e9e imp\u00e9dance airbag frontal passager": {
		"ref": true, 
		"firstbyte": 11
		}, 
		"D\u00e9faut EEPROM": {
		"bitoffset": 3, 
		"ref": true, 
		"firstbyte": 3
		}, 
		"S\u00e9lection de la salve n\u00b03": {
		"ref": true, 
		"firstbyte": 2
		}, 
		"Valeur instantan\u00e9e imp\u00e9dance airbag lat\u00e9ral conducteur": {
		"ref": true, 
		"firstbyte": 14
		}, 
		"D\u00e9faut Vc \u00e9nergie syst\u00e8me": {
		"bitoffset": 7, 
		"ref": true, 
		"firstbyte": 3
		}, 
		"Valeur instantan\u00e9e tension r\u00e9serve d \u00e9nergie": {
		"ref": true, 
		"firstbyte": 6
		}, 
		"Valeur instantan\u00e9e capacit\u00e9 r\u00e9serve d \u00e9nergie": {
		"ref": true, 
		"firstbyte": 7
		}, 
		"Pannes internes au calculateur n\u00b02": {
		"ref": true, 
		"firstbyte": 4
		}, 
		"Etat des capteurs": {
		"ref": true, 
		"firstbyte": 5
		}, 
		"Pannes internes au calculateur n\u00b01": {
		"ref": true, 
		"firstbyte": 3
		}, 
		"D\u00e9faut RAM": {
		"bitoffset": 4, 
		"ref": true, 
		"firstbyte": 3
		}, 
		"Acc\u00e9l\u00e9rom\u00e8tre hors gamme ou d\u00e9faillant": {
		"bitoffset": 6, 
		"ref": true, 
		"firstbyte": 5
		}, 
		"D\u00e9faut chien de garde externe": {
		"bitoffset": 2, 
		"ref": true, 
		"firstbyte": 3
		}, 
		"Valeur instantan\u00e9e fuite au 0 V airbag lat\u00e9ral conducteur": {
		"ref": true, 
		"firstbyte": 16
		}, 
		"Valeur instantan\u00e9e fuite au + 12 V airbag frontal conducteur": {
		"ref": true, 
		"firstbyte": 9
		}, 
		"Valeur instantan\u00e9e fuite t\u00e9moin d alerte": {
		"ref": true, 
		"firstbyte": 23
		}, 
		"Valeur instantan\u00e9e fuite au 0 V airbag lat\u00e9ral passager": {
		"ref": true, 
		"firstbyte": 19
		}, 
		"Valeur instantan\u00e9e fuite au + 12 V pr\u00e9tensionneurs": {
		"ref": true, 
		"firstbyte": 20
		}, 
		"Valeur instantan\u00e9e consommation t\u00e9moin d alerte": {
		"ref": true, 
		"firstbyte": 22
		}, 
		"Valeur instantan\u00e9e fuite au 0 V airbag frontal passager": {
		"ref": true, 
		"firstbyte": 13
		}, 
		"Valeur instantan\u00e9e fuite au 0 V  airbag frontal conducteur": {
		"ref": true, 
		"firstbyte": 10
		}, 
		"Valeur instantan\u00e9e fuite au 0 V pr\u00e9tensionneurs": {
		"ref": true, 
		"firstbyte": 21
		}, 
		"D\u00e9faut C condensateur syst\u00e8me": {
		"bitoffset": 6, 
		"ref": true, 
		"firstbyte": 3
		}, 
		"Valeur instantan\u00e9e fuite au +12 V airbag lat\u00e9ral passager": {
		"ref": true, 
		"firstbyte": 18
		}, 
		"D\u00e9faut transistor de mise \u00e0 feu airbag lat\u00e9ral passager": {
		"bitoffset": 4, 
		"ref": true, 
		"firstbyte": 4
		}, 
		"Valeur instantan\u00e9e imp\u00e9dance airbag lat\u00e9ral passager": {
		"ref": true, 
		"firstbyte": 17
		}, 
		"Valeur tension d alimentation  +APC": {
		"ref": true, 
		"firstbyte": 24
		}, 
		"D\u00e9faut transistor de mise \u00e0 feu airbag frontal passager": {
		"bitoffset": 6, 
		"ref": true, 
		"firstbyte": 4
		}, 
		"S\u00e9lection du diagnostic Apr\u00e8s-Vente": {
		"ref": true, 
		"firstbyte": 1
		}, 
		"D\u00e9faut transistor de mise \u00e0 feu pr\u00e9tensionneurs conducteur et passager": {
		"bitoffset": 3, 
		"ref": true, 
		"firstbyte": 4
		}, 
		"Valeur instantan\u00e9e fuite au + 12 V airbag lat\u00e9ral conducteur": {
		"ref": true, 
		"firstbyte": 15
		}, 
		"Valeur instantan\u00e9e fuite au + 12 V airbag frontal passager": {
		"ref": true, 
		"firstbyte": 12
		}, 
		"D\u00e9faut transistor de mise \u00e0 feu airbag lat\u00e9ral conducteur": {
		"bitoffset": 5, 
		"ref": true, 
		"firstbyte": 4
		}
	}, 
	"sendbyte_dataitems": {
		"Mode de diagnostic salve n\u00b03": {
		"ref": true, 
		"firstbyte": 1
		}
	}, 
	"minbytes": 24, 
	"sentbytes": "3152"
	}, 
	{
	"name": "Etude lecture zone m\u00e9moire", 
	"deny_sds": [], 
	"receivebyte_dataitems": {
		"27eme octet lu": {
		"ref": true, 
		"firstbyte": 29
		}, 
		"8eme octet lu": {
		"ref": true, 
		"firstbyte": 10
		}, 
		"26eme octet lu": {
		"ref": true, 
		"firstbyte": 28
		}, 
		"14eme octet lu": {
		"ref": true, 
		"firstbyte": 16
		}, 
		"15eme octet lu": {
		"ref": true, 
		"firstbyte": 17
		}, 
		"31eme octet lu": {
		"ref": true, 
		"firstbyte": 33
		}, 
		"3eme octet lu": {
		"ref": true, 
		"firstbyte": 5
		}, 
		"5eme octet lu": {
		"ref": true, 
		"firstbyte": 7
		}, 
		"9eme octet lu": {
		"ref": true, 
		"firstbyte": 11
		}, 
		"4eme octet lu": {
		"ref": true, 
		"firstbyte": 6
		}, 
		"23eme octet lu": {
		"ref": true, 
		"firstbyte": 25
		}, 
		"25eme octet lu": {
		"ref": true, 
		"firstbyte": 27
		}, 
		"24eme octet lu": {
		"ref": true, 
		"firstbyte": 26
		}, 
		"22eme octet lu": {
		"ref": true, 
		"firstbyte": 24
		}, 
		"29eme octet lu": {
		"ref": true, 
		"firstbyte": 31
		}, 
		"7eme octet lu": {
		"ref": true, 
		"firstbyte": 9
		}, 
		"12eme octet lu": {
		"ref": true, 
		"firstbyte": 14
		}, 
		"13eme octet lu": {
		"ref": true, 
		"firstbyte": 15
		}, 
		"21eme octet lu": {
		"ref": true, 
		"firstbyte": 23
		}, 
		"20eme octet lu": {
		"ref": true, 
		"firstbyte": 22
		}, 
		"32 octets lus": {
		"ref": true, 
		"firstbyte": 3
		}, 
		"18eme octet lu": {
		"ref": true, 
		"firstbyte": 20
		}, 
		"19eme octet lu": {
		"ref": true, 
		"firstbyte": 21
		}, 
		"2eme octet lu": {
		"ref": true, 
		"firstbyte": 4
		}, 
		"16eme octet lu": {
		"ref": true, 
		"firstbyte": 18
		}, 
		"10eme octet lu": {
		"ref": true, 
		"firstbyte": 12
		}, 
		"11eme octet lu": {
		"ref": true, 
		"firstbyte": 13
		}, 
		"30eme octet lu": {
		"ref": true, 
		"firstbyte": 32
		}, 
		"32eme octet lu": {
		"ref": true, 
		"firstbyte": 34
		}, 
		"17eme octet lu": {
		"ref": true, 
		"firstbyte": 19
		}, 
		"28eme octet lu": {
		"ref": true, 
		"firstbyte": 30
		}, 
		"6eme octet lu": {
		"ref": true, 
		"firstbyte": 8
		}, 
		"1er octet lu": {
		"ref": true, 
		"firstbyte": 3
		}
	}, 
	"sendbyte_dataitems": {
		"Nb octets \u00e0 lire": {
		"bitoffset": 2, 
		"ref": true, 
		"firstbyte": 3
		}, 
		"s\u00e9lection m\u00e9moire et nombre octets lus": {
		"ref": true, 
		"firstbyte": 3
		}, 
		"Zone m\u00e9moire": {
		"ref": true, 
		"firstbyte": 3
		}, 
		"adresse de d\u00e9part": {
		"ref": true, 
		"firstbyte": 4
		}
	}, 
	"minbytes": 34, 
	"sentbytes": "3253200000"
	}, 
	{
	"receivebyte_dataitems": {
		"32 octets lus 00C0": {
		"ref": true, 
		"firstbyte": 3
		}
	}, 
	"deny_sds": [], 
	"minbytes": 34, 
	"sentbytes": "3253A000C0", 
	"name": "mapping memoire 00C0"
	}, 
	{
	"receivebyte_dataitems": {
		"32 octets lus 00E0": {
		"ref": true, 
		"firstbyte": 3
		}
	}, 
	"deny_sds": [], 
	"minbytes": 34, 
	"sentbytes": "3253A00100", 
	"name": "mapping memoire 00E0"
	}, 
	{
	"deny_sds": [], 
	"minbytes": 1, 
	"sentbytes": "36", 
	"name": "R\u00e9armement du time out"
	}, 
	{
	"receivebyte_dataitems": {
		"32 octets lus 00A0": {
		"ref": true, 
		"firstbyte": 3
		}
	}, 
	"deny_sds": [], 
	"minbytes": 34, 
	"sentbytes": "3253A000A0", 
	"name": "mapping memoire 00A0"
	}, 
	{
	"receivebyte_dataitems": {
		"32 octets lus 0040": {
		"ref": true, 
		"firstbyte": 3
		}
	}, 
	"deny_sds": [], 
	"minbytes": 34, 
	"sentbytes": "3253A00040", 
	"name": "mapping memoire 0040"
	}, 
	{
	"receivebyte_dataitems": {
		"32 octets lus 0060": {
		"ref": true, 
		"firstbyte": 3
		}
	}, 
	"deny_sds": [], 
	"minbytes": 34, 
	"sentbytes": "3253A00060", 
	"name": "mapping memoire 0060"
	}, 
	{
	"receivebyte_dataitems": {
		"R\u00e9ponse salve n\u00b01": {
		"ref": true, 
		"firstbyte": 1
		}
	}, 
	"deny_sds": [], 
	"minbytes": 36, 
	"sentbytes": "3150", 
	"name": "salve 1"
	}, 
	{
	"receivebyte_dataitems": {
		"R\u00e9ponse salve n\u00b02": {
		"ref": true, 
		"firstbyte": 1
		}
	}, 
	"deny_sds": [], 
	"minbytes": 18, 
	"sentbytes": "3151", 
	"name": "salve 2"
	}, 
	{
	"receivebyte_dataitems": {
		"32 octets lus 0180": {
		"ref": true, 
		"firstbyte": 3
		}
	}, 
	"deny_sds": [], 
	"minbytes": 34, 
	"sentbytes": "3253A00180", 
	"name": "mapping memoire 0180"
	}, 
	{
	"receivebyte_dataitems": {
		"32 octets lus 0020": {
		"ref": true, 
		"firstbyte": 3
		}
	}, 
	"deny_sds": [], 
	"minbytes": 34, 
	"sentbytes": "3253A00020", 
	"name": "mapping memoire 0020"
	}, 
	{
	"sendbyte_dataitems": {
		"s\u00e9lection Satellite passager": {
		"bitoffset": 2, 
		"ref": true, 
		"firstbyte": 2
		}, 
		"s\u00e9lectionAirbag lat\u00e9ral passager": {
		"ref": true, 
		"firstbyte": 2
		}, 
		"s\u00e9lection Pr\u00e9tensionneurs avant": {
		"bitoffset": 7, 
		"ref": true, 
		"firstbyte": 2
		}, 
		"s\u00e9lection Airbag frontal passager": {
		"bitoffset": 5, 
		"ref": true, 
		"firstbyte": 2
		}, 
		"s\u00e9lection Satellite conducteur": {
		"bitoffset": 3, 
		"ref": true, 
		"firstbyte": 2
		}, 
		"s\u00e9lection Airbag lat\u00e9ral conducteur": {
		"bitoffset": 1, 
		"ref": true, 
		"firstbyte": 2
		}, 
		"s\u00e9lection D\u00e9tection pr\u00e9sence passager avant": {
		"bitoffset": 4, 
		"ref": true, 
		"firstbyte": 2
		}, 
		"s\u00e9lection Sortie liaison choc": {
		"bitoffset": 7, 
		"ref": true, 
		"firstbyte": 3
		}, 
		"s\u00e9lection Airbag frontal conducteur": {
		"bitoffset": 6, 
		"ref": true, 
		"firstbyte": 2
		}
	}, 
	"deny_sds": [], 
	"minbytes": 3, 
	"sentbytes": "46F700", 
	"name": "Configuration UCE"
	}, 
	{
	"receivebyte_dataitems": {
		"32 octets lus 01A0": {
		"ref": true, 
		"firstbyte": 3
		}
	}, 
	"deny_sds": [], 
	"minbytes": 34, 
	"sentbytes": "3253A001C0", 
	"name": "mapping memoire 01A0"
	}, 
	{
	"receivebyte_dataitems": {
		"R\u00e9ponse salve n\u00b03": {
		"ref": true, 
		"firstbyte": 1
		}
	}, 
	"deny_sds": [], 
	"minbytes": 24, 
	"sentbytes": "3152", 
	"name": "salve 3"
	}, 
	{
	"name": "Salve n\u00b01  identification UCE", 
	"deny_sds": [], 
	"receivebyte_dataitems": {
		"D\u00e9tection pr\u00e9sence passager avant": {
		"bitoffset": 4, 
		"ref": true, 
		"firstbyte": 11
		}, 
		"Airbag lat\u00e9ral passager": {
		"ref": true, 
		"firstbyte": 11
		}, 
		"Nombre effacement EEPROM": {
		"ref": true, 
		"firstbyte": 17
		}, 
		"Etat du syst\u00e8me": {
		"ref": true, 
		"firstbyte": 16
		}, 
		"Jour-Mois-Si\u00e8cle-Ann\u00e9e SIDU PSG": {
		"ref": true, 
		"firstbyte": 30
		}, 
		"Satellite conducteur": {
		"bitoffset": 3, 
		"ref": true, 
		"firstbyte": 11
		}, 
		"N\u00b0 de lot de param\u00e8tres de mise \u00e0 feu": {
		"ref": true, 
		"firstbyte": 18
		}, 
		"Mois du dernier effacement EEPROM": {
		"ref": true, 
		"firstbyte": 14
		}, 
		"N\u00b0 s\u00e9rie fabrication SIDU CDC": {
		"ref": true, 
		"firstbyte": 25
		}, 
		"N\u00b0 s\u00e9rie fabrication SIDU PSG": {
		"ref": true, 
		"firstbyte": 34
		}, 
		"Pannes permanentes m\u00e9moris\u00e9es": {
		"bitoffset": 7, 
		"ref": true, 
		"firstbyte": 16
		}, 
		"Configuration du syst\u00e8me": {
		"ref": true, 
		"firstbyte": 11
		}, 
		"Airbag lat\u00e9ral conducteur": {
		"bitoffset": 1, 
		"ref": true, 
		"firstbyte": 11
		}, 
		"Sortie liaison choc pr\u00e9sente": {
		"bitoffset": 3, 
		"ref": true, 
		"firstbyte": 18
		}, 
		"Ann\u00e9e du dernier effacement EEPROM": {
		"ref": true, 
		"firstbyte": 15
		}, 
		"Ann\u00e9e fabrication SIDU CDC": {
		"ref": true, 
		"firstbyte": 24
		}, 
		"Voyant allum\u00e9 au moment du choc": {
		"bitoffset": 5, 
		"ref": true, 
		"firstbyte": 16
		}, 
		"Mois fabrication SIDU PSG": {
		"ref": true, 
		"firstbyte": 31
		}, 
		"Code identification du satellite SIDU CDC": {
		"ref": true, 
		"firstbyte": 19
		}, 
		"Arming sensor XY non ferm\u00e9 apr\u00e8s crash": {
		"ref": true, 
		"firstbyte": 16
		}, 
		"Mois fabrication SIDU CDC": {
		"ref": true, 
		"firstbyte": 22
		}, 
		"Si\u00e8cle fabrication SIDU PSG": {
		"ref": true, 
		"firstbyte": 32
		}, 
		"S\u00e9lection salve n\u00b01": {
		"ref": true, 
		"firstbyte": 2
		}, 
		"Code identification du satellite SIDU PSG": {
		"ref": true, 
		"firstbyte": 28
		}, 
		"Ann\u00e9e fabrication SIDU PSG": {
		"ref": true, 
		"firstbyte": 33
		}, 
		"Airbag frontal conducteur": {
		"bitoffset": 6, 
		"ref": true, 
		"firstbyte": 11
		}, 
		"Vesion logicielle et \u00e9lectronique": {
		"ref": true, 
		"firstbyte": 4
		}, 
		"Airbag passager frontal inhib\u00e9 par protocole": {
		"bitoffset": 2, 
		"ref": true, 
		"firstbyte": 18
		}, 
		"Jour fabrication SIDU PSG": {
		"ref": true, 
		"firstbyte": 30
		}, 
		"Indice version SIDU CDC pour le code v\u00e9hicule": {
		"ref": true, 
		"firstbyte": 20
		}, 
		"Boitier verrouill\u00e9 apr\u00e8s crash": {
		"bitoffset": 3, 
		"ref": true, 
		"firstbyte": 16
		}, 
		"Jour fabrication SIDU CDC": {
		"ref": true, 
		"firstbyte": 21
		}, 
		"Jour du dernier effacement EEPROM": {
		"ref": true, 
		"firstbyte": 13
		}, 
		"Indice N\u00b0 RENAULT": {
		"ref": true, 
		"firstbyte": 10
		}, 
		"Num\u00e9ro fournisseur": {
		"ref": true, 
		"firstbyte": 3
		}, 
		"Si\u00e8cle fabrication SIDU CDC": {
		"ref": true, 
		"firstbyte": 23
		}, 
		"Pannes fugitives m\u00e9moris\u00e9es": {
		"bitoffset": 6, 
		"ref": true, 
		"firstbyte": 16
		}, 
		"Satellite passager": {
		"bitoffset": 2, 
		"ref": true, 
		"firstbyte": 11
		}, 
		"Version logicielle": {
		"bitoffset": 4, 
		"ref": true, 
		"firstbyte": 4
		}, 
		"type v\u00e9hicule hote": {
		"ref": true, 
		"firstbyte": 12
		}, 
		"N\u00b0 lot de param\u00e8tres de mise \u00e0 feu par r\u00e9f\u00e9rence 7700XXXXXX": {
		"bitoffset": 4, 
		"ref": true, 
		"firstbyte": 18
		}, 
		"Airbag frontal passager": {
		"bitoffset": 5, 
		"ref": true, 
		"firstbyte": 11
		}, 
		"Version \u00e9lectronique": {
		"ref": true, 
		"firstbyte": 4
		}, 
		"Pr\u00e9tensionneurs avant": {
		"bitoffset": 7, 
		"ref": true, 
		"firstbyte": 11
		}, 
		"EEPROM modifi\u00e9e par protocole externe": {
		"bitoffset": 1, 
		"ref": true, 
		"firstbyte": 16
		}, 
		"N\u00b0 RENAULT": {
		"ref": true, 
		"firstbyte": 5
		}, 
		"Jour-Mois-Si\u00e8cle-Ann\u00e9e SIDU CDC": {
		"ref": true, 
		"firstbyte": 21
		}, 
		"Indice version SIDU PSG pour le code v\u00e9hicule": {
		"ref": true, 
		"firstbyte": 29
		}, 
		"Boitier verrouill\u00e9 sur demande de la messagerie": {
		"bitoffset": 4, 
		"ref": true, 
		"firstbyte": 16
		}
	}, 
	"sendbyte_dataitems": {
		"Mode de diagnostic Salve n\u00b01": {
		"ref": true, 
		"firstbyte": 1
		}
	}, 
	"minbytes": 36, 
	"sentbytes": "3150"
	}, 
	{
	"deny_sds": [], 
	"minbytes": 1, 
	"sentbytes": "3F", 
	"name": "Fin de communication"
	}, 
	{
	"deny_sds": [], 
	"minbytes": 1, 
	"sentbytes": "45", 
	"name": "R\u00e9initialisation EEPROM"
	}, 
	{
	"receivebyte_dataitems": {
		"32 octets lus 01C0": {
		"ref": true, 
		"firstbyte": 3
		}
	}, 
	"deny_sds": [], 
	"minbytes": 34, 
	"sentbytes": "3253A001C0", 
	"name": "mapping memoire 01C0"
	}, 
	{
	"sendbyte_dataitems": {
		"ETATUCE": {
		"ref": true, 
		"firstbyte": 3
		}
	}, 
	"deny_sds": [], 
	"minbytes": 1, 
	"sentbytes": "6150FF", 
	"name": "Etat lignes de mise \u00e0 feu"
	}, 
	{
	"deny_sds": [], 
	"minbytes": 1, 
	"sentbytes": "44", 
	"name": "Test chien de garde"
	}, 
	{
	"sendbyte_dataitems": {
		"JJ MM AA": {
		"ref": true, 
		"firstbyte": 3
		}
	}, 
	"deny_sds": [], 
	"minbytes": 1, 
	"sentbytes": "4052000000", 
	"name": "M\u00e9morisation en EEPROM date intervention"
	}, 
	{
	"sendbyte_dataitems": {
		"Configuration 1 satellite CDC": {
		"ref": true, 
		"firstbyte": 2
		}, 
		"Configuration 1 satellite PSG": {
		"ref": true, 
		"firstbyte": 3
		}
	}, 
	"deny_sds": [], 
	"minbytes": 1, 
	"sentbytes": "470000", 
	"name": "Configuration signature satellites"
	}
], 
"data": {
	"8eme octet lu": {
	"byte": true
	}, 
	"Circuit ouvert airbag lat\u00e9ral passager": {
	"scaled": true, 
	"bitscount": 1
	}, 
	"Court-circuit airbag frontal passager": {
	"scaled": true, 
	"bitscount": 1
	}, 
	"Valeur instantan\u00e9e imp\u00e9dance airbag frontal conducteur": {
	"scaled": true, 
	"step": 0.195, 
	"unit": "Ohms", 
	"format": "0.00"
	}, 
	"D\u00e9faut capteur n\u00b03 fugitif": {
	"scaled": true, 
	"bitscount": 1
	}, 
	"Satellite conducteur": {
	"scaled": true, 
	"bitscount": 1
	}, 
	"14eme octet lu": {
	"byte": true
	}, 
	"15eme octet lu": {
	"byte": true
	}, 
	"N\u00b0 s\u00e9rie fabrication SIDU CDC": {
	"bytescount": 3, 
	"byte": true, 
	"bitscount": 24
	}, 
	"Valeur instantan\u00e9e imp\u00e9dance airbag frontal passager": {
	"scaled": true, 
	"step": 0.195, 
	"unit": "Ohms", 
	"format": "0.00"
	}, 
	"Circuit ouvert fugitif airbag lat\u00e9ral passager": {
	"scaled": true, 
	"bitscount": 1
	}, 
	"D\u00e9fauts alimentation et d\u00e9fauts internes au calculateur fugitifs": {
	"scaled": true
	}, 
	"Court-circuit fugitif airbag lat\u00e9ral conducteur": {
	"scaled": true, 
	"bitscount": 1
	}, 
	"D\u00e9faut boitier satellite passager fugitif": {
	"scaled": true, 
	"bitscount": 1
	}, 
	"32 octets lus 01C0": {
	"bytescount": 32, 
	"byte": true, 
	"bitscount": 256
	}, 
	"32 octets lus 00E0": {
	"bytescount": 32, 
	"byte": true, 
	"bitscount": 256
	}, 
	"D\u00e9faut permanent des lignes airbags frontaux": {
	"scaled": true
	}, 
	"Arming sensor non ferm\u00e9 au moment du crash": {
	"scaled": true, 
	"bitscount": 1
	}, 
	"Nombre effacement EEPROM": {
	"byte": true
	}, 
	"D\u00e9faut de communication avec satellite passager fugitif": {
	"scaled": true, 
	"bitscount": 1
	}, 
	"Identification satellite PSG non conforme auparavant": {
	"scaled": true, 
	"bitscount": 1
	}, 
	"Fuite au 0 V fugitive airbag frontal passager": {
	"scaled": true, 
	"bitscount": 1
	}, 
	"N\u00b0 lot de param\u00e8tres de mise \u00e0 feu par r\u00e9f\u00e9rence 7700XXXXXX": {
	"scaled": true, 
	"bitscount": 4
	}, 
	"Fuite au + 12 V fugitive airbag frontal passager": {
	"scaled": true, 
	"bitscount": 1
	}, 
	"Valeur instantan\u00e9e capacit\u00e9 r\u00e9serve d \u00e9nergie": {
	"scaled": true, 
	"step": 8.68, 
	"unit": "\u00b5F", 
	"format": "0.00"
	}, 
	"D\u00e9faut EEPROM": {
	"scaled": true, 
	"bitscount": 1
	}, 
	"Valeur instantan\u00e9e fuite au 0 V pr\u00e9tensionneurs": {
	"byte": true
	}, 
	"32 octets lus 0060": {
	"bytescount": 32, 
	"byte": true, 
	"bitscount": 256
	}, 
	"Fuite au 0 V fugitive airbag lat\u00e9ral conducteur": {
	"scaled": true, 
	"bitscount": 1
	}, 
	"Fuite au 0 V fugitive airbag frontal conducteur": {
	"scaled": true, 
	"bitscount": 1
	}, 
	"32 octets lus 0140": {
	"bytescount": 32, 
	"byte": true, 
	"bitscount": 256
	}, 
	"Fuite au + 12 V pr\u00e9tensionneurs": {
	"scaled": true, 
	"bitscount": 1
	}, 
	"Ligne PWM perturb\u00e9e cot\u00e9 passager": {
	"scaled": true, 
	"bitscount": 1
	}, 
	"7eme octet lu": {
	"byte": true
	}, 
	"D\u00e9faut chien de garde externe": {
	"scaled": true, 
	"bitscount": 1
	}, 
	"32 octets lus 0000": {
	"bytescount": 32, 
	"byte": true, 
	"bitscount": 256
	}, 
	"Etat fugitif de la ligne t\u00e9moin d alerte": {
	"scaled": true, 
	"bitscount": 3
	}, 
	"Etat airbag frontal passager": {
	"bitscount": 1, 
	"lists": {
		"0": "airbag frontal PSG non inhib\u00e9", 
		"1": "airbag frontal PSG inhib\u00e9"
	}
	}, 
	"Jour fabrication SIDU CDC": {
	"byte": true
	}, 
	"Circuit ouvert fugitif pr\u00e9tensionneurs": {
	"scaled": true, 
	"bitscount": 1
	}, 
	"Fuite au + 12 V fugitive airbag lat\u00e9ral conducteur": {
	"scaled": true, 
	"bitscount": 1
	}, 
	"18eme octet lu": {
	"byte": true
	}, 
	"19eme octet lu": {
	"byte": true
	}, 
	"Circuit ouvert airbag frontal passager": {
	"scaled": true, 
	"bitscount": 1
	}, 
	"2eme octet lu": {
	"byte": true
	}, 
	"Satellite passager": {
	"scaled": true, 
	"bitscount": 1
	}, 
	"Circuit ouvert fugif airbag lat\u00e9ral conducteur": {
	"scaled": true, 
	"bitscount": 1
	}, 
	"Version logicielle": {
	"scaled": true, 
	"bitscount": 4
	}, 
	"32 octets lus 0080": {
	"bytescount": 32, 
	"byte": true, 
	"bitscount": 256
	}, 
	"D\u00e9faut capteur n\u00b02 fugitif": {
	"scaled": true, 
	"bitscount": 1
	}, 
	"Court-circuit fugitif airbag frontal conducteur": {
	"scaled": true, 
	"bitscount": 1
	}, 
	"D\u00e9faut transistor de mise \u00e0 feu airbag lat\u00e9ral passager": {
	"scaled": true, 
	"bitscount": 1
	}, 
	"Fuite au 0 V airbag lat\u00e9ral conducteur": {
	"scaled": true, 
	"bitscount": 1
	}, 
	"Etat fugitif des lignes pr\u00e9tensionneurs": {
	"scaled": true
	}, 
	"Fuite au 0 V fugitive airbag lat\u00e9ral passager": {
	"scaled": true, 
	"bitscount": 1
	}, 
	"DPP d\u00e9tect\u00e9 sur boitier configur\u00e9 sans": {
	"scaled": true, 
	"bitscount": 1
	}, 
	"30eme octet lu": {
	"byte": true
	}, 
	"Configuration du syst\u00e8me": {
	"scaled": true
	}, 
	"Fuite au 0 V airbag lat\u00e9ral passager": {
	"scaled": true, 
	"bitscount": 1
	}, 
	"Court-circuit ou fuite au + 12 V fugitifs t\u00e9moin d alerte": {
	"scaled": true, 
	"bitscount": 1
	}, 
	"D\u00e9fauts des satellites avant fugitifs": {
	"scaled": true
	}, 
	"28eme octet lu": {
	"byte": true
	}, 
	"D\u00e9faut transistor de mise \u00e0 feu airbag lat\u00e9ral conducteur": {
	"scaled": true, 
	"bitscount": 1
	}, 
	"6eme octet lu": {
	"byte": true
	}, 
	"Ligne PWM perturb\u00e9e cot\u00e9 conducteur fugitivement": {
	"scaled": true, 
	"bitscount": 1
	}, 
	"Court-circuit fugitif airbag lat\u00e9ral passager": {
	"scaled": true, 
	"bitscount": 1
	}, 
	"D\u00e9tection pr\u00e9sence passager avant": {
	"scaled": true, 
	"bitscount": 1
	}, 
	"D\u00e9faut permanent des lignes pr\u00e9tensionneurs": {
	"scaled": true
	}, 
	"Airbag passager frontal inhib\u00e9 par protocole": {
	"scaled": true, 
	"bitscount": 1
	}, 
	"S\u00e9lection de la salve n\u00b03": {
	"byte": true
	}, 
	"Configur\u00e9 avec satellite passager sans airbag lat\u00e9ral passager": {
	"scaled": true, 
	"bitscount": 1
	}, 
	"26eme octet lu": {
	"byte": true
	}, 
	"Si\u00e8ge enfant face \u00e0 la route": {
	"scaled": true, 
	"bitscount": 1
	}, 
	"D\u00e9faut capteur n\u00b01": {
	"scaled": true, 
	"bitscount": 1
	}, 
	"D\u00e9faut capteur n\u00b03": {
	"scaled": true, 
	"bitscount": 1
	}, 
	"D\u00e9faut capteur n\u00b02": {
	"scaled": true, 
	"bitscount": 1
	}, 
	"Etat fugitif des lignes airbags frontaux": {
	"scaled": true
	}, 
	"Configuration 1 satellite CDC": {
	"scaled": true
	}, 
	"Airbag lat\u00e9ral conducteur": {
	"scaled": true, 
	"bitscount": 1
	}, 
	"3eme octet lu": {
	"byte": true
	}, 
	"S\u00e9lection de la salve n\u00b02": {
	"byte": true
	}, 
	"5eme octet lu": {
	"byte": true
	}, 
	"Configur\u00e9 avec satellite conducteur sans airbag lat\u00e9ral conducteur": {
	"scaled": true, 
	"bitscount": 1
	}, 
	"D\u00e9faut permanent de la ligne t\u00e9moin d alerte": {
	"scaled": true
	}, 
	"D\u00e9faut Vc \u00e9nergie syst\u00e8me": {
	"scaled": true, 
	"bitscount": 1
	}, 
	"Si\u00e8ge enfant dos \u00e0 la route": {
	"scaled": true, 
	"bitscount": 1
	}, 
	"Mois fabrication SIDU PSG": {
	"byte": true
	}, 
	"D\u00e9fauts permanents satellites avant": {
	"scaled": true
	}, 
	"adresse de d\u00e9part": {
	"bytescount": 2, 
	"byte": true, 
	"bitscount": 16
	}, 
	"Fuite au + 12 V fugitive airbag frontal conducteur": {
	"scaled": true, 
	"bitscount": 1
	}, 
	"32 octets lus 0120": {
	"bytescount": 32, 
	"byte": true, 
	"bitscount": 256
	}, 
	"Si\u00e8cle fabrication SIDU PSG": {
	"byte": true
	}, 
	"Circuit ouvert pr\u00e9tensionneurs": {
	"scaled": true, 
	"bitscount": 1
	}, 
	"22eme octet lu": {
	"byte": true
	}, 
	"Code identification du satellite SIDU PSG": {
	"byte": true
	}, 
	"Fuite au 0 V fugitive pr\u00e9tensionneurs": {
	"scaled": true, 
	"bitscount": 1
	}, 
	"29eme octet lu": {
	"byte": true
	}, 
	"s\u00e9lection Airbag lat\u00e9ral conducteur": {
	"bitscount": 1, 
	"lists": {
		"0": "sans", 
		"1": "avec"
	}
	}, 
	"Configur\u00e9 avec DPP sans airbag passager": {
	"scaled": true, 
	"bitscount": 1
	}, 
	"s\u00e9lection m\u00e9moire et nombre octets lus": {
	"byte": true
	}, 
	"Mode de diagnostic salve n\u00b03": {
	"lists": {
		"49": "Mode APV", 
		"50": "Mode Etude", 
		"51": "Mode Usine"
	}
	}, 
	"D\u00e9faut de communication avec satellite conducteur fugitif": {
	"scaled": true, 
	"bitscount": 1
	}, 
	"Zone m\u00e9moire": {
	"bitscount": 1, 
	"lists": {
		"0": "RAM", 
		"1": "EEPROM"
	}
	}, 
	"Fuite au + 12 V fugitive airbag lat\u00e9ral passager": {
	"scaled": true, 
	"bitscount": 1
	}, 
	"Boitier verrouill\u00e9 apr\u00e8s crash": {
	"scaled": true, 
	"bitscount": 1
	}, 
	"Circuit ouvert fugitif airbag frontal passager": {
	"scaled": true, 
	"bitscount": 1
	}, 
	"13eme octet lu": {
	"byte": true
	}, 
	"Indice N\u00b0 RENAULT": {
	"byte": true
	}, 
	"20eme octet lu": {
	"byte": true
	}, 
	"32 octets lus": {
	"bytescount": 32, 
	"byte": true, 
	"bitscount": 256
	}, 
	"Valeur instantan\u00e9e fuite au 0 V airbag lat\u00e9ral passager": {
	"byte": true
	}, 
	"32 octets lus 0180": {
	"bytescount": 32, 
	"byte": true, 
	"bitscount": 256
	}, 
	"Attente de configuration satellite": {
	"scaled": true, 
	"bitscount": 1
	}, 
	"Circuit ouvert airbag frontal conducteur": {
	"scaled": true, 
	"bitscount": 1
	}, 
	"Boitier verrouill\u00e9 sur demande de la messagerie": {
	"scaled": true, 
	"bitscount": 1
	}, 
	"Mois du dernier effacement EEPROM": {
	"byte": true
	}, 
	"Circuit ouvert airbag lat\u00e9ral conducteur": {
	"scaled": true, 
	"bitscount": 1
	}, 
	"D\u00e9faut alimentation boitier DPP": {
	"scaled": true, 
	"bitscount": 1
	}, 
	"D\u00e9faut C condensateur syst\u00e8me": {
	"scaled": true, 
	"bitscount": 1
	}, 
	"Valeur instantan\u00e9e fuite au +12 V airbag lat\u00e9ral passager": {
	"byte": true
	}, 
	"32 octets lus 01A0": {
	"bytescount": 32, 
	"byte": true, 
	"bitscount": 256
	}, 
	"D\u00e9faut transistor de mise \u00e0 feu pr\u00e9tensionneurs conducteur et passager": {
	"scaled": true, 
	"bitscount": 1
	}, 
	"10eme octet lu": {
	"byte": true
	}, 
	"11eme octet lu": {
	"byte": true
	}, 
	"Indice version SIDU PSG pour le code v\u00e9hicule": {
	"byte": true
	}, 
	"23eme octet lu": {
	"byte": true
	}, 
	"D\u00e9faut permanent de la ligne t\u00e9moin d inhibition": {
	"scaled": true
	}, 
	"Court-circuit ou fuite au + 12 V t\u00e9moin d alerte": {
	"scaled": true, 
	"bitscount": 1
	}, 
	"Valeur instantan\u00e9e fuite au + 12 V airbag lat\u00e9ral conducteur": {
	"byte": true
	}, 
	"Fuite au 0 V airbag frontal passager": {
	"scaled": true, 
	"bitscount": 1
	}, 
	"ETATUCE": {
	"lists": {
		"0": "D\u00e9verrouillage", 
		"255": "Verrouillage"
	}
	}, 
	"Anomalie \u00e9lectronique interne fugitive": {
	"scaled": true, 
	"bitscount": 1
	}, 
	"Erreur de communication avec DPP": {
	"scaled": true, 
	"bitscount": 1
	}, 
	"Court-circuit airbag lat\u00e9ral passager": {
	"scaled": true, 
	"bitscount": 1
	}, 
	"Sortie liaison choc pr\u00e9sente": {
	"scaled": true, 
	"bitscount": 1
	}, 
	"Pannes permanentes m\u00e9moris\u00e9es": {
	"scaled": true, 
	"bitscount": 1
	}, 
	"Court-circuit ou fuite au + 12 V fugitifs t\u00e9moin d inhibition": {
	"scaled": true, 
	"bitscount": 1
	}, 
	"32 octets lus 0100": {
	"bytescount": 32, 
	"byte": true, 
	"bitscount": 256
	}, 
	"Circuit ouvert ou fuite au 0 V fugitifs t\u00e9moin d inhibition": {
	"scaled": true, 
	"bitscount": 1
	}, 
	"Passager pr\u00e9sent": {
	"scaled": true, 
	"bitscount": 1
	}, 
	"Arming sensor XY ferm\u00e9 en roulage": {
	"scaled": true, 
	"bitscount": 1
	}, 
	"Fuite au + 12 V airbag lat\u00e9ral passager": {
	"scaled": true, 
	"bitscount": 1
	}, 
	"Court-circuit fugitif airbag frontal passager": {
	"scaled": true, 
	"bitscount": 1
	}, 
	"Nb octets \u00e0 lire": {
	"scaled": true, 
	"bitscount": 6
	}, 
	"D\u00e9faut boitier satellite passager": {
	"scaled": true, 
	"bitscount": 1
	}, 
	"Ann\u00e9e fabrication SIDU CDC": {
	"byte": true
	}, 
	"D\u00e9faut permanent des lignes airbags lat\u00e9raux": {
	"scaled": true
	}, 
	"D\u00e9fauts de configuration": {
	"scaled": true
	}, 
	"Court-circuit ou fuite au +12 V t\u00e9moin d inhibition": {
	"scaled": true, 
	"bitscount": 1
	}, 
	"s\u00e9lection Airbag frontal conducteur": {
	"bitscount": 1, 
	"lists": {
		"0": "sans", 
		"1": "avec"
	}
	}, 
	"Circuit ouvert ou fuite au 0 V t\u00e9moin d alerte": {
	"scaled": true, 
	"bitscount": 1
	}, 
	"s\u00e9lection Pr\u00e9tensionneurs avant": {
	"bitscount": 1, 
	"lists": {
		"0": "sans", 
		"1": "avec"
	}
	}, 
	"Identification satellite CDC non conforme": {
	"scaled": true, 
	"bitscount": 1
	}, 
	"Ligne PWM perturb\u00e9e cot\u00e9 conducteur": {
	"scaled": true, 
	"bitscount": 1
	}, 
	"Jour-Mois-Si\u00e8cle-Ann\u00e9e SIDU PSG": {
	"bytescount": 4, 
	"byte": true, 
	"bitscount": 32
	}, 
	"D\u00e9faut boitier DPP fugitif": {
	"scaled": true, 
	"bitscount": 1
	}, 
	"Anomalie \u00e9lectronique interne": {
	"scaled": true, 
	"bitscount": 1
	}, 
	"s\u00e9lection Airbag frontal passager": {
	"bitscount": 1, 
	"lists": {
		"0": "sans", 
		"1": "avec"
	}
	}, 
	"R\u00e9ponse salve n\u00b02": {
	"bytescount": 18, 
	"byte": true, 
	"bitscount": 144
	}, 
	"Pas de communication avec satellite conducteur": {
	"scaled": true, 
	"bitscount": 1
	}, 
	"Identification satellite PSG non conforme": {
	"scaled": true, 
	"bitscount": 1
	}, 
	"R\u00e9ponse salve n\u00b03": {
	"bytescount": 24, 
	"byte": true, 
	"bitscount": 192
	}, 
	"Ann\u00e9e fabrication SIDU PSG": {
	"byte": true
	}, 
	"R\u00e9ponse salve n\u00b01": {
	"bytescount": 36, 
	"byte": true, 
	"bitscount": 288
	}, 
	"D\u00e9fauts permanents syst\u00e8me DPP avant": {
	"scaled": true
	}, 
	"Faible charge d\u00e9tect\u00e9e": {
	"scaled": true, 
	"bitscount": 1
	}, 
	"Ann\u00e9e du dernier effacement EEPROM": {
	"byte": true
	}, 
	"Fuite au + 12 V airbag lat\u00e9ral conducteur": {
	"scaled": true, 
	"bitscount": 1
	}, 
	"32 octets lus 0020": {
	"bytescount": 32, 
	"byte": true, 
	"bitscount": 256
	}, 
	"Jour fabrication SIDU PSG": {
	"byte": true
	}, 
	"Trop de micro-coupures fugitives": {
	"scaled": true, 
	"bitscount": 1
	}, 
	"Circuit ouvert ou fuite au 0 V t\u00e9moin d inhibition": {
	"scaled": true, 
	"bitscount": 1
	}, 
	"D\u00e9fauts permanents alimentation et d\u00e9fauts internes": {
	"scaled": true
	}, 
	"Si\u00e8cle fabrication SIDU CDC": {
	"byte": true
	}, 
	"Identification satellite CDC non conforme auparavant": {
	"scaled": true, 
	"bitscount": 1
	}, 
	"s\u00e9lection D\u00e9tection pr\u00e9sence passager avant": {
	"bitscount": 1, 
	"lists": {
		"0": "sans", 
		"1": "avec"
	}
	}, 
	"Valeur instantan\u00e9e fuite au + 12 V pr\u00e9tensionneurs": {
	"byte": true
	}, 
	"Airbag frontal conducteur": {
	"scaled": true, 
	"bitscount": 1
	}, 
	"Mois fabrication SIDU CDC": {
	"byte": true
	}, 
	"Valeur instantan\u00e9e fuite au 0 V  airbag frontal conducteur": {
	"byte": true
	}, 
	"type v\u00e9hicule hote": {
	"byte": true
	}, 
	"D\u00e9faut boitier satellite conducteur": {
	"scaled": true, 
	"bitscount": 1
	}, 
	"Court-circuit airbag frontal conducteur": {
	"scaled": true, 
	"bitscount": 1
	}, 
	"Vesion logicielle et \u00e9lectronique": {
	"scaled": true
	}, 
	"Pr\u00e9tensionneurs avant": {
	"scaled": true, 
	"bitscount": 1
	}, 
	"32 octets lus 00A0": {
	"bytescount": 32, 
	"byte": true, 
	"bitscount": 256
	}, 
	"Etat fugitif des lignes airbags lat\u00e9raux": {
	"scaled": true
	}, 
	"16eme octet lu": {
	"byte": true
	}, 
	"D\u00e9fauts boitier DPP": {
	"scaled": true, 
	"bitscount": 1
	}, 
	"Jour-Mois-Si\u00e8cle-Ann\u00e9e SIDU CDC": {
	"bytescount": 4, 
	"byte": true, 
	"bitscount": 32
	}, 
	"D\u00e9faut boitier satellite conducteur fugitif": {
	"scaled": true, 
	"bitscount": 1
	}, 
	"32 octets lus 00C0": {
	"bytescount": 32, 
	"byte": true, 
	"bitscount": 256
	}, 
	"Fuite au + 12 V airbag frontal conducteur": {
	"scaled": true, 
	"bitscount": 1
	}, 
	"N\u00b0 RENAULT": {
	"bytescount": 5, 
	"byte": true, 
	"bitscount": 40
	}, 
	"D\u00e9faut alimentation boitier DPP fugitif": {
	"scaled": true, 
	"bitscount": 1
	}, 
	"Interpr\u00e9tation du syst\u00e8me DPP": {
	"scaled": true
	}, 
	"D\u00e9faut transistor de mise \u00e0 feu airbag frontal passager": {
	"scaled": true, 
	"bitscount": 1
	}, 
	"1er octet lu": {
	"byte": true
	}, 
	"Fuite au 0 V pr\u00e9tensionneurs": {
	"scaled": true, 
	"bitscount": 1
	}, 
	"27eme octet lu": {
	"byte": true
	}, 
	"s\u00e9lection Satellite passager": {
	"bitscount": 1, 
	"lists": {
		"0": "sans", 
		"1": "avec"
	}
	}, 
	"Satellite conducteur sur boitier configur\u00e9 sans": {
	"scaled": true, 
	"bitscount": 1
	}, 
	"Si\u00e8ge enfant mal positionn\u00e9": {
	"scaled": true, 
	"bitscount": 1
	}, 
	"D\u00e9fauts syst\u00e8me DPP avant fugitifs": {
	"scaled": true
	}, 
	"Etat des capteurs": {
	"scaled": true
	}, 
	"D\u00e9faut transistor de mise \u00e0 feu airbag frontal conducteur": {
	"scaled": true, 
	"bitscount": 1
	}, 
	"Tension hors gamme fugitivement": {
	"scaled": true, 
	"bitscount": 1
	}, 
	"Fuite au 0 V airbag frontal conducteur": {
	"scaled": true, 
	"bitscount": 1
	}, 
	"N\u00b0 s\u00e9rie fabrication SIDU PSG": {
	"bytescount": 3, 
	"byte": true, 
	"bitscount": 24
	}, 
	"31eme octet lu": {
	"byte": true
	}, 
	"Etat fugitif de la ligne t\u00e9moin d inhibition": {
	"scaled": true, 
	"bitscount": 5
	}, 
	"Ligne PWM perturb\u00e9e cot\u00e9 passager fugitivement": {
	"scaled": true, 
	"bitscount": 1
	}, 
	"S\u00e9lection du diagnostic Apr\u00e8s-Vente": {
	"byte": true
	}, 
	"Mode de diagnostic Salve n\u00b02": {
	"lists": {
		"49": "Mode APV", 
		"50": "Mode Etude", 
		"51": "Mode Usine"
	}
	}, 
	"4eme octet lu": {
	"byte": true
	}, 
	"Mode de diagnostic Salve n\u00b01": {
	"lists": {
		"49": "Mode APV", 
		"50": "Mode BE", 
		"51": "Mode Usine"
	}
	}, 
	"Code identification du satellite SIDU CDC": {
	"byte": true
	}, 
	"Airbag lat\u00e9ral passager": {
	"scaled": true, 
	"bitscount": 1
	}, 
	"17eme octet lu": {
	"byte": true
	}, 
	"32 octets lus 0040": {
	"bytescount": 32, 
	"byte": true, 
	"bitscount": 256
	}, 
	"25eme octet lu": {
	"byte": true
	}, 
	"24eme octet lu": {
	"byte": true
	}, 
	"Pannes internes au calculateur n\u00b02": {
	"scaled": true
	}, 
	"S\u00e9lection salve n\u00b01": {
	"byte": true
	}, 
	"Pannes internes au calculateur n\u00b01": {
	"scaled": true
	}, 
	"Trop de micro-coupures": {
	"scaled": true, 
	"bitscount": 1
	}, 
	"D\u00e9faut RAM": {
	"scaled": true, 
	"bitscount": 1
	}, 
	"S\u00e9lection du mode diagnostic": {
	"byte": true
	}, 
	"Fuite au + 12 V fugitive pr\u00e9tensionneurs": {
	"scaled": true, 
	"bitscount": 1
	}, 
	"Acc\u00e9l\u00e9rom\u00e8tre hors gamme ou d\u00e9faillant": {
	"scaled": true, 
	"bitscount": 1
	}, 
	"Pannes fugitives m\u00e9moris\u00e9es": {
	"scaled": true, 
	"bitscount": 1
	}, 
	"9eme octet lu": {
	"byte": true
	}, 
	"Valeur tension d alimentation  +APC": {
	"scaled": true, 
	"step": 0.0784, 
	"format": "00.00", 
	"unit": "Volts", 
	"offset": 1.2
	}, 
	"12eme octet lu": {
	"byte": true
	}, 
	"Indice version SIDU CDC pour le code v\u00e9hicule": {
	"byte": true
	}, 
	"Valeur instantan\u00e9e fuite au 0 V airbag lat\u00e9ral conducteur": {
	"byte": true
	}, 
	"s\u00e9lectionAirbag lat\u00e9ral passager": {
	"bitscount": 1, 
	"lists": {
		"0": "sans", 
		"1": "avec"
	}
	}, 
	"JJ MM AA": {
	"bytescount": 3, 
	"byte": true, 
	"bitscount": 24
	}, 
	"Valeur instantan\u00e9e fuite au + 12 V airbag frontal conducteur": {
	"byte": true
	}, 
	"Erreur de configuration des allumeurs": {
	"scaled": true, 
	"bitscount": 1
	}, 
	"N\u00b0 de lot de param\u00e8tres de mise \u00e0 feu": {
	"scaled": true
	}, 
	"Circuit ouvert fugitif airbag frontal conducteur": {
	"scaled": true, 
	"bitscount": 1
	}, 
	"21eme octet lu": {
	"byte": true
	}, 
	"Fuite au + 12 V airbag frontal passager": {
	"scaled": true, 
	"bitscount": 1
	}, 
	"Num\u00e9ro fournisseur": {
	"byte": true
	}, 
	"32eme octet lu": {
	"byte": true
	}, 
	"s\u00e9lection Satellite conducteur": {
	"bitscount": 1, 
	"lists": {
		"0": "sans", 
		"1": "avec"
	}
	}, 
	"Valeur instantan\u00e9e consommation t\u00e9moin d alerte": {
	"byte": true
	}, 
	"Jour du dernier effacement EEPROM": {
	"byte": true
	}, 
	"Valeur instantan\u00e9e fuite au 0 V airbag frontal passager": {
	"byte": true
	}, 
	"Erreur de communication avec DPP fugitive": {
	"scaled": true, 
	"bitscount": 1
	}, 
	"Airbag frontal passager": {
	"scaled": true, 
	"bitscount": 1
	}, 
	"Version \u00e9lectronique": {
	"scaled": true, 
	"bitscount": 4
	}, 
	"Voyant allum\u00e9 au moment du choc": {
	"scaled": true, 
	"bitscount": 1
	}, 
	"Arming sensor XY non ferm\u00e9 apr\u00e8s crash": {
	"scaled": true, 
	"bitscount": 1
	}, 
	"EEPROM modifi\u00e9e par protocole externe": {
	"scaled": true, 
	"bitscount": 1
	}, 
	"32 octets lus 0160": {
	"bytescount": 32, 
	"byte": true, 
	"bitscount": 256
	}, 
	"Valeur instantan\u00e9e imp\u00e9dance airbag lat\u00e9ral passager": {
	"scaled": true, 
	"step": 0.195, 
	"unit": "Ohms", 
	"format": "0.00"
	}, 
	"Pas de communication avec satellite passager": {
	"scaled": true, 
	"bitscount": 1
	}, 
	"Valeur instantan\u00e9e fuite t\u00e9moin d alerte": {
	"byte": true
	}, 
	"Valeur instantan\u00e9e imp\u00e9dance airbag lat\u00e9ral conducteur": {
	"scaled": true, 
	"step": 0.195, 
	"unit": "Ohms", 
	"format": "0.00"
	}, 
	"32 octets lus 01E0": {
	"bytescount": 32, 
	"byte": true, 
	"bitscount": 256
	}, 
	"Tension hors gamme": {
	"scaled": true, 
	"bitscount": 1
	}, 
	"Circuit ouvert ou fuite au 0 V fugitifs t\u00e9moin d alerte": {
	"scaled": true, 
	"bitscount": 1
	}, 
	"Court-circuit airbag lat\u00e9ral conducteur": {
	"scaled": true, 
	"bitscount": 1
	}, 
	"Etat du syst\u00e8me": {
	"scaled": true
	}, 
	"Si\u00e8ge vide": {
	"scaled": true, 
	"bitscount": 1
	}, 
	"Satellite passager sur boitier configur\u00e9 sans": {
	"scaled": true, 
	"bitscount": 1
	}, 
	"Valeur instantan\u00e9e fuite au + 12 V airbag frontal passager": {
	"byte": true
	}, 
	"Configuration 1 satellite PSG": {
	"scaled": true
	}, 
	"D\u00e9faut capteur n\u00b01 fugitif": {
	"scaled": true, 
	"bitscount": 1
	}, 
	"Valeur instantan\u00e9e tension r\u00e9serve d \u00e9nergie": {
	"scaled": true, 
	"step": 0.157, 
	"unit": "Volts", 
	"format": "0.00"
	}, 
	"s\u00e9lection Sortie liaison choc": {
	"bitscount": 1, 
	"lists": {
		"0": "sans", 
		"1": "avec"
	}
	}
}
}