{
"obd": {
	"baudrate": 10400, 
	"protocol": "CAN", 
	"recv_id": "7E9", 
	"funcname": "BVA", 
	"funcaddr": "6E", 
	"send_id": "7E1"
}, 
"devices": [
	{
	"dtc": 5472, 
	"devicedata": {}, 
	"dtctype": 2, 
	"name": "Ground return"
	}, 
	{
	"dtc": 1824, 
	"devicedata": {}, 
	"dtctype": 0, 
	"name": "Output speed sensor"
	}, 
	{
	"dtc": 1875, 
	"devicedata": {}, 
	"dtctype": 3, 
	"name": "Low clutch linear solenoid"
	}, 
	{
	"dtc": 1891, 
	"devicedata": {}, 
	"dtctype": 3, 
	"name": "3-5 reverse clutch linear solenoid"
	}, 
	{
	"dtc": 1894, 
	"devicedata": {}, 
	"dtctype": 0, 
	"name": "High clutch pressure switch"
	}, 
	{
	"dtc": 5976, 
	"devicedata": {}, 
	"dtctype": 3, 
	"name": "Low and reverse brake shift solenoid"
	}, 
	{
	"dtc": 1856, 
	"devicedata": {}, 
	"dtctype": 3, 
	"name": "Lock-up clutch"
	}, 
	{
	"dtc": 6208, 
	"devicedata": {}, 
	"dtctype": 3, 
	"name": "CAN transmit fault"
	}, 
	{
	"dtc": 1889, 
	"devicedata": {}, 
	"dtctype": 0, 
	"name": "3-5 reverse clutch pressure switch"
	}, 
	{
	"dtc": 1864, 
	"devicedata": {}, 
	"dtctype": 3, 
	"name": "Pressure line linear solenoid"
	}, 
	{
	"dtc": 50176, 
	"devicedata": {}, 
	"dtctype": 0, 
	"name": "CAN receive fault"
	}, 
	{
	"dtc": 1878, 
	"devicedata": {}, 
	"dtctype": 0, 
	"name": "2-6 brake pressure switch"
	}, 
	{
	"dtc": 49267, 
	"devicedata": {}, 
	"dtctype": 4, 
	"name": "CAN bus off"
	}, 
	{
	"dtc": 1840, 
	"devicedata": {}, 
	"dtctype": 4, 
	"name": "Gear ratio"
	}, 
	{
	"dtc": 1808, 
	"devicedata": {}, 
	"dtctype": 0, 
	"name": "Oil temperature sensor"
	}, 
	{
	"dtc": 1859, 
	"devicedata": {}, 
	"dtctype": 3, 
	"name": "Lock-up and low and reverse brake linear solenoid"
	}, 
	{
	"dtc": 1857, 
	"devicedata": {}, 
	"dtctype": 0, 
	"name": "Low and reverse brake pressure switch"
	}, 
	{
	"dtc": 1829, 
	"devicedata": {}, 
	"dtctype": 0, 
	"name": "CAN engine speed information invalid"
	}, 
	{
	"dtc": 1920, 
	"devicedata": {}, 
	"dtctype": 4, 
	"name": "First engine brake detection"
	}, 
	{
	"dtc": 1813, 
	"devicedata": {}, 
	"dtctype": 0, 
	"name": "Turbine speed sensor"
	}, 
	{
	"dtc": 1880, 
	"devicedata": {}, 
	"dtctype": 3, 
	"name": "2-6 brake linear solenoid"
	}, 
	{
	"dtc": 5971, 
	"devicedata": {}, 
	"dtctype": 3, 
	"name": "Low clutch shift solenoid"
	}, 
	{
	"dtc": 2195, 
	"devicedata": {}, 
	"dtctype": 4, 
	"name": "Interlock detection"
	}, 
	{
	"dtc": 1896, 
	"devicedata": {}, 
	"dtctype": 3, 
	"name": "High clutch linear solenoid"
	}, 
	{
	"dtc": 1797, 
	"devicedata": {}, 
	"dtctype": 0, 
	"name": "Lever position failure"
	}, 
	{
	"dtc": 50177, 
	"devicedata": {}, 
	"dtctype": 0, 
	"name": "CAN throttle sensor information invalid"
	}, 
	{
	"dtc": 1873, 
	"devicedata": {}, 
	"dtctype": 0, 
	"name": "Low clutch pressure switch"
	}
], 
"ecuname": "AJ0_X91_Slot_6A-10_v1", 
"autoidents": [
	{
	"diagversion": "4", 
	"supplier": "APY", 
	"version": "6A10", 
	"soft": "006A"
	}
], 
"endian": "Big", 
"requests": [
	{
	"name": "Read Freeze Frame", 
	"deny_sds": [], 
	"receivebyte_dataitems": {
		"Oil temperature": {
		"firstbyte": 11
		}, 
		"Battery voltage": {
		"firstbyte": 16
		}, 
		"Turbine speed": {
		"firstbyte": 5
		}, 
		"Vehicle speed": {
		"firstbyte": 8
		}, 
		"Mean effective torque calculated by the Gearbox (%)": {
		"firstbyte": 15
		}, 
		"Engine coolant temperature (\u00b0C)": {
		"firstbyte": 9
		}, 
		"Engine speed": {
		"firstbyte": 3
		}, 
		"Oil pressure": {
		"firstbyte": 10
		}, 
		"Initial gear ratio": {
		"firstbyte": 12
		}, 
		"Final gear ratio": {
		"bitoffset": 4, 
		"firstbyte": 12
		}, 
		"Shift lever position": {
		"bitoffset": 4, 
		"firstbyte": 13
		}
	}, 
	"sendbyte_dataitems": {
		"FFN": {
		"firstbyte": 2
		}, 
		"FirstDTC": {
		"firstbyte": 4
		}
	}, 
	"minbytes": 19, 
	"sentbytes": "1200040000"
	}, 
	{
	"name": "Output Control", 
	"replybytes": "700000", 
	"deny_sds": [], 
	"manualsend": true, 
	"receivebyte_dataitems": {
		"Output Control Status": {
		"firstbyte": 3
		}
	}, 
	"sendbyte_dataitems": {
		"Output Control Command": {
		"firstbyte": 3
		}, 
		"Output Temporary Control List": {
		"firstbyte": 2
		}
	}, 
	"minbytes": 3, 
	"sentbytes": "300000"
	}, 
	{
	"sentbytes": "300A00", 
	"deny_sds": [], 
	"minbytes": 1, 
	"manualsend": true, 
	"name": "All output solenoids control"
	}, 
	{
	"name": "Start Diagnostic Session", 
	"deny_sds": [], 
	"manualsend": true, 
	"sendbyte_dataitems": {
		"Session Name": {
		"firstbyte": 2
		}
	}, 
	"minbytes": 2, 
	"sentbytes": "10C0"
	}, 
	{
	"receivebyte_dataitems": {
		"GroupOfDiagnosticInformation": {
		"firstbyte": 2
		}
	}, 
	"deny_sds": [
		"nosds"
	], 
	"minbytes": 3, 
	"sentbytes": "14FF00", 
	"name": "Clear Diagnostic Information"
	}, 
	{
	"receivebyte_dataitems": {
		"Supplier production line": {
		"firstbyte": 6
		}, 
		"Date of production": {
		"firstbyte": 7
		}, 
		"Supplier number": {
		"firstbyte": 3
		}, 
		"Production number": {
		"firstbyte": 13
		}
	}, 
	"deny_sds": [], 
	"minbytes": 22, 
	"sentbytes": "2184", 
	"name": "Tracability"
	}, 
	{
	"receivebyte_dataitems": {
		"2-6 brake pressure switch": {
		"bitoffset": 5, 
		"firstbyte": 3
		}, 
		"Lever inhibitor switch R": {
		"bitoffset": 6, 
		"firstbyte": 4
		}, 
		"Lever inhibitor switch P": {
		"bitoffset": 7, 
		"firstbyte": 4
		}, 
		"Turbine speed": {
		"firstbyte": 7
		}, 
		"Vehicle speed": {
		"firstbyte": 6
		}, 
		"Oil temperature": {
		"firstbyte": 9
		}, 
		"Manual mode": {
		"bitoffset": 2, 
		"firstbyte": 4
		}, 
		"Brake switch": {
		"bitoffset": 5, 
		"firstbyte": 5
		}, 
		"Battery voltage": {
		"firstbyte": 10
		}, 
		"3-5 reverse clutch pressure switch": {
		"bitoffset": 6, 
		"firstbyte": 3
		}, 
		"Low and reverse brake pressure switch": {
		"bitoffset": 3, 
		"firstbyte": 3
		}, 
		"Oil pressure": {
		"firstbyte": 11
		}, 
		"Lever inhibitor switch D": {
		"bitoffset": 4, 
		"firstbyte": 4
		}, 
		"Engine speed": {
		"firstbyte": 12
		}, 
		"Lever inhibitor switch N": {
		"bitoffset": 5, 
		"firstbyte": 4
		}, 
		"Low clutch pressure switch": {
		"bitoffset": 7, 
		"firstbyte": 3
		}, 
		"High clutch pressure switch": {
		"bitoffset": 4, 
		"firstbyte": 3
		}
	}, 
	"deny_sds": [], 
	"minbytes": 13, 
	"sentbytes": "21A2", 
	"name": "ATCU Inputs Outputs management frame"
	}, 
	{
	"receivebyte_dataitems": {
		"Producer ECM absent": {
		"ref": true, 
		"firstbyte": 7
		}, 
		"Bus off parameter": {
		"ref": true, 
		"firstbyte": 5
		}, 
		"Mux messaging reference": {
		"ref": true, 
		"firstbyte": 3
		}, 
		"Producer ACC absent": {
		"ref": true, 
		"firstbyte": 13
		}, 
		"Producer ABS absent": {
		"ref": true, 
		"firstbyte": 8
		}, 
		"Producer AT AJ0": {
		"ref": true, 
		"firstbyte": 15
		}, 
		"Mute module parameter": {
		"ref": true, 
		"firstbyte": 6
		}, 
		"Producer BCM absent": {
		"ref": true, 
		"firstbyte": 10
		}
	}, 
	"deny_sds": [], 
	"minbytes": 62, 
	"sentbytes": "2182", 
	"name": "Multiplex Network Diagnostic"
	}, 
	{
	"receivebyte_dataitems": {
		"Vehicle type": {
		"firstbyte": 3
		}, 
		"Software number": {
		"firstbyte": 7
		}, 
		"Engine type": {
		"firstbyte": 4
		}, 
		"Jatco France index": {
		"firstbyte": 9
		}, 
		"RSA index": {
		"firstbyte": 10
		}, 
		"Calibration author": {
		"firstbyte": 11
		}
	}, 
	"deny_sds": [], 
	"minbytes": 12, 
	"sentbytes": "2190", 
	"name": "Read Software Name"
	}, 
	{
	"receivebyte_dataitems": {
		"After-sales day": {
		"firstbyte": 5
		}, 
		"After-sales year": {
		"firstbyte": 3
		}, 
		"After-sales month": {
		"firstbyte": 4
		}
	}, 
	"deny_sds": [], 
	"minbytes": 5, 
	"sentbytes": "21B0", 
	"name": "Read date of last after-sales operation"
	}, 
	{
	"name": "Write date of last after-sales operation", 
	"deny_sds": [], 
	"manualsend": true, 
	"sendbyte_dataitems": {
		"After-sales day": {
		"firstbyte": 5
		}, 
		"After-sales year": {
		"firstbyte": 3
		}, 
		"After-sales month": {
		"firstbyte": 4
		}
	}, 
	"minbytes": 2, 
	"sentbytes": "3BB0000000"
	}, 
	{
	"name": "ReadDTC", 
	"deny_sds": [], 
	"manualsend": true, 
	"receivebyte_dataitems": {
		"Type Of Fault": {
		"firstbyte": 5
		}, 
		"Standard Fault": {
		"bitoffset": 3, 
		"firstbyte": 5
		}, 
		"Historical Failure": {
		"bitoffset": 1, 
		"firstbyte": 5
		}, 
		"Current Failure": {
		"bitoffset": 2, 
		"firstbyte": 5
		}, 
		"FirstDTC": {
		"firstbyte": 3
		}, 
		"Specific Fault": {
		"bitoffset": 3, 
		"firstbyte": 5
		}, 
		"NDTC": {
		"firstbyte": 2
		}
	}, 
	"sendbyte_dataitems": {
		"MoreDTC": {
		"firstbyte": 3
		}
	}, 
	"minbytes": 2, 
	"sentbytes": "17FF00", 
	"shiftbytescount": 3
	}, 
	{
	"receivebyte_dataitems": {
		"ProgrammingToolReference": {
		"firstbyte": 13
		}, 
		"CrcOfLogSave": {
		"firstbyte": 25
		}, 
		"NumberOfReprogrammings": {
		"firstbyte": 18
		}, 
		"ProgrammingSiteReference": {
		"firstbyte": 8
		}, 
		"DateOfReprogramming": {
		"firstbyte": 19
		}, 
		"ApprovalNumber": {
		"firstbyte": 3
		}, 
		"SaveMarking": {
		"firstbyte": 24
		}
	}, 
	"deny_sds": [
		"nosds"
	], 
	"minbytes": 26, 
	"sentbytes": "21FF", 
	"name": "DataRead.History.Reprog.Current"
	}, 
	{
	"receivebyte_dataitems": {
		"Ergonomic pedal": {
		"firstbyte": 9
		}, 
		"Kick hard information": {
		"firstbyte": 11
		}, 
		"Brake information from CAN": {
		"firstbyte": 12
		}, 
		"Raw pedal position": {
		"firstbyte": 7
		}, 
		"Initial gear ratio": {
		"firstbyte": 3
		}, 
		"Final gear ratio": {
		"bitoffset": 4, 
		"firstbyte": 3
		}, 
		"Gear setpoint of ASC": {
		"firstbyte": 6
		}, 
		"Shift lever position": {
		"bitoffset": 4, 
		"firstbyte": 4
		}, 
		"Selected program": {
		"firstbyte": 5
		}
	}, 
	"deny_sds": [], 
	"minbytes": 12, 
	"sentbytes": "21A1", 
	"name": "Gear shifts management frame"
	}, 
	{
	"receivebyte_dataitems": {
		"Manufacturer identification code": {
		"ref": true, 
		"firstbyte": 26
		}, 
		"Software number": {
		"ref": true, 
		"firstbyte": 17
		}, 
		"Diagnostic identification number": {
		"ref": true, 
		"firstbyte": 8
		}, 
		"Other system features": {
		"ref": true, 
		"firstbyte": 23
		}, 
		"Spare parts number": {
		"ref": true, 
		"firstbyte": 3
		}, 
		"Edition number": {
		"ref": true, 
		"firstbyte": 19
		}, 
		"Supplier number": {
		"ref": true, 
		"firstbyte": 9
		}, 
		"Hardware number": {
		"ref": true, 
		"firstbyte": 12
		}, 
		"Calibration number": {
		"ref": true, 
		"firstbyte": 21
		}
	}, 
	"deny_sds": [], 
	"minbytes": 26, 
	"sentbytes": "2180", 
	"name": "Read RENAULT System Identification"
	}, 
	{
	"name": "Read Memory By Address", 
	"deny_sds": [], 
	"manualsend": true, 
	"receivebyte_dataitems": {
		"Record values": {
		"firstbyte": 2
		}
	}, 
	"sendbyte_dataitems": {
		"Memory address": {
		"firstbyte": 2
		}, 
		"Memory size": {
		"firstbyte": 6
		}
	}, 
	"minbytes": 2, 
	"sentbytes": "23000000000000"
	}
], 
"data": {
	"Supplier production line": {
	"byte": true, 
	"bytesascii": true
	}, 
	"NumberOfReprogrammings": {
	"scaled": true
	}, 
	"Vehicle speed": {
	"scaled": true, 
	"comment": "Vehicle speed sensor", 
	"unit": "km/h"
	}, 
	"Initial gear ratio": {
	"bitscount": 4, 
	"lists": {
		"0": "Declutched at rest", 
		"1": "1st gear", 
		"2": "2nd gear", 
		"3": "3rd gear", 
		"4": "4th gear", 
		"5": "5th gear", 
		"6": "6th gear", 
		"9": "R range", 
		"10": "P or N range", 
		"15": "Invalid"
	}
	}, 
	"After-sales month": {
	"byte": true
	}, 
	"Producer ACC absent": {
	"byte": true
	}, 
	"Low clutch pressure switch": {
	"scaled": true, 
	"bitscount": 1
	}, 
	"CrcOfLogSave": {
	"bytescount": 2, 
	"byte": true, 
	"bitscount": 16
	}, 
	"Other system features": {
	"bytescount": 3, 
	"byte": true, 
	"bitscount": 24
	}, 
	"Spare parts number": {
	"comment": "Spare parts number (in BCD)", 
	"bytescount": 5, 
	"byte": true, 
	"bitscount": 40
	}, 
	"Manufacturer identification code": {
	"byte": true
	}, 
	"Edition number": {
	"comment": "Edition number (in HEXA)", 
	"bytescount": 2, 
	"byte": true, 
	"bitscount": 16
	}, 
	"Memory size": {
	"bytescount": 2, 
	"byte": true, 
	"bitscount": 16
	}, 
	"Bus off parameter": {
	"byte": true
	}, 
	"Record values": {
	"byte": true
	}, 
	"Oil pressure": {
	"scaled": true, 
	"step": 6.4, 
	"unit": "kPa", 
	"format": "#0.00"
	}, 
	"Engine speed": {
	"scaled": true, 
	"bytescount": 2, 
	"comment": "Engine speed received on the CAN from ECM", 
	"bitscount": 16, 
	"unit": "rpm"
	}, 
	"Calibration number": {
	"comment": "Calibration number (in HEXA)", 
	"bytescount": 2, 
	"byte": true, 
	"bitscount": 16
	}, 
	"Gear setpoint of ASC": {
	"comment": "ASC variable", 
	"lists": {
		"0": "1st gear", 
		"1": "2nd gear", 
		"2": "3rd gear", 
		"3": "4th gear", 
		"4": "5th gear", 
		"5": "6th gear"
	}
	}, 
	"Battery voltage": {
	"scaled": true, 
	"step": 0.1, 
	"unit": "V", 
	"format": "#0.0"
	}, 
	"Memory address": {
	"comment": "Data encoded with 4 bytes", 
	"bytescount": 4, 
	"byte": true, 
	"bitscount": 32
	}, 
	"ProgrammingToolReference": {
	"bytesascii": true, 
	"bytescount": 5, 
	"byte": true, 
	"bitscount": 40
	}, 
	"Software number": {
	"comment": "Software number (in BCD)", 
	"bytescount": 2, 
	"byte": true, 
	"bitscount": 16
	}, 
	"Output Temporary Control List": {
	"lists": {
		"1": "PL LINEAR SOL", 
		"2": "L/U & L&R/B LINEAR SOL", 
		"3": "LOW/C LINEAR SOL", 
		"4": "26/B LINEAR SOL", 
		"5": "35R/C LINEAR SOL", 
		"6": "H/C LINEAR SOL", 
		"7": "L/C SHIFT SOL", 
		"8": "L&R/B SHIFT SOL", 
		"9": "P SHIFT LOCK SOL", 
		"10": "ALL SOLENOIDS"
	}
	}, 
	"Session Name": {
	"lists": {
		"192": "assembly line and after-sales session", 
		"129": "default session", 
		"250": "supplier mode", 
		"134": "development session"
	}
	}, 
	"Low and reverse brake pressure switch": {
	"scaled": true, 
	"bitscount": 1
	}, 
	"Output Control Command": {
	"comment": "Testing output : Command enumeration", 
	"lists": {
		"0": "Start Temporary", 
		"1": "Status", 
		"17": "Stop"
	}
	}, 
	"Kick hard information": {
	"lists": {
		"0": "no kick hard", 
		"1": "kick hard"
	}
	}, 
	"3-5 reverse clutch pressure switch": {
	"scaled": true, 
	"bitscount": 1
	}, 
	"Historical Failure": {
	"bitscount": 1, 
	"lists": {
		"0": "No", 
		"1": "Yes"
	}
	}, 
	"Current Failure": {
	"bitscount": 1, 
	"lists": {
		"0": "No", 
		"1": "Yes"
	}
	}, 
	"Producer BCM absent": {
	"byte": true
	}, 
	"After-sales year": {
	"byte": true
	}, 
	"Mute module parameter": {
	"byte": true
	}, 
	"ApprovalNumber": {
	"bytescount": 5, 
	"byte": true, 
	"bitscount": 40
	}, 
	"2-6 brake pressure switch": {
	"scaled": true, 
	"bitscount": 1
	}, 
	"RSA index": {
	"byte": true
	}, 
	"High clutch pressure switch": {
	"scaled": true, 
	"bitscount": 1
	}, 
	"Diagnostic identification number": {
	"comment": "Diagnostic identification number (in HEXA)", 
	"byte": true
	}, 
	"Mux messaging reference": {
	"bytescount": 2, 
	"byte": true, 
	"bitscount": 16
	}, 
	"GroupOfDiagnosticInformation": {
	"bytescount": 2, 
	"byte": true, 
	"bitscount": 16
	}, 
	"Lever inhibitor switch R": {
	"scaled": true, 
	"bitscount": 1
	}, 
	"Lever inhibitor switch P": {
	"scaled": true, 
	"bitscount": 1
	}, 
	"Ergonomic pedal": {
	"comment": "CAN parameter", 
	"divideby": 8.0, 
	"bitscount": 16, 
	"format": "#0.000", 
	"scaled": true, 
	"bytescount": 2, 
	"unit": "%"
	}, 
	"MoreDTC": {
	"scaled": true, 
	"signed": true
	}, 
	"Oil temperature": {
	"scaled": true, 
	"unit": "\u00b0C", 
	"offset": -55.0
	}, 
	"Engine type": {
	"bytesascii": true, 
	"bytescount": 3, 
	"byte": true, 
	"bitscount": 24
	}, 
	"Jatco France index": {
	"byte": true
	}, 
	"Standard Fault": {
	"bitscount": 5, 
	"lists": {
		"0": "No possible classification about the type of fault", 
		"1": "Open circuit", 
		"2": "Short circuit to ground", 
		"3": "Short circuit at battery +", 
		"4": "Parameter at min limit", 
		"5": "Parameter at max limit", 
		"6": "Incoherency, not plausible", 
		"7": "No signal", 
		"8": "Below min. threshold", 
		"9": "Above max. threshold", 
		"10": "Permanent low level", 
		"11": "Permanent high level", 
		"12": "Lines short-circuited", 
		"13": "Internal electronic anomaly", 
		"14": "Network default", 
		"15": "Remote diagnostic", 
		"16": "Disturbed communication", 
		"17": "Microcuts", 
		"18": "Abnormal voltage", 
		"19": "Value out of range", 
		"20": "Open circuit or Short circuit to ground", 
		"21": "Open circuit or Short circuit to battery", 
		"22": "Initialization / configuration not valid"
	}
	}, 
	"Engine coolant temperature (\u00b0C)": {
	"scaled": true, 
	"comment": "Engine coolant temperature", 
	"unit": "\u00b0C", 
	"offset": -40.0
	}, 
	"Brake information from CAN": {
	"lists": {
		"1": "brake pedal not pressed", 
		"2": "brake pedal pressed", 
		"4": "brake pedal confirmed pressed", 
		"7": "brake pedal unavailable"
	}
	}, 
	"After-sales day": {
	"byte": true
	}, 
	"Producer AT AJ0": {
	"byte": true
	}, 
	"Supplier number": {
	"bytesascii": true, 
	"bytescount": 3, 
	"byte": true, 
	"bitscount": 24
	}, 
	"FirstDTC": {
	"comment": "List of DTCs", 
	"bytescount": 2, 
	"bitscount": 16, 
	"lists": {
		"1920": "First engine brake detection", 
		"1856": "Lock-up clutch", 
		"1797": "Lever position failure", 
		"50177": "CAN throttle sensor information invalid", 
		"1808": "Oil temperature sensor", 
		"5976": "Low and reverse brake shift solenoid", 
		"2195": "Interlock detection", 
		"1813": "Turbine speed sensor", 
		"1824": "Output speed sensor", 
		"1829": "CAN engine speed information invalid", 
		"50176": "CAN receive fault", 
		"1840": "Gear ratio", 
		"6208": "CAN transmit fault", 
		"1857": "Low and reverse brake pressure switch", 
		"1859": "Lock-up and low and reverse brake linear solenoid", 
		"1864": "Pressure line linear solenoid", 
		"1873": "Low clutch pressure switch", 
		"1875": "Low clutch linear solenoid", 
		"1878": "2-6 brake pressure switch", 
		"1880": "2-6 brake linear solenoid", 
		"5472": "Ground return", 
		"1889": "3-5 reverse clutch pressure switch", 
		"1891": "3-5 reverse clutch linear solenoid", 
		"1894": "High clutch pressure switch", 
		"1896": "High clutch linear solenoid", 
		"49267": "CAN bus off", 
		"5971": "Low clutch shift solenoid"
	}
	}, 
	"Lever inhibitor switch D": {
	"scaled": true, 
	"bitscount": 1
	}, 
	"Vehicle type": {
	"byte": true
	}, 
	"Lever inhibitor switch N": {
	"scaled": true, 
	"bitscount": 1
	}, 
	"NDTC": {
	"scaled": true
	}, 
	"Selected program": {
	"comment": "ASC variable", 
	"lists": {
		"0": "City mode", 
		"1": "Eco mode", 
		"2": "Medium mode", 
		"3": "Sport mode", 
		"4": "Load1 mode", 
		"5": "Load2 mode", 
		"6": "Downhill mode", 
		"7": "Snow mode", 
		"8": "Low temperature program", 
		"9": "Depollution program", 
		"10": "High temperature program"
	}
	}, 
	"Manual mode": {
	"bitscount": 2, 
	"lists": {
		"0": "inactivated", 
		"1": "Tip up", 
		"2": "Tip down", 
		"3": "activated"
	}
	}, 
	"Producer ECM absent": {
	"byte": true
	}, 
	"Type Of Fault": {
	"bitscount": 1, 
	"lists": {
		"0": "Standard", 
		"1": "Specific"
	}
	}, 
	"Production number": {
	"bytesascii": true, 
	"bytescount": 6, 
	"byte": true, 
	"bitscount": 48
	}, 
	"Raw pedal position": {
	"comment": "CAN parameter", 
	"divideby": 8.0, 
	"bitscount": 16, 
	"format": "#0.000", 
	"scaled": true, 
	"bytescount": 2, 
	"unit": "%"
	}, 
	"Hardware number": {
	"comment": "Hardware number (in BCD)", 
	"bytescount": 5, 
	"byte": true, 
	"bitscount": 40
	}, 
	"Brake switch": {
	"scaled": true, 
	"bitscount": 1
	}, 
	"Producer ABS absent": {
	"byte": true
	}, 
	"Calibration author": {
	"bytesascii": true, 
	"bytescount": 2, 
	"byte": true, 
	"bitscount": 16
	}, 
	"FFN": {
	"scaled": true, 
	"comment": "Freeze Frame Number"
	}, 
	"Output Control Status": {
	"lists": {
		"1": "Running", 
		"2": "Stopped"
	}
	}, 
	"Date of production": {
	"bytesascii": true, 
	"bytescount": 6, 
	"byte": true, 
	"bitscount": 48
	}, 
	"Mean effective torque calculated by the Gearbox (%)": {
	"scaled": true, 
	"comment": "Mean effective torque calculated by the Gearbox", 
	"step": 0.39, 
	"unit": "%", 
	"format": "#0.00"
	}, 
	"Final gear ratio": {
	"bitscount": 4, 
	"lists": {
		"0": "Declutched at rest", 
		"1": "1st gear", 
		"2": "2nd gear", 
		"3": "3rd gear", 
		"4": "4th gear", 
		"5": "5th gear", 
		"6": "6th gear", 
		"9": "R range", 
		"10": "P or N range", 
		"15": "Invalid"
	}
	}, 
	"DateOfReprogramming": {
	"comment": "date of the reprogramming yy.mm.dd", 
	"bytescount": 3, 
	"byte": true, 
	"bitscount": 24
	}, 
	"Specific Fault": {
	"bitscount": 5
	}, 
	"SaveMarking": {
	"scaled": true
	}, 
	"Shift lever position": {
	"bitscount": 4, 
	"lists": {
		"0": "P range", 
		"1": "R range", 
		"2": "N range", 
		"3": "D range", 
		"4": "M range", 
		"15": "Inhibitor switch failure"
	}
	}, 
	"Turbine speed": {
	"scaled": true, 
	"bytescount": 2, 
	"bitscount": 16, 
	"unit": "rpm"
	}, 
	"ProgrammingSiteReference": {
	"bytesascii": true, 
	"bytescount": 5, 
	"byte": true, 
	"bitscount": 40
	}
}
}