{
"obd": {
	"baudrate": 10400, 
	"protocol": "CAN", 
	"recv_id": "734", 
	"funcname": "MIU", 
	"funcaddr": "59", 
	"send_id": "714"
}, 
"devices": [
	{
	"dtc": 37641, 
	"devicedata": {}, 
	"dtctype": 3, 
	"name": "SYS ON"
	}, 
	{
	"dtc": 37709, 
	"devicedata": {}, 
	"dtctype": 0, 
	"name": "CAN-V controller"
	}, 
	{
	"dtc": 37708, 
	"devicedata": {}, 
	"dtctype": 0, 
	"name": "CAN-M controller"
	}, 
	{
	"dtc": 37635, 
	"devicedata": {}, 
	"dtctype": 0, 
	"name": "Battery power supply"
	}, 
	{
	"dtc": 37697, 
	"devicedata": {}, 
	"dtctype": 2, 
	"name": "Virgin configuration"
	}, 
	{
	"dtc": 37859, 
	"devicedata": {}, 
	"dtctype": 0, 
	"name": "LCD"
	}, 
	{
	"dtc": 37681, 
	"devicedata": {}, 
	"dtctype": 0, 
	"name": "Temp sensor line"
	}, 
	{
	"dtc": 37700, 
	"devicedata": {}, 
	"dtctype": 2, 
	"name": "E2PROM"
	}
], 
"ecuname": "BIC x07 S*S v12", 
"autoidents": [
	{
	"diagversion": "68", 
	"supplier": "DX2", 
	"version": "0000", 
	"soft": "0102"
	}, 
	{
	"diagversion": "68", 
	"supplier": "DX2", 
	"version": "0000", 
	"soft": "0200"
	}, 
	{
	"diagversion": "68", 
	"supplier": "DX2", 
	"version": "0000", 
	"soft": "0202"
	}, 
	{
	"diagversion": "68", 
	"supplier": "DX2", 
	"version": "0000", 
	"soft": "0300"
	}, 
	{
	"diagversion": "68", 
	"supplier": "DX2", 
	"version": "0000", 
	"soft": "0410"
	}, 
	{
	"diagversion": "68", 
	"supplier": "DX2", 
	"version": "0000", 
	"soft": "0520"
	}, 
	{
	"diagversion": "68", 
	"supplier": "DX2", 
	"version": "0000", 
	"soft": "0600"
	}, 
	{
	"diagversion": "68", 
	"supplier": "DX2", 
	"version": "0002", 
	"soft": "0600"
	}, 
	{
	"diagversion": "68", 
	"supplier": "DX2", 
	"version": "0001", 
	"soft": "0700"
	}, 
	{
	"diagversion": "68", 
	"supplier": "DX2", 
	"version": "0003", 
	"soft": "0800"
	}, 
	{
	"diagversion": "68", 
	"supplier": "DX2", 
	"version": "0002", 
	"soft": "0800"
	}
], 
"endian": "Big", 
"requests": [
	{
	"name": "ReadDataByLocalIdentifier.VIN", 
	"replybytes": "6181", 
	"deny_sds": [
		"nosds"
	], 
	"receivebyte_dataitems": {
		"LID_ VIN_ V I N": {
		"ref": true, 
		"firstbyte": 3
		}, 
		"LID_ VIN_ CRC": {
		"ref": true, 
		"firstbyte": 20
		}
	}, 
	"minbytes": 21, 
	"sentbytes": "2181"
	}, 
	{
	"name": "ECUReset.testparameter", 
	"replybytes": "5141", 
	"deny_sds": [
		"nosds", 
		"plant", 
		"aftersales", 
		"engineering", 
		"supplier"
	], 
	"manualsend": true, 
	"receivebyte_dataitems": {
		"ECUR_reset type_R": {
		"firstbyte": 2
		}
	}, 
	"minbytes": 2, 
	"sentbytes": "1141"
	}, 
	{
	"name": "DataRead.Vehicle environment", 
	"replybytes": "62AC1500", 
	"deny_sds": [], 
	"receivebyte_dataitems": {
		"Vehicle environment": {
		"ref": true, 
		"firstbyte": 4
		}
	}, 
	"minbytes": 4, 
	"sentbytes": "22AC15"
	}, 
	{
	"name": "RDBLID.CANM conf", 
	"replybytes": "61B3", 
	"deny_sds": [], 
	"receivebyte_dataitems": {
		"CAN_M topo": {
		"firstbyte": 3
		}
	}, 
	"minbytes": 13, 
	"sentbytes": "21B3"
	}, 
	{
	"name": "DataRead.Identification.Daimler", 
	"replybytes": "61EF0000000000000000000000000000000000000000", 
	"deny_sds": [], 
	"receivebyte_dataitems": {
		"Daimler_HW_part_nbr": {
		"firstbyte": 3
		}, 
		"Daimler_SW_part_nbr": {
		"firstbyte": 13
		}
	}, 
	"minbytes": 22, 
	"sentbytes": "21EF"
	}, 
	{
	"name": "DataRead.History.Reprog.N_2", 
	"replybytes": "61FB", 
	"deny_sds": [
		"nosds"
	], 
	"receivebyte_dataitems": {
		"ApprovalNumber.LowerPart": {
		"firstbyte": 3
		}, 
		"TimeOfReprogramming": {
		"firstbyte": 22
		}, 
		"ProgrammingToolReference": {
		"firstbyte": 13
		}, 
		"CrcOfLogSave": {
		"firstbyte": 25
		}, 
		"NumberOfReprogrammings": {
		"firstbyte": 18
		}, 
		"ProgrammingSiteReference": {
		"firstbyte": 8
		}, 
		"DateOfReprogramming": {
		"firstbyte": 19
		}, 
		"SaveMarking": {
		"firstbyte": 24
		}
	}, 
	"minbytes": 26, 
	"sentbytes": "21FB"
	}, 
	{
	"name": "RDBLID.CANM diag", 
	"replybytes": "61B4", 
	"deny_sds": [], 
	"receivebyte_dataitems": {
		"CAN_M topo": {
		"firstbyte": 3
		}
	}, 
	"minbytes": 13, 
	"sentbytes": "21B4"
	}, 
	{
	"name": "DataRead.Wake up signals", 
	"replybytes": "62A40100", 
	"deny_sds": [], 
	"receivebyte_dataitems": {
		"Wake up signals.Ext_ON": {
		"bitoffset": 2, 
		"ref": true, 
		"firstbyte": 4
		}, 
		"Wake up signals.Bat_Tempo": {
		"bitoffset": 4, 
		"ref": true, 
		"firstbyte": 4
		}
	}, 
	"minbytes": 4, 
	"sentbytes": "22A401"
	}, 
	{
	"name": "DataRead.History.Ident.0", 
	"replybytes": "61F0", 
	"deny_sds": [
		"nosds"
	], 
	"receivebyte_dataitems": {
		"HardwareNumber.BasicPartList": {
		"firstbyte": 24
		}, 
		"DiagnosticIdentificationCode": {
		"firstbyte": 8, 
		"endian": "Little"
		}, 
		"CalibrationNumber": {
		"firstbyte": 21, 
		"endian": "Little"
		}, 
		"SupplierNumber.ITG": {
		"firstbyte": 9, 
		"endian": "Little"
		}, 
		"HardwareNumber.LowerPart": {
		"firstbyte": 12
		}, 
		"PartNumber.BasicPartList": {
		"firstbyte": 23
		}, 
		"ManufacturerIdentificationCode": {
		"firstbyte": 26
		}, 
		"ApprovalNumber.BasicPartList": {
		"firstbyte": 25
		}, 
		"EditionNumber": {
		"firstbyte": 19, 
		"endian": "Little"
		}, 
		"PartNumber.LowerPart": {
		"firstbyte": 3
		}, 
		"SoftwareNumber": {
		"firstbyte": 17, 
		"endian": "Little"
		}, 
		"SupplierNumber": {
		"firstbyte": 9
		}
	}, 
	"minbytes": 26, 
	"sentbytes": "21F0"
	}, 
	{
	"name": "DataRead.VehicleID default value", 
	"replybytes": "62AC1A00000000", 
	"deny_sds": [], 
	"receivebyte_dataitems": {
		"VehicleID default value": {
		"ref": true, 
		"firstbyte": 4
		}
	}, 
	"minbytes": 7, 
	"sentbytes": "22AC1A"
	}, 
	{
	"name": "DataRead.History.Reprog.N_3", 
	"replybytes": "61F9", 
	"deny_sds": [
		"nosds"
	], 
	"receivebyte_dataitems": {
		"ApprovalNumber.LowerPart": {
		"firstbyte": 3
		}, 
		"TimeOfReprogramming": {
		"firstbyte": 22
		}, 
		"ProgrammingToolReference": {
		"firstbyte": 13
		}, 
		"CrcOfLogSave": {
		"firstbyte": 25
		}, 
		"NumberOfReprogrammings": {
		"firstbyte": 18
		}, 
		"ProgrammingSiteReference": {
		"firstbyte": 8
		}, 
		"DateOfReprogramming": {
		"firstbyte": 19
		}, 
		"SaveMarking": {
		"firstbyte": 24
		}
	}, 
	"minbytes": 26, 
	"sentbytes": "21F9"
	}, 
	{
	"name": "DataRead.ITMActivity", 
	"replybytes": "62AB0600", 
	"deny_sds": [], 
	"receivebyte_dataitems": {
		"ITMActivity.ITMActivity": {
		"bitoffset": 7, 
		"ref": true, 
		"firstbyte": 4
		}, 
		"ITMActivity.availability": {
		"firstbyte": 4
		}
	}, 
	"minbytes": 4, 
	"sentbytes": "22AB06"
	}, 
	{
	"name": "DataRead.CrashDetectionState", 
	"replybytes": "62AB3100", 
	"deny_sds": [], 
	"receivebyte_dataitems": {
		"CrashDetectionState": {
		"ref": true, 
		"firstbyte": 4
		}
	}, 
	"minbytes": 4, 
	"sentbytes": "22AB31"
	}, 
	{
	"name": "DataRead.DisplayActivation", 
	"replybytes": "62AB0100", 
	"deny_sds": [], 
	"receivebyte_dataitems": {
		"DisplayActivation": {
		"bitoffset": 6, 
		"ref": true, 
		"firstbyte": 4
		}
	}, 
	"minbytes": 4, 
	"sentbytes": "22AB01"
	}, 
	{
	"name": "DataRead.NetworkDiag_MM", 
	"replybytes": "62AB1E00", 
	"deny_sds": [], 
	"receivebyte_dataitems": {
		"NetworkDiag_MM": {
		"ref": true, 
		"firstbyte": 4
		}
	}, 
	"minbytes": 4, 
	"sentbytes": "22AB1E"
	}, 
	{
	"name": "DataRead.History.Reprog.N", 
	"replybytes": "61FF", 
	"deny_sds": [
		"nosds"
	], 
	"receivebyte_dataitems": {
		"ApprovalNumber.LowerPart": {
		"firstbyte": 3
		}, 
		"TimeOfReprogramming": {
		"firstbyte": 22
		}, 
		"ProgrammingToolReference": {
		"firstbyte": 13
		}, 
		"CrcOfLogSave": {
		"firstbyte": 25
		}, 
		"NumberOfReprogrammings": {
		"firstbyte": 18
		}, 
		"ProgrammingSiteReference": {
		"firstbyte": 8
		}, 
		"DateOfReprogramming": {
		"firstbyte": 19
		}, 
		"SaveMarking": {
		"firstbyte": 24
		}
	}, 
	"minbytes": 26, 
	"sentbytes": "21FF"
	}, 
	{
	"name": "DataRead.History.Reprog.N_6", 
	"replybytes": "61F3", 
	"deny_sds": [
		"nosds"
	], 
	"receivebyte_dataitems": {
		"ApprovalNumber.LowerPart": {
		"firstbyte": 3
		}, 
		"TimeOfReprogramming": {
		"firstbyte": 22
		}, 
		"ProgrammingToolReference": {
		"firstbyte": 13
		}, 
		"CrcOfLogSave": {
		"firstbyte": 25
		}, 
		"NumberOfReprogrammings": {
		"firstbyte": 18
		}, 
		"ProgrammingSiteReference": {
		"firstbyte": 8
		}, 
		"DateOfReprogramming": {
		"firstbyte": 19
		}, 
		"SaveMarking": {
		"firstbyte": 24
		}
	}, 
	"minbytes": 26, 
	"sentbytes": "21F3"
	}, 
	{
	"name": "DataRead.ApplicationDiag_MM", 
	"replybytes": "62AB2200", 
	"deny_sds": [], 
	"receivebyte_dataitems": {
		"ApplicationDiag_MM": {
		"ref": true, 
		"firstbyte": 4
		}
	}, 
	"minbytes": 4, 
	"sentbytes": "22AB22"
	}, 
	{
	"name": "DataRead.Satellite_buttons", 
	"replybytes": "62A60100000000", 
	"deny_sds": [], 
	"receivebyte_dataitems": {
		"Satellite_buttons.Vol_decrease": {
		"bitoffset": 4, 
		"ref": true, 
		"firstbyte": 7
		}, 
		"Satellite_buttons.High_pressed": {
		"bitoffset": 6, 
		"ref": true, 
		"firstbyte": 5
		}, 
		"Satellite_buttons.Right": {
		"bitoffset": 7, 
		"ref": true, 
		"firstbyte": 6
		}, 
		"Satellite_buttons.Left_pressed": {
		"bitoffset": 6, 
		"ref": true, 
		"firstbyte": 4
		}, 
		"Satellite_buttons.OnSWRC_PTT": {
		"bitoffset": 1, 
		"ref": true, 
		"firstbyte": 6
		}, 
		"Satellite_buttons.PPSeek_increase_pressed": {
		"ref": true, 
		"firstbyte": 4
		}, 
		"Satellite_buttons.Sup": {
		"bitoffset": 5, 
		"ref": true, 
		"firstbyte": 7
		}, 
		"Satellite_buttons.High": {
		"bitoffset": 6, 
		"ref": true, 
		"firstbyte": 7
		}, 
		"Satellite_buttons.PPMode": {
		"bitoffset": 4, 
		"ref": true, 
		"firstbyte": 6
		}, 
		"Satellite_buttons.Vol_increase_pressed": {
		"bitoffset": 3, 
		"ref": true, 
		"firstbyte": 5
		}, 
		"Satellite_buttons.OnSWRC_PTT_pressed": {
		"bitoffset": 1, 
		"ref": true, 
		"firstbyte": 4
		}, 
		"Satellite_buttons.Sup_pressed": {
		"bitoffset": 5, 
		"ref": true, 
		"firstbyte": 5
		}, 
		"Satellite_buttons.OnSWRC_Vol_increase": {
		"bitoffset": 2, 
		"ref": true, 
		"firstbyte": 6
		}, 
		"Satellite_buttons.PPSeek_increase": {
		"ref": true, 
		"firstbyte": 6
		}, 
		"Satellite_buttons.Rep": {
		"bitoffset": 1, 
		"ref": true, 
		"firstbyte": 7
		}, 
		"Satellite_buttons.Vol_increase": {
		"bitoffset": 3, 
		"ref": true, 
		"firstbyte": 7
		}, 
		"Satellite_buttons.OnSWRC_Vol_decrease_pressed": {
		"bitoffset": 3, 
		"ref": true, 
		"firstbyte": 4
		}, 
		"Satellite_buttons.OnSWRC_Vol_decrease": {
		"bitoffset": 3, 
		"ref": true, 
		"firstbyte": 6
		}, 
		"Satellite_buttons.Rep_pressed": {
		"bitoffset": 1, 
		"ref": true, 
		"firstbyte": 5
		}, 
		"Satellite_buttons.Val_pressed": {
		"bitoffset": 2, 
		"ref": true, 
		"firstbyte": 5
		}, 
		"Satellite_buttons.Low": {
		"bitoffset": 7, 
		"ref": true, 
		"firstbyte": 7
		}, 
		"Satellite_buttons.Val": {
		"bitoffset": 2, 
		"ref": true, 
		"firstbyte": 7
		}, 
		"Satellite_buttons.Right_pressed": {
		"bitoffset": 7, 
		"ref": true, 
		"firstbyte": 4
		}, 
		"Satellite_buttons.Low_pressed": {
		"bitoffset": 7, 
		"ref": true, 
		"firstbyte": 5
		}, 
		"Satellite_buttons.OnSWRC_Vol_increase_pressed": {
		"bitoffset": 2, 
		"ref": true, 
		"firstbyte": 4
		}, 
		"Satellite_buttons.Vol_decrease_pressed": {
		"bitoffset": 4, 
		"ref": true, 
		"firstbyte": 5
		}, 
		"Satellite_buttons.PPMode_pressed": {
		"bitoffset": 4, 
		"ref": true, 
		"firstbyte": 4
		}, 
		"Satellite_buttons.Left": {
		"bitoffset": 6, 
		"ref": true, 
		"firstbyte": 6
		}
	}, 
	"minbytes": 7, 
	"sentbytes": "22A601"
	}, 
	{
	"name": "DataRead.Battery level", 
	"replybytes": "62A50100", 
	"deny_sds": [], 
	"receivebyte_dataitems": {
		"Battery level": {
		"ref": true, 
		"firstbyte": 4
		}
	}, 
	"minbytes": 4, 
	"sentbytes": "22A501"
	}, 
	{
	"name": "DataRead.FuelLevelDisplayed", 
	"replybytes": "62AB3000", 
	"deny_sds": [], 
	"receivebyte_dataitems": {
		"FuelLevelDisplayed": {
		"firstbyte": 4
		}
	}, 
	"minbytes": 4, 
	"sentbytes": "22AB30"
	}, 
	{
	"name": "DataRead.History.Ident.N_4", 
	"replybytes": "61F6", 
	"deny_sds": [
		"nosds"
	], 
	"receivebyte_dataitems": {
		"HardwareNumber.BasicPartList": {
		"firstbyte": 24
		}, 
		"DiagnosticIdentificationCode": {
		"firstbyte": 8, 
		"endian": "Little"
		}, 
		"CalibrationNumber": {
		"firstbyte": 21, 
		"endian": "Little"
		}, 
		"SupplierNumber.ITG": {
		"firstbyte": 9, 
		"endian": "Little"
		}, 
		"HardwareNumber.LowerPart": {
		"firstbyte": 12
		}, 
		"PartNumber.BasicPartList": {
		"firstbyte": 23
		}, 
		"ManufacturerIdentificationCode": {
		"firstbyte": 26
		}, 
		"ApprovalNumber.BasicPartList": {
		"firstbyte": 25
		}, 
		"EditionNumber": {
		"firstbyte": 19, 
		"endian": "Little"
		}, 
		"PartNumber.LowerPart": {
		"firstbyte": 3
		}, 
		"SoftwareNumber": {
		"firstbyte": 17, 
		"endian": "Little"
		}, 
		"SupplierNumber": {
		"firstbyte": 9
		}
	}, 
	"minbytes": 26, 
	"sentbytes": "21F6"
	}, 
	{
	"name": "ReadDTCInformation.ReportExtendedData", 
	"replybytes": "590600000000", 
	"deny_sds": [], 
	"receivebyte_dataitems": {
		"DTCExtendedData.AgingCounter": {
		"firstbyte": 8
		}, 
		"DTCExtendedDataRecordNumber": {
		"firstbyte": 7
		}, 
		"DTCExtendedData.Mileage": {
		"firstbyte": 8
		}, 
		"DTCRecord": {
		"firstbyte": 3
		}, 
		"StatusOfDTC": {
		"firstbyte": 6
		}, 
		"DTCExtendedData.DTCOccurrenceCounter": {
		"firstbyte": 8
		}
	}, 
	"sendbyte_dataitems": {
		"DTCMaskRecord": {
		"firstbyte": 3
		}
	}, 
	"minbytes": 6, 
	"sentbytes": "1906000000FF"
	}, 
	{
	"name": "WDBLID_CANM conf", 
	"replybytes": "7BB3", 
	"deny_sds": [], 
	"sendbyte_dataitems": {
		"CAN_M topo": {
		"firstbyte": 3
		}
	}, 
	"minbytes": 2, 
	"sentbytes": "3BB30000000000000000000000"
	}, 
	{
	"name": "ReadDataByLocalIdentifier.traceability", 
	"replybytes": "6184", 
	"deny_sds": [
		"nosds", 
		"engineering", 
		"supplier"
	], 
	"receivebyte_dataitems": {
		"RDBLID traceability serial number": {
		"ref": true, 
		"firstbyte": 9
		}, 
		"RDBLID traceability year of production": {
		"ref": true, 
		"firstbyte": 6
		}, 
		"RDBLID Record local ID": {
		"firstbyte": 2
		}, 
		"RDBLID traceability supplier number_ITG": {
		"ref": true, 
		"firstbyte": 3
		}, 
		"RDBLID traceability week": {
		"ref": true, 
		"firstbyte": 7
		}
	}, 
	"minbytes": 22, 
	"sentbytes": "2184"
	}, 
	{
	"name": "IOControl.ExtONLine", 
	"replybytes": "700100", 
	"deny_sds": [], 
	"manualsend": true, 
	"receivebyte_dataitems": {
		"Output Control Status": {
		"firstbyte": 3
		}
	}, 
	"sendbyte_dataitems": {
		"Output Control Command": {
		"firstbyte": 3
		}, 
		"OutputTemporaryControlList": {
		"firstbyte": 2
		}
	}, 
	"minbytes": 3, 
	"sentbytes": "300100"
	}, 
	{
	"name": "DataRead.Language", 
	"replybytes": "62AB2600", 
	"deny_sds": [], 
	"receivebyte_dataitems": {
		"Language": {
		"ref": true, 
		"firstbyte": 4
		}
	}, 
	"minbytes": 4, 
	"sentbytes": "22AB26"
	}, 
	{
	"name": "DataRead.History.Ident.N_1", 
	"replybytes": "61FC", 
	"deny_sds": [
		"nosds"
	], 
	"receivebyte_dataitems": {
		"HardwareNumber.BasicPartList": {
		"firstbyte": 24
		}, 
		"DiagnosticIdentificationCode": {
		"firstbyte": 8, 
		"endian": "Little"
		}, 
		"CalibrationNumber": {
		"firstbyte": 21, 
		"endian": "Little"
		}, 
		"SupplierNumber.ITG": {
		"firstbyte": 9, 
		"endian": "Little"
		}, 
		"HardwareNumber.LowerPart": {
		"firstbyte": 12
		}, 
		"PartNumber.BasicPartList": {
		"firstbyte": 23
		}, 
		"ManufacturerIdentificationCode": {
		"firstbyte": 26
		}, 
		"ApprovalNumber.BasicPartList": {
		"firstbyte": 25
		}, 
		"EditionNumber": {
		"firstbyte": 19, 
		"endian": "Little"
		}, 
		"PartNumber.LowerPart": {
		"firstbyte": 3
		}, 
		"SoftwareNumber": {
		"firstbyte": 17, 
		"endian": "Little"
		}, 
		"SupplierNumber": {
		"firstbyte": 9
		}
	}, 
	"minbytes": 26, 
	"sentbytes": "21FC"
	}, 
	{
	"name": "DataRead.Stored script", 
	"replybytes": "62C82000", 
	"deny_sds": [], 
	"receivebyte_dataitems": {
		"Stored script": {
		"ref": true, 
		"firstbyte": 4
		}
	}, 
	"minbytes": 4, 
	"sentbytes": "22C820"
	}, 
	{
	"name": "TesterPresent.WithResponse", 
	"deny_sds": [
		"nosds", 
		"engineering", 
		"supplier"
	], 
	"minbytes": 1, 
	"sentbytes": "3E01", 
	"replybytes": "7E"
	}, 
	{
	"name": "IOControl.Availibility", 
	"replybytes": "700000000000", 
	"deny_sds": [], 
	"manualsend": true, 
	"receivebyte_dataitems": {
		"IOControl.Availability.DataD": {
		"firstbyte": 6
		}, 
		"IOControl.Availability.DataA": {
		"firstbyte": 3
		}, 
		"IOControl.Availability.DataB": {
		"firstbyte": 4
		}, 
		"IOControl.Availability.DataC": {
		"firstbyte": 5
		}
	}, 
	"sendbyte_dataitems": {
		"IOControl.Availibility.Rq": {
		"firstbyte": 2
		}
	}, 
	"minbytes": 6, 
	"sentbytes": "3000"
	}, 
	{
	"name": "DataRead.Temperature value", 
	"replybytes": "62AB2400", 
	"deny_sds": [], 
	"receivebyte_dataitems": {
		"Temperature value": {
		"ref": true, 
		"firstbyte": 4
		}
	}, 
	"minbytes": 4, 
	"sentbytes": "22AB24"
	}, 
	{
	"name": "DataRead.Dimming value", 
	"replybytes": "62AB2000", 
	"deny_sds": [], 
	"receivebyte_dataitems": {
		"Dimming value": {
		"ref": true, 
		"firstbyte": 4
		}
	}, 
	"minbytes": 4, 
	"sentbytes": "22AB20"
	}, 
	{
	"name": "DataRead.Wakeup Info", 
	"replybytes": "62AB1F00", 
	"deny_sds": [], 
	"receivebyte_dataitems": {
		"Wakeup Info": {
		"ref": true, 
		"firstbyte": 4
		}
	}, 
	"minbytes": 4, 
	"sentbytes": "22AB1F"
	}, 
	{
	"name": "DataRead.RearGearEngaged", 
	"replybytes": "62AB1C00", 
	"deny_sds": [], 
	"receivebyte_dataitems": {
		"RearGearEngaged": {
		"ref": true, 
		"firstbyte": 4
		}
	}, 
	"minbytes": 4, 
	"sentbytes": "22AB1C"
	}, 
	{
	"name": "DataWrite.VehicleID default value", 
	"replybytes": "6EAC1A", 
	"deny_sds": [], 
	"manualsend": true, 
	"sendbyte_dataitems": {
		"VehicleID default value": {
		"firstbyte": 4
		}
	}, 
	"minbytes": 3, 
	"sentbytes": "2EAC1AFFFFFFFF"
	}, 
	{
	"name": "DataRead.VehicleSpeed", 
	"replybytes": "62AB1B0000", 
	"deny_sds": [], 
	"receivebyte_dataitems": {
		"VehicleSpeed": {
		"ref": true, 
		"firstbyte": 4
		}
	}, 
	"minbytes": 5, 
	"sentbytes": "22AB1B"
	}, 
	{
	"name": "DataRead.Identification.RenaultR2", 
	"replybytes": "6180", 
	"deny_sds": [], 
	"receivebyte_dataitems": {
		"HardwareNumber.BasicPartList": {
		"ref": true, 
		"firstbyte": 24
		}, 
		"DiagnosticIdentificationCode": {
		"ref": true, 
		"firstbyte": 8
		}, 
		"CalibrationNumber": {
		"ref": true, 
		"firstbyte": 21
		}, 
		"SupplierNumber.ITG": {
		"ref": true, 
		"firstbyte": 9
		}, 
		"HardwareNumber.LowerPart": {
		"ref": true, 
		"firstbyte": 12
		}, 
		"PartNumber.BasicPartList": {
		"ref": true, 
		"firstbyte": 23
		}, 
		"ManufacturerIdentificationCode": {
		"ref": true, 
		"firstbyte": 26
		}, 
		"ApprovalNumber.BasicPartList": {
		"ref": true, 
		"firstbyte": 25
		}, 
		"EditionNumber": {
		"ref": true, 
		"firstbyte": 19
		}, 
		"PartNumber.LowerPart": {
		"ref": true, 
		"firstbyte": 3
		}, 
		"SoftwareNumber": {
		"ref": true, 
		"firstbyte": 17
		}
	}, 
	"minbytes": 26, 
	"sentbytes": "2180"
	}, 
	{
	"name": "DataRead.FuelAutonomy", 
	"replybytes": "62AB290000", 
	"deny_sds": [], 
	"receivebyte_dataitems": {
		"FuelAutonomy": {
		"firstbyte": 4
		}
	}, 
	"minbytes": 5, 
	"sentbytes": "22AB29"
	}, 
	{
	"name": "ReadDTCInformation.ReportExtendedData.Mileage", 
	"replybytes": "59060000000080000000", 
	"deny_sds": [], 
	"receivebyte_dataitems": {
		"DTCExtendedData.Mileage": {
		"firstbyte": 8
		}, 
		"DTCRecord": {
		"firstbyte": 3
		}, 
		"StatusOfDTC": {
		"firstbyte": 6
		}, 
		"DTCExtendedDataRecordNumber": {
		"firstbyte": 7
		}
	}, 
	"sendbyte_dataitems": {
		"DTCMaskRecord": {
		"firstbyte": 3
		}
	}, 
	"minbytes": 6, 
	"sentbytes": "190600000080"
	}, 
	{
	"name": "DataRead.SoundCommand", 
	"replybytes": "62AB2800", 
	"deny_sds": [], 
	"receivebyte_dataitems": {
		"SoundCommand": {
		"ref": true, 
		"firstbyte": 4
		}
	}, 
	"minbytes": 4, 
	"sentbytes": "22AB28"
	}, 
	{
	"name": "ReadDTCInformation.ReportDTCMask", 
	"replybytes": "59020000000000", 
	"deny_sds": [], 
	"receivebyte_dataitems": {
		"DTCStatus.pendingDTC": {
		"bitoffset": 5, 
		"firstbyte": 7
		}, 
		"DTCStatus.confirmedDTC": {
		"bitoffset": 4, 
		"firstbyte": 7
		}, 
		"DTCDeviceAndFailureTypeOBD": {
		"firstbyte": 4
		}, 
		"DTCFailureType.ManufacturerOrSupplier": {
		"bitoffset": 4, 
		"firstbyte": 6
		}, 
		"DTCFailureType.Category": {
		"firstbyte": 6
		}, 
		"DTCFailureType": {
		"firstbyte": 6
		}, 
		"DTCStatus.testNotCompletedSinceLastClear": {
		"bitoffset": 3, 
		"firstbyte": 7
		}, 
		"DTCStatus.testNotCompletedThisMonitoringCycle": {
		"bitoffset": 1, 
		"firstbyte": 7
		}, 
		"DTCStatusAvailabilityMask": {
		"firstbyte": 3
		}, 
		"DTCStatus.warningIndicatorRequested": {
		"firstbyte": 7
		}, 
		"StatusOfDTC": {
		"firstbyte": 7
		}, 
		"DTCStatus.testFailedThisMonitoringCycle": {
		"bitoffset": 6, 
		"firstbyte": 7
		}, 
		"DTCStatus.testFailed": {
		"bitoffset": 7, 
		"firstbyte": 7
		}, 
		"DTCStatus.testFailedSinceLastClear": {
		"bitoffset": 2, 
		"firstbyte": 7
		}
	}, 
	"sendbyte_dataitems": {
		"DTCIStatus.confirmedDTC": {
		"bitoffset": 4, 
		"firstbyte": 3
		}, 
		"DTCIStatus.testFailed": {
		"bitoffset": 7, 
		"firstbyte": 3
		}, 
		"DTCIStatus.testNotCompletedSinceLastClear": {
		"bitoffset": 3, 
		"firstbyte": 3
		}, 
		"DTCIStatus.testFailedSinceLastClear": {
		"bitoffset": 2, 
		"firstbyte": 3
		}
	}, 
	"minbytes": 7, 
	"sentbytes": "190200"
	}, 
	{
	"name": "DataRead.VehiculeManufacturerSparPartNumber", 
	"replybytes": "62F18700000000000000000000", 
	"deny_sds": [], 
	"receivebyte_dataitems": {
		"VehiculeManufacturerSparPartNumber": {
		"ref": true, 
		"firstbyte": 4
		}
	}, 
	"minbytes": 13, 
	"sentbytes": "22F187"
	}, 
	{
	"name": "DataRead.LightSensorStatus", 
	"replybytes": "62AB2300", 
	"deny_sds": [], 
	"receivebyte_dataitems": {
		"LightSensorStatus": {
		"ref": true, 
		"firstbyte": 4
		}
	}, 
	"minbytes": 4, 
	"sentbytes": "22AB23"
	}, 
	{
	"name": "DataRead.History.Ident.N_3", 
	"replybytes": "61F8", 
	"deny_sds": [
		"nosds"
	], 
	"receivebyte_dataitems": {
		"HardwareNumber.BasicPartList": {
		"firstbyte": 24
		}, 
		"DiagnosticIdentificationCode": {
		"firstbyte": 8, 
		"endian": "Little"
		}, 
		"CalibrationNumber": {
		"firstbyte": 21, 
		"endian": "Little"
		}, 
		"SupplierNumber.ITG": {
		"firstbyte": 9, 
		"endian": "Little"
		}, 
		"HardwareNumber.LowerPart": {
		"firstbyte": 12
		}, 
		"PartNumber.BasicPartList": {
		"firstbyte": 23
		}, 
		"ManufacturerIdentificationCode": {
		"firstbyte": 26
		}, 
		"ApprovalNumber.BasicPartList": {
		"firstbyte": 25
		}, 
		"EditionNumber": {
		"firstbyte": 19, 
		"endian": "Little"
		}, 
		"PartNumber.LowerPart": {
		"firstbyte": 3
		}, 
		"SoftwareNumber": {
		"firstbyte": 17, 
		"endian": "Little"
		}, 
		"SupplierNumber": {
		"firstbyte": 9
		}
	}, 
	"minbytes": 26, 
	"sentbytes": "21F8"
	}, 
	{
	"name": "DataRead.DayNightStatus", 
	"replybytes": "62AB2100", 
	"deny_sds": [], 
	"receivebyte_dataitems": {
		"DayNightStatus": {
		"ref": true, 
		"firstbyte": 4
		}
	}, 
	"minbytes": 4, 
	"sentbytes": "22AB21"
	}, 
	{
	"name": "DataRead.History.Ident.N_5", 
	"replybytes": "61F4", 
	"deny_sds": [
		"nosds"
	], 
	"receivebyte_dataitems": {
		"HardwareNumber.BasicPartList": {
		"firstbyte": 24
		}, 
		"DiagnosticIdentificationCode": {
		"firstbyte": 8, 
		"endian": "Little"
		}, 
		"CalibrationNumber": {
		"firstbyte": 21, 
		"endian": "Little"
		}, 
		"SupplierNumber.ITG": {
		"firstbyte": 9, 
		"endian": "Little"
		}, 
		"HardwareNumber.LowerPart": {
		"firstbyte": 12
		}, 
		"PartNumber.BasicPartList": {
		"firstbyte": 23
		}, 
		"ManufacturerIdentificationCode": {
		"firstbyte": 26
		}, 
		"ApprovalNumber.BasicPartList": {
		"firstbyte": 25
		}, 
		"EditionNumber": {
		"firstbyte": 19, 
		"endian": "Little"
		}, 
		"PartNumber.LowerPart": {
		"firstbyte": 3
		}, 
		"SoftwareNumber": {
		"firstbyte": 17, 
		"endian": "Little"
		}, 
		"SupplierNumber": {
		"firstbyte": 9
		}
	}, 
	"minbytes": 26, 
	"sentbytes": "21F4"
	}, 
	{
	"name": "DataRead.AIRBAGCrashOrder", 
	"replybytes": "62AB320000", 
	"deny_sds": [], 
	"receivebyte_dataitems": {
		"AIRBAGCrashOrder": {
		"firstbyte": 4
		}
	}, 
	"minbytes": 5, 
	"sentbytes": "22AB32"
	}, 
	{
	"name": "DataRead.History.Ident.N_6", 
	"replybytes": "61F2", 
	"deny_sds": [
		"nosds"
	], 
	"receivebyte_dataitems": {
		"HardwareNumber.BasicPartList": {
		"firstbyte": 24
		}, 
		"DiagnosticIdentificationCode": {
		"firstbyte": 8, 
		"endian": "Little"
		}, 
		"CalibrationNumber": {
		"firstbyte": 21, 
		"endian": "Little"
		}, 
		"SupplierNumber.ITG": {
		"firstbyte": 9, 
		"endian": "Little"
		}, 
		"HardwareNumber.LowerPart": {
		"firstbyte": 12
		}, 
		"PartNumber.BasicPartList": {
		"firstbyte": 23
		}, 
		"ManufacturerIdentificationCode": {
		"firstbyte": 26
		}, 
		"ApprovalNumber.BasicPartList": {
		"firstbyte": 25
		}, 
		"EditionNumber": {
		"firstbyte": 19, 
		"endian": "Little"
		}, 
		"PartNumber.LowerPart": {
		"firstbyte": 3
		}, 
		"SoftwareNumber": {
		"firstbyte": 17, 
		"endian": "Little"
		}, 
		"SupplierNumber": {
		"firstbyte": 9
		}
	}, 
	"minbytes": 26, 
	"sentbytes": "21F2"
	}, 
	{
	"name": "DataWrite.Vehicle environment", 
	"replybytes": "6EAC15", 
	"deny_sds": [], 
	"sendbyte_dataitems": {
		"Vehicle environment": {
		"firstbyte": 4
		}
	}, 
	"minbytes": 3, 
	"sentbytes": "2EAC1500"
	}, 
	{
	"name": "WriteDataByLocalId.VIN", 
	"replybytes": "7B81", 
	"deny_sds": [
		"nosds"
	], 
	"sendbyte_dataitems": {
		"LID_ VIN_ V I N": {
		"firstbyte": 3
		}, 
		"LID_ VIN_ CRC": {
		"firstbyte": 20
		}
	}, 
	"minbytes": 2, 
	"sentbytes": "3B8100000000000000000000000000000000000000"
	}, 
	{
	"name": "WDBLID_CANM diag", 
	"replybytes": "7BB4", 
	"deny_sds": [], 
	"sendbyte_dataitems": {
		"CAN_M topo": {
		"firstbyte": 3
		}
	}, 
	"minbytes": 2, 
	"sentbytes": "3BB40000000000000000000000"
	}, 
	{
	"name": "DataRead.User_Identification_MM", 
	"replybytes": "62AB2500", 
	"deny_sds": [], 
	"receivebyte_dataitems": {
		"User_Identification_MM": {
		"ref": true, 
		"firstbyte": 4
		}
	}, 
	"minbytes": 4, 
	"sentbytes": "22AB25"
	}, 
	{
	"name": "DataRead.AnalogSwitches", 
	"replybytes": "62A60300", 
	"deny_sds": [], 
	"receivebyte_dataitems": {
		"AnalogSwitches.Satellite_buttons.OnSWRC_ADAC_ok_pressed": {
		"bitoffset": 4, 
		"ref": true, 
		"firstbyte": 4
		}, 
		"AnalogSwitches.Satellite_buttons.OnSWRC_ADAC_up_pressed": {
		"ref": true, 
		"firstbyte": 4
		}, 
		"AnalogSwitches.Satellite_buttons.OnSWRC_ADAC_down": {
		"bitoffset": 3, 
		"ref": true, 
		"firstbyte": 4
		}, 
		"AnalogSwitches.PTT Button.PTT Button_pressed": {
		"bitoffset": 6, 
		"ref": true, 
		"firstbyte": 4
		}, 
		"AnalogSwitches.Satellite_buttons.OnSWRC_ADAC_ok": {
		"bitoffset": 5, 
		"ref": true, 
		"firstbyte": 4
		}, 
		"AnalogSwitches.Satellite_buttons.OnSWRC_ADAC_up": {
		"bitoffset": 1, 
		"ref": true, 
		"firstbyte": 4
		}, 
		"AnalogSwitches.PTT Button.PTT Button": {
		"bitoffset": 7, 
		"ref": true, 
		"firstbyte": 4
		}, 
		"AnalogSwitches.Satellite_buttons.OnSWRC_ADAC_down_pressed": {
		"bitoffset": 2, 
		"ref": true, 
		"firstbyte": 4
		}
	}, 
	"minbytes": 4, 
	"sentbytes": "22A603"
	}, 
	{
	"name": "DataRead.VehicleIdentifier", 
	"replybytes": "62AB1A00000000", 
	"deny_sds": [], 
	"receivebyte_dataitems": {
		"VehicleIdentifier": {
		"ref": true, 
		"firstbyte": 4
		}
	}, 
	"minbytes": 7, 
	"sentbytes": "22AB1A"
	}, 
	{
	"name": "DataRead.OutputLines", 
	"replybytes": "62A40200", 
	"deny_sds": [], 
	"receivebyte_dataitems": {
		"OutputLines.unused": {
		"ref": true, 
		"firstbyte": 4
		}, 
		"OutputLines.SYST_ON": {
		"bitoffset": 7, 
		"ref": true, 
		"firstbyte": 4
		}
	}, 
	"minbytes": 4, 
	"sentbytes": "22A402"
	}, 
	{
	"name": "OutputControl", 
	"replybytes": "700000", 
	"deny_sds": [], 
	"receivebyte_dataitems": {
		"Output Control Status": {
		"firstbyte": 3
		}
	}, 
	"sendbyte_dataitems": {
		"Output Temporary Control List": {
		"firstbyte": 2
		}, 
		"Output Permanent Control List": {
		"firstbyte": 2
		}
	}, 
	"minbytes": 3, 
	"sentbytes": "300000"
	}, 
	{
	"name": "DataRead.Satellite_rotary", 
	"replybytes": "62A6020000", 
	"deny_sds": [], 
	"receivebyte_dataitems": {
		"Satellite_rotary.Molette B pressed": {
		"bitoffset": 3, 
		"ref": true, 
		"firstbyte": 4
		}, 
		"Satellite_rotary.Molette Haut pressed": {
		"bitoffset": 1, 
		"ref": true, 
		"firstbyte": 4
		}, 
		"Satellite_rotary.Molette Bas pressed": {
		"ref": true, 
		"firstbyte": 4
		}, 
		"Satellite_rotary.Molette A pressed": {
		"bitoffset": 2, 
		"ref": true, 
		"firstbyte": 4
		}, 
		"Satellite_rotary.Molette C": {
		"bitoffset": 4, 
		"ref": true, 
		"firstbyte": 5
		}, 
		"Satellite_rotary.Molette Bas": {
		"ref": true, 
		"firstbyte": 5
		}, 
		"Satellite_rotary.Molette Haut": {
		"bitoffset": 1, 
		"ref": true, 
		"firstbyte": 5
		}, 
		"Satellite_rotary.Molette B": {
		"bitoffset": 3, 
		"ref": true, 
		"firstbyte": 5
		}, 
		"Satellite_rotary.Molette A": {
		"bitoffset": 2, 
		"ref": true, 
		"firstbyte": 5
		}, 
		"Satellite_rotary.Molette C pressed": {
		"bitoffset": 4, 
		"ref": true, 
		"firstbyte": 4
		}
	}, 
	"minbytes": 5, 
	"sentbytes": "22A602"
	}, 
	{
	"name": "DataRead.History.Ident.N_2", 
	"replybytes": "61FA", 
	"deny_sds": [
		"nosds"
	], 
	"receivebyte_dataitems": {
		"HardwareNumber.BasicPartList": {
		"firstbyte": 24
		}, 
		"DiagnosticIdentificationCode": {
		"firstbyte": 8, 
		"endian": "Little"
		}, 
		"CalibrationNumber": {
		"firstbyte": 21, 
		"endian": "Little"
		}, 
		"SupplierNumber.ITG": {
		"firstbyte": 9, 
		"endian": "Little"
		}, 
		"HardwareNumber.LowerPart": {
		"firstbyte": 12
		}, 
		"PartNumber.BasicPartList": {
		"firstbyte": 23
		}, 
		"ManufacturerIdentificationCode": {
		"firstbyte": 26
		}, 
		"ApprovalNumber.BasicPartList": {
		"firstbyte": 25
		}, 
		"EditionNumber": {
		"firstbyte": 19, 
		"endian": "Little"
		}, 
		"PartNumber.LowerPart": {
		"firstbyte": 3
		}, 
		"SoftwareNumber": {
		"firstbyte": 17, 
		"endian": "Little"
		}, 
		"SupplierNumber": {
		"firstbyte": 9
		}
	}, 
	"minbytes": 26, 
	"sentbytes": "21FA"
	}, 
	{
	"name": "DataRead.History.Reprog.0", 
	"replybytes": "61F1", 
	"deny_sds": [
		"nosds"
	], 
	"receivebyte_dataitems": {
		"ApprovalNumber.LowerPart": {
		"firstbyte": 3
		}, 
		"TimeOfReprogramming": {
		"firstbyte": 22
		}, 
		"ProgrammingToolReference": {
		"firstbyte": 13
		}, 
		"CrcOfLogSave": {
		"firstbyte": 25
		}, 
		"NumberOfReprogrammings": {
		"firstbyte": 18
		}, 
		"ProgrammingSiteReference": {
		"firstbyte": 8
		}, 
		"DateOfReprogramming": {
		"firstbyte": 19
		}, 
		"SaveMarking": {
		"firstbyte": 24
		}
	}, 
	"minbytes": 26, 
	"sentbytes": "21F1"
	}, 
	{
	"name": "ReadDataByLocalIdentifier.CANV network management", 
	"replybytes": "6182", 
	"deny_sds": [], 
	"receivebyte_dataitems": {
		"RDBLID CANVMUX Bus Mute": {
		"firstbyte": 6
		}, 
		"RDBLID CANVMUX A2 A3 fault": {
		"firstbyte": 16
		}, 
		"RDBLID CANVMUX message set ref": {
		"firstbyte": 3
		}, 
		"RDBLID CANVMUX Bus Off": {
		"firstbyte": 5
		}, 
		"RDBLID CANVMUX A2 A3 fault counter": {
		"bitoffset": 2, 
		"firstbyte": 16
		}, 
		"RDBLID CANVMUX Bus Off Counter": {
		"bitoffset": 2, 
		"firstbyte": 5
		}, 
		"RDBLID CANVMUX Bus Mute Counter": {
		"bitoffset": 2, 
		"firstbyte": 6
		}, 
		"RDBLID Record local ID": {
		"firstbyte": 2
		}
	}, 
	"minbytes": 106, 
	"sentbytes": "2182"
	}, 
	{
	"name": "ReadDTCInformation.ReportDTC", 
	"replybytes": "59020000000000", 
	"deny_sds": [], 
	"receivebyte_dataitems": {
		"DTCStatus.testFailedSinceLastClear": {
		"bitoffset": 2, 
		"firstbyte": 7
		}, 
		"DTCStatus.pendingDTC": {
		"bitoffset": 5, 
		"firstbyte": 7
		}, 
		"DTCStatus.confirmedDTC": {
		"bitoffset": 4, 
		"firstbyte": 7
		}, 
		"DTCDeviceAndFailureTypeOBD": {
		"firstbyte": 4
		}, 
		"DTCFailureType.ManufacturerOrSupplier": {
		"bitoffset": 4, 
		"firstbyte": 6
		}, 
		"DTCFailureType.Category": {
		"firstbyte": 6
		}, 
		"DTCFailureType": {
		"firstbyte": 6
		}, 
		"DTCStatus.testNotCompletedSinceLastClear": {
		"bitoffset": 3, 
		"firstbyte": 7
		}, 
		"DTCStatus.testNotCompletedThisMonitoringCycle": {
		"bitoffset": 1, 
		"firstbyte": 7
		}, 
		"DTCStatusAvailabilityMask": {
		"firstbyte": 3
		}, 
		"DTCStatus.warningIndicatorRequested": {
		"firstbyte": 7
		}, 
		"StatusOfDTC": {
		"firstbyte": 7
		}, 
		"DTCStatus.testFailedThisMonitoringCycle": {
		"bitoffset": 6, 
		"firstbyte": 7
		}, 
		"DTCStatus.testFailed": {
		"bitoffset": 7, 
		"firstbyte": 7
		}, 
		"DTCDeviceIdentifier": {
		"firstbyte": 4
		}
	}, 
	"minbytes": 3, 
	"sentbytes": "1902FF", 
	"shiftbytescount": 4
	}, 
	{
	"name": "ECUReset.config", 
	"replybytes": "5140", 
	"deny_sds": [
		"nosds", 
		"plant", 
		"aftersales"
	], 
	"manualsend": true, 
	"receivebyte_dataitems": {
		"ECUR_reset type_R": {
		"firstbyte": 2
		}
	}, 
	"minbytes": 2, 
	"sentbytes": "1140"
	}, 
	{
	"name": "DataRead.RadioActivity", 
	"replybytes": "62AB0500", 
	"deny_sds": [], 
	"receivebyte_dataitems": {
		"RadioActivity.Event": {
		"bitoffset": 7, 
		"ref": true, 
		"firstbyte": 4
		}, 
		"RadioActivity.Unused": {
		"bitoffset": 1, 
		"ref": true, 
		"firstbyte": 4
		}, 
		"RadioActivity.Availability": {
		"ref": true, 
		"firstbyte": 4
		}
	}, 
	"minbytes": 4, 
	"sentbytes": "22AB05"
	}, 
	{
	"name": "DataWrite.ECU Configuration", 
	"replybytes": "6EAC1C", 
	"deny_sds": [
		"nosds"
	], 
	"sendbyte_dataitems": {
		"ECU Configuration.MM unit": {
		"bitoffset": 6, 
		"firstbyte": 4
		}, 
		"ECU Configuration. Sys ON": {
		"bitoffset": 5, 
		"firstbyte": 4
		}, 
		"ECU Configuration.PTT": {
		"bitoffset": 3, 
		"firstbyte": 4
		}, 
		"ECU Configuration.OnSWRC": {
		"bitoffset": 4, 
		"firstbyte": 4
		}
	}, 
	"minbytes": 3, 
	"sentbytes": "2EAC1C02"
	}, 
	{
	"name": "DataRead.History.Reprog.N_5", 
	"replybytes": "61F5", 
	"deny_sds": [
		"nosds"
	], 
	"receivebyte_dataitems": {
		"ApprovalNumber.LowerPart": {
		"firstbyte": 3
		}, 
		"TimeOfReprogramming": {
		"firstbyte": 22
		}, 
		"ProgrammingToolReference": {
		"firstbyte": 13
		}, 
		"CrcOfLogSave": {
		"firstbyte": 25
		}, 
		"NumberOfReprogrammings": {
		"firstbyte": 18
		}, 
		"ProgrammingSiteReference": {
		"firstbyte": 8
		}, 
		"DateOfReprogramming": {
		"firstbyte": 19
		}, 
		"SaveMarking": {
		"firstbyte": 24
		}
	}, 
	"minbytes": 26, 
	"sentbytes": "21F5"
	}, 
	{
	"name": "DataRead.History.Reprog.N_4", 
	"replybytes": "61F7", 
	"deny_sds": [
		"nosds"
	], 
	"receivebyte_dataitems": {
		"ApprovalNumber.LowerPart": {
		"firstbyte": 3
		}, 
		"TimeOfReprogramming": {
		"firstbyte": 22
		}, 
		"ProgrammingToolReference": {
		"firstbyte": 13
		}, 
		"CrcOfLogSave": {
		"firstbyte": 25
		}, 
		"NumberOfReprogrammings": {
		"firstbyte": 18
		}, 
		"ProgrammingSiteReference": {
		"firstbyte": 8
		}, 
		"DateOfReprogramming": {
		"firstbyte": 19
		}, 
		"SaveMarking": {
		"firstbyte": 24
		}
	}, 
	"minbytes": 26, 
	"sentbytes": "21F7"
	}, 
	{
	"name": "ECUReset.hard", 
	"replybytes": "5101", 
	"deny_sds": [
		"nosds", 
		"plant", 
		"aftersales", 
		"engineering", 
		"supplier"
	], 
	"manualsend": true, 
	"receivebyte_dataitems": {
		"ECUR_reset type_R": {
		"firstbyte": 2
		}
	}, 
	"minbytes": 2, 
	"sentbytes": "1101"
	}, 
	{
	"name": "ReadMemoryByAddress", 
	"replybytes": "63", 
	"deny_sds": [], 
	"sendbyte_dataitems": {
		"RMBA MemoryAddress": {
		"firstbyte": 2
		}, 
		"RMBA MemorySize": {
		"firstbyte": 6
		}
	}, 
	"minbytes": 1, 
	"sentbytes": "23000000000000", 
	"shiftbytescount": 1
	}, 
	{
	"name": "DataRead.History.Reprog.N_1", 
	"replybytes": "61FD", 
	"deny_sds": [
		"nosds"
	], 
	"receivebyte_dataitems": {
		"ApprovalNumber.LowerPart": {
		"firstbyte": 3
		}, 
		"TimeOfReprogramming": {
		"firstbyte": 22
		}, 
		"ProgrammingToolReference": {
		"firstbyte": 13
		}, 
		"CrcOfLogSave": {
		"firstbyte": 25
		}, 
		"NumberOfReprogrammings": {
		"firstbyte": 18
		}, 
		"ProgrammingSiteReference": {
		"firstbyte": 8
		}, 
		"DateOfReprogramming": {
		"firstbyte": 19
		}, 
		"SaveMarking": {
		"firstbyte": 24
		}
	}, 
	"minbytes": 26, 
	"sentbytes": "21FD"
	}, 
	{
	"name": "DataRead.History.Ident.N", 
	"replybytes": "61FE", 
	"deny_sds": [
		"nosds"
	], 
	"receivebyte_dataitems": {
		"HardwareNumber.BasicPartList": {
		"firstbyte": 24
		}, 
		"DiagnosticIdentificationCode": {
		"firstbyte": 8, 
		"endian": "Little"
		}, 
		"CalibrationNumber": {
		"firstbyte": 21, 
		"endian": "Little"
		}, 
		"SupplierNumber.ITG": {
		"firstbyte": 9, 
		"endian": "Little"
		}, 
		"HardwareNumber.LowerPart": {
		"firstbyte": 12
		}, 
		"PartNumber.BasicPartList": {
		"firstbyte": 23
		}, 
		"ManufacturerIdentificationCode": {
		"firstbyte": 26
		}, 
		"ApprovalNumber.BasicPartList": {
		"firstbyte": 25
		}, 
		"EditionNumber": {
		"firstbyte": 19, 
		"endian": "Little"
		}, 
		"PartNumber.LowerPart": {
		"firstbyte": 3
		}, 
		"SoftwareNumber": {
		"firstbyte": 17, 
		"endian": "Little"
		}, 
		"SupplierNumber": {
		"firstbyte": 9
		}
	}, 
	"minbytes": 26, 
	"sentbytes": "21FE"
	}, 
	{
	"name": "DataRead.ECU Configuration", 
	"replybytes": "62AC1C00", 
	"deny_sds": [], 
	"receivebyte_dataitems": {
		"ECU Configuration.MM unit": {
		"bitoffset": 6, 
		"ref": true, 
		"firstbyte": 4
		}, 
		"ECU Configuration. Sys ON": {
		"bitoffset": 5, 
		"ref": true, 
		"firstbyte": 4
		}, 
		"ECU Configuration.PTT": {
		"bitoffset": 3, 
		"ref": true, 
		"firstbyte": 4
		}, 
		"ECU Configuration.OnSWRC": {
		"bitoffset": 4, 
		"ref": true, 
		"firstbyte": 4
		}
	}, 
	"minbytes": 4, 
	"sentbytes": "22AC1C"
	}, 
	{
	"name": "Start Diagnostic Session", 
	"replybytes": "50C0", 
	"deny_sds": [
		"nosds", 
		"engineering", 
		"supplier"
	], 
	"receivebyte_dataitems": {
		"SDS_type of diagnostic session_R": {
		"firstbyte": 2
		}
	}, 
	"minbytes": 2, 
	"sentbytes": "10C0"
	}, 
	{
	"name": "ClearDiagnosticInformation.All", 
	"deny_sds": [], 
	"minbytes": 1, 
	"sentbytes": "14FFFFFF", 
	"replybytes": "54"
	}, 
	{
	"name": "DataRead.TemperatureUnit", 
	"replybytes": "62AB2700", 
	"deny_sds": [], 
	"receivebyte_dataitems": {
		"TemperatureUnit": {
		"ref": true, 
		"firstbyte": 4
		}
	}, 
	"minbytes": 4, 
	"sentbytes": "22AB27"
	}, 
	{
	"name": "DataRead.DistanceTotalizer", 
	"replybytes": "62AB1D00000000", 
	"deny_sds": [], 
	"receivebyte_dataitems": {
		"DistanceTotalizer": {
		"firstbyte": 4
		}
	}, 
	"minbytes": 7, 
	"sentbytes": "22AB1D"
	}
], 
"data": {
	"DistanceTotalizer": {
	"bytescount": 4, 
	"byte": true, 
	"bitscount": 32
	}, 
	"RearGearEngaged": {
	"byte": true
	}, 
	"Satellite_buttons.Vol_decrease": {
	"comment": "Vol- key status", 
	"bitscount": 1, 
	"lists": {
		"0": "Not currently pressed", 
		"1": "Currently pressed"
	}
	}, 
	"DTCExtendedDataRecordNumber": {
	"lists": {
		"128": "Mileage", 
		"129": "AgingCounter", 
		"130": "DTCOccurrenceCounter"
	}
	}, 
	"CrcOfLogSave": {
	"bytescount": 2, 
	"byte": true, 
	"bitscount": 16
	}, 
	"Vehicle environment": {
	"comment": "CANV/CANM transfert script", 
	"lists": {
		"0": "No transfert", 
		"1": "Script 1 x38/x43/x47/B32/x91/x95", 
		"2": "Script 2 P32M/H45", 
		"3": "Script 3 J84", 
		"4": "Script 4 J81", 
		"5": "Script 5 X83", 
		"6": "Script 6 X61 or X62", 
		"7": "Script 7 reserved", 
		"8": "Script 8 X85", 
		"9": "Script 9 X44", 
		"10": "Script 10 no transfert for Wakeup by CAN", 
		"11": "Script 11 x95RS", 
		"12": "Script 12  x85RS or x44RS", 
		"13": "Script 13 L38VE", 
		"14": "Script 14 x07 R4S/x82/x87/x98", 
		"15": "Script 15 X61VE"
	}
	}, 
	"PartNumber.BasicPartList": {
	"lists": {
		"0": "N/A", 
		"2": "283C3"
	}
	}, 
	"RDBLID traceability supplier number_ITG": {
	"bytesascii": true, 
	"bytescount": 3, 
	"byte": true, 
	"bitscount": 24, 
	"comment": "213"
	}, 
	"Satellite_buttons.Left_pressed": {
	"comment": "left key status", 
	"bitscount": 1, 
	"lists": {
		"0": "Not pressed since last clear", 
		"1": "Pressed since last clear"
	}
	}, 
	"ECU Configuration.OnSWRC": {
	"comment": "On steering wheel remote control switches", 
	"bitscount": 1, 
	"lists": {
		"0": "Not present", 
		"1": "Present"
	}
	}, 
	"Satellite_buttons.PPSeek_increase_pressed": {
	"comment": "president Seek+ status", 
	"bitscount": 1, 
	"lists": {
		"0": "Not pressed since last clear", 
		"1": "Pressed since last clear"
	}
	}, 
	"RDBLID CANVMUX Bus Mute": {
	"comment": "status", 
	"bitscount": 2, 
	"lists": {
		"0": "Present", 
		"2": "Missing", 
		"3": "Missing Confirmed"
	}
	}, 
	"HardwareNumber.BasicPartList": {
	"lists": {
		"0": "HARDW", 
		"1": "285J9"
	}
	}, 
	"VehiculeManufacturerSparPartNumber": {
	"bytesascii": true, 
	"bytescount": 10, 
	"byte": true, 
	"bitscount": 80
	}, 
	"RDBLID CANVMUX Bus Mute Counter": {
	"comment": "V_Mute counter", 
	"bitscount": 6, 
	"lists": {
		"0": "0", 
		"1": "1", 
		"2": "2", 
		"3": "3", 
		"4": "4", 
		"5": "5", 
		"6": "6", 
		"7": "7", 
		"8": "8", 
		"9": "9", 
		"10": "10", 
		"11": "11", 
		"12": "12", 
		"13": "13", 
		"14": "14", 
		"15": "15", 
		"16": "16", 
		"17": "17", 
		"18": "18", 
		"19": "19", 
		"20": "20", 
		"21": "21", 
		"22": "22", 
		"23": "23", 
		"24": "24", 
		"25": "25", 
		"26": "26", 
		"27": "27", 
		"28": "28", 
		"29": "29", 
		"30": "30", 
		"31": "31", 
		"32": "32", 
		"33": "33", 
		"34": "34", 
		"35": "35", 
		"36": "36", 
		"37": "37", 
		"38": "38", 
		"39": "39", 
		"40": "40", 
		"63": "No Checked"
	}
	}, 
	"Output Control Command": {
	"comment": "Testing output : Command enumeration", 
	"lists": {
		"0": "Start temporry test", 
		"1": "Status", 
		"17": "Stop test", 
		"32": "Start permanent test"
	}
	}, 
	"VehicleIdentifier": {
	"comment": "last 7th digit of VIN", 
	"bytescount": 4, 
	"byte": true, 
	"bitscount": 32
	}, 
	"Satellite_buttons.Vol_increase_pressed": {
	"comment": "Vol+ key status", 
	"bitscount": 1, 
	"lists": {
		"0": "Not pressed since last clear", 
		"1": "Pressed since last clear"
	}
	}, 
	"Satellite_rotary.Molette C pressed": {
	"comment": "Rotary C switch status", 
	"bitscount": 1, 
	"lists": {
		"0": "Has not been closed since last clear", 
		"1": "Has been closed since last clear"
	}
	}, 
	"ECU Configuration.MM unit": {
	"comment": "multimedia unit presence configuration", 
	"bitscount": 1, 
	"lists": {
		"0": "Not present", 
		"1": "Present"
	}
	}, 
	"ITMActivity.availability": {
	"comment": "Availibilty of data", 
	"bitscount": 1, 
	"lists": {
		"0": "Not available", 
		"1": "Available"
	}
	}, 
	"AnalogSwitches.Satellite_buttons.OnSWRC_ADAC_up_pressed": {
	"comment": "Daimler OnSWRC - Key historic", 
	"bitscount": 1, 
	"lists": {
		"0": "Not pressed since last clear", 
		"1": "Pressed since last clear"
	}
	}, 
	"SDS_type of diagnostic session_R": {
	"comment": "type of diagnostic session to be activated", 
	"lists": {
		"192": "After sales, development & factory session", 
		"129": "Default session", 
		"250": "JCAE specific session 1", 
		"251": "JCAE specific session 2", 
		"133": "Main ECU reprogram session"
	}
	}, 
	"NetworkDiag_MM": {
	"byte": true
	}, 
	"User_Identification_MM": {
	"byte": true
	}, 
	"ECUR_reset type_R": {
	"comment": "Type of reset asked by the tool", 
	"lists": {
		"64": "Configuration reset", 
		"1": "Hard reset", 
		"65": "Test parameters reset"
	}
	}, 
	"OutputLines.unused": {
	"scaled": true, 
	"bitscount": 7
	}, 
	"CrashDetectionState": {
	"byte": true
	}, 
	"DTCDeviceIdentifier": {
	"bytescount": 2, 
	"bitscount": 16, 
	"lists": {
		"37697": "Virgin configuration", 
		"37635": "Battery power supply", 
		"37700": "E2PROM", 
		"37641": "SYS ON", 
		"37708": "CAN-M controller", 
		"37709": "CAN-V controller", 
		"37681": "Temp sensor line", 
		"37859": "LCD"
	}
	}, 
	"Satellite_rotary.Molette B pressed": {
	"comment": "Rotary B switch status", 
	"bitscount": 1, 
	"lists": {
		"0": "Has not been closed since last clear", 
		"1": "Has been closed since last clear"
	}
	}, 
	"DTCStatus.testFailedSinceLastClear": {
	"bitscount": 1, 
	"lists": {
		"0": "No", 
		"1": "Yes"
	}
	}, 
	"DTCIStatus.testNotCompletedSinceLastClear": {
	"bitscount": 1, 
	"lists": {
		"0": "No", 
		"1": "Yes"
	}
	}, 
	"Satellite_rotary.Molette Haut pressed": {
	"comment": "Rotary to the high direction status", 
	"bitscount": 1, 
	"lists": {
		"0": "Not moved to the low direction since last clear", 
		"1": "Moved to the high direction since last clear"
	}
	}, 
	"Output Control Status": {
	"comment": "Testing output : Status", 
	"lists": {
		"1": "Running", 
		"2": "Stopped", 
		"18": "Problem in the test", 
		"17": "Manually stopped"
	}
	}, 
	"Satellite_buttons.Val": {
	"comment": "Val  key status", 
	"bitscount": 1, 
	"lists": {
		"0": "Not currently pressed", 
		"1": "Currently pressed"
	}
	}, 
	"DTCStatus.testNotCompletedSinceLastClear": {
	"bitscount": 1, 
	"lists": {
		"0": "No", 
		"1": "Yes"
	}
	}, 
	"IOControl.Availibility.Rq": {
	"comment": "Request for availibility", 
	"lists": {
		"0": "Request for availibility LID from 0 to 19"
	}
	}, 
	"RDBLID traceability week": {
	"bytesascii": true, 
	"bytescount": 2, 
	"byte": true, 
	"bitscount": 16, 
	"comment": "week number in the year"
	}, 
	"AIRBAGCrashOrder": {
	"bytescount": 2, 
	"byte": true, 
	"bitscount": 16
	}, 
	"RDBLID CANVMUX A2 A3 fault": {
	"comment": "present", 
	"bitscount": 2, 
	"lists": {
		"0": "Present", 
		"2": "Missing", 
		"3": "Missing Confirmed"
	}
	}, 
	"DTCExtendedData.Mileage": {
	"scaled": true, 
	"bytescount": 3, 
	"comment": "Description of the extendedData Mileage (use by Failure Page to decode data)", 
	"bitscount": 24, 
	"unit": "km"
	}, 
	"AnalogSwitches.PTT Button.PTT Button_pressed": {
	"comment": "Push To Talk status", 
	"bitscount": 1, 
	"lists": {
		"0": "Not pressed since last clear", 
		"1": "pressed since last clear"
	}
	}, 
	"OutputTemporaryControlList": {
	"comment": "Testing output : List of all output with permanent test", 
	"lists": {
		"1": "Ext_ON pulse"
	}
	}, 
	"ECU Configuration.PTT": {
	"comment": "Push To Talk Configuration", 
	"bitscount": 1, 
	"lists": {
		"0": "Not Present", 
		"1": "Present"
	}
	}, 
	"AnalogSwitches.Satellite_buttons.OnSWRC_ADAC_down": {
	"comment": "Daimler OnSWRC - Key status", 
	"bitscount": 1, 
	"lists": {
		"0": "Not currently pressed", 
		"1": "Currently pressed"
	}
	}, 
	"Wake up signals.Bat_Tempo": {
	"comment": "status of +Bat_Tempo line", 
	"bitscount": 1, 
	"lists": {
		"0": "not active", 
		"1": "active"
	}
	}, 
	"Satellite_buttons.OnSWRC_PTT": {
	"comment": "Daimler OnSWRC - Key status", 
	"bitscount": 1, 
	"lists": {
		"0": "Not currently pressed", 
		"1": "Currently pressed"
	}
	}, 
	"DTCStatus.warningIndicatorRequested": {
	"bitscount": 1, 
	"lists": {
		"0": "No", 
		"1": "Yes"
	}
	}, 
	"IOControl.Availability.DataD": {
	"lists": {
		"0": "Not available", 
		"128": "Available"
	}
	}, 
	"DTCExtendedData.AgingCounter": {
	"scaled": true, 
	"comment": "Description of the extendedData AgingCounter (use by Failure Page to decode data)"
	}, 
	"VehicleSpeed": {
	"bytescount": 2, 
	"byte": true, 
	"bitscount": 16
	}, 
	"IOControl.Availability.DataB": {
	"lists": {
		"0": "Not available", 
		"128": "Available"
	}
	}, 
	"DTCMaskRecord": {
	"bytescount": 3, 
	"byte": true, 
	"bitscount": 24
	}, 
	"DTCIStatus.testFailedSinceLastClear": {
	"bitscount": 1, 
	"lists": {
		"0": "No", 
		"1": "Yes"
	}
	}, 
	"VehicleID default value": {
	"comment": "For CAN-V simulation", 
	"bytescount": 4, 
	"byte": true, 
	"bitscount": 32
	}, 
	"Satellite_buttons.PPMode": {
	"comment": "president Mode key status", 
	"bitscount": 1, 
	"lists": {
		"0": "Not currently pressed", 
		"1": "Currently pressed"
	}
	}, 
	"Temperature value": {
	"byte": true
	}, 
	"DTCStatusAvailabilityMask": {
	"scaled": true
	}, 
	"EditionNumber": {
	"comment": "Software version(edition) number", 
	"bytescount": 2, 
	"byte": true, 
	"bitscount": 16
	}, 
	"PartNumber.LowerPart": {
	"bytesascii": true, 
	"bytescount": 5, 
	"byte": true, 
	"bitscount": 40
	}, 
	"Satellite_buttons.High": {
	"comment": "High key status", 
	"bitscount": 1, 
	"lists": {
		"0": "Not currently pressed", 
		"1": "Currently pressed"
	}
	}, 
	"Satellite_buttons.Sup_pressed": {
	"comment": "Sup key status", 
	"bitscount": 1, 
	"lists": {
		"0": "Not pressed since last clear", 
		"1": "Pressed since last clear"
	}
	}, 
	"Output Permanent Control List": {
	"comment": "IOControl tests list", 
	"lists": {
		"0": "Availability", 
		"32": "AvailibilityLID2", 
		"51": "Analog Audio Out Tone", 
		"33": "Display check"
	}
	}, 
	"TimeOfReprogramming": {
	"comment": "Hour, Minute of the reprogramming", 
	"bytescount": 2, 
	"byte": true, 
	"bitscount": 16
	}, 
	"ECU Configuration. Sys ON": {
	"comment": "SYS ON management configuration", 
	"bitscount": 1, 
	"lists": {
		"0": "SYS ON =0 in MMOFF state", 
		"1": "SYS ON =1 in MMOFF state"
	}
	}, 
	"Satellite_buttons.Vol_decrease_pressed": {
	"comment": "Vol- key status", 
	"bitscount": 1, 
	"lists": {
		"0": "Not pressed since last clear", 
		"1": "Pressed since last clear"
	}
	}, 
	"DTCRecord": {
	"bytescount": 3, 
	"byte": true, 
	"bitscount": 24
	}, 
	"RDBLID traceability year of production": {
	"comment": "Year of production", 
	"lists": {
		"48": "Year of production : 2010", 
		"49": "Year of production : 2011", 
		"50": "Year of production : 2012", 
		"51": "Year of production : 2013", 
		"52": "Year of production : 2004", 
		"53": "Year of production : 2005", 
		"54": "Year of production : 2006", 
		"55": "Year of production : 2007", 
		"56": "Year of production : 2008", 
		"57": "Year of production : 2009"
	}
	}, 
	"DateOfReprogramming": {
	"comment": "date of the reprogramming yy.mm.dd", 
	"bytescount": 3, 
	"byte": true, 
	"bitscount": 24
	}, 
	"Satellite_rotary.Molette Bas": {
	"comment": "Rotary to the low direction status", 
	"bitscount": 1, 
	"lists": {
		"0": "Not currently moved", 
		"1": "Currently moved to the low direction"
	}
	}, 
	"ApplicationDiag_MM": {
	"byte": true
	}, 
	"RDBLID Record local ID": {
	"comment": "identifies a predifined group of data tobe returned to the tool", 
	"lists": {
		"128": "Renault system identification", 
		"129": "Vehicle identification number", 
		"130": "CAN-V network management", 
		"132": "Traceability information", 
		"133": "CAN-M network management (A2/A3 only)"
	}
	}, 
	"Satellite_buttons.OnSWRC_Vol_decrease": {
	"comment": "Daimler OnSWRC - Key status", 
	"bitscount": 1, 
	"lists": {
		"0": "Not currently pressed", 
		"1": "Currently pressed"
	}
	}, 
	"Satellite_buttons.Val_pressed": {
	"comment": "Val key status", 
	"bitscount": 1, 
	"lists": {
		"0": "Not pressed since last clear", 
		"1": "Pressed since last clear"
	}
	}, 
	"Output Temporary Control List": {
	"comment": "IOControl tests list", 
	"lists": {
		"8": "Rear Camera Activation", 
		"37": "Microphone Connection", 
		"7": "Rear Camera Configuration"
	}
	}, 
	"RadioActivity.Unused": {
	"scaled": true, 
	"bitscount": 6
	}, 
	"Satellite_buttons.Low": {
	"comment": "Low  key status", 
	"bitscount": 1, 
	"lists": {
		"0": "Not currently pressed", 
		"1": "Currently pressed"
	}
	}, 
	"NumberOfReprogrammings": {
	"scaled": true
	}, 
	"Satellite_buttons.Right_pressed": {
	"comment": "right key status", 
	"bitscount": 1, 
	"lists": {
		"0": "Not pressed since last clear", 
		"1": "Pressed since last clear"
	}
	}, 
	"Satellite_buttons.PPMode_pressed": {
	"comment": "president Mode key status", 
	"bitscount": 1, 
	"lists": {
		"0": "Not pressed since last clear", 
		"1": "Pressed since last clear"
	}
	}, 
	"AnalogSwitches.Satellite_buttons.OnSWRC_ADAC_up": {
	"comment": "Daimler OnSWRC - Key status", 
	"bitscount": 1, 
	"lists": {
		"0": "Not currently pressed", 
		"1": "Currently pressed"
	}
	}, 
	"SaveMarking": {
	"scaled": true
	}, 
	"SoftwareNumber": {
	"comment": "Software identification number", 
	"bytescount": 2, 
	"byte": true, 
	"bitscount": 16
	}, 
	"RMBA MemorySize": {
	"comment": "memory size to be dumped", 
	"bytescount": 2, 
	"byte": true, 
	"bitscount": 16
	}, 
	"CAN_M topo": {
	"comment": "CAN-M topo", 
	"bytescount": 11, 
	"byte": true, 
	"bitscount": 88
	}, 
	"RDBLID CANVMUX A2 A3 fault counter": {
	"comment": "0", 
	"bitscount": 6, 
	"lists": {
		"0": "0", 
		"1": "1", 
		"2": "2", 
		"3": "3", 
		"4": "4", 
		"5": "5", 
		"6": "6", 
		"7": "7", 
		"8": "8", 
		"9": "9", 
		"10": "10", 
		"11": "11", 
		"12": "12", 
		"13": "13", 
		"14": "14", 
		"15": "15", 
		"16": "16", 
		"17": "17", 
		"18": "18", 
		"19": "19", 
		"20": "20", 
		"21": "21", 
		"22": "22", 
		"23": "23", 
		"24": "24", 
		"25": "25", 
		"26": "26", 
		"27": "27", 
		"28": "28", 
		"29": "29", 
		"30": "30", 
		"31": "31", 
		"32": "32", 
		"33": "33", 
		"34": "34", 
		"35": "35", 
		"36": "36", 
		"37": "37", 
		"38": "38", 
		"39": "39", 
		"40": "40", 
		"63": "No Checked"
	}
	}, 
	"DTCFailureType.Category": {
	"bitscount": 4, 
	"lists": {
		"0": "General Failure Information", 
		"1": "General Electrical Failures", 
		"2": "General Signal Failures", 
		"3": "FM (Frequency Modulated) / PWM Failures", 
		"4": "System Internal Failures", 
		"5": "System Programming Failures", 
		"6": "Algorithm Based Failures", 
		"7": "Mechanical Failures", 
		"8": "Bus Signal / Message Failures", 
		"9": "Component Failures", 
		"15": "Vehicle manufacturer / System supplier specific"
	}
	}, 
	"Satellite_buttons.Sup": {
	"comment": "Sup key status", 
	"bitscount": 1, 
	"lists": {
		"0": "Not currently pressed", 
		"1": "Currently pressed"
	}
	}, 
	"Satellite_buttons.High_pressed": {
	"comment": "High key status", 
	"bitscount": 1, 
	"lists": {
		"0": "Not pressed since last clear", 
		"1": "Pressed since last clear"
	}
	}, 
	"AnalogSwitches.Satellite_buttons.OnSWRC_ADAC_down_pressed": {
	"comment": "Daimler OnSWRC - Key historic", 
	"bitscount": 1, 
	"lists": {
		"0": "Not pressed since last clear", 
		"1": "Pressed since last clear"
	}
	}, 
	"DTCStatus.pendingDTC": {
	"bitscount": 1, 
	"lists": {
		"0": "No", 
		"1": "Yes"
	}
	}, 
	"ProgrammingToolReference": {
	"bytesascii": true, 
	"bytescount": 5, 
	"byte": true, 
	"bitscount": 40
	}, 
	"RDBLID CANVMUX Bus Off": {
	"comment": "status", 
	"bitscount": 2, 
	"lists": {
		"0": "Present", 
		"2": "Missing", 
		"3": "Missing Confirmed"
	}
	}, 
	"Satellite_buttons.OnSWRC_PTT_pressed": {
	"comment": "Daimler OnSWRC - Key historic", 
	"bitscount": 1, 
	"lists": {
		"0": "Not pressed since last clear", 
		"1": "Pressed since last clear"
	}
	}, 
	"Wake up signals.Ext_ON": {
	"comment": "status of Ext_ON line", 
	"bitscount": 1, 
	"lists": {
		"0": "not active", 
		"1": "active"
	}
	}, 
	"Satellite_buttons.PPSeek_increase": {
	"comment": "president Seek + key status", 
	"bitscount": 1, 
	"lists": {
		"0": "Not currently pressed", 
		"1": "Currently pressed"
	}
	}, 
	"AnalogSwitches.Satellite_buttons.OnSWRC_ADAC_ok_pressed": {
	"comment": "Daimler OnSWRC - Key historic", 
	"bitscount": 1, 
	"lists": {
		"0": "Not pressed since last clear", 
		"1": "Pressed since last clear"
	}
	}, 
	"DTCFailureType.ManufacturerOrSupplier": {
	"bitscount": 4
	}, 
	"Satellite_buttons.Rep": {
	"comment": "Rep key status", 
	"bitscount": 1, 
	"lists": {
		"0": "Not currently pressed", 
		"1": "Currently pressed"
	}
	}, 
	"AnalogSwitches.Satellite_buttons.OnSWRC_ADAC_ok": {
	"comment": "Daimler OnSWRC - Key status", 
	"bitscount": 1, 
	"lists": {
		"0": "Not currently pressed", 
		"1": "Currently pressed"
	}
	}, 
	"ProgrammingSiteReference": {
	"bytesascii": true, 
	"bytescount": 5, 
	"byte": true, 
	"bitscount": 40
	}, 
	"Satellite_buttons.OnSWRC_Vol_decrease_pressed": {
	"comment": "Daimler OnSWRC - Key historic", 
	"bitscount": 1, 
	"lists": {
		"0": "Not pressed since last clear", 
		"1": "Pressed since last clear"
	}
	}, 
	"Satellite_rotary.Molette C": {
	"comment": "Rotary C switch status", 
	"bitscount": 1, 
	"lists": {
		"0": "Is not currently closed", 
		"1": "Is currently closed"
	}
	}, 
	"Satellite_rotary.Molette B": {
	"comment": "Rotary B switch status", 
	"bitscount": 1, 
	"lists": {
		"0": "Is not currently closed", 
		"1": "Is currently closed"
	}
	}, 
	"Satellite_rotary.Molette A": {
	"comment": "Rotary A switch status", 
	"bitscount": 1, 
	"lists": {
		"0": "Is not currently closed", 
		"1": "Is currently closed"
	}
	}, 
	"DTCStatus.testFailedThisMonitoringCycle": {
	"bitscount": 1, 
	"lists": {
		"0": "No", 
		"1": "Yes"
	}
	}, 
	"ApprovalNumber.LowerPart": {
	"bytesascii": true, 
	"bytescount": 5, 
	"byte": true, 
	"bitscount": 40
	}, 
	"DTCIStatus.confirmedDTC": {
	"bitscount": 1, 
	"lists": {
		"0": "No", 
		"1": "Yes"
	}
	}, 
	"Dimming value": {
	"byte": true
	}, 
	"LightSensorStatus": {
	"byte": true
	}, 
	"RadioActivity.Availability": {
	"bitscount": 1, 
	"lists": {
		"0": "Not Available", 
		"1": "Available"
	}
	}, 
	"RMBA MemoryAddress": {
	"comment": "memory address to be dumped", 
	"bytescount": 4, 
	"byte": true, 
	"bitscount": 32
	}, 
	"Daimler_HW_part_nbr": {
	"bytesascii": true, 
	"bytescount": 10, 
	"byte": true, 
	"bitscount": 80, 
	"comment": "Daimler hardware part number"
	}, 
	"SupplierNumber": {
	"comment": "Supplier code (hexa)", 
	"bytescount": 3, 
	"byte": true, 
	"bitscount": 24
	}, 
	"Satellite_buttons.Low_pressed": {
	"comment": "Low key status", 
	"bitscount": 1, 
	"lists": {
		"0": "Not pressed since last clear", 
		"1": "Pressed since last clear"
	}
	}, 
	"FuelAutonomy": {
	"bytescount": 2, 
	"byte": true, 
	"bitscount": 16
	}, 
	"Satellite_buttons.Left": {
	"comment": "Left key status", 
	"bitscount": 1, 
	"lists": {
		"0": "Not currently pressed", 
		"1": "Currently pressed"
	}
	}, 
	"DiagnosticIdentificationCode": {
	"comment": "Diag evolution number", 
	"byte": true
	}, 
	"Satellite_buttons.Right": {
	"comment": "Right key status", 
	"bitscount": 1, 
	"lists": {
		"0": "Not currently pressed", 
		"1": "Currently pressed"
	}
	}, 
	"RDBLID CANVMUX message set ref": {
	"comment": "version \u00e9dition du document d\u00e9crivant la messagerie CAN-V", 
	"bytescount": 2, 
	"byte": true, 
	"bitscount": 16
	}, 
	"TemperatureUnit": {
	"byte": true
	}, 
	"Satellite_rotary.Molette Bas pressed": {
	"comment": "Rotary to the low direction status", 
	"bitscount": 1, 
	"lists": {
		"0": "Not moved to the low direction since last clear", 
		"1": "Moved to the low direction since last clear"
	}
	}, 
	"DTCFailureType": {
	"lists": {
		"0": "Device and failure type ODB codding", 
		"1": "General Electrical Failure", 
		"2": "General signal failure", 
		"3": "FM (Frequency Modulated) / PWM Failures", 
		"4": "System Internal Failures", 
		"5": "System Programming Failures", 
		"6": "Algorithm Based Failures", 
		"7": "Mechanical Failures", 
		"8": "Bus Signal / Message Failures", 
		"9": "Component Failures", 
		"17": "circuit short to ground", 
		"18": "circuit short to battery", 
		"19": "circuit open", 
		"20": "circuit short to ground or open", 
		"21": "circuit short to battery or open", 
		"22": "circuit voltage below threshold", 
		"23": "circuit voltage above threshold", 
		"24": "circuit current below threshold", 
		"25": "circuit current above threshold", 
		"26": "circuit resistance below threshold", 
		"27": "circuit resistance above threshold", 
		"28": "circuit voltage out of range", 
		"29": "circuit current out of range", 
		"30": "circuit resistance out of range", 
		"31": "circuit intermittent", 
		"33": "signal amplitude < minimum", 
		"34": "signal amplitude > maximum", 
		"35": "signal stuck low", 
		"36": "signal stuck high", 
		"37": "signal shape / waveform failure", 
		"38": "signal rate of change below threshold", 
		"39": "signal rate of change above threshold", 
		"40": "signal bias level out of range/zero adjust.failure", 
		"41": "signal signal invalid", 
		"47": "signal erratic", 
		"49": "no signal", 
		"50": "signal low time < minimum", 
		"51": "signal low time > maximum", 
		"52": "signal high time < minimum", 
		"53": "signal high time > maximum", 
		"54": "signal frequency too low", 
		"55": "signal frequency too high", 
		"56": "signal frequency incorrect", 
		"57": "incorrect has too few pulses", 
		"58": "incorrect has too many pulses", 
		"65": "general checksum failure", 
		"66": "general memory failure", 
		"67": "special memory failure", 
		"68": "data memory failure", 
		"69": "program memory failure", 
		"70": "calibration / parameter memory failure", 
		"71": "watchdog / safety \u00b5C failure", 
		"72": "supervision software failure", 
		"73": "internal electronic failure", 
		"74": "incorrect component installed", 
		"75": "over temperature", 
		"81": "not programmed", 
		"82": "not activated", 
		"83": "deactivated", 
		"84": "missing calibration", 
		"85": "not configured", 
		"97": "signal calculation failure", 
		"98": "signal compare failure", 
		"99": "circuit / component protection time-out", 
		"100": "signal plausibility failure", 
		"101": "signal has too few transitions / events", 
		"102": "signal has too many transitions / events", 
		"103": "signal incorrect after event", 
		"104": "event information", 
		"113": "actuator stuck", 
		"114": "actuator stuck open", 
		"115": "actuator stuck closed", 
		"116": "actuator slipping", 
		"117": "emergency position not reachable", 
		"118": "wrong mounting position", 
		"119": "commanded position not reachable", 
		"120": "alignment or adjustment incorrect", 
		"121": "mechanical linkage failure", 
		"122": "fluid leak or seal failure", 
		"123": "low fluid level", 
		"129": "invalid serial data received", 
		"130": "alive / sequence counter incorrect / not updated", 
		"131": "value of signal protection calculation incorrect", 
		"132": "signal below allowable range", 
		"133": "signal above allowable range", 
		"134": "signal invalid", 
		"135": "missing message", 
		"136": "bus off", 
		"143": "erratic", 
		"145": "parametric", 
		"146": "performance or incorrect operation", 
		"147": "no operation", 
		"148": "unexpected operation", 
		"149": "incorrect assembly", 
		"150": "component internal failure", 
		"151": "Component /system operation obstructed or blocked", 
		"152": "component or system over temperature"
	}
	}, 
	"ManufacturerIdentificationCode": {
	"lists": {
		"0": "Renault R1", 
		"128": "Nissan N1", 
		"130": "Nissan N3", 
		"136": "5DIGITS", 
		"129": "Nissan N2"
	}
	}, 
	"LID_ VIN_ V I N": {
	"bytesascii": true, 
	"bytescount": 17, 
	"byte": true, 
	"bitscount": 136, 
	"comment": "Serial number of the car, written at Renault factory"
	}, 
	"StatusOfDTC": {
	"scaled": true
	}, 
	"Satellite_buttons.Vol_increase": {
	"comment": "Vol+  key status", 
	"bitscount": 1, 
	"lists": {
		"0": "Not currently pressed", 
		"1": "Currently pressed"
	}
	}, 
	"RadioActivity.Event": {
	"comment": "CAN-M data", 
	"bitscount": 1, 
	"lists": {
		"0": "no event", 
		"1": "Event indicating activity"
	}
	}, 
	"Battery level": {
	"scaled": true, 
	"comment": "Battery level", 
	"step": 0.2, 
	"unit": "V", 
	"format": "#00.0"
	}, 
	"Language": {
	"byte": true
	}, 
	"DTCDeviceAndFailureTypeOBD": {
	"bytescount": 2, 
	"bitscount": 16
	}, 
	"Wakeup Info": {
	"byte": true
	}, 
	"Stored script": {
	"comment": "Stored script", 
	"lists": {
		"0": "No script in this software", 
		"1": "v0.1", 
		"2": "v0.2", 
		"3": "version 3", 
		"4": "version 4", 
		"5": "version 5", 
		"6": "version 6", 
		"7": "version 7", 
		"8": "version 8", 
		"9": "version 9", 
		"16": "v1.0", 
		"17": "v1.1", 
		"18": "v1.2", 
		"19": "version 13", 
		"20": "version 14", 
		"21": "version 15"
	}
	}, 
	"SupplierNumber.ITG": {
	"bytesascii": true, 
	"bytescount": 3, 
	"byte": true, 
	"bitscount": 24, 
	"comment": "Supplier ITG code"
	}, 
	"LID_ VIN_ CRC": {
	"comment": "key code confirming the validity of the VIN, written at Renault factory", 
	"bytescount": 2, 
	"byte": true, 
	"bitscount": 16
	}, 
	"Satellite_buttons.OnSWRC_Vol_increase_pressed": {
	"comment": "Daimler OnSWRC - Key historic", 
	"bitscount": 1, 
	"lists": {
		"0": "Not pressed since last clear", 
		"1": "Pressed since last clear"
	}
	}, 
	"AnalogSwitches.PTT Button.PTT Button": {
	"comment": "Push To Talk status", 
	"bitscount": 1, 
	"lists": {
		"0": "Not currently pressed", 
		"1": "Currently pressed"
	}
	}, 
	"Satellite_buttons.OnSWRC_Vol_increase": {
	"comment": "Daimler OnSWRC - Key status", 
	"bitscount": 1, 
	"lists": {
		"0": "Not currently pressed", 
		"1": "Currently pressed"
	}
	}, 
	"DTCStatus.confirmedDTC": {
	"bitscount": 1, 
	"lists": {
		"0": "No", 
		"1": "Yes"
	}
	}, 
	"CalibrationNumber": {
	"comment": "Numero de calibration en Hexa", 
	"bytescount": 2, 
	"byte": true, 
	"bitscount": 16
	}, 
	"RDBLID traceability serial number": {
	"bytesascii": true, 
	"bytescount": 5, 
	"byte": true, 
	"bitscount": 40, 
	"comment": "production umber in the week"
	}, 
	"FuelLevelDisplayed": {
	"byte": true
	}, 
	"DTCIStatus.testFailed": {
	"bitscount": 1, 
	"lists": {
		"0": "No", 
		"1": "Yes"
	}
	}, 
	"DTCExtendedData.DTCOccurrenceCounter": {
	"scaled": true, 
	"comment": "Description of the extendedData DTCOccurenceCounter (use by Failure Page to decode data)"
	}, 
	"IOControl.Availability.DataA": {
	"lists": {
		"0": "Not available", 
		"128": "Available"
	}
	}, 
	"Satellite_buttons.Rep_pressed": {
	"comment": "Rep key status", 
	"bitscount": 1, 
	"lists": {
		"0": "Not pressed since last clear", 
		"1": "Pressed since last clear"
	}
	}, 
	"OutputLines.SYST_ON": {
	"comment": "status of SYS_ON line", 
	"bitscount": 1, 
	"lists": {
		"0": "not active", 
		"1": "active"
	}
	}, 
	"Daimler_SW_part_nbr": {
	"bytesascii": true, 
	"bytescount": 10, 
	"byte": true, 
	"bitscount": 80, 
	"comment": "Daimler software part number"
	}, 
	"SoundCommand": {
	"byte": true
	}, 
	"IOControl.Availability.DataC": {
	"lists": {
		"0": "Not available", 
		"128": "Available"
	}
	}, 
	"Satellite_rotary.Molette A pressed": {
	"comment": "Rotary A switch status", 
	"bitscount": 1, 
	"lists": {
		"0": "Has not been closed since last clear", 
		"1": "Has been closed since last clear"
	}
	}, 
	"HardwareNumber.LowerPart": {
	"bytesascii": true, 
	"bytescount": 5, 
	"byte": true, 
	"bitscount": 40
	}, 
	"DisplayActivation": {
	"comment": "CAN-M data", 
	"bitscount": 2, 
	"lists": {
		"0": "not activated", 
		"1": "Activated", 
		"2": "Invalid value 1", 
		"3": "Invalid value 2"
	}
	}, 
	"DTCStatus.testNotCompletedThisMonitoringCycle": {
	"bitscount": 1, 
	"lists": {
		"0": "No", 
		"1": "Yes"
	}
	}, 
	"ApprovalNumber.BasicPartList": {
	"lists": {
		"0": "N/A"
	}
	}, 
	"RDBLID CANVMUX Bus Off Counter": {
	"comment": "V_BusOff counter", 
	"bitscount": 6, 
	"lists": {
		"0": "0", 
		"1": "1", 
		"2": "2", 
		"3": "3", 
		"4": "4", 
		"5": "5", 
		"6": "6", 
		"7": "7", 
		"8": "8", 
		"9": "9", 
		"10": "10", 
		"11": "11", 
		"12": "12", 
		"13": "13", 
		"14": "14", 
		"15": "15", 
		"16": "16", 
		"17": "17", 
		"18": "18", 
		"19": "19", 
		"20": "20", 
		"21": "21", 
		"22": "22", 
		"23": "23", 
		"24": "24", 
		"25": "25", 
		"26": "26", 
		"27": "27", 
		"28": "28", 
		"29": "29", 
		"30": "30", 
		"31": "31", 
		"32": "32", 
		"33": "33", 
		"34": "34", 
		"35": "35", 
		"36": "36", 
		"37": "37", 
		"38": "38", 
		"39": "39", 
		"40": "40", 
		"63": "No Checked"
	}
	}, 
	"ITMActivity.ITMActivity": {
	"comment": "CAN-M data", 
	"bitscount": 1, 
	"lists": {
		"0": "no event", 
		"1": "Event indicating activity"
	}
	}, 
	"Satellite_rotary.Molette Haut": {
	"comment": "Rotary to the high direction status", 
	"bitscount": 1, 
	"lists": {
		"0": "Not currently moved", 
		"1": "Currently moved to the high direction"
	}
	}, 
	"DayNightStatus": {
	"byte": true
	}, 
	"DTCStatus.testFailed": {
	"bitscount": 1, 
	"lists": {
		"0": "No", 
		"1": "Yes"
	}
	}
}
}