{
"obd": {
	"baudrate": 10400, 
	"protocol": "CAN", 
	"recv_id": "764", 
	"funcname": "Climatisation", 
	"funcaddr": "29", 
	"send_id": "744"
}, 
"devices": [
	{
	"dtc": 37124, 
	"devicedata": {}, 
	"dtctype": 0, 
	"name": "EvapTemp"
	}, 
	{
	"dtc": 37125, 
	"devicedata": {}, 
	"dtctype": 2, 
	"name": "ECU"
	}, 
	{
	"dtc": 61443, 
	"devicedata": {}, 
	"dtctype": 0, 
	"name": "VBatt"
	}
], 
"ecuname": "X95 CAMAN V3", 
"autoidents": [
	{
	"diagversion": "5", 
	"supplier": "042", 
	"version": "0607", 
	"soft": "0001"
	}, 
	{
	"diagversion": "5", 
	"supplier": "042", 
	"version": "0701", 
	"soft": "0001"
	}, 
	{
	"diagversion": "5", 
	"supplier": "042", 
	"version": "0705", 
	"soft": "0001"
	}, 
	{
	"diagversion": "5", 
	"supplier": "042", 
	"version": "0706", 
	"soft": "0002"
	}
], 
"endian": "Big", 
"requests": [
	{
	"name": "WriteDataByLocalId.LINBusConfigDefaultValue", 
	"replybytes": "7B0D", 
	"deny_sds": [
		"supplier"
	], 
	"manualsend": true, 
	"minbytes": 2, 
	"sentbytes": "3B0D01"
	}, 
	{
	"name": "WriteDataByLocalId.CompressorTypeConfigDefaultValue", 
	"replybytes": "7B07", 
	"deny_sds": [
		"supplier"
	], 
	"manualsend": true, 
	"minbytes": 2, 
	"sentbytes": "3B0781"
	}, 
	{
	"name": "WriteDataByLocalId.EvapSensorConfigInitValue", 
	"replybytes": "7B09", 
	"deny_sds": [
		"supplier"
	], 
	"manualsend": true, 
	"minbytes": 2, 
	"sentbytes": "3B0900"
	}, 
	{
	"name": "WriteDataByLocalId.ClimatAreaConfigDefaultValue", 
	"replybytes": "7B05", 
	"deny_sds": [
		"supplier"
	], 
	"manualsend": true, 
	"minbytes": 2, 
	"sentbytes": "3B0501"
	}, 
	{
	"name": "WriteDataByLocalId.VehicleIdentification", 
	"replybytes": "7B81", 
	"deny_sds": [
		"supplier"
	], 
	"manualsend": true, 
	"sendbyte_dataitems": {
		"VIN": {
		"firstbyte": 3
		}
	}, 
	"minbytes": 2, 
	"sentbytes": "3B8101010101010101010101010101010101010101"
	}, 
	{
	"name": "ECUReset", 
	"deny_sds": [
		"supplier"
	], 
	"minbytes": 2, 
	"sentbytes": "1101", 
	"replybytes": "5101"
	}, 
	{
	"name": "OutputControl", 
	"replybytes": "700000", 
	"deny_sds": [
		"supplier"
	], 
	"manualsend": true, 
	"receivebyte_dataitems": {
		"Output Control Status": {
		"firstbyte": 3
		}
	}, 
	"sendbyte_dataitems": {
		"Output Temporary Control List": {
		"firstbyte": 2
		}, 
		"RecyclingActuator.mode": {
		"firstbyte": 4
		}, 
		"Output Control Command": {
		"firstbyte": 3
		}, 
		"OutputControl.OnOff": {
		"firstbyte": 4
		}, 
		"BlowerSpeed.mode": {
		"firstbyte": 4
		}, 
		"ControlPanelLighting.mode": {
		"firstbyte": 4
		}
	}, 
	"minbytes": 3, 
	"sentbytes": "30010001"
	}, 
	{
	"name": "DataRead.FBC_FP_CAMAN", 
	"replybytes": "6125", 
	"deny_sds": [
		"supplier"
	], 
	"receivebyte_dataitems": {
		"VL_EvapTempSensor_SCFP": {
		"bitoffset": 7, 
		"firstbyte": 3
		}, 
		"VL_EEPROM_ERFP": {
		"bitoffset": 4, 
		"firstbyte": 3
		}, 
		"VL_Config_ERFP": {
		"bitoffset": 2, 
		"firstbyte": 3
		}, 
		"VL_LINComDiag_ERFP": {
		"bitoffset": 3, 
		"firstbyte": 3
		}, 
		"VL_EvapTempSensor_OCFP": {
		"bitoffset": 6, 
		"firstbyte": 3
		}, 
		"VL_VBattDiag_FP": {
		"bitoffset": 5, 
		"firstbyte": 3
		}
	}, 
	"minbytes": 3, 
	"sentbytes": "2125"
	}, 
	{
	"name": "WriteDataByLocalId.CompressorTypeConfigInitValue", 
	"replybytes": "7B07", 
	"deny_sds": [
		"supplier"
	], 
	"manualsend": true, 
	"minbytes": 2, 
	"sentbytes": "3B0700"
	}, 
	{
	"name": "DataRead.FBC_FM_CAMAN", 
	"replybytes": "6126", 
	"deny_sds": [
		"supplier"
	], 
	"receivebyte_dataitems": {
		"VL_VBattDiag_FM": {
		"bitoffset": 5, 
		"ref": true, 
		"firstbyte": 3
		}, 
		"VL_EvapTempSensor_OCFM": {
		"bitoffset": 6, 
		"ref": true, 
		"firstbyte": 3
		}, 
		"VL_LINComDiag_ERFM": {
		"bitoffset": 3, 
		"ref": true, 
		"firstbyte": 3
		}, 
		"VL_EEPROM_ERFM": {
		"bitoffset": 4, 
		"ref": true, 
		"firstbyte": 3
		}, 
		"VL_EvapTempSensor_SCFM": {
		"bitoffset": 7, 
		"ref": true, 
		"firstbyte": 3
		}, 
		"VL_Config_ERFM": {
		"bitoffset": 2, 
		"ref": true, 
		"firstbyte": 3
		}
	}, 
	"minbytes": 3, 
	"sentbytes": "2126"
	}, 
	{
	"name": "StartDiagnosticSession", 
	"replybytes": "50C0", 
	"deny_sds": [
		"supplier"
	], 
	"manualsend": true, 
	"sendbyte_dataitems": {
		"SessionName": {
		"firstbyte": 2
		}
	}, 
	"minbytes": 2, 
	"sentbytes": "10C0"
	}, 
	{
	"name": "WriteDataByLocalId.PulleyRatioConfigInitValue", 
	"replybytes": "7B08", 
	"deny_sds": [
		"supplier"
	], 
	"manualsend": true, 
	"minbytes": 2, 
	"sentbytes": "3B0800"
	}, 
	{
	"receivebyte_dataitems": {
		"DataRecord": {
		"firstbyte": 4
		}, 
		"DataIdentifierToWrite": {
		"firstbyte": 2
		}
	}, 
	"deny_sds": [
		"supplier"
	], 
	"minbytes": 4, 
	"sentbytes": "2E000000", 
	"name": "WriteDataByIdentifier"
	}, 
	{
	"name": "DataRead._CAMAN_SystGlobalConfig", 
	"replybytes": "6101", 
	"deny_sds": [
		"supplier"
	], 
	"receivebyte_dataitems": {
		"CL_ACType": {
		"ref": true, 
		"firstbyte": 4
		}, 
		"CL_WithExtTempSensor": {
		"ref": true, 
		"firstbyte": 11
		}, 
		"CL_WithLINBus": {
		"ref": true, 
		"firstbyte": 10
		}, 
		"CL_CountryCfg": {
		"ref": true, 
		"firstbyte": 6
		}, 
		"CL_CompType": {
		"ref": true, 
		"firstbyte": 7
		}, 
		"CL_PTCType": {
		"ref": true, 
		"firstbyte": 5
		}, 
		"CL_CompPulleyRatio": {
		"ref": true, 
		"firstbyte": 8
		}, 
		"CL_VehicleType": {
		"ref": true, 
		"firstbyte": 3
		}, 
		"CL_WithEvapSensor": {
		"ref": true, 
		"firstbyte": 9
		}
	}, 
	"minbytes": 11, 
	"sentbytes": "2101"
	}, 
	{
	"name": "WriteDataByLocalId.VehicleTypeConfigDefaultValue", 
	"replybytes": "7B02", 
	"deny_sds": [
		"supplier"
	], 
	"manualsend": true, 
	"minbytes": 2, 
	"sentbytes": "3B0201"
	}, 
	{
	"name": "WriteDataByLocalId.EvapSensorConfigDefaultValue", 
	"replybytes": "7B09", 
	"deny_sds": [
		"supplier"
	], 
	"manualsend": true, 
	"minbytes": 2, 
	"sentbytes": "3B0902"
	}, 
	{
	"name": "DataWrite.VehicleManufacturerKitAssemblyPartNumber", 
	"replybytes": "6EF18E", 
	"deny_sds": [
		"supplier"
	], 
	"manualsend": true, 
	"sendbyte_dataitems": {
		"VehicleManufacturerKitAssemblyPartNumber": {
		"firstbyte": 4
		}
	}, 
	"minbytes": 3, 
	"sentbytes": "2EF18E00000000000000000000"
	}, 
	{
	"name": "ReadDTCInformation.ReportExtendedData", 
	"replybytes": "59060000000000000000", 
	"deny_sds": [], 
	"receivebyte_dataitems": {
		"DTCExtendedData.AgingCounter": {
		"firstbyte": 8
		}, 
		"DTCExtendedDataRecordNumber": {
		"firstbyte": 7
		}, 
		"DTCExtendedData.Mileage": {
		"firstbyte": 8
		}, 
		"DTCRecord": {
		"firstbyte": 3
		}, 
		"StatusOfDTC": {
		"firstbyte": 6
		}, 
		"DTCExtendedData.DTCOccurrenceCounter": {
		"firstbyte": 8
		}
	}, 
	"sendbyte_dataitems": {
		"DTCMaskRecord": {
		"firstbyte": 3
		}
	}, 
	"minbytes": 6, 
	"sentbytes": "1906000000FF"
	}, 
	{
	"name": "DataRead.EngineeringSoftwareNumber", 
	"replybytes": "629101", 
	"deny_sds": [
		"supplier"
	], 
	"receivebyte_dataitems": {
		"EngineeringSoftwareNumber": {
		"ref": true, 
		"firstbyte": 4
		}
	}, 
	"minbytes": 5, 
	"sentbytes": "229101"
	}, 
	{
	"name": "OutputControl.Stop", 
	"replybytes": "700000", 
	"deny_sds": [
		"supplier"
	], 
	"manualsend": true, 
	"receivebyte_dataitems": {
		"Output Control Status": {
		"firstbyte": 3
		}
	}, 
	"sendbyte_dataitems": {
		"Output Temporary Control List": {
		"firstbyte": 2
		}
	}, 
	"minbytes": 3, 
	"sentbytes": "300111"
	}, 
	{
	"name": "WriteDataByLocalId.ExteralTempSensorConfig", 
	"replybytes": "7B0F", 
	"deny_sds": [
		"supplier"
	], 
	"manualsend": true, 
	"sendbyte_dataitems": {
		"CL_WithExtTempSensor": {
		"firstbyte": 3
		}
	}, 
	"minbytes": 2, 
	"sentbytes": "3B0F03"
	}, 
	{
	"name": "DataRead.VehicleIdentfication", 
	"replybytes": "6181", 
	"deny_sds": [
		"supplier"
	], 
	"receivebyte_dataitems": {
		"VIN": {
		"ref": true, 
		"firstbyte": 3
		}
	}, 
	"minbytes": 21, 
	"sentbytes": "2181"
	}, 
	{
	"name": "WriteDataByLocalId.PTCVersionConfigInitValue", 
	"replybytes": "7B04", 
	"deny_sds": [
		"supplier"
	], 
	"manualsend": true, 
	"minbytes": 2, 
	"sentbytes": "3B0400"
	}, 
	{
	"name": "WriteDataByLocalId.ExteralTempSensorConfigInitialValue", 
	"replybytes": "7B0F", 
	"deny_sds": [
		"supplier"
	], 
	"manualsend": true, 
	"minbytes": 2, 
	"sentbytes": "3B0F00"
	}, 
	{
	"name": "WriteDataByLocalId.ACVersionConfig", 
	"replybytes": "7B03", 
	"deny_sds": [
		"supplier"
	], 
	"manualsend": true, 
	"sendbyte_dataitems": {
		"CL_ACType": {
		"firstbyte": 3
		}
	}, 
	"minbytes": 2, 
	"sentbytes": "3B0301"
	}, 
	{
	"name": "WriteDataByLocalId.PTCVersionConfigDefaultValue", 
	"replybytes": "7B04", 
	"deny_sds": [
		"supplier"
	], 
	"manualsend": true, 
	"minbytes": 2, 
	"sentbytes": "3B0401"
	}, 
	{
	"name": "ClearDiagnosticInformation.All", 
	"deny_sds": [
		"supplier"
	], 
	"minbytes": 1, 
	"sentbytes": "14FFFFFF", 
	"replybytes": "54"
	}, 
	{
	"name": "DataRead.TracabilityInfo", 
	"replybytes": "6184", 
	"deny_sds": [
		"supplier"
	], 
	"receivebyte_dataitems": {
		"UnitaryDataTraceability": {
		"ref": true, 
		"firstbyte": 3
		}
	}, 
	"minbytes": 22, 
	"sentbytes": "2184"
	}, 
	{
	"name": "WriteDataByLocalId.ExteralTempSensorConfigDefaultValue", 
	"replybytes": "7B0F", 
	"deny_sds": [
		"supplier"
	], 
	"manualsend": true, 
	"minbytes": 2, 
	"sentbytes": "3B0F03"
	}, 
	{
	"name": "DataRead.StateData_CAMAN", 
	"replybytes": "6121", 
	"deny_sds": [
		"supplier"
	], 
	"receivebyte_dataitems": {
		"D_VL_ActiveDiagnosticSession": {
		"firstbyte": 8
		}, 
		"D_IH_ManuRecyPushToggle": {
		"bitoffset": 5, 
		"firstbyte": 4
		}, 
		"D_IH_ManuBlowerLevel": {
		"bitoffset": 2, 
		"firstbyte": 4
		}, 
		"D_OH_ManuRecyActrRequest": {
		"bitoffset": 1, 
		"firstbyte": 6
		}, 
		"D_OH_ManuRearDefIndic": {
		"bitoffset": 5, 
		"firstbyte": 5
		}, 
		"D_OH_ManuRecyIndic": {
		"bitoffset": 6, 
		"firstbyte": 5
		}, 
		"D_ILW_VBatt": {
		"firstbyte": 7
		}, 
		"D_IH_EvapTemp": {
		"firstbyte": 3
		}, 
		"D_OH_ManuACIndic": {
		"bitoffset": 7, 
		"firstbyte": 5
		}, 
		"D_IH_ManuRearDefPushToggle": {
		"bitoffset": 1, 
		"firstbyte": 4
		}, 
		"D_OH_ACUnderloadStatus": {
		"bitoffset": 4, 
		"firstbyte": 5
		}, 
		"D_IH_ManuACPushToggle": {
		"bitoffset": 6, 
		"firstbyte": 4
		}, 
		"D_IH_ManuDistDefStatus": {
		"bitoffset": 7, 
		"firstbyte": 4
		}
	}, 
	"minbytes": 8, 
	"sentbytes": "2121"
	}, 
	{
	"name": "ReadDTCInformation.ReportExtendedData.Mileage", 
	"replybytes": "59060000000080000000", 
	"deny_sds": [], 
	"receivebyte_dataitems": {
		"DTCExtendedData.Mileage": {
		"firstbyte": 8
		}, 
		"DTCRecord": {
		"firstbyte": 3
		}, 
		"StatusOfDTC": {
		"firstbyte": 6
		}, 
		"DTCExtendedDataRecordNumber": {
		"firstbyte": 7
		}
	}, 
	"sendbyte_dataitems": {
		"DTCMaskRecord": {
		"firstbyte": 3
		}
	}, 
	"minbytes": 6, 
	"sentbytes": "190600000080"
	}, 
	{
	"name": "WriteDataByLocalId.LINBusConfig", 
	"replybytes": "7B0D", 
	"deny_sds": [
		"supplier"
	], 
	"manualsend": true, 
	"sendbyte_dataitems": {
		"CL_WithLINBus": {
		"firstbyte": 3
		}
	}, 
	"minbytes": 2, 
	"sentbytes": "3B0D01"
	}, 
	{
	"name": "WriteDataByLocalId.VehicleTypeConfig", 
	"replybytes": "7B02", 
	"deny_sds": [
		"supplier"
	], 
	"manualsend": true, 
	"sendbyte_dataitems": {
		"CL_VehicleType": {
		"firstbyte": 3
		}
	}, 
	"minbytes": 2, 
	"sentbytes": "3B0201"
	}, 
	{
	"name": "DataRead.CANData", 
	"replybytes": "6122", 
	"deny_sds": [
		"supplier"
	], 
	"receivebyte_dataitems": {
		"D_IH_ExternalTemp": {
		"ref": true, 
		"firstbyte": 17
		}, 
		"ACCoolingFanSpeedRequest": {
		"bitoffset": 1, 
		"ref": true, 
		"firstbyte": 5
		}, 
		"D_IH_ACHighPressureSensor": {
		"ref": true, 
		"firstbyte": 19
		}, 
		"Blower_State": {
		"ref": true, 
		"firstbyte": 5
		}, 
		"D_IH_ACCompClutchDefault": {
		"bitoffset": 5, 
		"ref": true, 
		"firstbyte": 23
		}, 
		"D_IH_ACCompAuthorized": {
		"bitoffset": 5, 
		"ref": true, 
		"firstbyte": 18
		}, 
		"ACCompValveRequest": {
		"ref": true, 
		"firstbyte": 4
		}, 
		"D_IH_ACCompValveCurrent": {
		"ref": true, 
		"firstbyte": 24
		}, 
		"D_ILN_DiagMuxON": {
		"bitoffset": 2, 
		"ref": true, 
		"firstbyte": 11
		}, 
		"D_ILN_DischargedVbatTempoRequest": {
		"ref": true, 
		"firstbyte": 12
		}, 
		"ACCompClutchRequest": {
		"bitoffset": 5, 
		"ref": true, 
		"firstbyte": 5
		}, 
		"ACCompPowerUsed": {
		"ref": true, 
		"firstbyte": 3
		}, 
		"D_IH_VehicleState": {
		"bitoffset": 5, 
		"ref": true, 
		"firstbyte": 11
		}, 
		"D_IH_EngineCoolantTemp": {
		"ref": true, 
		"firstbyte": 20
		}, 
		"ACCompWorkingMode": {
		"bitoffset": 4, 
		"ref": true, 
		"firstbyte": 5
		}, 
		"D_IH_VehicleOutSideLockedToggle": {
		"ref": true, 
		"firstbyte": 15
		}, 
		"D_IH_RCUPosition": {
		"bitoffset": 5, 
		"ref": true, 
		"firstbyte": 27
		}, 
		"D_IH_VehicleSpeed": {
		"ref": true, 
		"firstbyte": 25
		}, 
		"D_IH_EngineStatus_R": {
		"bitoffset": 6, 
		"ref": true, 
		"firstbyte": 18
		}, 
		"RearDefrostRequest": {
		"bitoffset": 4, 
		"ref": true, 
		"firstbyte": 6
		}, 
		"ACMinEngineIdleSpeedRequest": {
		"ref": true, 
		"firstbyte": 8
		}, 
		"D_IH_EngineStopRequestOrigine": {
		"ref": true, 
		"firstbyte": 18
		}, 
		"D_IH_DayNightStatusForBackLights": {
		"bitoffset": 4, 
		"ref": true, 
		"firstbyte": 14
		}, 
		"D_ILN_GenericApplicativeDiagEnable": {
		"bitoffset": 3, 
		"ref": true, 
		"firstbyte": 11
		}, 
		"D_IH_ACCompClutchStatus": {
		"bitoffset": 2, 
		"ref": true, 
		"firstbyte": 23
		}, 
		"D_IH_CoolingFanSpeedStatus": {
		"bitoffset": 6, 
		"ref": true, 
		"firstbyte": 23
		}, 
		"ACVbatTempoMaintain": {
		"bitoffset": 6, 
		"ref": true, 
		"firstbyte": 5
		}, 
		"D_IH_EngineRPM": {
		"ref": true, 
		"firstbyte": 21
		}, 
		"D_IH_NightRheostatedLightMaxPerCent": {
		"ref": true, 
		"firstbyte": 13
		}, 
		"D_IH_ACCompValveDefault": {
		"bitoffset": 3, 
		"ref": true, 
		"firstbyte": 23
		}, 
		"D_IH_SupposedCustomerDeparture": {
		"ref": true, 
		"firstbyte": 11
		}, 
		"ClimCustomerAction": {
		"ref": true, 
		"firstbyte": 7
		}, 
		"ACCompRequest": {
		"bitoffset": 3, 
		"ref": true, 
		"firstbyte": 5
		}, 
		"PTCNumberThermalRequest": {
		"bitoffset": 4, 
		"ref": true, 
		"firstbyte": 7
		}, 
		"D_IH_ACCompMaximunPower": {
		"ref": true, 
		"firstbyte": 26
		}
	}, 
	"minbytes": 28, 
	"sentbytes": "2122"
	}, 
	{
	"name": "WriteDataByLocalId.VehicleTypeConfigInitValue", 
	"replybytes": "7B02", 
	"deny_sds": [
		"supplier"
	], 
	"manualsend": true, 
	"minbytes": 2, 
	"sentbytes": "3B0200"
	}, 
	{
	"name": "DataRead.VehicleManufacturerSparePartNumber", 
	"replybytes": "62F187", 
	"deny_sds": [
		"supplier"
	], 
	"receivebyte_dataitems": {
		"VehicleManufacturerSparePartNumber": {
		"firstbyte": 4
		}
	}, 
	"minbytes": 13, 
	"sentbytes": "22F187"
	}, 
	{
	"name": "WriteDataByLocalId.LINBusConfigInitValue", 
	"replybytes": "7B0D", 
	"deny_sds": [
		"supplier"
	], 
	"manualsend": true, 
	"minbytes": 2, 
	"sentbytes": "3B0D00"
	}, 
	{
	"name": "WriteDataByLocalId.PulleyRatioConfigDefaultValue", 
	"replybytes": "7B08", 
	"deny_sds": [
		"supplier"
	], 
	"manualsend": true, 
	"minbytes": 2, 
	"sentbytes": "3B0889"
	}, 
	{
	"name": "DataRead.EngineeringCalibrationNumber", 
	"replybytes": "629102", 
	"deny_sds": [
		"engineering", 
		"supplier"
	], 
	"receivebyte_dataitems": {
		"EngineeringCalibrationNumber": {
		"ref": true, 
		"firstbyte": 4
		}
	}, 
	"minbytes": 5, 
	"sentbytes": "229102"
	}, 
	{
	"name": "WriteDataByLocalId.PulleyRatioConfig", 
	"replybytes": "7B08", 
	"deny_sds": [
		"supplier"
	], 
	"manualsend": true, 
	"sendbyte_dataitems": {
		"CL_CompPulleyRatio": {
		"firstbyte": 3
		}
	}, 
	"minbytes": 2, 
	"sentbytes": "3B0889"
	}, 
	{
	"name": "WriteDataByLocalId.ACVersionConfigInitValue", 
	"replybytes": "7B03", 
	"deny_sds": [
		"supplier"
	], 
	"manualsend": true, 
	"minbytes": 2, 
	"sentbytes": "3B0300"
	}, 
	{
	"receivebyte_dataitems": {
		"HardwareNumber.BasicPartList": {
		"ref": true, 
		"firstbyte": 24
		}, 
		"DiagnosticIdentificationCode": {
		"ref": true, 
		"firstbyte": 8
		}, 
		"CalibrationNumber": {
		"ref": true, 
		"firstbyte": 21
		}, 
		"SupplierNumber.ITG": {
		"ref": true, 
		"firstbyte": 9
		}, 
		"HardwareNumber.LowerPart": {
		"ref": true, 
		"firstbyte": 12
		}, 
		"PartNumber.BasicPartList": {
		"ref": true, 
		"firstbyte": 23
		}, 
		"ManufacturerIdentificationCode": {
		"ref": true, 
		"firstbyte": 26
		}, 
		"ApprovalNumber.BasicPartList": {
		"ref": true, 
		"firstbyte": 25
		}, 
		"EditionNumber": {
		"ref": true, 
		"firstbyte": 19
		}, 
		"PartNumber.LowerPart": {
		"ref": true, 
		"firstbyte": 3
		}, 
		"SoftwareNumber": {
		"ref": true, 
		"firstbyte": 17
		}
	}, 
	"deny_sds": [], 
	"minbytes": 26, 
	"sentbytes": "2180", 
	"name": "DataRead.Identification.RenaultR2"
	}, 
	{
	"name": "WriteDataByLocalId.CompressorTypeConfig", 
	"replybytes": "7B07", 
	"deny_sds": [
		"supplier"
	], 
	"manualsend": true, 
	"sendbyte_dataitems": {
		"CL_CompType": {
		"firstbyte": 3
		}
	}, 
	"minbytes": 2, 
	"sentbytes": "3B0781"
	}, 
	{
	"name": "WriteDataByLocalId.PTCVersionConfig", 
	"replybytes": "7B04", 
	"deny_sds": [
		"supplier"
	], 
	"manualsend": true, 
	"sendbyte_dataitems": {
		"CL_PTCType": {
		"firstbyte": 3
		}
	}, 
	"minbytes": 2, 
	"sentbytes": "3B0401"
	}, 
	{
	"name": "ReadDTCInformation.ReportDTC", 
	"replybytes": "59023900000000", 
	"deny_sds": [
		"supplier"
	], 
	"receivebyte_dataitems": {
		"DTCStatus.pendingDTC": {
		"bitoffset": 5, 
		"firstbyte": 7
		}, 
		"DTCDeviceIdentifier": {
		"firstbyte": 4
		}, 
		"DTCStatus.testFailedSinceLastClear": {
		"bitoffset": 2, 
		"firstbyte": 7
		}, 
		"DTCDeviceAndFailureTypeOBD": {
		"firstbyte": 4
		}, 
		"DTCFailureType.ManufacturerOrSupplier": {
		"bitoffset": 4, 
		"firstbyte": 6
		}, 
		"DTCFailureType.Category": {
		"firstbyte": 6
		}, 
		"DTCFailureType": {
		"firstbyte": 6
		}, 
		"DTCStatus.testNotCompletedSinceLastClear": {
		"bitoffset": 3, 
		"firstbyte": 7
		}, 
		"DTCStatus.testNotCompletedThisMonitoringCycle": {
		"bitoffset": 1, 
		"firstbyte": 7
		}, 
		"DTCStatusAvailabilityMask": {
		"firstbyte": 3
		}, 
		"DTCStatus.warningIndicatorRequested": {
		"firstbyte": 7
		}, 
		"StatusOfDTC": {
		"firstbyte": 7
		}, 
		"DTCStatus.testFailedThisMonitoringCycle": {
		"bitoffset": 6, 
		"firstbyte": 7
		}, 
		"DTCStatus.testFailed": {
		"bitoffset": 7, 
		"firstbyte": 7
		}, 
		"DTCStatus.confirmedDTC": {
		"bitoffset": 4, 
		"firstbyte": 7
		}
	}, 
	"minbytes": 3, 
	"sentbytes": "1902FF", 
	"shiftbytescount": 4
	}, 
	{
	"name": "WriteDataByLocalId.ClimatAreaConfigInitValue", 
	"replybytes": "7B05", 
	"deny_sds": [
		"supplier"
	], 
	"manualsend": true, 
	"minbytes": 2, 
	"sentbytes": "3B0500"
	}, 
	{
	"name": "WriteDataByLocalId.EvapSensorConfig", 
	"replybytes": "7B09", 
	"deny_sds": [
		"supplier"
	], 
	"manualsend": true, 
	"sendbyte_dataitems": {
		"CL_WithEvapSensor": {
		"firstbyte": 3
		}
	}, 
	"minbytes": 2, 
	"sentbytes": "3B0902"
	}, 
	{
	"name": "DataRead.MultiplexNetworkDiag", 
	"replybytes": "618291", 
	"deny_sds": [
		"supplier"
	], 
	"receivebyte_dataitems": {
		"M_Bus_OFF": {
		"bitoffset": 2, 
		"ref": true, 
		"firstbyte": 5
		}, 
		"CurrentFaultMute": {
		"ref": true, 
		"firstbyte": 6
		}, 
		"M_ECM": {
		"bitoffset": 2, 
		"ref": true, 
		"firstbyte": 7
		}, 
		"CurrentFaultECM": {
		"ref": true, 
		"firstbyte": 7
		}, 
		"MessagesSetReference": {
		"ref": true, 
		"firstbyte": 3
		}, 
		"M_BCM": {
		"bitoffset": 2, 
		"ref": true, 
		"firstbyte": 10
		}, 
		"M_BRK": {
		"bitoffset": 2, 
		"ref": true, 
		"firstbyte": 8
		}, 
		"ConfirmedFaultBCM": {
		"bitoffset": 1, 
		"ref": true, 
		"firstbyte": 10
		}, 
		"M_Mute": {
		"bitoffset": 2, 
		"ref": true, 
		"firstbyte": 6
		}, 
		"CLIM_Absent": {
		"ref": true, 
		"firstbyte": 14
		}, 
		"M_USM": {
		"bitoffset": 2, 
		"ref": true, 
		"firstbyte": 26
		}, 
		"CurrentFaultBus_OFF": {
		"ref": true, 
		"firstbyte": 5
		}, 
		"ConfirmedFaultABS": {
		"bitoffset": 1, 
		"ref": true, 
		"firstbyte": 8
		}, 
		"ConfirmedFaultBus_OFF": {
		"bitoffset": 1, 
		"ref": true, 
		"firstbyte": 5
		}, 
		"CurrentFaultABS": {
		"ref": true, 
		"firstbyte": 8
		}, 
		"CurrentFaultUSM": {
		"ref": true, 
		"firstbyte": 26
		}, 
		"ConfirmedFaultECM": {
		"bitoffset": 1, 
		"ref": true, 
		"firstbyte": 7
		}, 
		"ConfirmedFaultMute": {
		"bitoffset": 1, 
		"ref": true, 
		"firstbyte": 6
		}, 
		"CurrentFaultBCM": {
		"ref": true, 
		"firstbyte": 10
		}, 
		"ConfirmedFaultUSM": {
		"bitoffset": 1, 
		"ref": true, 
		"firstbyte": 26
		}
	}, 
	"minbytes": 62, 
	"sentbytes": "2182"
	}, 
	{
	"name": "WriteDataByLocalId.ACVersionConfigDefaultValue", 
	"replybytes": "7B03", 
	"deny_sds": [
		"supplier"
	], 
	"manualsend": true, 
	"minbytes": 2, 
	"sentbytes": "3B0301"
	}, 
	{
	"name": "DataRead.VehicleManufacturerKitAssemblyPartNumber", 
	"replybytes": "62F18E", 
	"deny_sds": [
		"supplier"
	], 
	"receivebyte_dataitems": {
		"VehicleManufacturerKitAssemblyPartNumber": {
		"firstbyte": 4
		}
	}, 
	"minbytes": 13, 
	"sentbytes": "22F18E"
	}, 
	{
	"name": "TesterPresent.WithResponse", 
	"deny_sds": [], 
	"minbytes": 2, 
	"sentbytes": "3E01", 
	"replybytes": "7E01"
	}, 
	{
	"name": "WriteDataByLocalId.ClimatAreaConfig", 
	"replybytes": "7B05", 
	"deny_sds": [
		"supplier"
	], 
	"manualsend": true, 
	"sendbyte_dataitems": {
		"CL_CountryCfg": {
		"firstbyte": 3
		}
	}, 
	"minbytes": 2, 
	"sentbytes": "3B0501"
	}, 
	{
	"name": "DataWrite.VehicleManufacturerSparePartNumber", 
	"replybytes": "6EF187", 
	"deny_sds": [
		"supplier"
	], 
	"manualsend": true, 
	"sendbyte_dataitems": {
		"VehicleManufacturerSparePartNumber": {
		"firstbyte": 4
		}
	}, 
	"minbytes": 3, 
	"sentbytes": "2EF18700000000000000000000"
	}, 
	{
	"name": "OutputControl.Status", 
	"replybytes": "700000", 
	"deny_sds": [
		"supplier"
	], 
	"manualsend": true, 
	"receivebyte_dataitems": {
		"Output Control Status": {
		"firstbyte": 3
		}
	}, 
	"sendbyte_dataitems": {
		"Output Temporary Control List": {
		"firstbyte": 2
		}
	}, 
	"minbytes": 3, 
	"sentbytes": "300101"
	}, 
	{
	"name": "WriteDataByLocalIdentifier", 
	"replybytes": "7B00", 
	"deny_sds": [
		"supplier"
	], 
	"manualsend": true, 
	"sendbyte_dataitems": {
		"RecordLocalIdentifier": {
		"firstbyte": 2
		}, 
		"ValueToBeWritten": {
		"firstbyte": 3
		}
	}, 
	"minbytes": 2, 
	"sentbytes": "3B00000000000000000000000000000000000000"
	}
], 
"data": {
	"ACCoolingFanSpeedRequest": {
	"bitscount": 2, 
	"lists": {
		"0": "No Request", 
		"1": "Low Request", 
		"2": "Reserved_AC", 
		"3": "High Request"
	}
	}, 
	"D_IH_ACHighPressureSensor": {
	"scaled": true, 
	"step": 0.2, 
	"format": "#0.0"
	}, 
	"D_IH_ManuRecyPushToggle": {
	"bitscount": 1, 
	"lists": {
		"0": "State 0", 
		"1": "State 1"
	}
	}, 
	"MessagesSetReference": {
	"bytescount": 2, 
	"byte": true, 
	"bitscount": 16
	}, 
	"D_IH_ACCompClutchDefault": {
	"bitscount": 1, 
	"lists": {
		"0": "No default", 
		"1": "Default present"
	}
	}, 
	"VL_EvapTempSensor_OCFM": {
	"bitscount": 1, 
	"lists": {
		"0": "False", 
		"1": "True"
	}
	}, 
	"RecyclingActuator.mode": {
	"lists": {
		"1": "Fresh air", 
		"2": "Recycling"
	}
	}, 
	"SupplierNumber.ITG": {
	"bytesascii": true, 
	"bytescount": 3, 
	"byte": true, 
	"bitscount": 24
	}, 
	"D_IH_ACCompValveCurrent": {
	"scaled": true, 
	"step": 0.01, 
	"unit": "A", 
	"format": "#0.00"
	}, 
	"CL_CompPulleyRatio": {
	"scaled": true, 
	"divideby": 100.0, 
	"comment": "configuration du repport d'entrainement du compresseur", 
	"format": "#0.00"
	}, 
	"PartNumber.BasicPartList": {
	"lists": {
		"0": "N/A", 
		"2": "27531"
	}
	}, 
	"VL_EvapTempSensor_OCFP": {
	"bitscount": 1, 
	"lists": {
		"0": "False", 
		"1": "True"
	}
	}, 
	"ConfirmedFaultBus_OFF": {
	"bitscount": 1, 
	"lists": {
		"0": "False", 
		"1": "True"
	}
	}, 
	"CurrentFaultBCM": {
	"bitscount": 1, 
	"lists": {
		"0": "False", 
		"1": "True"
	}
	}, 
	"D_IH_ManuDistDefStatus": {
	"bitscount": 1, 
	"lists": {
		"0": "Flap not in Defrost Position", 
		"1": "Flap in Defrost Position"
	}
	}, 
	"HardwareNumber.BasicPartList": {
	"lists": {
		"0": "N/A", 
		"1": "28526"
	}
	}, 
	"CurrentFaultMute": {
	"bitscount": 1, 
	"lists": {
		"0": "False", 
		"1": "True"
	}
	}, 
	"M_USM": {
	"scaled": true, 
	"bitscount": 6
	}, 
	"Output Temporary Control List": {
	"lists": {
		"4": "RecyclingActuator", 
		"28": "ControlPanelLighting", 
		"23": "BlowerSpeed"
	}
	}, 
	"DTCExtendedDataRecordNumber": {
	"lists": {
		"128": "Mileage", 
		"129": "AgingCounter", 
		"130": "DTCOccurrenceCounter"
	}
	}, 
	"Output Control Command": {
	"lists": {
		"0": "Start Temporary", 
		"1": "Status", 
		"17": "Stop", 
		"32": "Start Permanent"
	}
	}, 
	"DTCStatus.testFailedThisMonitoringCycle": {
	"bitscount": 1, 
	"lists": {
		"0": "No", 
		"1": "Yes"
	}
	}, 
	"ACCompWorkingMode": {
	"bitscount": 1, 
	"lists": {
		"0": "Running in Idle Mode", 
		"1": "Not Running in Idle Mode"
	}
	}, 
	"ConfirmedFaultMute": {
	"bitscount": 1, 
	"lists": {
		"0": "False", 
		"1": "True"
	}
	}, 
	"ControlPanelLighting.mode": {
	"lists": {
		"1": "All lights On", 
		"2": "All lights Off"
	}
	}, 
	"ConfirmedFaultBCM": {
	"bitscount": 1, 
	"lists": {
		"0": "False", 
		"1": "True"
	}
	}, 
	"M_ECM": {
	"scaled": true, 
	"bitscount": 6
	}, 
	"ACMinEngineIdleSpeedRequest": {
	"scaled": true, 
	"step": 50.0, 
	"bitscount": 4, 
	"unit": "rpm", 
	"offset": 500.0
	}, 
	"D_OH_ManuRecyIndic": {
	"bitscount": 1, 
	"lists": {
		"0": "Light OFF", 
		"1": "Light ON"
	}
	}, 
	"D_ILW_VBatt": {
	"scaled": true, 
	"step": 0.1, 
	"unit": "V", 
	"format": "#.0"
	}, 
	"D_IH_EvapTemp": {
	"scaled": true, 
	"step": 0.4, 
	"format": "#0.0", 
	"unit": "\u00b0C", 
	"offset": -40.0
	}, 
	"D_OH_ManuACIndic": {
	"bitscount": 1, 
	"lists": {
		"0": "Light OFF", 
		"1": "Light ON"
	}
	}, 
	"DTCDeviceIdentifier": {
	"bytescount": 2, 
	"bitscount": 16, 
	"lists": {
		"61443": "VBatt", 
		"37124": "EvapTemp", 
		"37125": "ECU"
	}
	}, 
	"D_IH_CoolingFanSpeedStatus": {
	"bitscount": 2, 
	"lists": {
		"0": "Engine Fan Stopped", 
		"1": "Low speed", 
		"2": "Mid speed", 
		"3": "High speed"
	}
	}, 
	"DTCStatus.testFailedSinceLastClear": {
	"bitscount": 1, 
	"lists": {
		"0": "No", 
		"1": "Yes"
	}
	}, 
	"Output Control Status": {
	"lists": {
		"1": "Running", 
		"2": "Stopped", 
		"17": "Manually Stopped"
	}
	}, 
	"VIN": {
	"bytesascii": true, 
	"bytescount": 17, 
	"byte": true, 
	"bitscount": 136
	}, 
	"DTCStatus.testNotCompletedSinceLastClear": {
	"bitscount": 1, 
	"lists": {
		"0": "No", 
		"1": "Yes"
	}
	}, 
	"BlowerSpeed.mode": {
	"lists": {
		"1": "Blower ON", 
		"2": "Blower OFF"
	}
	}, 
	"ConfirmedFaultECM": {
	"bitscount": 1, 
	"lists": {
		"0": "False", 
		"1": "True"
	}
	}, 
	"UnitaryDataTraceability": {
	"bytesascii": true, 
	"bytescount": 16, 
	"byte": true, 
	"bitscount": 128
	}, 
	"CurrentFaultECM": {
	"bitscount": 1, 
	"lists": {
		"0": "False", 
		"1": "True"
	}
	}, 
	"Blower_State": {
	"bitscount": 1, 
	"lists": {
		"0": "Fan OFF", 
		"1": "Fan ON"
	}
	}, 
	"DTCExtendedData.Mileage": {
	"scaled": true, 
	"bytescount": 3, 
	"comment": "Description of the extendedData Mileage (use by Failure Page to decode data)", 
	"bitscount": 24, 
	"unit": "km"
	}, 
	"ACCompValveRequest": {
	"scaled": true, 
	"step": 0.01, 
	"bitscount": 7, 
	"unit": "A", 
	"format": "#0.00"
	}, 
	"ACVbatTempoMaintain": {
	"bitscount": 1, 
	"lists": {
		"0": "Not Requested", 
		"1": "Requested"
	}
	}, 
	"SessionName": {
	"lists": {
		"192": "APV Session (Assembly Line testing an After-Sales)", 
		"129": "Default Session", 
		"134": "Development Session"
	}
	}, 
	"DTCStatus.warningIndicatorRequested": {
	"bitscount": 1, 
	"lists": {
		"0": "No", 
		"1": "Yes"
	}
	}, 
	"EngineeringSoftwareNumber": {
	"bytescount": 2, 
	"byte": true, 
	"bitscount": 16
	}, 
	"DTCStatus.confirmedDTC": {
	"bitscount": 1, 
	"lists": {
		"0": "No", 
		"1": "Yes"
	}
	}, 
	"DTCExtendedData.AgingCounter": {
	"scaled": true, 
	"comment": "Description of the extendedData AgingCounter (use by Failure Page to decode data)"
	}, 
	"VL_EEPROM_ERFP": {
	"bitscount": 1, 
	"lists": {
		"0": "False", 
		"1": "True"
	}
	}, 
	"CLIM_Absent": {
	"lists": {
		"0": "False", 
		"1": "True"
	}
	}, 
	"VL_EEPROM_ERFM": {
	"bitscount": 1, 
	"lists": {
		"0": "False", 
		"1": "True"
	}
	}, 
	"DTCStatusAvailabilityMask": {
	"scaled": true
	}, 
	"EditionNumber": {
	"comment": "Software version(edition) number", 
	"bytescount": 2, 
	"byte": true, 
	"bitscount": 16
	}, 
	"PartNumber.LowerPart": {
	"bytesascii": true, 
	"bytescount": 5, 
	"byte": true, 
	"bitscount": 40
	}, 
	"D_OH_ManuRecyActrRequest": {
	"scaled": true, 
	"bitscount": 7
	}, 
	"D_IH_VehicleSpeed": {
	"scaled": true, 
	"unit": "Km/h"
	}, 
	"D_VL_ActiveDiagnosticSession": {
	"lists": {
		"192": "APV Session (Assembly Line testing an After-Sales)", 
		"129": "Default Session", 
		"134": "Development Session"
	}
	}, 
	"DTCStatus.pendingDTC": {
	"bitscount": 1, 
	"lists": {
		"0": "No", 
		"1": "Yes"
	}
	}, 
	"RearDefrostRequest": {
	"bitscount": 1, 
	"lists": {
		"0": "Not Requested", 
		"1": "Requested"
	}
	}, 
	"DTCRecord": {
	"bytescount": 3, 
	"byte": true, 
	"bitscount": 24
	}, 
	"D_IH_EngineStopRequestOrigine": {
	"bitscount": 4, 
	"lists": {
		"0": "No stop request", 
		"1": "By other causes", 
		"2": "By normal request", 
		"3": "Value not defined (0011)", 
		"4": "By driver request", 
		"5": "Value not defined (0101)", 
		"6": "Value not defined (0110)", 
		"7": "Value not defined (0111)", 
		"8": "By emergency", 
		"9": "Value not defined (1001)", 
		"10": "Value not defined (1010)", 
		"11": "Value not defined (1011)", 
		"12": "Value not defined (1100)", 
		"13": "Value not defined (1101)", 
		"14": "Value not defined (1110)", 
		"15": "Value not defined (1111)"
	}
	}, 
	"VL_LINComDiag_ERFM": {
	"bitscount": 1, 
	"lists": {
		"0": "False", 
		"1": "True"
	}
	}, 
	"VL_LINComDiag_ERFP": {
	"bitscount": 1, 
	"lists": {
		"0": "False", 
		"1": "True"
	}
	}, 
	"D_IH_ManuRearDefPushToggle": {
	"bitscount": 1, 
	"lists": {
		"0": "State 0", 
		"1": "State 1"
	}
	}, 
	"DTCStatus.testNotCompletedThisMonitoringCycle": {
	"bitscount": 1, 
	"lists": {
		"0": "No", 
		"1": "Yes"
	}
	}, 
	"D_IH_ACCompClutchStatus": {
	"bitscount": 1, 
	"lists": {
		"0": "Clutch OFF", 
		"1": "Clutch ON"
	}
	}, 
	"D_IH_EngineCoolantTemp": {
	"scaled": true, 
	"unit": "\u00b0C", 
	"offset": -40.0
	}, 
	"VL_Config_ERFP": {
	"bitscount": 1, 
	"lists": {
		"0": "False", 
		"1": "True"
	}
	}, 
	"CurrentFaultABS": {
	"bitscount": 1, 
	"lists": {
		"0": "False", 
		"1": "True"
	}
	}, 
	"VL_Config_ERFM": {
	"bitscount": 1, 
	"lists": {
		"0": "False", 
		"1": "True"
	}
	}, 
	"D_IH_DayNightStatusForBackLights": {
	"bitscount": 1, 
	"lists": {
		"0": "Day time", 
		"1": "Night time"
	}
	}, 
	"ValueToBeWritten": {
	"bytescount": 18, 
	"byte": true, 
	"bitscount": 144
	}, 
	"D_IH_ACCompMaximunPower": {
	"scaled": true, 
	"step": 25.0
	}, 
	"SoftwareNumber": {
	"comment": "Software identification number", 
	"bytescount": 2, 
	"byte": true, 
	"bitscount": 16
	}, 
	"CL_WithExtTempSensor": {
	"comment": "configuration de la pr\u00e9sence du capteur de temperature exterieure", 
	"lists": {
		"0": "Not Configurated", 
		"1": "KL_WithoutSensor", 
		"2": "KL_WithLocalSensor", 
		"3": "KL_SensorByCAN"
	}
	}, 
	"M_Mute": {
	"scaled": true, 
	"bitscount": 6
	}, 
	"DataIdentifierToWrite": {
	"bytescount": 2, 
	"bitscount": 16, 
	"lists": {
		"61838": "VehiculeKitAssemblyPartNumber", 
		"61831": "VehiculeSparePartNumber"
	}
	}, 
	"DTCFailureType.Category": {
	"bitscount": 4, 
	"lists": {
		"0": "General Failure Information", 
		"1": "General Electrical Failures", 
		"2": "General Signal Failures", 
		"3": "FM (Frequency Modulated) / PWM (Pulse Width Modulated) Failures", 
		"4": "System Internal Failures", 
		"5": "System Programming Failures", 
		"6": "Algorithm Based Failures", 
		"7": "Mechanical Failures", 
		"8": "Bus Signal / Message Failures", 
		"9": "Component Failures", 
		"15": "Vehicle manufacturer / System supplier specific"
	}
	}, 
	"D_ILN_DiagMuxON": {
	"bitscount": 1, 
	"lists": {
		"0": "OFF", 
		"1": "ON"
	}
	}, 
	"D_ILN_DischargedVbatTempoRequest": {
	"bitscount": 1, 
	"lists": {
		"0": "No Discharged", 
		"1": "Discharged"
	}
	}, 
	"ACCompClutchRequest": {
	"bitscount": 1, 
	"lists": {
		"0": "Compressor Not Requested", 
		"1": "Compressor Requested"
	}
	}, 
	"ACCompPowerUsed": {
	"scaled": true, 
	"step": 25.0, 
	"unit": "W"
	}, 
	"D_IH_VehicleState": {
	"bitscount": 3, 
	"lists": {
		"0": "Vehicle asleep and Engine Stopped", 
		"1": "Vehicle awake and Engine Stopped", 
		"2": "Ignition ON and Engine ready to start", 
		"3": "Starting In Progress", 
		"4": "Vehicle awake and Engine running", 
		"5": "Value not defined (101)", 
		"6": "Value not defined (110)", 
		"7": "Value not defined (111)"
	}
	}, 
	"DataRecord": {
	"byte": true
	}, 
	"VL_EvapTempSensor_SCFM": {
	"bitscount": 1, 
	"lists": {
		"0": "False", 
		"1": "True"
	}
	}, 
	"RecordLocalIdentifier": {
	"lists": {
		"1": "System Global Configuration", 
		"2": "Vehicle Type Configuration", 
		"3": "AC Version Configuration", 
		"4": "PTC Version Configuration", 
		"5": "Climate Area Configuration", 
		"7": "Compressor Type Configuration", 
		"8": "Pulley Ratio Configuration", 
		"9": "Evaporator Sensor Configuration", 
		"129": "Vehicle Identification"
	}
	}, 
	"ConfirmedFaultABS": {
	"bitscount": 1, 
	"lists": {
		"0": "False", 
		"1": "True"
	}
	}, 
	"M_Bus_OFF": {
	"scaled": true, 
	"bitscount": 6
	}, 
	"D_IH_EngineStatus_R": {
	"bitscount": 2, 
	"lists": {
		"0": "Engine Stopped", 
		"1": "Not used : Reserved", 
		"2": "Independant running engine", 
		"3": "Running-engine driven"
	}
	}, 
	"DTCFailureType.ManufacturerOrSupplier": {
	"bitscount": 4
	}, 
	"CL_CompType": {
	"comment": "configuration du type de compresseur", 
	"lists": {
		"0": "Not Configurated", 
		"1": "Compressor 1 (Clutch + Valve)", 
		"67": "Compressor 3 (clutch+Internal control)", 
		"68": "Compressor 4 (clutch+fixe capacity)", 
		"129": "Compressor 2 (clutchless +valve)"
	}
	}, 
	"CurrentFaultBus_OFF": {
	"bitscount": 1, 
	"lists": {
		"0": "False", 
		"1": "True"
	}
	}, 
	"CL_WithEvapSensor": {
	"comment": "configuration de la pr\u00e9sence de la sonde \u00e9vaporateur", 
	"lists": {
		"0": "Not Configurated", 
		"1": "KL_WithoutSensor", 
		"2": "KL_WithLocalSensor"
	}
	}, 
	"EngineeringCalibrationNumber": {
	"bytescount": 2, 
	"byte": true, 
	"bitscount": 16
	}, 
	"D_IH_ManuBlowerLevel": {
	"scaled": true, 
	"bitscount": 3
	}, 
	"VL_EvapTempSensor_SCFP": {
	"bitscount": 1, 
	"lists": {
		"0": "False", 
		"1": "True"
	}
	}, 
	"D_OH_ManuRearDefIndic": {
	"bitscount": 1, 
	"lists": {
		"0": "Light OFF", 
		"1": "Light ON"
	}
	}, 
	"DTCMaskRecord": {
	"bytescount": 3, 
	"byte": true, 
	"bitscount": 24
	}, 
	"ACCompRequest": {
	"bitscount": 1, 
	"lists": {
		"0": "No AC Requested", 
		"1": "AC Requested"
	}
	}, 
	"D_IH_ExternalTemp": {
	"scaled": true, 
	"format": "#00", 
	"unit": "\u00b0C", 
	"offset": -40.0
	}, 
	"DiagnosticIdentificationCode": {
	"byte": true
	}, 
	"VehicleManufacturerSparePartNumber": {
	"bytesascii": true, 
	"bytescount": 10, 
	"byte": true, 
	"bitscount": 80
	}, 
	"D_IH_SupposedCustomerDeparture": {
	"bitscount": 2, 
	"lists": {
		"0": "State 0", 
		"1": "State 1", 
		"2": "State 2", 
		"3": "Reset"
	}
	}, 
	"DTCFailureType": {
	"lists": {
		"0": "Device and failure type ODB codding", 
		"1": "General Electrical Failure", 
		"2": "General signal failure", 
		"3": "FM (Frequency Modulated) / PWM (Pulse Width Modulated) Failures", 
		"4": "System Internal Failures", 
		"5": "System Programming Failures", 
		"6": "Algorithm Based Failures", 
		"7": "Mechanical Failures", 
		"8": "Bus Signal / Message Failures", 
		"9": "Component Failures", 
		"17": "circuit short to ground", 
		"18": "circuit short to battery", 
		"19": "circuit open", 
		"20": "circuit short to ground or open", 
		"21": "circuit short to battery or open", 
		"22": "circuit voltage below threshold", 
		"23": "circuit voltage above threshold", 
		"24": "circuit current below threshold", 
		"25": "circuit current above threshold", 
		"26": "circuit resistance below threshold", 
		"27": "circuit resistance above threshold", 
		"28": "circuit voltage out of range", 
		"29": "circuit current out of range", 
		"30": "circuit resistance out of range", 
		"31": "circuit intermittent", 
		"33": "signal amplitude < minimum", 
		"34": "signal amplitude > maximum", 
		"35": "signal stuck low", 
		"36": "signal stuck high", 
		"37": "signal shape / waveform failure", 
		"38": "signal rate of change below threshold", 
		"39": "signal rate of change above threshold", 
		"40": "signal bias level out of range / zero adjustment failure", 
		"41": "signal signal invalid", 
		"47": "signal erratic", 
		"49": "no signal", 
		"50": "signal low time < minimum", 
		"51": "signal low time > maximum", 
		"52": "signal high time < minimum", 
		"53": "signal high time > maximum", 
		"54": "signal frequency too low", 
		"55": "signal frequency too high", 
		"56": "signal frequency incorrect", 
		"57": "incorrect has too few pulses", 
		"58": "incorrect has too many pulses", 
		"65": "general checksum failure", 
		"66": "general memory failure", 
		"67": "special memory failure", 
		"68": "data memory failure", 
		"69": "program memory failure", 
		"70": "calibration / parameter memory failure", 
		"71": "watchdog / safety \u00b5C failure", 
		"72": "supervision software failure", 
		"73": "internal electronic failure", 
		"74": "incorrect component installed", 
		"75": "over temperature", 
		"81": "not programmed", 
		"82": "not activated", 
		"83": "deactivated", 
		"84": "missing calibration", 
		"85": "not configured", 
		"97": "signal calculation failure", 
		"98": "signal compare failure", 
		"99": "circuit / component protection time-out", 
		"100": "signal plausibility failure", 
		"101": "signal has too few transitions / events", 
		"102": "signal has too many transitions / events", 
		"103": "signal incorrect after event", 
		"104": "event information", 
		"113": "actuator stuck", 
		"114": "actuator stuck open", 
		"115": "actuator stuck closed", 
		"116": "actuator slipping", 
		"117": "emergency position not reachable", 
		"118": "wrong mounting position", 
		"119": "commanded position not reachable", 
		"120": "alignment or adjustment incorrect", 
		"121": "mechanical linkage failure", 
		"122": "fluid leak or seal failure", 
		"123": "low fluid level", 
		"129": "invalid serial data received", 
		"130": "alive / sequence counter incorrect / not updated", 
		"131": "value of signal protection calculation incorrect", 
		"132": "signal below allowable range", 
		"133": "signal above allowable range", 
		"134": "signal invalid", 
		"135": "missing message", 
		"136": "bus off", 
		"143": "erratic", 
		"145": "parametric", 
		"146": "performance or incorrect operation", 
		"147": "no operation", 
		"148": "unexpected operation", 
		"149": "incorrect assembly", 
		"150": "component internal failure", 
		"151": "Component or system operation obstructed or blocked", 
		"152": "component or system over temperature"
	}
	}, 
	"D_IH_ManuACPushToggle": {
	"bitscount": 1, 
	"lists": {
		"0": "State 0", 
		"1": "State 1"
	}
	}, 
	"ManufacturerIdentificationCode": {}, 
	"StatusOfDTC": {
	"scaled": true
	}, 
	"VehicleManufacturerKitAssemblyPartNumber": {
	"bytesascii": true, 
	"bytescount": 10, 
	"byte": true, 
	"bitscount": 80
	}, 
	"VL_VBattDiag_FM": {
	"bitscount": 1, 
	"lists": {
		"0": "False", 
		"1": "True"
	}
	}, 
	"DTCDeviceAndFailureTypeOBD": {
	"bytescount": 2, 
	"bitscount": 16
	}, 
	"CL_PTCType": {
	"comment": "configuration de la puissance des CTP", 
	"lists": {
		"0": "Not Configurated", 
		"1": "Without PTC", 
		"24": "PTC 1,8kW", 
		"22": "PTC 1,6kW", 
		"16": "PTC 1kW"
	}
	}, 
	"OutputControl.OnOff": {
	"lists": {
		"1": "ON  (state 1)", 
		"2": "OFF (state 2)"
	}
	}, 
	"D_IH_VehicleOutSideLockedToggle": {
	"bitscount": 1, 
	"lists": {
		"0": "State 0", 
		"1": "State 1"
	}
	}, 
	"D_OH_ACUnderloadStatus": {
	"comment": "Flag \u00e9tat sous charge boucle froide", 
	"bitscount": 1, 
	"lists": {
		"0": "Load OK", 
		"1": "UnderLoad"
	}
	}, 
	"VL_VBattDiag_FP": {
	"bitscount": 1, 
	"lists": {
		"0": "False", 
		"1": "True"
	}
	}, 
	"D_IH_RCUPosition": {
	"bitscount": 3, 
	"lists": {
		"0": "RCU Closed", 
		"1": "RCU Opened", 
		"2": "RCU Opening", 
		"3": "RCU Closing", 
		"4": "Value not defined (100)", 
		"5": "Value not defined (101)", 
		"6": "Value not defined (110)", 
		"7": "Unvailable"
	}
	}, 
	"M_BCM": {
	"scaled": true, 
	"bitscount": 6
	}, 
	"CL_ACType": {
	"comment": "configuration du type de climatisation", 
	"lists": {
		"0": "Not Configurated", 
		"1": "Monozone Manuel", 
		"18": "Dualzone Regulated with rear ventil", 
		"17": "Dualzone Regulated without rear ventil"
	}
	}, 
	"CurrentFaultUSM": {
	"bitscount": 1, 
	"lists": {
		"0": "False", 
		"1": "True"
	}
	}, 
	"CalibrationNumber": {
	"comment": "Numero de calibration en Hexa", 
	"bytescount": 2, 
	"byte": true, 
	"bitscount": 16
	}, 
	"M_BRK": {
	"scaled": true, 
	"bitscount": 6
	}, 
	"CL_WithLINBus": {
	"comment": "configuration de la pr\u00e9sence du Bus LIN", 
	"lists": {
		"0": "Not Configurated", 
		"1": "KL_WithoutLINBus", 
		"2": "KL_WithLINBus"
	}
	}, 
	"CL_CountryCfg": {
	"comment": "configuration de la zone climatique", 
	"lists": {
		"0": "Not Configurated", 
		"1": "Country 1", 
		"2": "Country 2", 
		"3": "Country 3", 
		"4": "Country 4"
	}
	}, 
	"D_ILN_GenericApplicativeDiagEnable": {
	"scaled": true, 
	"bitscount": 2
	}, 
	"DTCExtendedData.DTCOccurrenceCounter": {
	"scaled": true, 
	"comment": "Description of the extendedData DTCOccurenceCounter (use by Failure Page to decode data)"
	}, 
	"D_IH_EngineRPM": {
	"bitscount": 16, 
	"format": "#0.000", 
	"scaled": true, 
	"step": 0.125, 
	"bytescount": 2, 
	"unit": "Tr/mn"
	}, 
	"D_IH_NightRheostatedLightMaxPerCent": {
	"scaled": true, 
	"step": 0.4, 
	"unit": "%", 
	"format": "#0.0"
	}, 
	"D_IH_ACCompValveDefault": {
	"bitscount": 1, 
	"lists": {
		"0": "No default", 
		"1": "Default present"
	}
	}, 
	"D_IH_ACCompAuthorized": {
	"bitscount": 1, 
	"lists": {
		"0": "AC Comp. not Authorized", 
		"1": "AC Comp. Authorized"
	}
	}, 
	"PTCNumberThermalRequest": {
	"bitscount": 4, 
	"lists": {
		"0": "0 PTC Requested", 
		"1": "1 PTC Requested", 
		"2": "2 PTC Requested", 
		"3": "3 PTC Requested", 
		"4": "4 PTC Requested", 
		"5": "5 PTC Requested", 
		"6": "6 PTC Requested", 
		"7": "7 PTC Requested", 
		"8": "8 PTC Requested", 
		"9": "9 PTC Requested", 
		"10": "10 PTC Requested", 
		"11": "Not Used (1011)", 
		"12": "Not Used (1100)", 
		"13": "Not Used (1101)", 
		"14": "Not Used (1110)", 
		"15": "No Request"
	}
	}, 
	"HardwareNumber.LowerPart": {
	"bytesascii": true, 
	"bytescount": 5, 
	"byte": true, 
	"bitscount": 40
	}, 
	"ClimCustomerAction": {
	"scaled": true, 
	"bitscount": 2
	}, 
	"ApprovalNumber.BasicPartList": {
	"lists": {
		"0": "N/A", 
		"1": "RENO.", 
		"2": "NISS."
	}
	}, 
	"CL_VehicleType": {
	"comment": "configuration du type de caisse", 
	"lists": {
		"0": "Not Configurated", 
		"1": "B95, D95, K95", 
		"2": "H95", 
		"3": "E95", 
		"4": "J95, R95", 
		"7": "Reserved (L38T)"
	}
	}, 
	"DTCStatus.testFailed": {
	"bitscount": 1, 
	"lists": {
		"0": "No", 
		"1": "Yes"
	}
	}, 
	"ConfirmedFaultUSM": {
	"bitscount": 1, 
	"lists": {
		"0": "False", 
		"1": "True"
	}
	}
}
}