{
"obd": {
	"baudrate": 500000, 
	"protocol": "CAN", 
	"recv_id": "00", 
	"funcname": "CAN", 
	"funcaddr": "00", 
	"send_id": "00"
}, 
"devices": [], 
"ecuname": "can_v44_04", 
"autoidents": [], 
"endian": "Big", 
"requests": [
	{
	"receivebyte_dataitems": {
		"SoftwareLockValue": {
		"ref": true, 
		"firstbyte": 2
		}, 
		"SLockValueControl": {
		"bitoffset": 3, 
		"ref": true, 
		"firstbyte": 1
		}
	}, 
	"deny_sds": [], 
	"minbytes": 5, 
	"sentbytes": "0500", 
	"name": "BCM_VERLOG"
	}, 
	{
	"receivebyte_dataitems": {
		"CrashDetected_84": {
		"ref": true, 
		"firstbyte": 1
		}, 
		"AIRBAGMalfunction_84": {
		"bitoffset": 7, 
		"ref": true, 
		"firstbyte": 1
		}, 
		"ValidAIRBAGInformation_84": {
		"bitoffset": 5, 
		"ref": true, 
		"firstbyte": 1
		}, 
		"PassengerSafetyBeltSwitch": {
		"ref": true, 
		"firstbyte": 2
		}, 
		"CrashDetectionOutOfOrder_84": {
		"bitoffset": 3, 
		"ref": true, 
		"firstbyte": 1
		}, 
		"ResetInfo_AIRBAG_84": {
		"bitoffset": 4, 
		"ref": true, 
		"firstbyte": 1
		}, 
		"PassengerDetectionOnSeat": {
		"bitoffset": 2, 
		"ref": true, 
		"firstbyte": 2
		}, 
		"PassAIRBAG_OFF_84": {
		"bitoffset": 6, 
		"ref": true, 
		"firstbyte": 1
		}, 
		"DriverSafetyBeltSwitch": {
		"bitoffset": 6, 
		"ref": true, 
		"firstbyte": 2
		}
	}, 
	"deny_sds": [], 
	"minbytes": 2, 
	"sentbytes": "0651", 
	"name": "AIRBAG_GeneralStatus"
	}, 
	{
	"receivebyte_dataitems": {
		"ECM_to_DTOOL": {
		"ref": true, 
		"firstbyte": 1
		}
	}, 
	"deny_sds": [], 
	"minbytes": 8, 
	"sentbytes": "07E8", 
	"name": "ECM_to_DTOOL"
	}, 
	{
	"receivebyte_dataitems": {
		"DiagFuelGauge_84": {
		"bitoffset": 6, 
		"ref": true, 
		"firstbyte": 1
		}, 
		"AIRBAGMalfunctionLampState_84": {
		"bitoffset": 3, 
		"ref": true, 
		"firstbyte": 5
		}, 
		"VehicleType": {
		"ref": true, 
		"firstbyte": 6
		}, 
		"MuteRadioOrder": {
		"ref": true, 
		"firstbyte": 8
		}, 
		"HandBrakeSwitch_84": {
		"bitoffset": 5, 
		"ref": true, 
		"firstbyte": 1
		}, 
		"ResetInfo_TdB_84": {
		"bitoffset": 3, 
		"ref": true, 
		"firstbyte": 1
		}, 
		"BrakeSystemMalfunction_84": {
		"bitoffset": 4, 
		"ref": true, 
		"firstbyte": 1
		}, 
		"FuelLow_84": {
		"bitoffset": 2, 
		"ref": true, 
		"firstbyte": 1
		}, 
		"SNOW_SW": {
		"ref": true, 
		"firstbyte": 7
		}, 
		"LPGLow_84": {
		"bitoffset": 2, 
		"ref": true, 
		"firstbyte": 5
		}, 
		"FuelLevel_84": {
		"bitoffset": 1, 
		"ref": true, 
		"firstbyte": 8
		}, 
		"Cluster_WakeUpSleepReq": {
		"bitoffset": 4, 
		"ref": true, 
		"firstbyte": 6
		}, 
		"PassAIRBAG_OFFLampOperational_84": {
		"bitoffset": 6, 
		"ref": true, 
		"firstbyte": 5
		}, 
		"DistanceTotalizer_84": {
		"ref": true, 
		"firstbyte": 2
		}, 
		"Cluster_RefusetoSleep": {
		"ref": true, 
		"firstbyte": 1
		}, 
		"AIRBAGMalfuncLampOperational_84": {
		"bitoffset": 5, 
		"ref": true, 
		"firstbyte": 5
		}, 
		"OilDrainAlertResetRequest": {
		"bitoffset": 2, 
		"ref": true, 
		"firstbyte": 7
		}, 
		"ClusterDrivenLampsAutoCheck_84": {
		"bitoffset": 1, 
		"ref": true, 
		"firstbyte": 7
		}, 
		"PassengerAIRBAG_OFFLampState_84": {
		"bitoffset": 4, 
		"ref": true, 
		"firstbyte": 5
		}
	}, 
	"deny_sds": [], 
	"minbytes": 8, 
	"sentbytes": "05C5", 
	"name": "CLUSTER_GeneralStatus"
	}, 
	{
	"receivebyte_dataitems": {
		"ChildLockMalfunction": {
		"bitoffset": 6, 
		"ref": true, 
		"firstbyte": 6
		}, 
		"Dongle_command_BCM": {
		"bitoffset": 1, 
		"ref": true, 
		"firstbyte": 4
		}, 
		"ClimateCoolingRequest_84": {
		"bitoffset": 7, 
		"ref": true, 
		"firstbyte": 1
		}, 
		"ClutchSwitchMaximumTravel_84": {
		"bitoffset": 4, 
		"ref": true, 
		"firstbyte": 5
		}, 
		"ElectricalPowerDrived": {
		"bitoffset": 3, 
		"ref": true, 
		"firstbyte": 4
		}, 
		"HeadLampsWasherSelection": {
		"ref": true, 
		"firstbyte": 4
		}, 
		"CloseActiveBrakeSwitch_UCH": {
		"bitoffset": 2, 
		"ref": true, 
		"firstbyte": 5
		}, 
		"Dongle_ID_BCM_1": {
		"ref": true, 
		"firstbyte": 2
		}, 
		"Dongle_ID_BCM_2": {
		"bitoffset": 3, 
		"ref": true, 
		"firstbyte": 3
		}, 
		"HeadLampsWasherRequest": {
		"bitoffset": 7, 
		"ref": true, 
		"firstbyte": 3
		}, 
		"ALSMalfunction": {
		"bitoffset": 4, 
		"ref": true, 
		"firstbyte": 1
		}, 
		"DiagMuxOn_BCM": {
		"bitoffset": 7, 
		"ref": true, 
		"firstbyte": 7
		}, 
		"BCM_WakeUpSleepCommand": {
		"bitoffset": 6, 
		"ref": true, 
		"firstbyte": 2
		}, 
		"KeylessPushState": {
		"bitoffset": 5, 
		"ref": true, 
		"firstbyte": 7
		}, 
		"ATPowerLatch_84": {
		"ref": true, 
		"firstbyte": 5
		}, 
		"EmergencyEngineStop": {
		"ref": true, 
		"firstbyte": 8
		}, 
		"IdleSpeedIncrease_UCH_": {
		"bitoffset": 2, 
		"ref": true, 
		"firstbyte": 1
		}, 
		"BlowerState": {
		"bitoffset": 7, 
		"ref": true, 
		"firstbyte": 5
		}, 
		"ALS_activated": {
		"bitoffset": 3, 
		"ref": true, 
		"firstbyte": 1
		}, 
		"RearDefrostRequest": {
		"bitoffset": 5, 
		"ref": true, 
		"firstbyte": 1
		}, 
		"VehiculeRunning": {
		"bitoffset": 1, 
		"ref": true, 
		"firstbyte": 5
		}, 
		"DayNightInformation": {
		"bitoffset": 7, 
		"ref": true, 
		"firstbyte": 6
		}, 
		"Key_or_Keyless_Vehicule": {
		"bitoffset": 6, 
		"ref": true, 
		"firstbyte": 7
		}, 
		"BrakePadWear": {
		"ref": true, 
		"firstbyte": 6
		}, 
		"FrontWipingRequest": {
		"ref": true, 
		"firstbyte": 3
		}, 
		"ClimateCoolingStatusCopy": {
		"bitoffset": 2, 
		"ref": true, 
		"firstbyte": 7
		}, 
		"CustomerEngIddleSpeedReq": {
		"bitoffset": 2, 
		"ref": true, 
		"firstbyte": 6
		}, 
		"EngineImmobiliserFailure": {
		"ref": true, 
		"firstbyte": 7
		}, 
		"HardTopPositionCopy": {
		"bitoffset": 3, 
		"ref": true, 
		"firstbyte": 7
		}, 
		"StartingMode_BCM": {
		"ref": true, 
		"firstbyte": 1
		}, 
		"DeliveryModeInfo": {
		"bitoffset": 6, 
		"ref": true, 
		"firstbyte": 5
		}, 
		"CrankingAuthorization_Verlog": {
		"bitoffset": 1, 
		"ref": true, 
		"firstbyte": 7
		}
	}, 
	"deny_sds": [], 
	"minbytes": 8, 
	"sentbytes": "035D", 
	"name": "BCM_SystemControl"
	}, 
	{
	"receivebyte_dataitems": {
		"AlternatorLoad_84": {
		"ref": true, 
		"firstbyte": 1
		}, 
		"InstantMecanicalPowerByAlt": {
		"ref": true, 
		"firstbyte": 5
		}, 
		"PredictedMecanicalPowerByAlt": {
		"ref": true, 
		"firstbyte": 6
		}, 
		"StarterStatus_copy": {
		"bitoffset": 6, 
		"ref": true, 
		"firstbyte": 2
		}, 
		"RearGearEngaged_84_UPC": {
		"ref": true, 
		"firstbyte": 2
		}, 
		"RotorCurrent_84": {
		"ref": true, 
		"firstbyte": 3
		}, 
		"AlternatorNumber": {
		"bitoffset": 4, 
		"ref": true, 
		"firstbyte": 4
		}, 
		"EngineFanSpeedStatus": {
		"bitoffset": 4, 
		"ref": true, 
		"firstbyte": 2
		}, 
		"NeutralContact": {
		"bitoffset": 2, 
		"ref": true, 
		"firstbyte": 2
		}
	}, 
	"deny_sds": [], 
	"minbytes": 6, 
	"sentbytes": "0215", 
	"name": "USM_Fast_Frame"
	}, 
	{
	"receivebyte_dataitems": {
		"DTOOL_to_Brake": {
		"ref": true, 
		"firstbyte": 1
		}
	}, 
	"deny_sds": [], 
	"minbytes": 8, 
	"sentbytes": "0740", 
	"name": "DTOOL_to_BRAKE"
	}, 
	{
	"receivebyte_dataitems": {
		"CruiseControlStatus_84": {
		"ref": true, 
		"firstbyte": 4
		}, 
		"EngineTorque_WithoutGBReq_84": {
		"ref": true, 
		"firstbyte": 1
		}, 
		"ErgonomicPedal": {
		"ref": true, 
		"firstbyte": 5
		}, 
		"ECM_MechanicalLoadRequest": {
		"bitoffset": 2, 
		"ref": true, 
		"firstbyte": 4
		}, 
		"KickDownActivated": {
		"bitoffset": 7, 
		"ref": true, 
		"firstbyte": 4
		}, 
		"MaximumInstantTorque": {
		"ref": true, 
		"firstbyte": 3
		}, 
		"MinimumInstantTorque": {
		"ref": true, 
		"firstbyte": 2
		}
	}, 
	"deny_sds": [], 
	"minbytes": 5, 
	"sentbytes": "0161", 
	"name": "ECM_to_AT"
	}, 
	{
	"receivebyte_dataitems": {
		"FuelLevel_APV_84": {
		"ref": true, 
		"firstbyte": 5
		}, 
		"DisplayedOilLevel_84": {
		"bitoffset": 2, 
		"ref": true, 
		"firstbyte": 4
		}, 
		"OilDrainingRange_84": {
		"ref": true, 
		"firstbyte": 6
		}, 
		"MilLampState_84": {
		"ref": true, 
		"firstbyte": 4
		}, 
		"DistanceTotalizer_APV_84": {
		"ref": true, 
		"firstbyte": 1
		}, 
		"ShortVehicleID": {
		"ref": true, 
		"firstbyte": 7
		}
	}, 
	"deny_sds": [], 
	"minbytes": 8, 
	"sentbytes": "0715", 
	"name": "CLUSTER_BackUp"
	}, 
	{
	"receivebyte_dataitems": {
		"ATTorqueAcknowledgement": {
		"bitoffset": 5, 
		"ref": true, 
		"firstbyte": 6
		}, 
		"DiagMuxOn_84": {
		"bitoffset": 6, 
		"ref": true, 
		"firstbyte": 8
		}, 
		"RawPedal": {
		"ref": true, 
		"firstbyte": 4
		}, 
		"FreeShift": {
		"bitoffset": 4, 
		"ref": true, 
		"firstbyte": 8
		}, 
		"ParticulateFilterFailureDisplay": {
		"bitoffset": 7, 
		"ref": true, 
		"firstbyte": 8
		}, 
		"RequestedTorqueAfterProc_84": {
		"ref": true, 
		"firstbyte": 5
		}, 
		"FrictionTorque_84": {
		"ref": true, 
		"firstbyte": 7
		}, 
		"OilDrainAlertDisplay": {
		"bitoffset": 2, 
		"ref": true, 
		"firstbyte": 8
		}, 
		"ASR_MSRAcknowledgement_84": {
		"bitoffset": 2, 
		"ref": true, 
		"firstbyte": 6
		}, 
		"TorqueRequestStatus_84": {
		"ref": true, 
		"firstbyte": 6
		}, 
		"OpenActiveBrakeSwitch_ECM_84": {
		"bitoffset": 6, 
		"ref": true, 
		"firstbyte": 6
		}, 
		"Reserved_1bit": {
		"ref": true, 
		"firstbyte": 8
		}, 
		"ClutchSwitch_84": {
		"bitoffset": 3, 
		"ref": true, 
		"firstbyte": 6
		}, 
		"EngineRPM_84": {
		"ref": true, 
		"firstbyte": 1
		}, 
		"MeanEffectiveTorque_84": {
		"ref": true, 
		"firstbyte": 3
		}
	}, 
	"deny_sds": [], 
	"minbytes": 8, 
	"sentbytes": "0181", 
	"name": "ECM_TorqueControl"
	}, 
	{
	"receivebyte_dataitems": {
		"DTOOL_to_ALLUCEOBD": {
		"ref": true, 
		"firstbyte": 1
		}
	}, 
	"deny_sds": [], 
	"minbytes": 8, 
	"sentbytes": "07DF", 
	"name": "DTOOL_to_ALLUCEOBD"
	}, 
	{
	"receivebyte_dataitems": {
		"SLockRequestControl_84": {
		"bitoffset": 4, 
		"ref": true, 
		"firstbyte": 1
		}, 
		"SoftwareLockRequest_84": {
		"ref": true, 
		"firstbyte": 2
		}
	}, 
	"deny_sds": [], 
	"minbytes": 7, 
	"sentbytes": "0511", 
	"name": "ECM_VERLOG"
	}, 
	{
	"receivebyte_dataitems": {
		"EngineCoolantRegulationTemperatu": {
		"bitoffset": 4, 
		"ref": true, 
		"firstbyte": 7
		}, 
		"EngineCoolantTemp_84": {
		"ref": true, 
		"firstbyte": 1
		}, 
		"FuelConsumption_84": {
		"ref": true, 
		"firstbyte": 2
		}, 
		"ResetInfo_ECM_84": {
		"bitoffset": 7, 
		"ref": true, 
		"firstbyte": 4
		}, 
		"MILLamp_84": {
		"bitoffset": 1, 
		"ref": true, 
		"firstbyte": 4
		}, 
		"DiagMuxOn_84_copy": {
		"ref": true, 
		"firstbyte": 4
		}, 
		"ELAMP": {
		"bitoffset": 1, 
		"ref": true, 
		"firstbyte": 7
		}, 
		"PDCUTREQ": {
		"ref": true, 
		"firstbyte": 7
		}, 
		"DownTransitionOfEngineCoolantTem": {
		"bitoffset": 7, 
		"ref": true, 
		"firstbyte": 7
		}, 
		"RequestedSpeed_84": {
		"ref": true, 
		"firstbyte": 5
		}, 
		"ParticulateFilterState": {
		"bitoffset": 3, 
		"ref": true, 
		"firstbyte": 7
		}, 
		"EngOverSpeedCutOffThreshold_84": {
		"bitoffset": 4, 
		"ref": true, 
		"firstbyte": 6
		}, 
		"IdleSpeedControlRequest_84": {
		"ref": true, 
		"firstbyte": 3
		}, 
		"NominalFuelConsumption": {
		"ref": true, 
		"firstbyte": 8
		}, 
		"EngineStatus_84__copy_": {
		"bitoffset": 6, 
		"ref": true, 
		"firstbyte": 6
		}, 
		"FuelConsumptionType_84": {
		"bitoffset": 5, 
		"ref": true, 
		"firstbyte": 6
		}, 
		"DieselFilterWaterDetection": {
		"bitoffset": 2, 
		"ref": true, 
		"firstbyte": 7
		}, 
		"EngineControlFailureLevel2_84": {
		"bitoffset": 6, 
		"ref": true, 
		"firstbyte": 4
		}, 
		"EngineControlFailureLevel1_84": {
		"bitoffset": 5, 
		"ref": true, 
		"firstbyte": 4
		}, 
		"RequestedSpeedBlink_84": {
		"ref": true, 
		"firstbyte": 6
		}, 
		"CruiseControlStatusDisplay": {
		"bitoffset": 1, 
		"ref": true, 
		"firstbyte": 6
		}, 
		"DieselPreHeating_84": {
		"bitoffset": 4, 
		"ref": true, 
		"firstbyte": 4
		}, 
		"WarningWaterTemp_84": {
		"bitoffset": 3, 
		"ref": true, 
		"firstbyte": 4
		}
	}, 
	"deny_sds": [], 
	"minbytes": 8, 
	"sentbytes": "0551", 
	"name": "ECM_GeneralStatus"
	}, 
	{
	"receivebyte_dataitems": {
		"BRAKE_to_DTOOL": {
		"ref": true, 
		"firstbyte": 1
		}
	}, 
	"deny_sds": [], 
	"minbytes": 8, 
	"sentbytes": "0760", 
	"name": "BRAKE_to_DTOOL"
	}, 
	{
	"receivebyte_dataitems": {
		"DTOOL_to_CLIM": {
		"ref": true, 
		"firstbyte": 1
		}
	}, 
	"deny_sds": [], 
	"minbytes": 8, 
	"sentbytes": "0744", 
	"name": "DTOOL_to_CLIM"
	}, 
	{
	"receivebyte_dataitems": {
		"DTOOL_to_TACHO": {
		"ref": true, 
		"firstbyte": 1
		}
	}, 
	"deny_sds": [], 
	"minbytes": 8, 
	"sentbytes": "0718", 
	"name": "DTOOL_to_TACHO"
	}, 
	{
	"receivebyte_dataitems": {
		"BCM_to_DTOOL": {
		"ref": true, 
		"firstbyte": 1
		}
	}, 
	"deny_sds": [], 
	"minbytes": 8, 
	"sentbytes": "0765", 
	"name": "BCM_to_DTOOL"
	}, 
	{
	"receivebyte_dataitems": {
		"WheelSpeed_F_R": {
		"ref": true, 
		"firstbyte": 1
		}, 
		"VehicleSpeed_84_copy": {
		"ref": true, 
		"firstbyte": 5
		}, 
		"ChecksumFront": {
		"ref": true, 
		"firstbyte": 8
		}, 
		"WheelSpeed_F_L": {
		"ref": true, 
		"firstbyte": 3
		}, 
		"MessageCounterFront": {
		"ref": true, 
		"firstbyte": 7
		}
	}, 
	"deny_sds": [], 
	"minbytes": 8, 
	"sentbytes": "0284", 
	"name": "Front_Wheel_Speed_Frame"
	}, 
	{
	"receivebyte_dataitems": {
		"AIRBAG_to_DTOOL": {
		"ref": true, 
		"firstbyte": 1
		}
	}, 
	"deny_sds": [], 
	"minbytes": 8, 
	"sentbytes": "0772", 
	"name": "AIRBAG_to_DTOOL"
	}, 
	{
	"receivebyte_dataitems": {
		"HeaterUnitSetPoint": {
		"ref": true, 
		"firstbyte": 1
		}, 
		"RearDefrostPushInvalid": {
		"bitoffset": 6, 
		"ref": true, 
		"firstbyte": 2
		}, 
		"ClimateCoolingSelect": {
		"bitoffset": 3, 
		"ref": true, 
		"firstbyte": 2
		}, 
		"ResetInfo_CLIM_84": {
		"ref": true, 
		"firstbyte": 2
		}, 
		"RearDefrostPush": {
		"bitoffset": 4, 
		"ref": true, 
		"firstbyte": 2
		}, 
		"CabinFanState": {
		"bitoffset": 1, 
		"ref": true, 
		"firstbyte": 2
		}, 
		"RearDefrostAutoSelect": {
		"bitoffset": 5, 
		"ref": true, 
		"firstbyte": 2
		}, 
		"EvaporatorTemperature": {
		"ref": true, 
		"firstbyte": 3
		}
	}, 
	"deny_sds": [], 
	"minbytes": 3, 
	"sentbytes": "0374", 
	"name": "CLIM_ControlFrame"
	}, 
	{
	"receivebyte_dataitems": {
		"MessageCounterRear": {
		"ref": true, 
		"firstbyte": 7
		}, 
		"WheelSpeed_R_R_84": {
		"ref": true, 
		"firstbyte": 1
		}, 
		"VehicleSpeed_CVT": {
		"ref": true, 
		"firstbyte": 5
		}, 
		"WheelSpeed_R_L_84": {
		"ref": true, 
		"firstbyte": 3
		}, 
		"ChecksumRear": {
		"ref": true, 
		"firstbyte": 8
		}
	}, 
	"deny_sds": [], 
	"minbytes": 8, 
	"sentbytes": "0285", 
	"name": "Rear_Wheel_Speed_Frame"
	}, 
	{
	"receivebyte_dataitems": {
		"ResetInfo_Swa": {
		"ref": true, 
		"firstbyte": 5
		}, 
		"SwaMessageCounter": {
		"bitoffset": 4, 
		"ref": true, 
		"firstbyte": 5
		}, 
		"SteeringWheelRotationSpeed": {
		"ref": true, 
		"firstbyte": 3
		}, 
		"SwaChecksum": {
		"ref": true, 
		"firstbyte": 6
		}, 
		"SteeringWheelAngle": {
		"ref": true, 
		"firstbyte": 1
		}, 
		"SwaSensorInternalStatus": {
		"bitoffset": 1, 
		"ref": true, 
		"firstbyte": 5
		}
	}, 
	"deny_sds": [], 
	"minbytes": 6, 
	"sentbytes": "00C2", 
	"name": "Steering_Wheel_Angle"
	}, 
	{
	"receivebyte_dataitems": {
		"Reserved_1bit": {
		"ref": true, 
		"firstbyte": 1
		}
	}, 
	"deny_sds": [], 
	"minbytes": 1, 
	"sentbytes": "0649", 
	"name": "TACHO_CANHS_R_01"
	}, 
	{
	"receivebyte_dataitems": {
		"TransmRangeEngaged_84_copy_": {
		"bitoffset": 4, 
		"ref": true, 
		"firstbyte": 1
		}, 
		"AT_Faults_States_84": {
		"ref": true, 
		"firstbyte": 1
		}, 
		"AT_PositionDisplay_84": {
		"ref": true, 
		"firstbyte": 2
		}, 
		"AT_Snow_Selected_Mode": {
		"bitoffset": 1, 
		"ref": true, 
		"firstbyte": 4
		}, 
		"Underdrive_84": {
		"bitoffset": 3, 
		"ref": true, 
		"firstbyte": 3
		}, 
		"AT_MinimumIdleSpeedRequest": {
		"ref": true, 
		"firstbyte": 5
		}, 
		"FullLoad": {
		"bitoffset": 4, 
		"ref": true, 
		"firstbyte": 3
		}, 
		"AT_Warning": {
		"bitoffset": 5, 
		"ref": true, 
		"firstbyte": 3
		}, 
		"GearShiftRefused_84": {
		"ref": true, 
		"firstbyte": 3
		}, 
		"SportivityCriteria": {
		"ref": true, 
		"firstbyte": 6
		}, 
		"AT_Eco_Selected_Mode": {
		"ref": true, 
		"firstbyte": 4
		}, 
		"ResetInfo_AT_84": {
		"bitoffset": 1, 
		"ref": true, 
		"firstbyte": 3
		}, 
		"ClutchOverheatingIncreasing_Warn": {
		"bitoffset": 3, 
		"ref": true, 
		"firstbyte": 4
		}, 
		"BrakePedalRequest": {
		"bitoffset": 2, 
		"ref": true, 
		"firstbyte": 3
		}, 
		"AT_Impulsive_Selected_Mode": {
		"bitoffset": 2, 
		"ref": true, 
		"firstbyte": 4
		}, 
		"AT_ProgSelect_84": {
		"bitoffset": 6, 
		"ref": true, 
		"firstbyte": 2
		}
	}, 
	"deny_sds": [], 
	"minbytes": 6, 
	"sentbytes": "0565", 
	"name": "AT_GeneralStatus"
	}, 
	{
	"receivebyte_dataitems": {
		"CLUSTER_to_DTOOL": {
		"ref": true, 
		"firstbyte": 1
		}
	}, 
	"deny_sds": [], 
	"minbytes": 8, 
	"sentbytes": "0763", 
	"name": "CLUSTER_to_DTOOL"
	}, 
	{
	"receivebyte_dataitems": {
		"TACHO_to_DTOOL": {
		"ref": true, 
		"firstbyte": 1
		}
	}, 
	"deny_sds": [], 
	"minbytes": 8, 
	"sentbytes": "0738", 
	"name": "TACHO_to_DTOOL"
	}, 
	{
	"receivebyte_dataitems": {
		"FlashingIndicatorStatus": {
		"ref": true, 
		"firstbyte": 2
		}, 
		"DayTimeRunningLightRequest": {
		"bitoffset": 1, 
		"ref": true, 
		"firstbyte": 7
		}, 
		"APCLineStatus_copy_": {
		"bitoffset": 5, 
		"ref": true, 
		"firstbyte": 2
		}, 
		"EngineCoolantTemp_84_copy_": {
		"ref": true, 
		"firstbyte": 6
		}, 
		"RearGearEngaged_84": {
		"bitoffset": 2, 
		"ref": true, 
		"firstbyte": 7
		}, 
		"IgnitionState_UCH_": {
		"bitoffset": 6, 
		"ref": true, 
		"firstbyte": 2
		}, 
		"ExternalTemp_84": {
		"ref": true, 
		"firstbyte": 5
		}, 
		"TrailerPresence_84": {
		"bitoffset": 7, 
		"ref": true, 
		"firstbyte": 4
		}, 
		"RearFogLightStatus_84": {
		"bitoffset": 5, 
		"ref": true, 
		"firstbyte": 3
		}, 
		"ResetInfo_UCH_84": {
		"bitoffset": 7, 
		"ref": true, 
		"firstbyte": 1
		}, 
		"SteeringLock_BCM_Failure": {
		"ref": true, 
		"firstbyte": 3
		}, 
		"DoorLockingState": {
		"bitoffset": 3, 
		"ref": true, 
		"firstbyte": 3
		}, 
		"Badge_battery_low": {
		"bitoffset": 5, 
		"ref": true, 
		"firstbyte": 8
		}, 
		"ManualRearDefrostStatus": {
		"bitoffset": 1, 
		"ref": true, 
		"firstbyte": 4
		}, 
		"PositionLightsRequest_UCH_": {
		"bitoffset": 5, 
		"ref": true, 
		"firstbyte": 1
		}, 
		"HighBeamRequest_UCH_": {
		"bitoffset": 4, 
		"ref": true, 
		"firstbyte": 2
		}, 
		"LowBeamRequest_UCH_": {
		"bitoffset": 6, 
		"ref": true, 
		"firstbyte": 1
		}, 
		"DoorSwitches": {
		"ref": true, 
		"firstbyte": 1
		}, 
		"Card_Key_Number_84": {
		"bitoffset": 4, 
		"ref": true, 
		"firstbyte": 7
		}, 
		"HeaterUnitSetpointFreeze": {
		"ref": true, 
		"firstbyte": 7
		}, 
		"FrontFogLightsRequest": {
		"bitoffset": 7, 
		"ref": true, 
		"firstbyte": 2
		}, 
		"SSPPInhibition_84": {
		"bitoffset": 3, 
		"ref": true, 
		"firstbyte": 2
		}, 
		"WipingMalfunction": {
		"bitoffset": 7, 
		"ref": true, 
		"firstbyte": 3
		}, 
		"BuzzerRequest": {
		"bitoffset": 2, 
		"ref": true, 
		"firstbyte": 4
		}, 
		"TripDisplayScrollingRequest": {
		"bitoffset": 6, 
		"ref": true, 
		"firstbyte": 8
		}, 
		"AutomaticWipingMalfunction": {
		"ref": true, 
		"firstbyte": 4
		}, 
		"SmartKeylessInformationDisplay": {
		"ref": true, 
		"firstbyte": 8
		}
	}, 
	"deny_sds": [], 
	"minbytes": 8, 
	"sentbytes": "060D", 
	"name": "BCM_GeneralStatus"
	}, 
	{
	"receivebyte_dataitems": {
		"DTOOL_to_CLUSTER": {
		"ref": true, 
		"firstbyte": 1
		}
	}, 
	"deny_sds": [], 
	"minbytes": 8, 
	"sentbytes": "0743", 
	"name": "DTOOL_to_CLUSTER"
	}, 
	{
	"receivebyte_dataitems": {
		"DTOOL_to_BCM": {
		"ref": true, 
		"firstbyte": 1
		}
	}, 
	"deny_sds": [], 
	"minbytes": 8, 
	"sentbytes": "0745", 
	"name": "DTOOL_to_BCM"
	}, 
	{
	"receivebyte_dataitems": {
		"DTOOL_to_AIRBAG": {
		"ref": true, 
		"firstbyte": 1
		}
	}, 
	"deny_sds": [], 
	"minbytes": 8, 
	"sentbytes": "0752", 
	"name": "DTOOL_to_AIRBAG"
	}, 
	{
	"receivebyte_dataitems": {
		"CLIM_to_DTOOL": {
		"ref": true, 
		"firstbyte": 1
		}
	}, 
	"deny_sds": [], 
	"minbytes": 8, 
	"sentbytes": "0764", 
	"name": "CLIM_to_DTOOL"
	}, 
	{
	"receivebyte_dataitems": {
		"LongitudinalAccelerationProc": {
		"ref": true, 
		"firstbyte": 1
		}, 
		"YawRate_84": {
		"ref": true, 
		"firstbyte": 4
		}, 
		"Transversalacceleration_84": {
		"ref": true, 
		"firstbyte": 2
		}
	}, 
	"deny_sds": [], 
	"minbytes": 5, 
	"sentbytes": "02A0", 
	"name": "Vehicle_Dynamic"
	}, 
	{
	"receivebyte_dataitems": {
		"TA_Position": {
		"bitoffset": 4, 
		"ref": true, 
		"firstbyte": 8
		}, 
		"AT_TorqueRequestInProgress": {
		"bitoffset": 5, 
		"ref": true, 
		"firstbyte": 4
		}, 
		"AT_FanRequest_84": {
		"bitoffset": 6, 
		"ref": true, 
		"firstbyte": 4
		}, 
		"DragReduction_84": {
		"bitoffset": 2, 
		"ref": true, 
		"firstbyte": 4
		}, 
		"TransmRangeEngaged_84": {
		"ref": true, 
		"firstbyte": 5
		}, 
		"MajorFailure_84": {
		"bitoffset": 7, 
		"ref": true, 
		"firstbyte": 4
		}, 
		"CrankingAuthorisation_AT_84": {
		"bitoffset": 6, 
		"ref": true, 
		"firstbyte": 6
		}, 
		"Limit_SlowTorqReq_84": {
		"ref": true, 
		"firstbyte": 2
		}, 
		"AT_Torque": {
		"ref": true, 
		"firstbyte": 3
		}, 
		"TorqueConverterState_84": {
		"ref": true, 
		"firstbyte": 4
		}, 
		"AT_Clock": {
		"ref": true, 
		"firstbyte": 6
		}, 
		"PowerTrainGain_84": {
		"ref": true, 
		"firstbyte": 7
		}, 
		"FastTorqueRequest_84": {
		"ref": true, 
		"firstbyte": 1
		}, 
		"AT_MILReq_84": {
		"bitoffset": 4, 
		"ref": true, 
		"firstbyte": 5
		}, 
		"IdleSpeedIncreaseRequest_84": {
		"bitoffset": 4, 
		"ref": true, 
		"firstbyte": 4
		}, 
		"AnticipatedRGBPumpState": {
		"bitoffset": 4, 
		"ref": true, 
		"firstbyte": 6
		}, 
		"AT_TorqueControlType": {
		"ref": true, 
		"firstbyte": 8
		}
	}, 
	"deny_sds": [], 
	"minbytes": 8, 
	"sentbytes": "0175", 
	"name": "AT_TorqueControl"
	}, 
	{
	"receivebyte_dataitems": {
		"AirbagCrashOrder": {
		"ref": true, 
		"firstbyte": 1
		}
	}, 
	"deny_sds": [], 
	"minbytes": 2, 
	"sentbytes": "0023", 
	"name": "AIRBAGCrash"
	}, 
	{
	"receivebyte_dataitems": {
		"MSRinRegulation_84": {
		"bitoffset": 2, 
		"ref": true, 
		"firstbyte": 6
		}, 
		"MSRTorqueRequest_84": {
		"ref": true, 
		"firstbyte": 3
		}, 
		"ShiftMapChangeRequest": {
		"bitoffset": 5, 
		"ref": true, 
		"firstbyte": 6
		}, 
		"AYCinRegulation_84": {
		"bitoffset": 1, 
		"ref": true, 
		"firstbyte": 6
		}, 
		"ESPMalfunction_84": {
		"bitoffset": 6, 
		"ref": true, 
		"firstbyte": 4
		}, 
		"EarlyGearShiftUp_84": {
		"bitoffset": 5, 
		"ref": true, 
		"firstbyte": 4
		}, 
		"ASRDynamicTorqueRequest_84": {
		"ref": true, 
		"firstbyte": 2
		}, 
		"ASRinRegulation_84": {
		"ref": true, 
		"firstbyte": 6
		}, 
		"Shifting_Authorization_84": {
		"bitoffset": 3, 
		"ref": true, 
		"firstbyte": 4
		}, 
		"ETCShutdownRequest": {
		"bitoffset": 7, 
		"ref": true, 
		"firstbyte": 6
		}, 
		"ASRStaticTorqueRequest_84": {
		"ref": true, 
		"firstbyte": 1
		}, 
		"MSRDisabled_84": {
		"bitoffset": 3, 
		"ref": true, 
		"firstbyte": 6
		}, 
		"ESPDeactivated_84": {
		"bitoffset": 7, 
		"ref": true, 
		"firstbyte": 4
		}, 
		"RequestedTransferedTorque": {
		"ref": true, 
		"firstbyte": 7
		}, 
		"ESPClock_84": {
		"ref": true, 
		"firstbyte": 5
		}, 
		"TorqueControlType_84": {
		"ref": true, 
		"firstbyte": 4
		}, 
		"ASRMalfunction": {
		"bitoffset": 4, 
		"ref": true, 
		"firstbyte": 6
		}
	}, 
	"deny_sds": [], 
	"minbytes": 7, 
	"sentbytes": "0244", 
	"name": "Brake_StabilityControl"
	}, 
	{
	"receivebyte_dataitems": {
		"DTOOL_to_ALL": {
		"ref": true, 
		"firstbyte": 1
		}
	}, 
	"deny_sds": [], 
	"minbytes": 8, 
	"sentbytes": "07D0", 
	"name": "DTOOL_to_ALL"
	}, 
	{
	"receivebyte_dataitems": {
		"LowBatVoltDisplay": {
		"bitoffset": 6, 
		"ref": true, 
		"firstbyte": 4
		}, 
		"BatteryLamp": {
		"bitoffset": 7, 
		"ref": true, 
		"firstbyte": 4
		}, 
		"AbsoluteTimeSince1rstIgnition": {
		"ref": true, 
		"firstbyte": 1
		}
	}, 
	"deny_sds": [], 
	"minbytes": 4, 
	"sentbytes": "05ED", 
	"name": "BCM_GeneralStatus_Bis"
	}, 
	{
	"receivebyte_dataitems": {
		"ElectricalPowerDrived_ECM": {
		"ref": true, 
		"firstbyte": 1
		}, 
		"HeaterUnitSetpointFreeze_ECM": {
		"bitoffset": 5, 
		"ref": true, 
		"firstbyte": 1
		}, 
		"ComputedOilDrainingRange": {
		"ref": true, 
		"firstbyte": 2
		}
	}, 
	"deny_sds": [], 
	"minbytes": 3, 
	"sentbytes": "05DD", 
	"name": "ECM_CANHS_R_02"
	}, 
	{
	"receivebyte_dataitems": {
		"DTOOL_to_ECM": {
		"ref": true, 
		"firstbyte": 1
		}
	}, 
	"deny_sds": [], 
	"minbytes": 8, 
	"sentbytes": "07E0", 
	"name": "DTOOL_to_ECM"
	}, 
	{
	"receivebyte_dataitems": {
		"ESPStateLamp": {
		"ref": true, 
		"firstbyte": 5
		}, 
		"VSUStateLamp": {
		"bitoffset": 1, 
		"ref": true, 
		"firstbyte": 6
		}, 
		"ABSMalfunction_84": {
		"ref": true, 
		"firstbyte": 7
		}, 
		"ABSStateLamp": {
		"bitoffset": 3, 
		"ref": true, 
		"firstbyte": 5
		}, 
		"VSUPresence": {
		"bitoffset": 7, 
		"ref": true, 
		"firstbyte": 8
		}, 
		"VehicleSpeed_84": {
		"ref": true, 
		"firstbyte": 1
		}, 
		"WheelsLockingState": {
		"ref": true, 
		"firstbyte": 8
		}, 
		"ABSinRegulation_84": {
		"bitoffset": 1, 
		"ref": true, 
		"firstbyte": 7
		}, 
		"ABS_ESPLampsAutoCheck": {
		"bitoffset": 5, 
		"ref": true, 
		"firstbyte": 8
		}, 
		"Odometer_84": {
		"ref": true, 
		"firstbyte": 3
		}, 
		"EBVStateLamp": {
		"bitoffset": 5, 
		"ref": true, 
		"firstbyte": 5
		}, 
		"MessageCounter": {
		"bitoffset": 3, 
		"ref": true, 
		"firstbyte": 6
		}, 
		"EBVinRegulation_84": {
		"ref": true, 
		"firstbyte": 6
		}, 
		"CloseActiveBrakeSwitch_ABS_84": {
		"bitoffset": 2, 
		"ref": true, 
		"firstbyte": 7
		}, 
		"ABS_WarningRequest": {
		"bitoffset": 4, 
		"ref": true, 
		"firstbyte": 7
		}, 
		"ECBStateLamp": {
		"bitoffset": 3, 
		"ref": true, 
		"firstbyte": 8
		}, 
		"HDCStateLamp": {
		"bitoffset": 1, 
		"ref": true, 
		"firstbyte": 8
		}, 
		"FillingStatus_84": {
		"bitoffset": 6, 
		"ref": true, 
		"firstbyte": 7
		}, 
		"ResetInfo_ABS_84": {
		"bitoffset": 7, 
		"ref": true, 
		"firstbyte": 5
		}
	}, 
	"deny_sds": [], 
	"minbytes": 8, 
	"sentbytes": "0354", 
	"name": "Brake_GeneralData"
	}, 
	{
	"receivebyte_dataitems": {
		"DTOOL_to_AT": {
		"ref": true, 
		"firstbyte": 1
		}
	}, 
	"deny_sds": [], 
	"minbytes": 8, 
	"sentbytes": "07E1", 
	"name": "DTOOL_to_AT"
	}, 
	{
	"receivebyte_dataitems": {
		"AT_to_DTOOL": {
		"ref": true, 
		"firstbyte": 1
		}
	}, 
	"deny_sds": [], 
	"minbytes": 8, 
	"sentbytes": "07E9", 
	"name": "AT_to_DTOOL"
	}, 
	{
	"receivebyte_dataitems": {
		"MaximumMechanicalPowerAllowed_84": {
		"bitoffset": 3, 
		"ref": true, 
		"firstbyte": 2
		}, 
		"EngineFanSpeedRequest": {
		"ref": true, 
		"firstbyte": 1
		}, 
		"AlternatorMaximumPower": {
		"ref": true, 
		"firstbyte": 6
		}, 
		"ClimateCompressorDestrokeRequest": {
		"ref": true, 
		"firstbyte": 2
		}, 
		"EngineStatus_84": {
		"bitoffset": 2, 
		"ref": true, 
		"firstbyte": 1
		}, 
		"ElectricalPowerCut_Freeze_84": {
		"bitoffset": 6, 
		"ref": true, 
		"firstbyte": 1
		}, 
		"CrankingAuthorization_ECM": {
		"bitoffset": 6, 
		"ref": true, 
		"firstbyte": 5
		}, 
		"RearDefrostRequest_ECM": {
		"bitoffset": 5, 
		"ref": true, 
		"firstbyte": 1
		}, 
		"CompressorActivation": {
		"bitoffset": 4, 
		"ref": true, 
		"firstbyte": 1
		}, 
		"CrankingAuthorisation_ATviaECM": {
		"bitoffset": 4, 
		"ref": true, 
		"firstbyte": 5
		}, 
		"EngineRPM_84_copy_": {
		"ref": true, 
		"firstbyte": 3
		}, 
		"AllowedPowerGradient": {
		"ref": true, 
		"firstbyte": 5
		}
	}, 
	"deny_sds": [], 
	"minbytes": 6, 
	"sentbytes": "01F9", 
	"name": "ECM_SystemControl"
	}, 
	{
	"receivebyte_dataitems": {
		"PositionLightsStatus": {
		"bitoffset": 2, 
		"ref": true, 
		"firstbyte": 1
		}, 
		"NightDimmedLight_MaxPercent_84": {
		"ref": true, 
		"firstbyte": 2
		}, 
		"DayDimmedLight_MaxPercent_84": {
		"ref": true, 
		"firstbyte": 3
		}, 
		"DisplayedSpeed": {
		"ref": true, 
		"firstbyte": 4
		}, 
		"SafetyBeltLampState": {
		"ref": true, 
		"firstbyte": 1
		}
	}, 
	"deny_sds": [], 
	"minbytes": 5, 
	"sentbytes": "0645", 
	"name": "CLUSTER_GeneralStatus_2"
	}
], 
"data": {
	"CrashDetectionOutOfOrder_84": {
	"bitscount": 1, 
	"lists": {
		"0": "crash detection system OK", 
		"1": "crash non detection risk"
	}
	}, 
	"AT_FanRequest_84": {
	"bitscount": 1, 
	"lists": {
		"0": "no engine fan request", 
		"1": "engine fan request"
	}
	}, 
	"AT_PositionDisplay_84": {
	"bitscount": 4, 
	"lists": {
		"0": "parking (normal mode)", 
		"1": "reverse (normal mode)", 
		"2": "neutral  (normal mode)", 
		"3": "drive  (normal mode)", 
		"4": "4th gear (manual mode)", 
		"5": "3rd gear (manual mode)", 
		"6": "2nd gear (manual mode)", 
		"7": "1st gear (manual mode)", 
		"8": "intemediate P/R or N/R", 
		"9": "intermediate N/D", 
		"10": "intermediate", 
		"11": "Unused", 
		"12": "6th gear (manual mode)", 
		"13": "7th gear (manual mode)", 
		"14": "5th gear (manual mode)", 
		"15": "lever switches failure"
	}
	}, 
	"InstantMecanicalPowerByAlt": {
	"scaled": true, 
	"step": 40.0
	}, 
	"TorqueConverterState_84": {
	"bitscount": 2, 
	"lists": {
		"0": "unlocked converter", 
		"1": "sliding converter", 
		"2": "locked up converter", 
		"3": "invalid"
	}
	}, 
	"ResetInfo_ECM_84": {
	"bitscount": 1, 
	"lists": {
		"0": "no exit from reset", 
		"1": "exit from reset"
	}
	}, 
	"ECM_MechanicalLoadRequest": {
	"bitscount": 1, 
	"lists": {
		"0": "No mechanical load requested by ", 
		"1": "Mechanical load requested by ECM"
	}
	}, 
	"ElectricalPowerDrived": {
	"scaled": true, 
	"step": 100.0, 
	"bitscount": 5
	}, 
	"LowBatVoltDisplay": {
	"bitscount": 1, 
	"lists": {
		"0": "Battery Voltage over threshold -", 
		"1": "Battery voltage low (under thres"
	}
	}, 
	"Limit_SlowTorqReq_84": {
	"scaled": true, 
	"step": 0.5, 
	"offset": -25.0
	}, 
	"ClutchSwitch_84": {
	"bitscount": 2, 
	"lists": {
		"0": "pedal not pressed (clutched)", 
		"1": "pedal pressed", 
		"2": "not used", 
		"3": "invalid"
	}
	}, 
	"MSRDisabled_84": {
	"bitscount": 1, 
	"lists": {
		"0": "MSR available", 
		"1": "MSR disabled"
	}
	}, 
	"MuteRadioOrder": {
	"bitscount": 1, 
	"lists": {
		"0": "No mute radio order", 
		"1": "Mute radio order"
	}
	}, 
	"ESPClock_84": {
	"scaled": true
	}, 
	"CruiseControlStatus_84": {
	"bitscount": 2, 
	"lists": {
		"0": "CC and SL inactive (OFF, in stan", 
		"1": "pedal recovery", 
		"2": "CC or SL active", 
		"3": "not used"
	}
	}, 
	"AllowedPowerGradient": {
	"scaled": true, 
	"step": 40.0, 
	"bitscount": 4
	}, 
	"TransmRangeEngaged_84_copy_": {
	"bitscount": 4, 
	"lists": {
		"0": "declutched at rest", 
		"1": "1st range", 
		"2": "2nd range", 
		"3": "3rd range", 
		"4": "4th range", 
		"5": "5th range", 
		"6": "6th range", 
		"9": "reverse", 
		"10": "neutral or parking", 
		"15": "AT limphome"
	}
	}, 
	"RearDefrostRequest_ECM": {
	"bitscount": 1, 
	"lists": {
		"0": "no rear defrost request", 
		"1": "rear defrost request"
	}
	}, 
	"AT_Faults_States_84": {
	"scaled": true, 
	"bitscount": 4
	}, 
	"ALSMalfunction": {
	"bitscount": 1, 
	"lists": {
		"0": "no ALS malfunction", 
		"1": "ALS malfunction"
	}
	}, 
	"PassengerAIRBAG_OFFLampState_84": {
	"bitscount": 1, 
	"lists": {
		"0": "PassengerAIRBAG_OFF lamp OFF", 
		"1": "PassengerAIRBAG_OFF lamp ON"
	}
	}, 
	"TorqueControlType_84": {
	"bitscount": 3, 
	"lists": {
		"0": "no torque request", 
		"1": "Reserved", 
		"2": "Reserved_2", 
		"3": "Reserved_3", 
		"4": "Reserved_4", 
		"5": "ASR torque request (decrease tor", 
		"6": "MSR torque request (increase tor", 
		"7": "Reserved_7"
	}
	}, 
	"VehicleSpeed_84": {
	"scaled": true, 
	"bytescount": 2, 
	"step": 0.01, 
	"bitscount": 16
	}, 
	"ASRinRegulation_84": {
	"bitscount": 1, 
	"lists": {
		"0": "no ASR regulation", 
		"1": "ASR in regulation"
	}
	}, 
	"ClimateCompressorDestrokeRequest": {
	"bitscount": 1, 
	"lists": {
		"0": "no compressor destroke request", 
		"1": "compressor destroke request"
	}
	}, 
	"DTOOL_to_CLIM": {
	"bytescount": 8, 
	"byte": true, 
	"bitscount": 64
	}, 
	"DownTransitionOfEngineCoolantTem": {
	"bitscount": 1, 
	"lists": {
		"0": "No down transition in progress", 
		"1": "Down transition in progress"
	}
	}, 
	"SoftwareLockValue": {
	"bytescount": 4, 
	"byte": true, 
	"bitscount": 32
	}, 
	"AlternatorNumber": {
	"bitscount": 4, 
	"lists": {
		"0": "invalid", 
		"1": "alternator 1", 
		"2": "alternator 2 (TG10)", 
		"3": "alternator 3 (SG12)", 
		"4": "alternator 4 (LIE150)", 
		"5": "alternator 5 (SG15L)", 
		"6": "not used", 
		"7": "not used_7", 
		"8": "not used_8", 
		"9": "not used_9", 
		"10": "not used_10", 
		"11": "not used_11", 
		"12": "not used_12", 
		"13": "not used_13", 
		"14": "not used_14", 
		"15": "special type"
	}
	}, 
	"DriverSafetyBeltSwitch": {
	"bitscount": 2, 
	"lists": {
		"0": "Driver Safety Belt fastened", 
		"1": "Driver Safety Belt Unfastened", 
		"2": "reserved", 
		"3": "unavailable"
	}
	}, 
	"PositionLightsRequest_UCH_": {
	"bitscount": 1, 
	"lists": {
		"0": "position lights not requested", 
		"1": "position lights requested"
	}
	}, 
	"MeanEffectiveTorque_84": {
	"scaled": true, 
	"step": 0.5, 
	"offset": -25.0
	}, 
	"VSUPresence": {
	"bitscount": 1, 
	"lists": {
		"0": "ABS or ESP unit", 
		"1": "VSU unit"
	}
	}, 
	"HeaterUnitSetPoint": {
	"scaled": true, 
	"offset": -40.0
	}, 
	"CLUSTER_to_DTOOL": {
	"bytescount": 8, 
	"byte": true, 
	"bitscount": 64
	}, 
	"VehiculeRunning": {
	"bitscount": 1, 
	"lists": {
		"0": "vehicle stopped", 
		"1": "vehicle running"
	}
	}, 
	"AT_Warning": {
	"bitscount": 3, 
	"lists": {
		"0": "no AT_warning", 
		"1": "RGB_OpenDoorWarning", 
		"2": "Reserved", 
		"3": "AGB_OpenDoorWarning"
	}
	}, 
	"Odometer_84": {
	"scaled": true, 
	"bytescount": 2, 
	"step": 0.1, 
	"bitscount": 16
	}, 
	"TransmRangeEngaged_84": {
	"bitscount": 4, 
	"lists": {
		"0": "declutched at rest", 
		"1": "1st range", 
		"2": "2nd range", 
		"3": "3rd range", 
		"4": "4th range", 
		"5": "5th range", 
		"6": "6th range", 
		"9": "reverse", 
		"10": "neutral", 
		"15": "AT in limphome"
	}
	}, 
	"FrontWipingRequest": {
	"bitscount": 3, 
	"lists": {
		"0": "front wiper in stop position", 
		"1": "front wiper forced to stop", 
		"2": "one low speed wiping requested", 
		"3": "one high speed wiping requested", 
		"4": "invalid", 
		"5": "r\u00e9serv\u00e9", 
		"6": "low speed wiping requested", 
		"7": "high speed wiping requested"
	}
	}, 
	"ResetInfo_AIRBAG_84": {
	"bitscount": 1, 
	"lists": {
		"0": "no exit from reset", 
		"1": "exit from reset"
	}
	}, 
	"DayDimmedLight_MaxPercent_84": {
	"scaled": true, 
	"step": 0.4
	}, 
	"DieselFilterWaterDetection": {
	"bitscount": 1, 
	"lists": {
		"0": "no water detected in diesel", 
		"1": "water detected in diesel"
	}
	}, 
	"EngineControlFailureLevel2_84": {
	"bitscount": 1, 
	"lists": {
		"0": "no engine level 2 failure", 
		"1": "engine level 2 failure"
	}
	}, 
	"HeaterUnitSetpointFreeze": {
	"bitscount": 1, 
	"lists": {
		"0": "heater unit set point not frozen", 
		"1": "heater unit set point frozen"
	}
	}, 
	"CLIM_to_DTOOL": {
	"bytescount": 8, 
	"byte": true, 
	"bitscount": 64
	}, 
	"MinimumInstantTorque": {
	"scaled": true, 
	"step": 0.5, 
	"offset": -25.0
	}, 
	"Shifting_Authorization_84": {
	"bitscount": 2, 
	"lists": {
		"0": "gear shift forbidden", 
		"1": "shift down authorized", 
		"2": "shift up authorized", 
		"3": "shift up or down authorized"
	}
	}, 
	"PassAIRBAG_OFF_84": {
	"bitscount": 1, 
	"lists": {
		"0": "Passenger AIRBAG lamp off", 
		"1": "Passenger AIRBAG lamp on"
	}
	}, 
	"ABSStateLamp": {
	"bitscount": 2, 
	"lists": {
		"0": "ABS operational or vehicle not e", 
		"1": "ABS failure", 
		"2": "ABS operational , not prgrammed", 
		"3": "ABS in calibration (diagnostic m"
	}
	}, 
	"ETCShutdownRequest": {
	"bitscount": 1, 
	"lists": {
		"0": "no ETC shutdown request", 
		"1": "ETC shutdown request"
	}
	}, 
	"AT_Snow_Selected_Mode": {
	"bitscount": 1, 
	"lists": {
		"0": "No snow mode request", 
		"1": "Snow mode request"
	}
	}, 
	"HeaterUnitSetpointFreeze_ECM": {
	"bitscount": 1, 
	"lists": {
		"0": "heater unit set point not freeze", 
		"1": "heater unit set point freezed"
	}
	}, 
	"FuelLow_84": {
	"bitscount": 1, 
	"lists": {
		"0": "fuel level OK", 
		"1": "fuel level low"
	}
	}, 
	"FrontFogLightsRequest": {
	"bitscount": 1, 
	"lists": {
		"0": "front fog lights not requested", 
		"1": "front fog lights requested"
	}
	}, 
	"VehicleSpeed_84_copy": {
	"scaled": true, 
	"bytescount": 2, 
	"step": 0.01, 
	"bitscount": 16
	}, 
	"DieselPreHeating_84": {
	"bitscount": 1, 
	"lists": {
		"0": "preglow lamp off", 
		"1": "preglow lamp on"
	}
	}, 
	"Reserved_1bit": {
	"bitscount": 1, 
	"lists": {
		"0": "fixed value produced"
	}
	}, 
	"EngineStatus_84": {
	"bitscount": 2, 
	"lists": {
		"0": "engine stopped", 
		"1": "engine stalled", 
		"2": "engine running", 
		"3": "engine cranking"
	}
	}, 
	"DistanceTotalizer_84": {
	"scaled": true, 
	"bytescount": 3, 
	"bitscount": 24
	}, 
	"RequestedTorqueAfterProc_84": {
	"scaled": true, 
	"step": 0.5, 
	"offset": -25.0
	}, 
	"AT_Impulsive_Selected_Mode": {
	"bitscount": 1, 
	"lists": {
		"0": "No Impulsive Mode request", 
		"1": "Impulsive Mode request"
	}
	}, 
	"SmartKeylessInformationDisplay": {
	"bitscount": 5, 
	"lists": {
		"0": "nothing to display", 
		"1": "welcome", 
		"2": "insert card", 
		"3": "card not detected", 
		"4": "scenario 2 - malfunction", 
		"5": "scenario 2 - malfunction - consu", 
		"6": "card not detected + buzzer", 
		"7": "push twice stop", 
		"8": "card reader stand failure - cons", 
		"9": "push brake pedal + start button", 
		"10": "Remove Key card + buzzer ", 
		"11": "restricted card mode", 
		"12": "reserved", 
		"13": "reserved_13", 
		"14": "push brake pedal + button or dec", 
		"15": "gear lever on Park or Neutral", 
		"16": "gear lever on neutral or declutc", 
		"17": "Remove Key card", 
		"18": "boot open cranking -> insert car", 
		"19": "confirm engine stop", 
		"20": "cranking in progress", 
		"21": "pedal not kept", 
		"22": "card reader failure", 
		"28": "Cluster Full black out"
	}
	}, 
	"FlashingIndicatorStatus": {
	"bitscount": 3, 
	"lists": {
		"0": "left and right flashing indicato", 
		"1": "left flashing indicator ON and r", 
		"2": "left flashing indicator OFF and ", 
		"3": "left flashing indicator ON and r_3", 
		"7": "invalid value"
	}
	}, 
	"SLockRequestControl_84": {
	"scaled": true, 
	"bitscount": 4
	}, 
	"Dongle_command_BCM": {
	"scaled": true, 
	"bitscount": 2
	}, 
	"SteeringWheelRotationSpeed": {
	"scaled": true, 
	"bytescount": 2, 
	"step": 0.1, 
	"bitscount": 16, 
	"offset": -3276.7
	}, 
	"EngineCoolantTemp_84": {
	"scaled": true, 
	"offset": -40.0
	}, 
	"MessageCounterRear": {
	"scaled": true
	}, 
	"EngineFanSpeedRequest": {
	"bitscount": 2, 
	"lists": {
		"0": "no engine fan  requested", 
		"1": "low speed engine fan request", 
		"2": "mid speed engine fan request", 
		"3": "high speed engine fan  request"
	}
	}, 
	"ResetInfo_Swa": {
	"bitscount": 1, 
	"lists": {
		"0": "no exit from reset", 
		"1": "exit from reset"
	}
	}, 
	"ALS_activated": {
	"bitscount": 1, 
	"lists": {
		"0": "ALS not active", 
		"1": "ALS active"
	}
	}, 
	"EngineImmobiliserFailure": {
	"bitscount": 1, 
	"lists": {
		"0": "immobiliser OK", 
		"1": "immobiliser failure"
	}
	}, 
	"ElectricalPowerCut_Freeze_84": {
	"bitscount": 2, 
	"lists": {
		"0": "no request", 
		"1": "electrical consumption freezing ", 
		"2": "electrical consumers inhibition ", 
		"3": "invalid"
	}
	}, 
	"SoftwareLockRequest_84": {
	"bytescount": 6, 
	"byte": true, 
	"bitscount": 48
	}, 
	"CloseActiveBrakeSwitch_UCH": {
	"bitscount": 2, 
	"lists": {
		"0": "brake not activated", 
		"1": "brake activated", 
		"2": "not used", 
		"3": "invalid"
	}
	}, 
	"ExternalTemp_84": {
	"scaled": true, 
	"offset": -40.0
	}, 
	"ESPStateLamp": {
	"bitscount": 3, 
	"lists": {
		"0": "ESP operational or vehicle not e", 
		"1": "ESP failure", 
		"2": "ESP deactivated", 
		"3": "ESP failure (not programmed)", 
		"4": "ESP regulating without malfuncti", 
		"5": "ESP regulating with malfunction", 
		"7": "ESP in calibration (diagnostic m"
	}
	}, 
	"FuelLevel_APV_84": {
	"scaled": true, 
	"bitscount": 7
	}, 
	"HeadLampsWasherRequest": {
	"bitscount": 1, 
	"lists": {
		"0": "headlamps washer not requested", 
		"1": "headlamps washer requested"
	}
	}, 
	"MaximumMechanicalPowerAllowed_84": {
	"scaled": true, 
	"step": 100.0, 
	"bitscount": 5
	}, 
	"DiagMuxOn_BCM": {
	"bitscount": 1, 
	"lists": {
		"0": "counting and storage of CAN mute", 
		"1": "counting and storage of CAN mute_1"
	}
	}, 
	"RearGearEngaged_84_UPC": {
	"bitscount": 2, 
	"lists": {
		"0": "rear gear not engaged", 
		"1": "rear gear engaged", 
		"2": "not used", 
		"3": "invalid"
	}
	}, 
	"SNOW_SW": {
	"bitscount": 1, 
	"lists": {
		"0": "snow mode switch off", 
		"1": "snow mode switch on"
	}
	}, 
	"EBVStateLamp": {
	"bitscount": 2, 
	"lists": {
		"0": "EBV operational or vehicle not e", 
		"1": "EBV failure", 
		"2": "not used", 
		"3": "EBV in calibration (diagnostic m"
	}
	}, 
	"BrakePedalRequest": {
	"bitscount": 1, 
	"lists": {
		"0": "No press brake pedal request", 
		"1": "Push brake pedal requested (Shif"
	}
	}, 
	"PassengerSafetyBeltSwitch": {
	"bitscount": 2, 
	"lists": {
		"0": " Passenger Safety Belt fastened ", 
		"1": "Passenger Safety Belt not fasten", 
		"2": "reserved", 
		"3": "unavailable"
	}
	}, 
	"DTOOL_to_TACHO": {
	"bytescount": 8, 
	"byte": true, 
	"bitscount": 64
	}, 
	"ParticulateFilterState": {
	"bitscount": 1, 
	"lists": {
		"0": "No warning message", 
		"1": "Warning clog up filter"
	}
	}, 
	"EmergencyEngineStop": {
	"scaled": true
	}, 
	"EvaporatorTemperature": {
	"scaled": true, 
	"step": 0.5, 
	"offset": -40.0
	}, 
	"NeutralContact": {
	"bitscount": 2, 
	"lists": {
		"0": "neutral contact not reached", 
		"1": "neutral contact reached", 
		"2": "vehicle not equipped", 
		"3": "invalid"
	}
	}, 
	"BlowerState": {
	"bitscount": 1, 
	"lists": {
		"0": "Blower fan OFF", 
		"1": "Blower fan ON"
	}
	}, 
	"ElectricalPowerDrived_ECM": {
	"scaled": true, 
	"step": 100.0, 
	"bitscount": 5
	}, 
	"VehicleType": {
	"bitscount": 4, 
	"lists": {
		"0": "X74", 
		"1": "X73", 
		"2": "X81", 
		"3": "X65 ph2", 
		"4": "D66", 
		"5": "X76", 
		"6": "X83", 
		"7": "X70", 
		"8": "F200", 
		"9": "X74ph2", 
		"10": "X61", 
		"11": "X85", 
		"12": "J77", 
		"13": "B84", 
		"14": "J84", 
		"15": "non document\u00e9 (erreur programmat"
	}
	}, 
	"ABSMalfunction_84": {
	"bitscount": 1, 
	"lists": {
		"0": "ABS OK", 
		"1": "ABS malfunction"
	}
	}, 
	"LPGLow_84": {
	"bitscount": 1, 
	"lists": {
		"0": "LPG level OK", 
		"1": "LPG level low"
	}
	}, 
	"RearDefrostRequest": {
	"bitscount": 2, 
	"lists": {
		"0": "rear defrost not requested", 
		"1": "Reserved", 
		"2": "rear defrost requested by the EC", 
		"3": "rear defrost requested for user"
	}
	}, 
	"LowBeamRequest_UCH_": {
	"bitscount": 1, 
	"lists": {
		"0": "low beam not requested", 
		"1": "low beam requested"
	}
	}, 
	"IdleSpeedControlRequest_84": {
	"scaled": true, 
	"step": 8.0
	}, 
	"DayNightInformation": {
	"bitscount": 1, 
	"lists": {
		"0": "Day time", 
		"1": "Night time"
	}
	}, 
	"AT_TorqueControlType": {
	"bitscount": 3, 
	"lists": {
		"0": "torque limitation without transm", 
		"1": "Reserved", 
		"2": "Reserved_2", 
		"3": "Reserved_3", 
		"4": "Reserved_4", 
		"5": "Upper torque value limitation", 
		"6": "Lower torque value limitation", 
		"7": "Full torque control"
	}
	}, 
	"MilLampState_84": {
	"bitscount": 2, 
	"lists": {
		"0": "MIL lamp OFF", 
		"1": "MIL lamp on", 
		"2": "MIL lamp blinking", 
		"3": "MIL Lamp autotest"
	}
	}, 
	"BuzzerRequest": {
	"bitscount": 5, 
	"lists": {
		"0": "no buzzer request", 
		"1": "position lights omission", 
		"2": "automatic lock up activated", 
		"3": "automatic lock up deactivated", 
		"4": "childproof lock malfunction", 
		"5": "not used", 
		"6": "not used_6", 
		"7": "not used_7", 
		"16": "anti-key lock in warning", 
		"17": "back door open warning", 
		"18": "mode switch on", 
		"19": "key reminder warning", 
		"20": "reverse warning", 
		"21": "seat belt warning", 
		"22": "Day Time Running Light activated", 
		"23": "Day Time Running Light deactivat", 
		"24": "flat tire warning", 
		"25": "TPMS ID registration warning", 
		"26": "retractable hardtop movement com", 
		"27": "retractable hardtop fault warnin"
	}
	}, 
	"EngineRPM_84": {
	"scaled": true, 
	"bytescount": 2, 
	"step": 0.125, 
	"bitscount": 16
	}, 
	"PassengerDetectionOnSeat": {
	"bitscount": 2, 
	"lists": {
		"0": "Passenger detected on seat", 
		"1": "Passenger not detected on seat", 
		"2": "reserved", 
		"3": "unavailable"
	}
	}, 
	"BatteryLamp": {
	"bitscount": 1, 
	"lists": {
		"0": "battery lamp off", 
		"1": "battery lamp on"
	}
	}, 
	"WarningWaterTemp_84": {
	"bitscount": 1, 
	"lists": {
		"0": "no water temperature warning", 
		"1": "water temperature warning"
	}
	}, 
	"ShortVehicleID": {
	"bytescount": 2, 
	"bitscount": 16, 
	"lists": {
		"15": "Digit not programmed should be c"
	}
	}, 
	"MSRTorqueRequest_84": {
	"scaled": true, 
	"step": 0.5, 
	"offset": -25.0
	}, 
	"AutomaticWipingMalfunction": {
	"bitscount": 1, 
	"lists": {
		"0": "automatic wiping OK", 
		"1": "automatic wiping malfunction"
	}
	}, 
	"ShiftMapChangeRequest": {
	"bitscount": 2, 
	"lists": {
		"0": "No Request", 
		"1": "Request to use TCS map in warm", 
		"2": "Request to use TCS map in cold", 
		"3": "not use"
	}
	}, 
	"DTOOL_to_ALLUCEOBD": {
	"bytescount": 8, 
	"byte": true, 
	"bitscount": 64
	}, 
	"CrankingAuthorisation_AT_84": {
	"bitscount": 2, 
	"lists": {
		"0": "cranking not allowed", 
		"1": "cranking allowed", 
		"2": "reserved", 
		"3": "unavailable"
	}
	}, 
	"HDCStateLamp": {
	"bitscount": 2, 
	"lists": {
		"0": "Not lighting", 
		"1": "Flashing", 
		"2": "Lighting", 
		"3": "Not used"
	}
	}, 
	"DisplayedOilLevel_84": {
	"bitscount": 4, 
	"lists": {
		"0": "warning", 
		"1": "1 bargraph element displayed", 
		"2": "2 bargraph element displayed", 
		"3": "3 bargraph element displayed", 
		"4": "4 bargraph element displayed", 
		"5": "5 bargraph element displayed", 
		"6": "6 bargraph element displayed", 
		"7": "7 bargraph element displayed", 
		"8": "8 bargraph element displayed", 
		"15": "not available"
	}
	}, 
	"ChildLockMalfunction": {
	"bitscount": 1, 
	"lists": {
		"0": "No Childproof lock malfunction w", 
		"1": "Childproof lock malfunction mess"
	}
	}, 
	"ABS_ESPLampsAutoCheck": {
	"bitscount": 1, 
	"lists": {
		"0": "no auto-check in progress", 
		"1": "auto-check in progress"
	}
	}, 
	"AbsoluteTimeSince1rstIgnition": {
	"scaled": true, 
	"bytescount": 3, 
	"bitscount": 24
	}, 
	"ASR_MSRAcknowledgement_84": {
	"bitscount": 1, 
	"lists": {
		"0": "data received in frame Brake_Sta", 
		"1": "data received in frame Brake_Sta_1"
	}
	}, 
	"HardTopPositionCopy": {
	"bitscount": 2, 
	"lists": {
		"0": "hard top closed", 
		"1": "hard top open", 
		"2": "vehicle not equipped", 
		"3": "invalid"
	}
	}, 
	"SSPPInhibition_84": {
	"bitscount": 1, 
	"lists": {
		"0": "vehicle equipped with the tyre p", 
		"1": "vehicle not equipped with the ty"
	}
	}, 
	"CabinFanState": {
	"bitscount": 2, 
	"lists": {
		"0": "cabin fan OFF", 
		"1": "cabin fan ON"
	}
	}, 
	"AT_to_DTOOL": {
	"bytescount": 8, 
	"byte": true, 
	"bitscount": 64
	}, 
	"WheelSpeed_R_L_84": {
	"scaled": true, 
	"bytescount": 2, 
	"step": 0.0417, 
	"bitscount": 16
	}, 
	"CrankingAuthorization_ECM": {
	"bitscount": 2, 
	"lists": {
		"0": "cranking not allowed", 
		"1": "cranking allowed", 
		"2": "cranking stopped required", 
		"3": "cranking not allowed: ECM failur"
	}
	}, 
	"AIRBAGMalfuncLampOperational_84": {
	"bitscount": 1, 
	"lists": {
		"0": "lamp malfunction", 
		"1": "lamp OK"
	}
	}, 
	"RearDefrostAutoSelect": {
	"bitscount": 1, 
	"lists": {
		"0": "no rear defrost automatic select", 
		"1": "rear defrost automatic selection"
	}
	}, 
	"EngineFanSpeedStatus": {
	"bitscount": 2, 
	"lists": {
		"0": "Engine fan stopped", 
		"1": "Low speed engine fan active", 
		"2": "Mid speed engine fan active", 
		"3": "High speed engine fan active"
	}
	}, 
	"DistanceTotalizer_APV_84": {
	"scaled": true, 
	"bytescount": 3, 
	"bitscount": 24
	}, 
	"ResetInfo_ABS_84": {
	"bitscount": 1, 
	"lists": {
		"0": "no exit from reset", 
		"1": "exit from reset"
	}
	}, 
	"EngineCoolantRegulationTemperatu": {
	"bitscount": 3, 
	"lists": {
		"0": "90 \u00b0C", 
		"1": "95 \u00b0C", 
		"2": "100 \u00b0C", 
		"3": "105 \u00b0C", 
		"4": "110 \u00b0C", 
		"5": "80 \u00b0C", 
		"6": "85 \u00b0C", 
		"7": "unavailable"
	}
	}, 
	"ResetInfo_UCH_84": {
	"bitscount": 1, 
	"lists": {
		"0": "no exit from reset", 
		"1": "exit from reset"
	}
	}, 
	"BCM_to_DTOOL": {
	"bytescount": 8, 
	"byte": true, 
	"bitscount": 64
	}, 
	"APCLineStatus_copy_": {
	"bitscount": 1, 
	"lists": {
		"0": "Primary ignition supply off", 
		"1": "Primary ignition supply on"
	}
	}, 
	"ErgonomicPedal": {
	"scaled": true
	}, 
	"Underdrive_84": {
	"bitscount": 1, 
	"lists": {
		"0": "underdrive off", 
		"1": "underdrive on"
	}
	}, 
	"FuelConsumption_84": {
	"scaled": true, 
	"step": 80.0
	}, 
	"MessageCounter": {
	"scaled": true, 
	"bitscount": 2
	}, 
	"ClutchSwitchMaximumTravel_84": {
	"bitscount": 2, 
	"lists": {
		"0": "clutch not pressed (travel limit", 
		"1": "clutch pressed (travel limit rea", 
		"2": "vehicle not equipped", 
		"3": "invalid"
	}
	}, 
	"KeylessPushState": {
	"bitscount": 1, 
	"lists": {
		"0": "Keyless Push not pressed", 
		"1": "Keyless Push pressed"
	}
	}, 
	"EngineCoolantTemp_84_copy_": {
	"scaled": true, 
	"offset": -40.0
	}, 
	"YawRate_84": {
	"scaled": true, 
	"bytescount": 2, 
	"step": 0.2, 
	"bitscount": 16, 
	"offset": -6553.4
	}, 
	"RearGearEngaged_84": {
	"bitscount": 2, 
	"lists": {
		"0": "rear gear not engaged", 
		"1": "rear gear engaged", 
		"2": "invalid", 
		"3": "not used"
	}
	}, 
	"ASRStaticTorqueRequest_84": {
	"scaled": true, 
	"step": 0.5, 
	"offset": -25.0
	}, 
	"ChecksumRear": {
	"scaled": true
	}, 
	"ECM_to_DTOOL": {
	"bytescount": 8, 
	"byte": true, 
	"bitscount": 64
	}, 
	"FillingStatus_84": {
	"bitscount": 2, 
	"lists": {
		"0": "waiting (ready to receive UCH_fi", 
		"1": "acknowledgement (command receive", 
		"2": "complete (electrovalves driving ", 
		"3": "risk of no filling consecutive t"
	}
	}, 
	"Transversalacceleration_84": {
	"scaled": true, 
	"bytescount": 2, 
	"step": 0.004, 
	"bitscount": 16, 
	"offset": -131.068
	}, 
	"Dongle_ID_BCM_1": {
	"scaled": true, 
	"bitscount": 6
	}, 
	"Dongle_ID_BCM_2": {
	"scaled": true, 
	"bitscount": 4
	}, 
	"MSRinRegulation_84": {
	"bitscount": 1, 
	"lists": {
		"0": "no MSR regulation", 
		"1": "MSR regulation"
	}
	}, 
	"SportivityCriteria": {
	"scaled": true, 
	"step": 0.392157
	}, 
	"TA_Position": {
	"bitscount": 4, 
	"lists": {
		"0": "parking", 
		"1": "reverse", 
		"2": "neutral", 
		"3": "drive", 
		"4": "4th gear", 
		"5": "3rd gear", 
		"6": "2nd gear", 
		"7": "1st gear", 
		"8": "intermediate P/R or N/R", 
		"9": "intermediate N/D", 
		"10": "intermediate", 
		"11": "manual mode", 
		"12": "6th gear", 
		"13": "7th gear", 
		"14": "5th gear", 
		"15": "not available (init or lever swi"
	}
	}, 
	"MaximumInstantTorque": {
	"scaled": true, 
	"step": 0.5, 
	"offset": -25.0
	}, 
	"AlternatorLoad_84": {
	"scaled": true, 
	"step": 0.390625
	}, 
	"AirbagCrashOrder": {
	"scaled": true, 
	"bytescount": 2, 
	"bitscount": 16
	}, 
	"DiagMuxOn_84_copy": {
	"bitscount": 1, 
	"lists": {
		"0": "counting and storage of CAN mute", 
		"1": "counting and storage of CAN mute_1"
	}
	}, 
	"Cluster_WakeUpSleepReq": {
	"bitscount": 2, 
	"lists": {
		"0": "reserved", 
		"1": "reserved_1", 
		"2": "reserved_2", 
		"3": "WakeUp"
	}
	}, 
	"ESPMalfunction_84": {
	"bitscount": 1, 
	"lists": {
		"0": "no ESP malfunction", 
		"1": "ESP malfunction"
	}
	}, 
	"EngOverSpeedCutOffThreshold_84": {
	"bitscount": 1, 
	"lists": {
		"0": "low threshold", 
		"1": "high threshold"
	}
	}, 
	"DayTimeRunningLightRequest": {
	"bitscount": 1, 
	"lists": {
		"0": "Day time running light not reque", 
		"1": "Day time running light request"
	}
	}, 
	"RearDefrostPush": {
	"scaled": true, 
	"bitscount": 1
	}, 
	"AT_Clock": {
	"scaled": true, 
	"bitscount": 4
	}, 
	"TorqueRequestStatus_84": {
	"bitscount": 2, 
	"lists": {
		"0": "normal", 
		"1": "exact torque request can not be ", 
		"2": "transient state preventing torqu", 
		"3": "torque request can not be achiev"
	}
	}, 
	"OilDrainAlertDisplay": {
	"bitscount": 2, 
	"lists": {
		"0": "No alert display requested", 
		"1": "Oil drain to be anticipated", 
		"2": "Oil drain requested", 
		"3": "Not used"
	}
	}, 
	"PowerTrainGain_84": {
	"scaled": true, 
	"step": 0.25
	}, 
	"ResetInfo_AT_84": {
	"bitscount": 1, 
	"lists": {
		"0": "no  exit from reset", 
		"1": "exit from reset"
	}
	}, 
	"LongitudinalAccelerationProc": {
	"scaled": true, 
	"step": 0.05, 
	"offset": -10.0
	}, 
	"Badge_battery_low": {
	"bitscount": 1, 
	"lists": {
		"0": "badge battery OK", 
		"1": "badge battery low"
	}
	}, 
	"IdleSpeedIncreaseRequest_84": {
	"bitscount": 1, 
	"lists": {
		"0": "no idle speed increase request", 
		"1": "idle speed increase request"
	}
	}, 
	"IdleSpeedIncrease_UCH_": {
	"bitscount": 1, 
	"lists": {
		"0": "no idle speed increase request", 
		"1": "idle speed increase request"
	}
	}, 
	"EngineRPM_84_copy_": {
	"scaled": true, 
	"bytescount": 2, 
	"step": 0.125, 
	"bitscount": 16
	}, 
	"ManualRearDefrostStatus": {
	"bitscount": 1, 
	"lists": {
		"0": "rear defrost not requested manua", 
		"1": "rear defrost manually requested"
	}
	}, 
	"ParticulateFilterFailureDisplay": {
	"bitscount": 1, 
	"lists": {
		"0": "No Particulate filter failure wa", 
		"1": "Particulate filter failure warni"
	}
	}, 
	"SteeringLock_BCM_Failure": {
	"bitscount": 3, 
	"lists": {
		"0": "no steering lock  failure", 
		"1": "electronical failure BCM/STOP", 
		"2": "steering column locking failure", 
		"3": "reserved", 
		"4": "steering colum unlocking failure", 
		"6": "electronical failure BCM/SERV", 
		"7": "reserved_7"
	}
	}, 
	"HighBeamRequest_UCH_": {
	"bitscount": 1, 
	"lists": {
		"0": "high beam not requested", 
		"1": "high beam requested"
	}
	}, 
	"AT_ProgSelect_84": {
	"bitscount": 2, 
	"lists": {
		"0": "normal mode", 
		"1": "Eco mode", 
		"2": "impulsive mode", 
		"3": "snow mode"
	}
	}, 
	"PredictedMecanicalPowerByAlt": {
	"scaled": true, 
	"step": 40.0
	}, 
	"OilDrainingRange_84": {
	"scaled": true, 
	"step": 250.0
	}, 
	"MessageCounterFront": {
	"scaled": true
	}, 
	"ATTorqueAcknowledgement": {
	"bitscount": 1, 
	"lists": {
		"0": "data received in frame AT_Torque", 
		"1": "data received  in frame AT_Torqu"
	}
	}, 
	"BrakePadWear": {
	"bitscount": 2, 
	"lists": {
		"0": "no fault", 
		"1": "short circuit 12 V", 
		"2": "pad to be changed"
	}
	}, 
	"PassAIRBAG_OFFLampOperational_84": {
	"bitscount": 1, 
	"lists": {
		"0": "PassengerAIRBAG_OFF lamp malfunc", 
		"1": "PassengerAIRBAG_OFF lamp OK"
	}
	}, 
	"AT_Eco_Selected_Mode": {
	"bitscount": 1, 
	"lists": {
		"0": "No eco Mode Request", 
		"1": "Eco Mode Request"
	}
	}, 
	"ComputedOilDrainingRange": {
	"scaled": true, 
	"bytescount": 2, 
	"bitscount": 16
	}, 
	"SafetyBeltLampState": {
	"bitscount": 2, 
	"lists": {
		"0": "lamp OFF (safety belt fastened)", 
		"1": "lamp ON (safety belt not fastene", 
		"2": "lamp blinking (safety belt not f", 
		"3": "reserved"
	}
	}, 
	"FuelConsumptionType_84": {
	"bitscount": 1, 
	"lists": {
		"0": "petrol consumption", 
		"1": "LPG or GNV consumption"
	}
	}, 
	"Card_Key_Number_84": {
	"bitscount": 4, 
	"lists": {
		"8": "card / key n\u00b04 identified by BCM", 
		"1": "card / key n\u00b01 identified by BCM", 
		"2": "card / key n\u00b02 identified by BCM", 
		"4": "card / key n\u00b03 identified by BCM", 
		"15": "invalid"
	}
	}, 
	"ASRMalfunction": {
	"bitscount": 1, 
	"lists": {
		"0": "No ASR malfunction", 
		"1": "ASR malfunction"
	}
	}, 
	"RearFogLightStatus_84": {
	"bitscount": 1, 
	"lists": {
		"0": "rear fog light off", 
		"1": "rear fog light on"
	}
	}, 
	"HandBrakeSwitch_84": {
	"bitscount": 1, 
	"lists": {
		"0": "parking brake not applied", 
		"1": "parking brake applied"
	}
	}, 
	"RearDefrostPushInvalid": {
	"bitscount": 1, 
	"lists": {
		"0": "rear defrost push data valid", 
		"1": "Rear defrost push dat invalid"
	}
	}, 
	"VSUStateLamp": {
	"bitscount": 2, 
	"lists": {
		"0": "VSU operational ou vehicle not e", 
		"1": "VSU failure", 
		"2": "VSU operational, not programmed", 
		"3": "reserved"
	}
	}, 
	"MajorFailure_84": {
	"bitscount": 1, 
	"lists": {
		"0": "no major failure", 
		"1": "major failure (engine stop reque"
	}
	}, 
	"SwaMessageCounter": {
	"scaled": true, 
	"bitscount": 4
	}, 
	"DTOOL_to_ALL": {
	"bytescount": 8, 
	"byte": true, 
	"bitscount": 64
	}, 
	"NightDimmedLight_MaxPercent_84": {
	"scaled": true, 
	"step": 0.4
	}, 
	"AT_MinimumIdleSpeedRequest": {
	"scaled": true, 
	"step": 8.0
	}, 
	"CustomerEngIddleSpeedReq": {
	"bitscount": 1, 
	"lists": {
		"0": "no engine iddle speed request by", 
		"1": "engine iddle speed request by cu"
	}
	}, 
	"WheelSpeed_F_L": {
	"scaled": true, 
	"bytescount": 2, 
	"step": 0.0417, 
	"bitscount": 16
	}, 
	"AnticipatedRGBPumpState": {
	"bitscount": 2, 
	"lists": {
		"0": "Unavailable value", 
		"1": "BVR Pump Active", 
		"2": "BVR Pump Inactive", 
		"3": "Not Used"
	}
	}, 
	"WheelSpeed_F_R": {
	"scaled": true, 
	"bytescount": 2, 
	"step": 0.0417, 
	"bitscount": 16
	}, 
	"StartingMode_BCM": {
	"bitscount": 2, 
	"lists": {
		"0": "engine stopped request", 
		"1": "reserved", 
		"2": "ignition request", 
		"3": "starting request"
	}
	}, 
	"DeliveryModeInfo": {
	"bitscount": 1, 
	"lists": {
		"0": "customer mode", 
		"1": "delivery mode"
	}
	}, 
	"ResetInfo_TdB_84": {
	"bitscount": 1, 
	"lists": {
		"0": "no exit from reset", 
		"1": "exit from reset"
	}
	}, 
	"FastTorqueRequest_84": {
	"scaled": true, 
	"step": 0.5, 
	"offset": -25.0
	}, 
	"ECBStateLamp": {
	"bitscount": 2, 
	"lists": {
		"0": "Brake is not failed", 
		"1": "Finished calibration", 
		"2": "Under calibration", 
		"3": "Brake is failed or lamp check"
	}
	}, 
	"SteeringWheelAngle": {
	"scaled": true, 
	"bytescount": 2, 
	"step": 0.1, 
	"bitscount": 16, 
	"offset": -3276.7
	}, 
	"CrankingAuthorization_Verlog": {
	"bitscount": 1, 
	"lists": {
		"0": "cranking not allowed", 
		"1": "cranking allowed"
	}
	}, 
	"VehicleSpeed_CVT": {
	"scaled": true
	}, 
	"DiagMuxOn_84": {
	"bitscount": 1, 
	"lists": {
		"0": "counting and storage of CAN mute", 
		"1": "counting and storage of CAN mute_1"
	}
	}, 
	"FrictionTorque_84": {
	"scaled": true, 
	"step": 0.5, 
	"offset": -25.0
	}, 
	"CloseActiveBrakeSwitch_ABS_84": {
	"bitscount": 2, 
	"lists": {
		"0": "brake not active", 
		"1": "brake active", 
		"2": "not used", 
		"3": "invalid"
	}
	}, 
	"CrashDetected_84": {
	"bitscount": 1, 
	"lists": {
		"0": "no crash detected", 
		"1": "crash detected"
	}
	}, 
	"ClimateCoolingRequest_84": {
	"bitscount": 1, 
	"lists": {
		"0": "no air conditionning requested", 
		"1": "air conditionning requested"
	}
	}, 
	"SwaChecksum": {
	"scaled": true
	}, 
	"TripDisplayScrollingRequest": {
	"bitscount": 2, 
	"lists": {
		"0": "no driver request", 
		"1": "upward scrolling request ", 
		"2": "downward scrolling request ", 
		"3": "Upward and downward scrolling re"
	}
	}, 
	"DTOOL_to_BCM": {
	"bytescount": 8, 
	"byte": true, 
	"bitscount": 64
	}, 
	"PositionLightsStatus": {
	"bitscount": 1, 
	"lists": {
		"0": "position lights off", 
		"1": "position lights on"
	}
	}, 
	"OilDrainAlertResetRequest": {
	"bitscount": 1, 
	"lists": {
		"0": "No OilDrainAlert reset requested", 
		"1": "OilDrainAlert reset requested"
	}
	}, 
	"HeadLampsWasherSelection": {
	"bitscount": 1, 
	"lists": {
		"0": "left headlamp washer selected or", 
		"1": "right headlamp washer selected"
	}
	}, 
	"OpenActiveBrakeSwitch_ECM_84": {
	"bitscount": 2, 
	"lists": {
		"0": "brake not activated", 
		"1": "brake activated", 
		"2": "not used", 
		"3": "invalid"
	}
	}, 
	"AIRBAGMalfunction_84": {
	"bitscount": 1, 
	"lists": {
		"0": "no AIRBAG system malfunction", 
		"1": "AIRBAG system malfunction"
	}
	}, 
	"AYCinRegulation_84": {
	"bitscount": 1, 
	"lists": {
		"0": "no AYC regulation", 
		"1": "AYC in regulation"
	}
	}, 
	"ChecksumFront": {
	"scaled": true
	}, 
	"TACHO_to_DTOOL": {
	"bytescount": 8, 
	"byte": true, 
	"bitscount": 64
	}, 
	"CruiseControlStatusDisplay": {
	"bitscount": 3, 
	"lists": {
		"0": "Cruise Control (CC) and Speed Li", 
		"1": "SL active", 
		"2": "(SL on and inactive) or suspende", 
		"3": "SL requested and in failure", 
		"4": "CC active", 
		"5": "(CC ON and inactive) or suspende", 
		"6": "CC requested and in failure", 
		"7": "vehicle not equipped with CC and"
	}
	}, 
	"DTOOL_to_AT": {
	"bytescount": 8, 
	"byte": true, 
	"bitscount": 64
	}, 
	"SLockValueControl": {
	"scaled": true, 
	"bitscount": 5
	}, 
	"ELAMP": {
	"bitscount": 1, 
	"lists": {
		"0": "economy lamp off", 
		"1": "economy lamp on"
	}
	}, 
	"FullLoad": {
	"bitscount": 1, 
	"lists": {
		"0": "Full Load off", 
		"1": "Full Load on"
	}
	}, 
	"BCM_WakeUpSleepCommand": {
	"bitscount": 2, 
	"lists": {
		"0": "Go to Sleep", 
		"1": "reserved", 
		"2": "reserved_2", 
		"3": "WakeUp"
	}
	}, 
	"AlternatorMaximumPower": {
	"scaled": true, 
	"step": 40.0
	}, 
	"BRAKE_to_DTOOL": {
	"bytescount": 8, 
	"byte": true, 
	"bitscount": 64
	}, 
	"MILLamp_84": {
	"bitscount": 2, 
	"lists": {
		"0": "MIL lamp off", 
		"1": "MIL lamp on", 
		"2": "MIL flashing", 
		"3": "lamp autotest "
	}
	}, 
	"IgnitionState_UCH_": {
	"bitscount": 1, 
	"lists": {
		"0": "accessory supply off", 
		"1": "accessory supply on"
	}
	}, 
	"RequestedSpeed_84": {
	"scaled": true
	}, 
	"FuelLevel_84": {
	"scaled": true, 
	"bitscount": 7
	}, 
	"ATPowerLatch_84": {
	"bitscount": 1, 
	"lists": {
		"0": "powerlatch holding not requested", 
		"1": "powerlatch holding requested (AT"
	}
	}, 
	"AT_Torque": {
	"scaled": true, 
	"step": 0.5
	}, 
	"DoorLockingState": {
	"scaled": true, 
	"bitscount": 2
	}, 
	"ASRDynamicTorqueRequest_84": {
	"scaled": true, 
	"step": 0.5, 
	"offset": -25.0
	}, 
	"RequestedTransferedTorque": {
	"scaled": true, 
	"step": 3.0
	}, 
	"CompressorActivation": {
	"bitscount": 1, 
	"lists": {
		"0": "no compressor activation request", 
		"1": "compressor activation requested"
	}
	}, 
	"AIRBAG_to_DTOOL": {
	"bytescount": 8, 
	"byte": true, 
	"bitscount": 64
	}, 
	"EBVinRegulation_84": {
	"bitscount": 1, 
	"lists": {
		"0": "no EBV regulation", 
		"1": "EBV in regulation"
	}
	}, 
	"AIRBAGMalfunctionLampState_84": {
	"bitscount": 1, 
	"lists": {
		"0": "lamp OFF (AIRBAG system OK)", 
		"1": "lamp ON (AIRBAG system malfuncti"
	}
	}, 
	"RawPedal": {
	"scaled": true
	}, 
	"NominalFuelConsumption": {
	"scaled": true, 
	"step": 80.0
	}, 
	"ClimateCoolingSelect": {
	"bitscount": 1, 
	"lists": {
		"0": "climate cooling not requested", 
		"1": "climate cooling requested"
	}
	}, 
	"DiagFuelGauge_84": {
	"bitscount": 2, 
	"lists": {
		"0": "fuel gauge link OK", 
		"1": "open circuit", 
		"2": "short circuit", 
		"3": "reserved"
	}
	}, 
	"DTOOL_to_Brake": {
	"bytescount": 8, 
	"byte": true, 
	"bitscount": 64
	}, 
	"WheelSpeed_R_R_84": {
	"scaled": true, 
	"bytescount": 2, 
	"step": 0.0417, 
	"bitscount": 16
	}, 
	"ValidAIRBAGInformation_84": {
	"bitscount": 1, 
	"lists": {
		"0": "invalid lamps requests", 
		"1": "valid lamps requests"
	}
	}, 
	"WipingMalfunction": {
	"bitscount": 1, 
	"lists": {
		"0": "no wiping malfunction", 
		"1": "wiping malfunction"
	}
	}, 
	"DTOOL_to_ECM": {
	"bytescount": 8, 
	"byte": true, 
	"bitscount": 64
	}, 
	"DTOOL_to_CLUSTER": {
	"bytescount": 8, 
	"byte": true, 
	"bitscount": 64
	}, 
	"TrailerPresence_84": {
	"bitscount": 1, 
	"lists": {
		"0": "no trailer detected", 
		"1": "trailer detected"
	}
	}, 
	"DoorSwitches": {
	"scaled": true, 
	"bitscount": 5
	}, 
	"Cluster_RefusetoSleep": {
	"bitscount": 2, 
	"lists": {
		"0": "reserved", 
		"1": "Cluster refuse to sleep ", 
		"2": "Cluster ready to sleep", 
		"3": "reserved_3"
	}
	}, 
	"ClutchOverheatingIncreasing_Warn": {
	"bitscount": 1, 
	"lists": {
		"0": "No warning", 
		"1": "Clutch overheating increasing wa"
	}
	}, 
	"ESPDeactivated_84": {
	"bitscount": 1, 
	"lists": {
		"0": "ESP available", 
		"1": "ESP disabled by the driver"
	}
	}, 
	"ABS_WarningRequest": {
	"bitscount": 2, 
	"lists": {
		"0": "reserved", 
		"1": "warning lamps off request", 
		"2": "warning lamps on request", 
		"3": "reserved_3"
	}
	}, 
	"Key_or_Keyless_Vehicule": {
	"bitscount": 1, 
	"lists": {
		"0": "Keyless vehicule", 
		"1": "vehicule with key"
	}
	}, 
	"EngineControlFailureLevel1_84": {
	"bitscount": 1, 
	"lists": {
		"0": "no engine level 1 failure", 
		"1": "engine level 1 failure"
	}
	}, 
	"ClusterDrivenLampsAutoCheck_84": {
	"bitscount": 1, 
	"lists": {
		"0": "no self-test in progress", 
		"1": "self-test in progress"
	}
	}, 
	"RequestedSpeedBlink_84": {
	"bitscount": 1, 
	"lists": {
		"0": "fix display", 
		"1": "flashing display"
	}
	}, 
	"PDCUTREQ": {
	"bitscount": 1, 
	"lists": {
		"0": "cut requested", 
		"1": "no cut requested"
	}
	}, 
	"EngineTorque_WithoutGBReq_84": {
	"scaled": true, 
	"step": 0.5, 
	"offset": -25.0
	}, 
	"FreeShift": {
	"bitscount": 2, 
	"lists": {
		"0": "No Display", 
		"1": "UpShift", 
		"2": "DownShift", 
		"3": "Not used"
	}
	}, 
	"ClimateCoolingStatusCopy": {
	"bitscount": 1, 
	"lists": {
		"0": "Climate cooling compressor off", 
		"1": "Climate cooling compressor on"
	}
	}, 
	"WheelsLockingState": {
	"bitscount": 1, 
	"lists": {
		"0": " No wheels locking or ABS/ESP pr", 
		"1": "Wheels locking detected"
	}
	}, 
	"AT_TorqueRequestInProgress": {
	"bitscount": 1, 
	"lists": {
		"0": "no shift in progress", 
		"1": "shift in progress"
	}
	}, 
	"ABSinRegulation_84": {
	"bitscount": 1, 
	"lists": {
		"0": "ABS not in regulation", 
		"1": "ABS in regulation"
	}
	}, 
	"StarterStatus_copy": {
	"bitscount": 2, 
	"lists": {
		"0": "cranking relay swtiched off", 
		"1": "short relaxation active", 
		"2": "long relaxation active", 
		"3": "cranking relay switched on"
	}
	}, 
	"DragReduction_84": {
	"bitscount": 2, 
	"lists": {
		"0": "P/N (AT) or unclutched (RGB)", 
		"1": "declutched at rest (drag reducti", 
		"2": "fully clutched or full drag (RGB", 
		"3": "invalid"
	}
	}, 
	"KickDownActivated": {
	"bitscount": 1, 
	"lists": {
		"0": "kick down off", 
		"1": "kick down activated"
	}
	}, 
	"GearShiftRefused_84": {
	"bitscount": 1, 
	"lists": {
		"0": "gear shift accepted", 
		"1": "gear shift refused"
	}
	}, 
	"DisplayedSpeed": {
	"scaled": true, 
	"bytescount": 2, 
	"step": 0.01, 
	"bitscount": 16
	}, 
	"EngineStatus_84__copy_": {
	"bitscount": 2, 
	"lists": {
		"0": "engine stopped", 
		"1": "engine stalled", 
		"2": "engine running", 
		"3": "engine cranking"
	}
	}, 
	"AT_MILReq_84": {
	"scaled": true, 
	"bitscount": 4
	}, 
	"EarlyGearShiftUp_84": {
	"bitscount": 1, 
	"lists": {
		"0": "no shift up request", 
		"1": "shift up request"
	}
	}, 
	"DTOOL_to_AIRBAG": {
	"bytescount": 8, 
	"byte": true, 
	"bitscount": 64
	}, 
	"ResetInfo_CLIM_84": {
	"bitscount": 1, 
	"lists": {
		"0": "no exit from reset", 
		"1": "exit from reset"
	}
	}, 
	"SwaSensorInternalStatus": {
	"bitscount": 3, 
	"lists": {
		"0": "not calibrated, not indexed", 
		"1": "not calibrated, indexed", 
		"2": "fault", 
		"3": "reserved", 
		"4": "calibrated, not initialised", 
		"5": "calibrated, initialised", 
		"6": "reserved_6", 
		"7": "reserved_7"
	}
	}, 
	"CrankingAuthorisation_ATviaECM": {
	"bitscount": 2, 
	"lists": {
		"0": "cranking not allowed", 
		"1": "cranking allowed", 
		"2": "Manual Gearbox", 
		"3": "unvalaible (AT frame missing)"
	}
	}, 
	"BrakeSystemMalfunction_84": {
	"bitscount": 1, 
	"lists": {
		"0": "no brake system malfunction", 
		"1": "brake system malfunction"
	}
	}, 
	"RotorCurrent_84": {
	"scaled": true, 
	"step": 0.0472
	}
}
}