{
"obd": {
	"baudrate": 10400, 
	"protocol": "CAN", 
	"recv_id": "764", 
	"funcname": "Climatisation", 
	"funcaddr": "29", 
	"send_id": "744"
}, 
"devices": [
	{
	"dtc": 37124, 
	"devicedata": {}, 
	"dtctype": 0, 
	"name": "EvapTemp"
	}, 
	{
	"dtc": 37125, 
	"devicedata": {
		"CL_ACType": "0", 
		"CL_WithHumiditySensor": "0", 
		"CL_WithAirQualitySensor": "0", 
		"CL_WithSolarSensor": "0", 
		"CL_WithLINBus": "0", 
		"CL_PTCType": "0", 
		"CL_Steering": "0", 
		"CL_CountryCfg": "0", 
		"CL_CompPulleyRatio": "0", 
		"CL_CompType": "0", 
		"CL_VehicleType": "0", 
		"CL_WindshieldType": "0", 
		"CL_WithEvapSensor": "0"
	}, 
	"dtctype": 2, 
	"name": "ECU"
	}, 
	{
	"dtc": 37216, 
	"devicedata": {}, 
	"dtctype": 3, 
	"name": "RecyActr"
	}, 
	{
	"dtc": 37121, 
	"devicedata": {}, 
	"dtctype": 0, 
	"name": "InCarTemp"
	}, 
	{
	"dtc": 61443, 
	"devicedata": {}, 
	"dtctype": 0, 
	"name": "VBatt"
	}, 
	{
	"dtc": 37218, 
	"devicedata": {}, 
	"dtctype": 3, 
	"name": "DisActr"
	}, 
	{
	"dtc": 37233, 
	"devicedata": {}, 
	"dtctype": 3, 
	"name": "RightMixActr"
	}, 
	{
	"dtc": 37232, 
	"devicedata": {}, 
	"dtctype": 3, 
	"name": "LeftMixActr"
	}, 
	{
	"dtc": 37161, 
	"devicedata": {}, 
	"dtctype": 0, 
	"name": "BlowerSystem2"
	}, 
	{
	"dtc": 37145, 
	"devicedata": {}, 
	"dtctype": 0, 
	"name": "BlowerSystem1"
	}
], 
"ecuname": "X95 CAREG V3", 
"autoidents": [
	{
	"diagversion": "4", 
	"supplier": "042", 
	"version": "1009", 
	"soft": "0001"
	}, 
	{
	"diagversion": "4", 
	"supplier": "042", 
	"version": "1006", 
	"soft": "0001"
	}, 
	{
	"diagversion": "4", 
	"supplier": "042", 
	"version": "1010", 
	"soft": "0001"
	}, 
	{
	"diagversion": "4", 
	"supplier": "042", 
	"version": "1101", 
	"soft": "0001"
	}, 
	{
	"diagversion": "4", 
	"supplier": "042", 
	"version": "1106", 
	"soft": "0001"
	}, 
	{
	"diagversion": "4", 
	"supplier": "042", 
	"version": "1108", 
	"soft": "0001"
	}, 
	{
	"diagversion": "4", 
	"supplier": "042", 
	"version": "1108", 
	"soft": "0002"
	}
], 
"endian": "Big", 
"requests": [
	{
	"name": "WriteDataByLocalId.LINBusConfigDefaultValue", 
	"replybytes": "7B0D", 
	"deny_sds": [
		"plant", 
		"aftersales", 
		"engineering", 
		"supplier"
	], 
	"manualsend": true, 
	"minbytes": 2, 
	"sentbytes": "3B0D01"
	}, 
	{
	"name": "WriteDataByLocalId.CompressorTypeConfigDefaultValue", 
	"replybytes": "7B07", 
	"deny_sds": [
		"plant", 
		"aftersales", 
		"engineering", 
		"supplier"
	], 
	"manualsend": true, 
	"minbytes": 2, 
	"sentbytes": "3B0781"
	}, 
	{
	"name": "DataRead._CAREG_SystGlobalConfig", 
	"replybytes": "6101", 
	"deny_sds": [], 
	"receivebyte_dataitems": {
		"CL_ACType": {
		"ref": true, 
		"firstbyte": 4
		}, 
		"CL_WithHumiditySensor": {
		"ref": true, 
		"firstbyte": 15
		}, 
		"CL_WithAirQualitySensor": {
		"ref": true, 
		"firstbyte": 12
		}, 
		"CL_WithSolarSensor": {
		"ref": true, 
		"firstbyte": 11
		}, 
		"CL_WithLINBus": {
		"ref": true, 
		"firstbyte": 14
		}, 
		"CL_PTCType": {
		"ref": true, 
		"firstbyte": 5
		}, 
		"CL_CompType": {
		"ref": true, 
		"firstbyte": 8
		}, 
		"CL_CountryCfg": {
		"ref": true, 
		"firstbyte": 6
		}, 
		"CL_CompPulleyRatio": {
		"ref": true, 
		"firstbyte": 9
		}, 
		"CL_Steering": {
		"ref": true, 
		"firstbyte": 7
		}, 
		"CL_VehicleType": {
		"ref": true, 
		"firstbyte": 3
		}, 
		"CL_WindshieldType": {
		"ref": true, 
		"firstbyte": 13
		}, 
		"CL_WithEvapSensor": {
		"ref": true, 
		"firstbyte": 10
		}
	}, 
	"minbytes": 15, 
	"sentbytes": "2101"
	}, 
	{
	"name": "WriteDataByLocalId.AirQualitySensorConfig", 
	"replybytes": "7B0B", 
	"deny_sds": [
		"plant", 
		"aftersales", 
		"engineering", 
		"supplier"
	], 
	"manualsend": true, 
	"sendbyte_dataitems": {
		"CL_WithAirQualitySensor": {
		"firstbyte": 3
		}
	}, 
	"minbytes": 2, 
	"sentbytes": "3B0B02"
	}, 
	{
	"name": "WriteDataByLocalId.EvapSensorConfigInitValue", 
	"replybytes": "7B09", 
	"deny_sds": [
		"plant", 
		"aftersales", 
		"engineering", 
		"supplier"
	], 
	"manualsend": true, 
	"minbytes": 2, 
	"sentbytes": "3B0900"
	}, 
	{
	"name": "WriteDataByLocalId.ClimatAreaConfigDefaultValue", 
	"replybytes": "7B05", 
	"deny_sds": [
		"plant", 
		"aftersales", 
		"engineering", 
		"supplier"
	], 
	"manualsend": true, 
	"minbytes": 2, 
	"sentbytes": "3B0501"
	}, 
	{
	"name": "WriteDataByLocalId.VehicleIdentification", 
	"replybytes": "7B81", 
	"deny_sds": [
		"plant", 
		"aftersales", 
		"engineering", 
		"supplier"
	], 
	"manualsend": true, 
	"sendbyte_dataitems": {
		"VIN": {
		"firstbyte": 3
		}
	}, 
	"minbytes": 2, 
	"sentbytes": "3B8101010101010101010101010101010101010101"
	}, 
	{
	"name": "ECUReset", 
	"deny_sds": [], 
	"minbytes": 2, 
	"sentbytes": "1101", 
	"replybytes": "5101"
	}, 
	{
	"name": "OutputControl", 
	"replybytes": "700000", 
	"deny_sds": [], 
	"manualsend": true, 
	"receivebyte_dataitems": {
		"Output Control Status": {
		"firstbyte": 3
		}
	}, 
	"sendbyte_dataitems": {
		"Output Temporary Control List": {
		"firstbyte": 2
		}, 
		"RecyclingActuator.mode": {
		"firstbyte": 4
		}, 
		"RightMixingActuator.mode": {
		"firstbyte": 4
		}, 
		"Output Control Command": {
		"firstbyte": 3
		}, 
		"OutputControl.OnOff": {
		"firstbyte": 4
		}, 
		"FeetVentActuator.mode": {
		"firstbyte": 4
		}, 
		"FrontControlPanelLighting.mode": {
		"firstbyte": 4
		}, 
		"LeftMixingActuator.mode": {
		"firstbyte": 4
		}
	}, 
	"minbytes": 3, 
	"sentbytes": "30010000"
	}, 
	{
	"name": "WriteDataByLocalId.HumiditySensorConfigInitValue", 
	"replybytes": "7B0E", 
	"deny_sds": [
		"plant", 
		"aftersales", 
		"engineering", 
		"supplier"
	], 
	"manualsend": true, 
	"minbytes": 2, 
	"sentbytes": "3B0E00"
	}, 
	{
	"name": "WriteDataByLocalId.CompressorTypeConfigInitValue", 
	"replybytes": "7B07", 
	"deny_sds": [
		"plant", 
		"aftersales", 
		"engineering", 
		"supplier"
	], 
	"manualsend": true, 
	"minbytes": 2, 
	"sentbytes": "3B0700"
	}, 
	{
	"name": "WriteMemoryByAddress", 
	"replybytes": "7D00000000", 
	"deny_sds": [
		"nosds", 
		"plant", 
		"aftersales", 
		"engineering", 
		"supplier"
	], 
	"manualsend": true, 
	"sendbyte_dataitems": {
		"MemoryAdressToWrite": {
		"firstbyte": 2
		}, 
		"MemoryDataToBeRecorded": {
		"firstbyte": 6
		}
	}, 
	"minbytes": 5, 
	"sentbytes": "3D0000000000"
	}, 
	{
	"name": "WriteDataByLocalId.SolarSensorConfigDefaultValue", 
	"replybytes": "7B0A", 
	"deny_sds": [
		"plant", 
		"aftersales", 
		"engineering", 
		"supplier"
	], 
	"manualsend": true, 
	"minbytes": 2, 
	"sentbytes": "3B0A03"
	}, 
	{
	"name": "StartDiagnosticSession", 
	"replybytes": "50C0", 
	"deny_sds": [], 
	"sendbyte_dataitems": {
		"SessionName": {
		"firstbyte": 2
		}
	}, 
	"minbytes": 2, 
	"sentbytes": "10C0"
	}, 
	{
	"name": "WriteDataByLocalId.PulleyRatioConfigInitValue", 
	"replybytes": "7B08", 
	"deny_sds": [
		"plant", 
		"aftersales", 
		"engineering", 
		"supplier"
	], 
	"manualsend": true, 
	"minbytes": 2, 
	"sentbytes": "3B0800"
	}, 
	{
	"receivebyte_dataitems": {
		"DataRecord": {
		"firstbyte": 4
		}, 
		"DataIdentifierToWrite": {
		"firstbyte": 2
		}
	}, 
	"deny_sds": [], 
	"minbytes": 4, 
	"sentbytes": "2E000000", 
	"name": "WriteDataByIdentifier"
	}, 
	{
	"name": "DataRead.StateData_CAREG", 
	"replybytes": "6121", 
	"deny_sds": [], 
	"receivebyte_dataitems": {
		"D_ILW_ReductorRatio": {
		"ref": true, 
		"firstbyte": 17
		}, 
		"D_IH_ReductorRatio": {
		"ref": true, 
		"firstbyte": 8
		}, 
		"D_ILW_BlowerFanFeedback": {
		"ref": true, 
		"firstbyte": 12
		}, 
		"D_VL_ActiveDiagnosticSession": {
		"ref": true, 
		"firstbyte": 18
		}, 
		"D_IH_OxidantRatio": {
		"ref": true, 
		"firstbyte": 6
		}, 
		"D_OH_BlowerRequest": {
		"ref": true, 
		"firstbyte": 13
		}, 
		"D_ILW_OxidantRatio": {
		"ref": true, 
		"firstbyte": 16
		}, 
		"D_IH_RHumidity": {
		"ref": true, 
		"firstbyte": 5
		}, 
		"D_ILW_VBatt": {
		"ref": true, 
		"firstbyte": 14
		}, 
		"D_IH_RightSolarLevel": {
		"bitoffset": 3, 
		"ref": true, 
		"firstbyte": 10
		}, 
		"D_IH_EvapTemp": {
		"ref": true, 
		"firstbyte": 3
		}, 
		"D_OH_MicroBlowerReq": {
		"bitoffset": 7, 
		"ref": true, 
		"firstbyte": 15
		}, 
		"D_IH_LeftSolarLevel": {
		"bitoffset": 3, 
		"ref": true, 
		"firstbyte": 11
		}, 
		"D_OH_ACUnderloadStatus": {
		"bitoffset": 6, 
		"firstbyte": 15
		}, 
		"D_IH_IncarTemp": {
		"ref": true, 
		"firstbyte": 4
		}
	}, 
	"minbytes": 18, 
	"sentbytes": "2121"
	}, 
	{
	"name": "WriteDataByLocalId.HumiditySensorConfigDefaultValue", 
	"replybytes": "7B0E", 
	"deny_sds": [
		"plant", 
		"aftersales", 
		"engineering", 
		"supplier"
	], 
	"manualsend": true, 
	"minbytes": 2, 
	"sentbytes": "3B0E01"
	}, 
	{
	"name": "WriteDataByLocalId.VehicleTypeConfigDefaultValue", 
	"replybytes": "7B02", 
	"deny_sds": [
		"plant", 
		"aftersales", 
		"engineering", 
		"supplier"
	], 
	"manualsend": true, 
	"minbytes": 2, 
	"sentbytes": "3B0201"
	}, 
	{
	"name": "WriteDataByLocalId.AirQualitySensorConfigInitValue", 
	"replybytes": "7B0B", 
	"deny_sds": [
		"plant", 
		"aftersales", 
		"engineering", 
		"supplier"
	], 
	"manualsend": true, 
	"minbytes": 2, 
	"sentbytes": "3B0B00"
	}, 
	{
	"name": "WriteDataByLocalId.EvapSensorConfigDefaultValue", 
	"replybytes": "7B09", 
	"deny_sds": [
		"plant", 
		"aftersales", 
		"engineering", 
		"supplier"
	], 
	"manualsend": true, 
	"minbytes": 2, 
	"sentbytes": "3B0902"
	}, 
	{
	"name": "WriteDataByLocalId.PTCVersionConfig", 
	"replybytes": "7B04", 
	"deny_sds": [
		"plant", 
		"aftersales", 
		"engineering", 
		"supplier"
	], 
	"manualsend": true, 
	"sendbyte_dataitems": {
		"CL_PTCType": {
		"firstbyte": 3
		}
	}, 
	"minbytes": 2, 
	"sentbytes": "3B0401"
	}, 
	{
	"name": "ReadDTCInformation.ReportExtendedData", 
	"replybytes": "59060000000000000000", 
	"deny_sds": [], 
	"receivebyte_dataitems": {
		"DTCExtendedData.AgingCounter": {
		"firstbyte": 8
		}, 
		"DTCExtendedDataRecordNumber": {
		"firstbyte": 7
		}, 
		"DTCExtendedData.Mileage": {
		"firstbyte": 8
		}, 
		"DTCRecord": {
		"firstbyte": 3
		}, 
		"StatusOfDTC": {
		"firstbyte": 6
		}, 
		"DTCExtendedData.DTCOccurrenceCounter": {
		"firstbyte": 8
		}
	}, 
	"sendbyte_dataitems": {
		"DTCMaskRecord": {
		"firstbyte": 3
		}
	}, 
	"minbytes": 6, 
	"sentbytes": "1906000000FF"
	}, 
	{
	"name": "WriteDataByLocalId.LINBusConfigInitValue", 
	"replybytes": "7B0D", 
	"deny_sds": [
		"plant", 
		"aftersales", 
		"engineering", 
		"supplier"
	], 
	"manualsend": true, 
	"minbytes": 2, 
	"sentbytes": "3B0D00"
	}, 
	{
	"name": "WriteDataByLocalId.WindshieldConfigDefaultValue", 
	"replybytes": "7B0C", 
	"deny_sds": [
		"plant", 
		"aftersales", 
		"engineering", 
		"supplier"
	], 
	"manualsend": true, 
	"minbytes": 2, 
	"sentbytes": "3B0C01"
	}, 
	{
	"name": "OutputControl.Stop", 
	"replybytes": "700000", 
	"deny_sds": [], 
	"manualsend": true, 
	"receivebyte_dataitems": {
		"Output Control Status": {
		"firstbyte": 3
		}
	}, 
	"sendbyte_dataitems": {
		"Output Temporary Control List": {
		"firstbyte": 2
		}
	}, 
	"minbytes": 3, 
	"sentbytes": "300111"
	}, 
	{
	"name": "DataRead.FBC_FP_CAREG", 
	"replybytes": "6125", 
	"deny_sds": [], 
	"receivebyte_dataitems": {
		"VL_BlowerSystDefault1_FP": {
		"bitoffset": 2, 
		"ref": true, 
		"firstbyte": 7
		}, 
		"VL_BlowerSystDefault2_FP": {
		"bitoffset": 3, 
		"ref": true, 
		"firstbyte": 7
		}, 
		"VL_RearActuator_OCFP": {
		"bitoffset": 6, 
		"ref": true, 
		"firstbyte": 7
		}, 
		"VL_RecyActuator_SCFP": {
		"bitoffset": 1, 
		"ref": true, 
		"firstbyte": 6
		}, 
		"VL_LeftSolarSensor_OCFP": {
		"bitoffset": 2, 
		"ref": true, 
		"firstbyte": 3
		}, 
		"VL_HumiditySensor_OCFP": {
		"bitoffset": 6, 
		"ref": true, 
		"firstbyte": 5
		}, 
		"VL_DistActuator_OCFP": {
		"bitoffset": 2, 
		"ref": true, 
		"firstbyte": 6
		}, 
		"VL_HumiditySensor_BFFP": {
		"bitoffset": 5, 
		"ref": true, 
		"firstbyte": 5
		}, 
		"VL_RightSolarSensor_SCFP": {
		"bitoffset": 1, 
		"ref": true, 
		"firstbyte": 3
		}, 
		"VL_AQS_HeatSupply_OCFP": {
		"ref": true, 
		"firstbyte": 4
		}, 
		"VL_LeftSolarSensor_SCFP": {
		"bitoffset": 3, 
		"ref": true, 
		"firstbyte": 3
		}, 
		"VL_DistActuator_SCFP": {
		"bitoffset": 3, 
		"ref": true, 
		"firstbyte": 6
		}, 
		"VL_EEPROM_ERFP": {
		"bitoffset": 3, 
		"ref": true, 
		"firstbyte": 5
		}, 
		"VL_AQS_Oxidant_SCFP": {
		"bitoffset": 5, 
		"ref": true, 
		"firstbyte": 4
		}, 
		"VL_MicroMicroBlowerOutputDiag_OCFP": {
		"bitoffset": 1, 
		"ref": true, 
		"firstbyte": 5
		}, 
		"VL_InCarTempSensor_OCFP": {
		"bitoffset": 4, 
		"ref": true, 
		"firstbyte": 3
		}, 
		"VL_MicroMicroBlowerOutputDiag_SCFP": {
		"bitoffset": 2, 
		"ref": true, 
		"firstbyte": 5
		}, 
		"VL_RearActuator_SCFP": {
		"bitoffset": 7, 
		"ref": true, 
		"firstbyte": 7
		}, 
		"VL_RecyActuator_OCFP": {
		"ref": true, 
		"firstbyte": 6
		}, 
		"VL_AQS_HeatSupply_SCFP": {
		"bitoffset": 1, 
		"ref": true, 
		"firstbyte": 4
		}, 
		"VL_RightMixActuator_OCFP": {
		"bitoffset": 4, 
		"ref": true, 
		"firstbyte": 6
		}, 
		"VL_RightSolarSensor_OCFP": {
		"ref": true, 
		"firstbyte": 3
		}, 
		"VL_InCarTempSensor_SCFP": {
		"bitoffset": 5, 
		"ref": true, 
		"firstbyte": 3
		}, 
		"VL_AQS_Oxidant_OCFP": {
		"bitoffset": 4, 
		"ref": true, 
		"firstbyte": 4
		}, 
		"VL_LINComDiag_ERFP": {
		"ref": true, 
		"firstbyte": 5
		}, 
		"VL_RightMixActuator_SCFP": {
		"bitoffset": 5, 
		"ref": true, 
		"firstbyte": 6
		}, 
		"VL_DistMildActuator_SCFP": {
		"bitoffset": 5, 
		"ref": true, 
		"firstbyte": 7
		}, 
		"VL_HumiditySensor_SCFP": {
		"bitoffset": 7, 
		"ref": true, 
		"firstbyte": 5
		}, 
		"VL_VBattDiag_FP": {
		"bitoffset": 4, 
		"ref": true, 
		"firstbyte": 5
		}, 
		"VL_EvapTempSensor_SCFP": {
		"bitoffset": 7, 
		"ref": true, 
		"firstbyte": 3
		}, 
		"VL_Config_ERFP": {
		"bitoffset": 1, 
		"ref": true, 
		"firstbyte": 7
		}, 
		"VL_AQS_Reductor_OCFP": {
		"bitoffset": 6, 
		"ref": true, 
		"firstbyte": 4
		}, 
		"VL_EvapTempDiag_OCFP": {
		"bitoffset": 6, 
		"ref": true, 
		"firstbyte": 3
		}, 
		"VL_LeftMixActuator_OCFP": {
		"bitoffset": 6, 
		"ref": true, 
		"firstbyte": 6
		}, 
		"VL_AQS_VrefSupply_BAT_SCFP": {
		"bitoffset": 2, 
		"ref": true, 
		"firstbyte": 4
		}, 
		"VL_AQS_Reductor_SCFP": {
		"bitoffset": 7, 
		"ref": true, 
		"firstbyte": 4
		}, 
		"VL_DistMildActuator_OCFP": {
		"bitoffset": 4, 
		"ref": true, 
		"firstbyte": 7
		}, 
		"VL_LeftMixActuator_SCFP": {
		"bitoffset": 7, 
		"ref": true, 
		"firstbyte": 6
		}, 
		"VL_AQS_VrefSupply_GND_SCFP": {
		"bitoffset": 3, 
		"ref": true, 
		"firstbyte": 4
		}
	}, 
	"minbytes": 7, 
	"sentbytes": "2125"
	}, 
	{
	"name": "DataRead.VehicleIdentfication", 
	"replybytes": "6181", 
	"deny_sds": [], 
	"receivebyte_dataitems": {
		"VIN": {
		"ref": true, 
		"firstbyte": 3
		}
	}, 
	"minbytes": 21, 
	"sentbytes": "2181"
	}, 
	{
	"name": "WriteDataByLocalId.PTCVersionConfigInitValue", 
	"replybytes": "7B04", 
	"deny_sds": [
		"plant", 
		"aftersales", 
		"engineering", 
		"supplier"
	], 
	"manualsend": true, 
	"minbytes": 2, 
	"sentbytes": "3B0400"
	}, 
	{
	"name": "WriteDataByLocalId.SteeringDriveConfig", 
	"replybytes": "7B06", 
	"deny_sds": [
		"plant", 
		"aftersales", 
		"engineering", 
		"supplier"
	], 
	"manualsend": true, 
	"sendbyte_dataitems": {
		"CL_Steering": {
		"firstbyte": 3
		}
	}, 
	"minbytes": 2, 
	"sentbytes": "3B0602"
	}, 
	{
	"name": "WriteDataByLocalId.ACVersionConfig", 
	"replybytes": "7B03", 
	"deny_sds": [
		"plant", 
		"aftersales", 
		"engineering", 
		"supplier"
	], 
	"manualsend": true, 
	"sendbyte_dataitems": {
		"CL_ACType": {
		"firstbyte": 3
		}
	}, 
	"minbytes": 2, 
	"sentbytes": "3B0312"
	}, 
	{
	"name": "WriteDataByLocalId.PTCVersionConfigDefaultValue", 
	"replybytes": "7B04", 
	"deny_sds": [
		"plant", 
		"aftersales", 
		"engineering", 
		"supplier"
	], 
	"manualsend": true, 
	"minbytes": 2, 
	"sentbytes": "3B0401"
	}, 
	{
	"name": "ClearDiagnosticInformation.All", 
	"deny_sds": [], 
	"minbytes": 1, 
	"sentbytes": "14FFFFFF", 
	"replybytes": "54"
	}, 
	{
	"name": "DataRead.TracabilityInfo", 
	"replybytes": "6184", 
	"deny_sds": [], 
	"receivebyte_dataitems": {
		"UnitaryDataTraceability": {
		"ref": true, 
		"firstbyte": 3
		}
	}, 
	"minbytes": 22, 
	"sentbytes": "2184"
	}, 
	{
	"name": "ReadDTCInformation.ReportExtendedData.Mileage", 
	"replybytes": "59060000000080000000", 
	"deny_sds": [], 
	"receivebyte_dataitems": {
		"DTCExtendedData.Mileage": {
		"firstbyte": 8
		}, 
		"DTCRecord": {
		"firstbyte": 3
		}, 
		"StatusOfDTC": {
		"firstbyte": 6
		}, 
		"DTCExtendedDataRecordNumber": {
		"firstbyte": 7
		}
	}, 
	"sendbyte_dataitems": {
		"DTCMaskRecord": {
		"firstbyte": 3
		}
	}, 
	"minbytes": 6, 
	"sentbytes": "190600000080"
	}, 
	{
	"name": "WriteDataByLocalId.LINBusConfig", 
	"replybytes": "7B0D", 
	"deny_sds": [
		"plant", 
		"aftersales", 
		"engineering", 
		"supplier"
	], 
	"manualsend": true, 
	"sendbyte_dataitems": {
		"CL_WithLINBus": {
		"firstbyte": 3
		}
	}, 
	"minbytes": 2, 
	"sentbytes": "3B0D01"
	}, 
	{
	"name": "WriteDataByLocalId.SolarSensorConfigInitValue", 
	"replybytes": "7B0A", 
	"deny_sds": [
		"plant", 
		"aftersales", 
		"engineering", 
		"supplier"
	], 
	"manualsend": true, 
	"minbytes": 2, 
	"sentbytes": "3B0A00"
	}, 
	{
	"name": "DataRead.FBC_FM_CAREG", 
	"replybytes": "6126", 
	"deny_sds": [], 
	"receivebyte_dataitems": {
		"VL_AQS_HeatSupply_SCFM": {
		"bitoffset": 1, 
		"firstbyte": 4
		}, 
		"VL_LeftSolarSensor_OCFM": {
		"bitoffset": 2, 
		"firstbyte": 3
		}, 
		"VL_DistActuator_OCFM": {
		"bitoffset": 2, 
		"firstbyte": 6
		}, 
		"VL_HumiditySensor_BFFM": {
		"bitoffset": 5, 
		"firstbyte": 5
		}, 
		"VL_RecyActuator_SCFM": {
		"bitoffset": 1, 
		"firstbyte": 6
		}, 
		"VL_RearActuator_OCFM": {
		"bitoffset": 6, 
		"firstbyte": 7
		}, 
		"VL_HumiditySensor_OCFM": {
		"bitoffset": 6, 
		"firstbyte": 5
		}, 
		"VL_BlowerSystDefault2_FM": {
		"bitoffset": 3, 
		"firstbyte": 7
		}, 
		"VL_BlowerSystDefault1_FM": {
		"bitoffset": 2, 
		"firstbyte": 7
		}, 
		"VL_AQS_HeatSupply_OCFM": {
		"firstbyte": 4
		}, 
		"VL_VBattDiag_FM": {
		"bitoffset": 4, 
		"firstbyte": 5
		}, 
		"VL_RearActuator_SCFM": {
		"bitoffset": 7, 
		"firstbyte": 7
		}, 
		"VL_RecyActuator_OCFM": {
		"firstbyte": 6
		}, 
		"VL_MicroMicroBlowerOutputDiag_SCFM": {
		"bitoffset": 2, 
		"firstbyte": 5
		}, 
		"VL_InCarTempSensor_OCFM": {
		"bitoffset": 4, 
		"firstbyte": 3
		}, 
		"VL_EEPROM_ERFM": {
		"bitoffset": 3, 
		"firstbyte": 5
		}, 
		"VL_MicroMicroBlowerOutputDiag_OCFM": {
		"bitoffset": 1, 
		"firstbyte": 5
		}, 
		"VL_AQS_Oxidant_SCFM": {
		"bitoffset": 5, 
		"firstbyte": 4
		}, 
		"VL_LeftSolarSensor_SCFM": {
		"bitoffset": 3, 
		"firstbyte": 3
		}, 
		"VL_LeftMixActuator_OCFM": {
		"bitoffset": 6, 
		"firstbyte": 6
		}, 
		"VL_RightSolarSensor_SCFM": {
		"bitoffset": 1, 
		"firstbyte": 3
		}, 
		"VL_EvapTempSensor_SCFM": {
		"bitoffset": 7, 
		"firstbyte": 3
		}, 
		"VL_DistMildActuator_SCFM": {
		"bitoffset": 5, 
		"firstbyte": 7
		}, 
		"VL_Config_ERFM": {
		"bitoffset": 1, 
		"firstbyte": 7
		}, 
		"VL_RightMixActuator_SCFM": {
		"bitoffset": 5, 
		"firstbyte": 6
		}, 
		"VL_LINComDiag_ERFM": {
		"firstbyte": 5
		}, 
		"VL_HumiditySensor_SCFM": {
		"bitoffset": 7, 
		"firstbyte": 5
		}, 
		"VL_AQS_Oxidant_OCFM": {
		"bitoffset": 4, 
		"firstbyte": 4
		}, 
		"VL_InCarTempSensor_SCFM": {
		"bitoffset": 5, 
		"firstbyte": 3
		}, 
		"VL_RightSolarSensor_OCFM": {
		"firstbyte": 3
		}, 
		"VL_DistActuator_SCFM": {
		"bitoffset": 3, 
		"firstbyte": 6
		}, 
		"VL_AQS_VrefSupply_GND_SCFM": {
		"bitoffset": 3, 
		"firstbyte": 4
		}, 
		"VL_LeftMixActuator_SCFM": {
		"bitoffset": 7, 
		"firstbyte": 6
		}, 
		"VL_MildActuator_OCFM": {
		"bitoffset": 4, 
		"firstbyte": 7
		}, 
		"VL_AQS_Reductor_SCFM": {
		"bitoffset": 7, 
		"firstbyte": 4
		}, 
		"VL_AQS_VrefSupply_BAT_SCFM": {
		"bitoffset": 2, 
		"firstbyte": 4
		}, 
		"VL_EvapTempDiag_OCFM": {
		"bitoffset": 6, 
		"firstbyte": 3
		}, 
		"VL_AQS_Reductor_OCFM": {
		"bitoffset": 6, 
		"firstbyte": 4
		}, 
		"VL_RightMixActuator_OCFM": {
		"bitoffset": 4, 
		"firstbyte": 6
		}
	}, 
	"minbytes": 7, 
	"sentbytes": "2126"
	}, 
	{
	"name": "WriteDataByLocalId.SteeringDriveConfigInitValue", 
	"replybytes": "7B06", 
	"deny_sds": [
		"plant", 
		"aftersales", 
		"engineering", 
		"supplier"
	], 
	"manualsend": true, 
	"minbytes": 2, 
	"sentbytes": "3B0600"
	}, 
	{
	"name": "WriteDataByLocalId.VehicleTypeConfig", 
	"replybytes": "7B02", 
	"deny_sds": [
		"plant", 
		"aftersales", 
		"engineering", 
		"supplier"
	], 
	"manualsend": true, 
	"sendbyte_dataitems": {
		"CL_VehicleType": {
		"firstbyte": 3
		}
	}, 
	"minbytes": 2, 
	"sentbytes": "3B0201"
	}, 
	{
	"name": "DataRead.CANData", 
	"replybytes": "6122", 
	"deny_sds": [], 
	"receivebyte_dataitems": {
		"D_IH_ExternalTemp": {
		"ref": true, 
		"firstbyte": 17
		}, 
		"ACCoolingFanSpeedRequest": {
		"bitoffset": 1, 
		"ref": true, 
		"firstbyte": 5
		}, 
		"D_IH_ACHighPressureSensor": {
		"ref": true, 
		"firstbyte": 19
		}, 
		"D_IH_VisibleSolarLevelInfo": {
		"ref": true, 
		"firstbyte": 14
		}, 
		"Blower_State": {
		"ref": true, 
		"firstbyte": 5
		}, 
		"D_IH_ACCompClutchDefault": {
		"bitoffset": 5, 
		"ref": true, 
		"firstbyte": 23
		}, 
		"D_IH_ACCompAuthorized": {
		"bitoffset": 5, 
		"ref": true, 
		"firstbyte": 18
		}, 
		"ACCompValveRequest": {
		"ref": true, 
		"firstbyte": 4
		}, 
		"D_IH_ACCompValveCurrent": {
		"ref": true, 
		"firstbyte": 24
		}, 
		"D_ILN_DiagMuxON": {
		"bitoffset": 2, 
		"ref": true, 
		"firstbyte": 11
		}, 
		"D_ILN_DischargedVbatTempoRequest": {
		"ref": true, 
		"firstbyte": 12
		}, 
		"ACCompClutchRequest": {
		"bitoffset": 5, 
		"ref": true, 
		"firstbyte": 5
		}, 
		"ACCompPowerUsed": {
		"ref": true, 
		"firstbyte": 3
		}, 
		"D_IH_VehicleState": {
		"bitoffset": 5, 
		"ref": true, 
		"firstbyte": 11
		}, 
		"FrontDefrostRequest": {
		"bitoffset": 7, 
		"ref": true, 
		"firstbyte": 5
		}, 
		"D_IH_ElectricalPowerDrived": {
		"bitoffset": 3, 
		"ref": true, 
		"firstbyte": 12
		}, 
		"D_IH_EngineCoolantTemp": {
		"ref": true, 
		"firstbyte": 20
		}, 
		"ACCompWorkingMode": {
		"bitoffset": 4, 
		"ref": true, 
		"firstbyte": 5
		}, 
		"ACMinEngineIdleSpeedRequest": {
		"ref": true, 
		"firstbyte": 8
		}, 
		"D_IH_LeftSolarLevel": {
		"bitoffset": 3, 
		"firstbyte": 15
		}, 
		"D_IH_RCUPosition": {
		"bitoffset": 5, 
		"ref": true, 
		"firstbyte": 27
		}, 
		"D_IH_VehicleSpeed": {
		"ref": true, 
		"firstbyte": 25
		}, 
		"D_IH_PTC_ThermalRegulatorFreeze": {
		"bitoffset": 1, 
		"ref": true, 
		"firstbyte": 12
		}, 
		"D_IH_EngineStatus_R": {
		"bitoffset": 6, 
		"ref": true, 
		"firstbyte": 18
		}, 
		"RearDefrostRequest": {
		"bitoffset": 4, 
		"ref": true, 
		"firstbyte": 6
		}, 
		"D_IH_VehicleOutSideLockedToggle": {
		"ref": true, 
		"firstbyte": 15
		}, 
		"D_IH_EngineStopRequestOrigine": {
		"ref": true, 
		"firstbyte": 18
		}, 
		"D_IH_DayNightStatusForBackLights": {
		"bitoffset": 4, 
		"ref": true, 
		"firstbyte": 14
		}, 
		"D_ILN_GenericApplicativeDiagEnable": {
		"bitoffset": 3, 
		"ref": true, 
		"firstbyte": 11
		}, 
		"D_IH_ACCompClutchStatus": {
		"bitoffset": 2, 
		"ref": true, 
		"firstbyte": 23
		}, 
		"D_IH_CoolingFanSpeedStatus": {
		"bitoffset": 6, 
		"ref": true, 
		"firstbyte": 23
		}, 
		"ACVbatTempoMaintain": {
		"bitoffset": 6, 
		"ref": true, 
		"firstbyte": 5
		}, 
		"D_IH_EngineRPM": {
		"ref": true, 
		"firstbyte": 21
		}, 
		"D_IH_NightRheostatedLightMaxPerCent": {
		"ref": true, 
		"firstbyte": 13
		}, 
		"D_IH_ACCompValveDefault": {
		"bitoffset": 3, 
		"ref": true, 
		"firstbyte": 23
		}, 
		"D_IH_UserIdentification": {
		"bitoffset": 5, 
		"ref": true, 
		"firstbyte": 14
		}, 
		"D_IH_SupposedCustomerDeparture": {
		"ref": true, 
		"firstbyte": 11
		}, 
		"ClimCustomerAction": {
		"ref": true, 
		"firstbyte": 7
		}, 
		"ACCompRequest": {
		"bitoffset": 3, 
		"ref": true, 
		"firstbyte": 5
		}, 
		"D_IH_RightSolarLevel": {
		"bitoffset": 3, 
		"firstbyte": 16
		}, 
		"PTCNumberThermalRequest": {
		"bitoffset": 4, 
		"ref": true, 
		"firstbyte": 7
		}, 
		"D_IH_ACCompMaximunPower": {
		"ref": true, 
		"firstbyte": 26
		}, 
		"D_IH_Children_InhibitionState": {
		"bitoffset": 2, 
		"ref": true, 
		"firstbyte": 12
		}
	}, 
	"minbytes": 27, 
	"sentbytes": "2122"
	}, 
	{
	"name": "WriteDataByLocalId.VehicleTypeConfigInitValue", 
	"replybytes": "7B02", 
	"deny_sds": [
		"plant", 
		"aftersales", 
		"engineering", 
		"supplier"
	], 
	"manualsend": true, 
	"minbytes": 2, 
	"sentbytes": "3B0200"
	}, 
	{
	"name": "DataRead.VehicleManufacturerSparePartNumber", 
	"replybytes": "62F187", 
	"deny_sds": [], 
	"receivebyte_dataitems": {
		"VehicleManufacturerSparePartNumber": {
		"firstbyte": 4
		}
	}, 
	"minbytes": 13, 
	"sentbytes": "22F187"
	}, 
	{
	"name": "WriteDataByLocalId.HumiditySensorConfig", 
	"replybytes": "7B0E", 
	"deny_sds": [
		"plant", 
		"aftersales", 
		"engineering", 
		"supplier"
	], 
	"manualsend": true, 
	"sendbyte_dataitems": {
		"CL_WithHumiditySensor": {
		"firstbyte": 3
		}
	}, 
	"minbytes": 2, 
	"sentbytes": "3B0E02"
	}, 
	{
	"name": "WriteDataByLocalId.PulleyRatioConfigDefaultValue", 
	"replybytes": "7B08", 
	"deny_sds": [
		"plant", 
		"aftersales", 
		"engineering", 
		"supplier"
	], 
	"manualsend": true, 
	"minbytes": 2, 
	"sentbytes": "3B0889"
	}, 
	{
	"name": "WriteDataByLocalId.WindshieldConfig", 
	"replybytes": "7B0C", 
	"deny_sds": [
		"plant", 
		"aftersales", 
		"engineering", 
		"supplier"
	], 
	"manualsend": true, 
	"sendbyte_dataitems": {
		"CL_WindshieldType": {
		"firstbyte": 3
		}
	}, 
	"minbytes": 2, 
	"sentbytes": "3B0C01"
	}, 
	{
	"name": "DataRead.EngineeringCalibrationNumber", 
	"replybytes": "629102", 
	"deny_sds": [], 
	"receivebyte_dataitems": {
		"EngineeringCalibrationNumber": {
		"ref": true, 
		"firstbyte": 4
		}
	}, 
	"minbytes": 5, 
	"sentbytes": "229102"
	}, 
	{
	"name": "WriteDataByLocalId.PulleyRatioConfig", 
	"replybytes": "7B08", 
	"deny_sds": [
		"plant", 
		"aftersales", 
		"engineering", 
		"supplier"
	], 
	"manualsend": true, 
	"sendbyte_dataitems": {
		"CL_CompPulleyRatio": {
		"firstbyte": 3
		}
	}, 
	"minbytes": 2, 
	"sentbytes": "3B0889"
	}, 
	{
	"name": "WriteDataByLocalId.ACVersionConfigInitValue", 
	"replybytes": "7B03", 
	"deny_sds": [
		"plant", 
		"aftersales", 
		"engineering", 
		"supplier"
	], 
	"manualsend": true, 
	"minbytes": 2, 
	"sentbytes": "3B0300"
	}, 
	{
	"receivebyte_dataitems": {
		"HardwareNumber.BasicPartList": {
		"ref": true, 
		"firstbyte": 24
		}, 
		"DiagnosticIdentificationCode": {
		"ref": true, 
		"firstbyte": 8
		}, 
		"CalibrationNumber": {
		"ref": true, 
		"firstbyte": 21
		}, 
		"SupplierNumber.ITG": {
		"ref": true, 
		"firstbyte": 9
		}, 
		"HardwareNumber.LowerPart": {
		"ref": true, 
		"firstbyte": 12
		}, 
		"PartNumber.BasicPartList": {
		"ref": true, 
		"firstbyte": 23
		}, 
		"ManufacturerIdentificationCode": {
		"ref": true, 
		"firstbyte": 26
		}, 
		"ApprovalNumber.BasicPartList": {
		"ref": true, 
		"firstbyte": 25
		}, 
		"EditionNumber": {
		"ref": true, 
		"firstbyte": 19
		}, 
		"PartNumber.LowerPart": {
		"ref": true, 
		"firstbyte": 3
		}, 
		"SoftwareNumber": {
		"ref": true, 
		"firstbyte": 17
		}
	}, 
	"deny_sds": [], 
	"minbytes": 26, 
	"sentbytes": "2180", 
	"name": "DataRead.Identification.RenaultR2"
	}, 
	{
	"name": "DataRead.MMIData_CAREG", 
	"replybytes": "6128", 
	"deny_sds": [], 
	"receivebyte_dataitems": {
		"D_IH_RightTempUpLongPushState": {
		"bitoffset": 6, 
		"firstbyte": 12
		}, 
		"D_IH_RightTempDnPushToggle": {
		"bitoffset": 5, 
		"firstbyte": 12
		}, 
		"D_IH_LeftTempUpLongPushState": {
		"bitoffset": 2, 
		"firstbyte": 12
		}, 
		"D_OLW_RecyIndic": {
		"bitoffset": 6, 
		"firstbyte": 3
		}, 
		"OH_IndicDimming": {
		"firstbyte": 8
		}, 
		"D_IH_StopPushToggle": {
		"bitoffset": 6, 
		"firstbyte": 14
		}, 
		"D_IH_LeftTempDnPushToggle": {
		"bitoffset": 1, 
		"firstbyte": 12
		}, 
		"D_IH_RecyPushToggle": {
		"bitoffset": 5, 
		"firstbyte": 13
		}, 
		"D_IH_RightTempDnLongPushState": {
		"bitoffset": 4, 
		"firstbyte": 12
		}, 
		"OH_AutoNormalIndic": {
		"bitoffset": 3, 
		"firstbyte": 4
		}, 
		"D_IH_RearDefPushToggle": {
		"bitoffset": 4, 
		"firstbyte": 14
		}, 
		"OH_RearDefrostIndic": {
		"bitoffset": 5, 
		"firstbyte": 4
		}, 
		"D_IH_DistLongPushState": {
		"firstbyte": 13
		}, 
		"D_OLW_ACOFFIndic": {
		"firstbyte": 3
		}, 
		"D_OLW_AutoSoftIndic": {
		"bitoffset": 1, 
		"firstbyte": 3
		}, 
		"OH_DistDisplay": {
		"bitoffset": 4, 
		"firstbyte": 5
		}, 
		"D_IH_AutoNormalPushToggle": {
		"bitoffset": 7, 
		"firstbyte": 11
		}, 
		"D_OLW_RearDefrostIndic": {
		"bitoffset": 5, 
		"firstbyte": 3
		}, 
		"D_IH_BlowerUpPushToggle": {
		"bitoffset": 3, 
		"firstbyte": 14
		}, 
		"D_IH_ClearnessPushToggle": {
		"bitoffset": 6, 
		"firstbyte": 13
		}, 
		"D_IH_AutoFastLongPushState": {
		"bitoffset": 4, 
		"firstbyte": 11
		}, 
		"OH_BackLightDimming": {
		"firstbyte": 10
		}, 
		"D_IH_AutoSoftPushToggle": {
		"bitoffset": 3, 
		"firstbyte": 11
		}, 
		"D_IH_BlowerDnLongPushState": {
		"firstbyte": 14
		}, 
		"OH_BlowerLevelDisplay": {
		"firstbyte": 5
		}, 
		"D_IH_DistPushToggle": {
		"bitoffset": 1, 
		"firstbyte": 13
		}, 
		"OH_RightTempDisplay": {
		"bitoffset": 2, 
		"firstbyte": 7
		}, 
		"OH_AutoSoftIndic": {
		"bitoffset": 1, 
		"firstbyte": 4
		}, 
		"D_OLW_ClearnessIndic": {
		"bitoffset": 4, 
		"firstbyte": 3
		}, 
		"D_IH_AutoFastPushToggle": {
		"bitoffset": 5, 
		"firstbyte": 11
		}, 
		"D_IH_LeftTempDnLongPushState": {
		"firstbyte": 12
		}, 
		"OH_AutoFastIndic": {
		"bitoffset": 2, 
		"firstbyte": 4
		}, 
		"OH_ClearnessIndic": {
		"bitoffset": 4, 
		"firstbyte": 4
		}, 
		"D_OLW_AutoFastIndic": {
		"bitoffset": 2, 
		"firstbyte": 3
		}, 
		"D_IH_RearLongPushState": {
		"bitoffset": 5, 
		"firstbyte": 14
		}, 
		"D_IH_BlowerDnPushToggle": {
		"bitoffset": 1, 
		"firstbyte": 14
		}, 
		"OH_ScreenDimming": {
		"firstbyte": 9
		}, 
		"OH_ACOFFIndic": {
		"firstbyte": 4
		}, 
		"D_IH_RightTempUpPushToggle": {
		"bitoffset": 7, 
		"firstbyte": 12
		}, 
		"D_OLW_AutoNormalIndic": {
		"bitoffset": 3, 
		"firstbyte": 3
		}, 
		"D_IH_LeftTempUpPushToggle": {
		"bitoffset": 3, 
		"firstbyte": 12
		}, 
		"OH_RecyIndic": {
		"bitoffset": 6, 
		"firstbyte": 4
		}, 
		"OH_LeftTempDisplay": {
		"bitoffset": 2, 
		"firstbyte": 6
		}, 
		"D_IH_AutoNormalLongPushState": {
		"bitoffset": 6, 
		"firstbyte": 11
		}, 
		"D_IH_AutoSoftLongPushState": {
		"bitoffset": 2, 
		"firstbyte": 11
		}, 
		"D_IH_ACOFFPushToggle": {
		"firstbyte": 11
		}, 
		"D_IH_BlowerUpLongPushState": {
		"bitoffset": 2, 
		"firstbyte": 14
		}
	}, 
	"minbytes": 14, 
	"sentbytes": "2128"
	}, 
	{
	"name": "WriteDataByLocalId.CompressorTypeConfig", 
	"replybytes": "7B07", 
	"deny_sds": [
		"plant", 
		"aftersales", 
		"engineering", 
		"supplier"
	], 
	"manualsend": true, 
	"sendbyte_dataitems": {
		"CL_CompType": {
		"firstbyte": 3
		}
	}, 
	"minbytes": 2, 
	"sentbytes": "3B0781"
	}, 
	{
	"name": "DataWrite.VehicleManufacturerKitAssemblyPartNumber", 
	"replybytes": "6EF18E", 
	"deny_sds": [], 
	"manualsend": true, 
	"sendbyte_dataitems": {
		"VehicleManufacturerKitAssemblyPartNumber": {
		"firstbyte": 4
		}
	}, 
	"minbytes": 3, 
	"sentbytes": "2EF18E00000000000000000000"
	}, 
	{
	"name": "ReadDTCInformation.ReportDTC", 
	"replybytes": "59023900000000", 
	"deny_sds": [], 
	"receivebyte_dataitems": {
		"DTCStatus.pendingDTC": {
		"bitoffset": 5, 
		"firstbyte": 7
		}, 
		"DTCDeviceIdentifier": {
		"firstbyte": 4
		}, 
		"DTCStatus.testFailedSinceLastClear": {
		"bitoffset": 2, 
		"firstbyte": 7
		}, 
		"DTCDeviceAndFailureTypeOBD": {
		"firstbyte": 4
		}, 
		"DTCFailureType.ManufacturerOrSupplier": {
		"bitoffset": 4, 
		"firstbyte": 6
		}, 
		"DTCFailureType.Category": {
		"firstbyte": 6
		}, 
		"DTCFailureType": {
		"firstbyte": 6
		}, 
		"DTCStatus.testNotCompletedSinceLastClear": {
		"bitoffset": 3, 
		"firstbyte": 7
		}, 
		"DTCStatus.testNotCompletedThisMonitoringCycle": {
		"bitoffset": 1, 
		"firstbyte": 7
		}, 
		"DTCStatusAvailabilityMask": {
		"firstbyte": 3
		}, 
		"DTCStatus.warningIndicatorRequested": {
		"firstbyte": 7
		}, 
		"StatusOfDTC": {
		"firstbyte": 7
		}, 
		"DTCStatus.testFailedThisMonitoringCycle": {
		"bitoffset": 6, 
		"firstbyte": 7
		}, 
		"DTCStatus.testFailed": {
		"bitoffset": 7, 
		"firstbyte": 7
		}, 
		"DTCStatus.confirmedDTC": {
		"bitoffset": 4, 
		"firstbyte": 7
		}
	}, 
	"minbytes": 3, 
	"sentbytes": "1902FF", 
	"shiftbytescount": 4
	}, 
	{
	"name": "WriteDataByLocalId.ClimatAreaConfigInitValue", 
	"replybytes": "7B05", 
	"deny_sds": [
		"plant", 
		"aftersales", 
		"engineering", 
		"supplier"
	], 
	"manualsend": true, 
	"minbytes": 2, 
	"sentbytes": "3B0500"
	}, 
	{
	"name": "WriteDataByLocalId.AirQualitySensorConfigDefaultValue", 
	"replybytes": "7B0B", 
	"deny_sds": [
		"plant", 
		"aftersales", 
		"engineering", 
		"supplier"
	], 
	"manualsend": true, 
	"minbytes": 2, 
	"sentbytes": "3B0B01"
	}, 
	{
	"name": "WriteDataByLocalId.EvapSensorConfig", 
	"replybytes": "7B09", 
	"deny_sds": [
		"plant", 
		"aftersales", 
		"engineering", 
		"supplier"
	], 
	"manualsend": true, 
	"sendbyte_dataitems": {
		"CL_WithEvapSensor": {
		"firstbyte": 3
		}
	}, 
	"minbytes": 2, 
	"sentbytes": "3B0902"
	}, 
	{
	"name": "DataRead.MultiplexNetworkDiag", 
	"replybytes": "618291", 
	"deny_sds": [], 
	"receivebyte_dataitems": {
		"M_Bus_OFF": {
		"bitoffset": 2, 
		"ref": true, 
		"firstbyte": 5
		}, 
		"CurrentFaultMute": {
		"ref": true, 
		"firstbyte": 6
		}, 
		"M_ECM": {
		"bitoffset": 2, 
		"ref": true, 
		"firstbyte": 7
		}, 
		"CurrentFaultECM": {
		"ref": true, 
		"firstbyte": 7
		}, 
		"MessagesSetReference": {
		"ref": true, 
		"firstbyte": 3
		}, 
		"M_BCM": {
		"bitoffset": 2, 
		"ref": true, 
		"firstbyte": 10
		}, 
		"M_BRK": {
		"bitoffset": 2, 
		"ref": true, 
		"firstbyte": 8
		}, 
		"ConfirmedFaultBCM": {
		"bitoffset": 1, 
		"ref": true, 
		"firstbyte": 10
		}, 
		"M_Mute": {
		"bitoffset": 2, 
		"ref": true, 
		"firstbyte": 6
		}, 
		"CLIM_Absent": {
		"ref": true, 
		"firstbyte": 14
		}, 
		"M_USM": {
		"bitoffset": 2, 
		"ref": true, 
		"firstbyte": 26
		}, 
		"CurrentFaultBus_OFF": {
		"ref": true, 
		"firstbyte": 5
		}, 
		"ConfirmedFaultABS": {
		"bitoffset": 1, 
		"ref": true, 
		"firstbyte": 8
		}, 
		"ConfirmedFaultBus_OFF": {
		"bitoffset": 1, 
		"ref": true, 
		"firstbyte": 5
		}, 
		"CurrentFaultABS": {
		"ref": true, 
		"firstbyte": 8
		}, 
		"CurrentFaultUSM": {
		"ref": true, 
		"firstbyte": 26
		}, 
		"ConfirmedFaultECM": {
		"bitoffset": 1, 
		"ref": true, 
		"firstbyte": 7
		}, 
		"ConfirmedFaultMute": {
		"bitoffset": 1, 
		"ref": true, 
		"firstbyte": 6
		}, 
		"CurrentFaultBCM": {
		"ref": true, 
		"firstbyte": 10
		}, 
		"ConfirmedFaultUSM": {
		"bitoffset": 1, 
		"ref": true, 
		"firstbyte": 26
		}
	}, 
	"minbytes": 62, 
	"sentbytes": "2182"
	}, 
	{
	"name": "WriteDataByLocalId.SolarSensorConfig", 
	"replybytes": "7B0A", 
	"deny_sds": [
		"plant", 
		"aftersales", 
		"engineering", 
		"supplier"
	], 
	"manualsend": true, 
	"sendbyte_dataitems": {
		"CL_WithSolarSensor": {
		"firstbyte": 3
		}
	}, 
	"minbytes": 2, 
	"sentbytes": "3B0A03"
	}, 
	{
	"name": "ReadMemoryByAddress", 
	"replybytes": "6300", 
	"deny_sds": [
		"plant", 
		"aftersales", 
		"engineering", 
		"supplier"
	], 
	"manualsend": true, 
	"sendbyte_dataitems": {
		"MemorySizeToBeRead": {
		"firstbyte": 6
		}, 
		"MemoryAddressToRead": {
		"firstbyte": 2
		}
	}, 
	"minbytes": 2, 
	"sentbytes": "23000000000000"
	}, 
	{
	"name": "WriteDataByLocalId.ACVersionConfigDefaultValue", 
	"replybytes": "7B03", 
	"deny_sds": [
		"plant", 
		"aftersales", 
		"engineering", 
		"supplier"
	], 
	"manualsend": true, 
	"minbytes": 2, 
	"sentbytes": "3B0312"
	}, 
	{
	"name": "DataRead.ActPosReqByHLS_CAREG", 
	"replybytes": "6127", 
	"deny_sds": [], 
	"receivebyte_dataitems": {
		"D_ILW_FeetVentActrPosition": {
		"bitoffset": 1, 
		"ref": true, 
		"firstbyte": 9
		}, 
		"D_IH_LeftMixActrPosition": {
		"bitoffset": 1, 
		"ref": true, 
		"firstbyte": 10
		}, 
		"D_OH_FeetVentActrRequest": {
		"bitoffset": 1, 
		"ref": true, 
		"firstbyte": 3
		}, 
		"D_OH_LeftMixActrRequest": {
		"bitoffset": 1, 
		"ref": true, 
		"firstbyte": 4
		}, 
		"D_IH_RightMixActrPosition": {
		"bitoffset": 1, 
		"ref": true, 
		"firstbyte": 13
		}, 
		"D_IH_RecyActrPosition": {
		"bitoffset": 1, 
		"ref": true, 
		"firstbyte": 12
		}, 
		"D_OH_RightMixActrRequest": {
		"bitoffset": 1, 
		"ref": true, 
		"firstbyte": 7
		}, 
		"D_OH_RecyActrRequest": {
		"bitoffset": 1, 
		"ref": true, 
		"firstbyte": 6
		}
	}, 
	"minbytes": 14, 
	"sentbytes": "2127"
	}, 
	{
	"name": "DataRead.VehicleManufacturerKitAssemblyPartNumber", 
	"replybytes": "62F18E", 
	"deny_sds": [], 
	"receivebyte_dataitems": {
		"VehicleManufacturerKitAssemblyPartNumber": {
		"firstbyte": 4
		}
	}, 
	"minbytes": 13, 
	"sentbytes": "22F18E"
	}, 
	{
	"name": "TesterPresent.WithResponse", 
	"deny_sds": [], 
	"minbytes": 2, 
	"sentbytes": "3E01", 
	"replybytes": "7E01"
	}, 
	{
	"name": "WriteDataByLocalId.ClimatAreaConfig", 
	"replybytes": "7B05", 
	"deny_sds": [
		"plant", 
		"aftersales", 
		"engineering", 
		"supplier"
	], 
	"manualsend": true, 
	"sendbyte_dataitems": {
		"CL_CountryCfg": {
		"firstbyte": 3
		}
	}, 
	"minbytes": 2, 
	"sentbytes": "3B0501"
	}, 
	{
	"name": "DataRead.EngineeringSoftwareNumber", 
	"replybytes": "629101", 
	"deny_sds": [], 
	"receivebyte_dataitems": {
		"EngineeringSoftwareNumber": {
		"ref": true, 
		"firstbyte": 4
		}
	}, 
	"minbytes": 5, 
	"sentbytes": "229101"
	}, 
	{
	"name": "WriteDataByLocalId.RemoteWorkingModeConfig", 
	"replybytes": "7B1F", 
	"deny_sds": [
		"plant", 
		"aftersales", 
		"engineering", 
		"supplier"
	], 
	"manualsend": true, 
	"sendbyte_dataitems": {
		"KH_RemoteEnable": {
		"firstbyte": 3
		}
	}, 
	"minbytes": 2, 
	"sentbytes": "3B1F00"
	}, 
	{
	"name": "DataWrite.VehicleManufacturerSparePartNumber", 
	"replybytes": "6EF187", 
	"deny_sds": [], 
	"manualsend": true, 
	"sendbyte_dataitems": {
		"VehicleManufacturerSparePartNumber": {
		"firstbyte": 4
		}
	}, 
	"minbytes": 3, 
	"sentbytes": "2EF18700000000000000000000"
	}, 
	{
	"name": "OutputControl.Status", 
	"replybytes": "700000", 
	"deny_sds": [], 
	"manualsend": true, 
	"receivebyte_dataitems": {
		"Output Control Status": {
		"firstbyte": 3
		}
	}, 
	"sendbyte_dataitems": {
		"Output Temporary Control List": {
		"firstbyte": 2
		}
	}, 
	"minbytes": 3, 
	"sentbytes": "300101"
	}, 
	{
	"name": "WriteDataByLocalIdentifier", 
	"replybytes": "7B00", 
	"deny_sds": [
		"plant", 
		"aftersales", 
		"engineering", 
		"supplier"
	], 
	"manualsend": true, 
	"sendbyte_dataitems": {
		"RecordLocalIdentifier": {
		"firstbyte": 2
		}, 
		"ValueToBeWritten": {
		"firstbyte": 3
		}
	}, 
	"minbytes": 2, 
	"sentbytes": "3B00000000000000000000000000000000000000"
	}, 
	{
	"name": "WriteDataByLocalId.WindshieldConfigInitValue", 
	"replybytes": "7B0C", 
	"deny_sds": [
		"plant", 
		"aftersales", 
		"engineering", 
		"supplier"
	], 
	"manualsend": true, 
	"minbytes": 2, 
	"sentbytes": "3B0C00"
	}, 
	{
	"name": "WriteDataByLocalId.SteeringDriveConfigDefaultValue", 
	"replybytes": "7B06", 
	"deny_sds": [
		"plant", 
		"aftersales", 
		"engineering", 
		"supplier"
	], 
	"manualsend": true, 
	"minbytes": 2, 
	"sentbytes": "3B0602"
	}
], 
"data": {
	"VL_DistMildActuator_SCFP": {
	"bitscount": 1, 
	"lists": {
		"0": "False", 
		"1": "True"
	}
	}, 
	"VL_HumiditySensor_BFFM": {
	"bitscount": 1, 
	"lists": {
		"0": "False", 
		"1": "True"
	}
	}, 
	"ACCoolingFanSpeedRequest": {
	"bitscount": 2, 
	"lists": {
		"0": "No Request", 
		"1": "Low Request", 
		"2": "Reserved_AC", 
		"3": "High Request"
	}
	}, 
	"D_IH_ACHighPressureSensor": {
	"scaled": true, 
	"step": 0.2, 
	"format": "#0.0"
	}, 
	"VL_DistActuator_OCFM": {
	"bitscount": 1, 
	"lists": {
		"0": "False", 
		"1": "True"
	}
	}, 
	"MessagesSetReference": {
	"bytescount": 2, 
	"byte": true, 
	"bitscount": 16
	}, 
	"D_IH_ACCompClutchDefault": {
	"bitscount": 1, 
	"lists": {
		"0": "No default", 
		"1": "Default present"
	}
	}, 
	"RecyclingActuator.mode": {
	"lists": {
		"1": "Fresh air", 
		"2": "Recycling"
	}
	}, 
	"CL_PTCType": {
	"comment": "configuration de la puissance des CTP", 
	"lists": {
		"0": "Not Configurated", 
		"1": "Without PTC", 
		"24": "PTC 1,8kW", 
		"22": "PTC 1,6kW", 
		"16": "PTC 1kW"
	}
	}, 
	"D_IH_ACCompValveCurrent": {
	"scaled": true, 
	"step": 0.01, 
	"unit": "A", 
	"format": "#0.00"
	}, 
	"D_IH_LeftTempDnPushToggle": {
	"bitscount": 1, 
	"lists": {
		"0": "State 0", 
		"1": "State 1"
	}
	}, 
	"PartNumber.BasicPartList": {
	"lists": {
		"0": "N/A", 
		"2": "27531"
	}
	}, 
	"ConfirmedFaultBus_OFF": {
	"bitscount": 1, 
	"lists": {
		"0": "False", 
		"1": "True"
	}
	}, 
	"OH_AutoNormalIndic": {
	"bitscount": 1, 
	"lists": {
		"0": "Light OFF", 
		"1": "Light ON"
	}
	}, 
	"VL_DistActuator_OCFP": {
	"bitscount": 1, 
	"lists": {
		"0": "False", 
		"1": "True"
	}
	}, 
	"CurrentFaultBCM": {
	"bitscount": 1, 
	"lists": {
		"0": "False", 
		"1": "True"
	}
	}, 
	"VL_HumiditySensor_BFFP": {
	"bitscount": 1, 
	"lists": {
		"0": "False", 
		"1": "True"
	}
	}, 
	"HardwareNumber.BasicPartList": {
	"lists": {
		"0": "N/A", 
		"1": "28526"
	}
	}, 
	"VL_RightSolarSensor_SCFP": {
	"bitscount": 1, 
	"lists": {
		"0": "False", 
		"1": "True"
	}
	}, 
	"CurrentFaultMute": {
	"bitscount": 1, 
	"lists": {
		"0": "False", 
		"1": "True"
	}
	}, 
	"CL_VehicleType": {
	"comment": "configuration du type de caisse", 
	"lists": {
		"0": "Not Configurated", 
		"1": "B95, D95, K95", 
		"2": "H95", 
		"3": "E95", 
		"4": "J95, R95", 
		"7": "Reserved L38T"
	}
	}, 
	"M_USM": {
	"scaled": true, 
	"bitscount": 6
	}, 
	"VL_LeftSolarSensor_SCFP": {
	"bitscount": 1, 
	"lists": {
		"0": "False", 
		"1": "True"
	}
	}, 
	"Output Temporary Control List": {
	"lists": {
		"1": "FeetVentActuator", 
		"2": "LeftMixingActuator", 
		"3": "RightMixingActuator", 
		"4": "RecyclingActuator", 
		"23": "BlowerSpeed", 
		"28": "FrontControlPanelLighting"
	}
	}, 
	"VL_RearActuator_SCFP": {
	"bitscount": 1, 
	"lists": {
		"0": "False", 
		"1": "True"
	}
	}, 
	"VL_DistMildActuator_OCFP": {
	"bitscount": 1, 
	"lists": {
		"0": "False", 
		"1": "True"
	}
	}, 
	"D_ILW_OxidantRatio": {
	"scaled": true, 
	"divideby": 255.0, 
	"step": 5.0, 
	"unit": "mV", 
	"format": "#0.00"
	}, 
	"DTCExtendedDataRecordNumber": {
	"lists": {
		"128": "Mileage", 
		"129": "AgingCounter", 
		"130": "DTCOccurrenceCounter"
	}
	}, 
	"Output Control Command": {
	"lists": {
		"0": "Start Temporary", 
		"1": "Status", 
		"17": "Stop", 
		"32": "Start Permanent"
	}
	}, 
	"D_OH_LeftMixActrRequest": {
	"scaled": true, 
	"bitscount": 7
	}, 
	"DTCStatus.testFailedThisMonitoringCycle": {
	"bitscount": 1, 
	"lists": {
		"0": "No", 
		"1": "Yes"
	}
	}, 
	"VL_InCarTempSensor_OCFM": {
	"bitscount": 1, 
	"lists": {
		"0": "False", 
		"1": "True"
	}
	}, 
	"ACCompWorkingMode": {
	"bitscount": 1, 
	"lists": {
		"0": "Running in Idle Mode", 
		"1": "Not Running in Idle Mode"
	}
	}, 
	"VL_LeftSolarSensor_SCFM": {
	"bitscount": 1, 
	"lists": {
		"0": "False", 
		"1": "True"
	}
	}, 
	"VL_MildActuator_OCFM": {
	"bitscount": 1, 
	"lists": {
		"0": "False", 
		"1": "True"
	}
	}, 
	"ConfirmedFaultMute": {
	"bitscount": 1, 
	"lists": {
		"0": "False", 
		"1": "True"
	}
	}, 
	"DTCStatusAvailabilityMask": {
	"scaled": true
	}, 
	"D_IH_DistPushToggle": {
	"bitscount": 1, 
	"lists": {
		"0": "State 0", 
		"1": "State 1"
	}
	}, 
	"D_IH_PTC_ThermalRegulatorFreeze": {
	"bitscount": 1, 
	"lists": {
		"0": "OFF", 
		"1": "ON"
	}
	}, 
	"M_ECM": {
	"scaled": true, 
	"bitscount": 6
	}, 
	"VL_RightSolarSensor_OCFP": {
	"bitscount": 1, 
	"lists": {
		"0": "False", 
		"1": "True"
	}
	}, 
	"D_IH_VehicleOutSideLockedToggle": {
	"bitscount": 1, 
	"lists": {
		"0": "State 0", 
		"1": "State 1"
	}
	}, 
	"D_ILW_VBatt": {
	"scaled": true, 
	"step": 0.1, 
	"unit": "V", 
	"format": "#0.00"
	}, 
	"CL_WindshieldType": {
	"comment": "configuration du type de pare-brise", 
	"lists": {
		"0": "Not Configurated", 
		"1": "KL_WithoutWindshieldOption", 
		"2": "KL_WithFtDefrost", 
		"3": "KL_WithHeatReflecting", 
		"4": "KL_WithFtDefrost&HeatReflecting"
	}
	}, 
	"D_IH_EvapTemp": {
	"scaled": true, 
	"step": 0.4, 
	"format": "#0.0", 
	"unit": "\u00b0C", 
	"offset": -40.0
	}, 
	"DataIdentifierToWrite": {
	"bytescount": 2, 
	"bitscount": 16, 
	"lists": {
		"61838": "VehiculeKitAssemblyPartNumber", 
		"61831": "VehiculeSparePartNumber"
	}
	}, 
	"D_OH_ACUnderloadStatus": {
	"comment": "Flag \u00e9tat sous charge boucle froide", 
	"bitscount": 1, 
	"lists": {
		"0": "Load OK", 
		"1": "UnderLoad"
	}
	}, 
	"VL_RightSolarSensor_OCFM": {
	"bitscount": 1, 
	"lists": {
		"0": "False", 
		"1": "True"
	}
	}, 
	"D_OLW_ClearnessIndic": {
	"bitscount": 1, 
	"lists": {
		"0": "Light OFF", 
		"1": "Light ON"
	}
	}, 
	"KH_RemoteEnable": {
	"lists": {
		"0": "Enable (0)", 
		"1": "Disable (1)"
	}
	}, 
	"DTCDeviceIdentifier": {
	"bytescount": 2, 
	"bitscount": 16, 
	"lists": {
		"37216": "RecyActr", 
		"37121": "InCarTemp", 
		"37218": "DisActr", 
		"61443": "VBatt", 
		"37124": "EvapTemp", 
		"37125": "ECU", 
		"37161": "BlowerSystem2", 
		"37232": "LeftMixActr", 
		"37233": "RightMixActr", 
		"37145": "BlowerSystem1"
	}
	}, 
	"D_IH_CoolingFanSpeedStatus": {
	"bitscount": 2, 
	"lists": {
		"0": "Engine Fan Stopped", 
		"1": "Low speed", 
		"2": "Mid speed", 
		"3": "High speed"
	}
	}, 
	"VL_VBattDiag_FP": {
	"bitscount": 1, 
	"lists": {
		"0": "False", 
		"1": "True"
	}
	}, 
	"DTCStatus.testFailedSinceLastClear": {
	"bitscount": 1, 
	"lists": {
		"0": "No", 
		"1": "Yes"
	}
	}, 
	"VL_LeftMixActuator_SCFM": {
	"bitscount": 1, 
	"lists": {
		"0": "False", 
		"1": "True"
	}
	}, 
	"CL_CompPulleyRatio": {
	"scaled": true, 
	"divideby": 100.0, 
	"comment": "configuration du rapport d'entrainement du compresseur", 
	"format": "#0.00"
	}, 
	"D_IH_LeftTempUpPushToggle": {
	"bitscount": 1, 
	"lists": {
		"0": "State 0", 
		"1": "State 1"
	}
	}, 
	"D_IH_LeftMixActrPosition": {
	"scaled": true, 
	"bitscount": 7
	}, 
	"Output Control Status": {
	"lists": {
		"1": "Running", 
		"2": "Stopped", 
		"17": "Manually Stopped"
	}
	}, 
	"VIN": {
	"bytesascii": true, 
	"bytescount": 17, 
	"byte": true, 
	"bitscount": 136
	}, 
	"D_OH_FeetVentActrRequest": {
	"scaled": true, 
	"bitscount": 7
	}, 
	"CL_Steering": {
	"comment": "configuration de la position du conducteur", 
	"lists": {
		"0": "Not Configurated", 
		"1": "Right Hand Drive", 
		"2": "Left Hand Drive"
	}
	}, 
	"VL_DistActuator_SCFM": {
	"bitscount": 1, 
	"lists": {
		"0": "False", 
		"1": "True"
	}
	}, 
	"DTCStatus.testNotCompletedSinceLastClear": {
	"bitscount": 1, 
	"lists": {
		"0": "No", 
		"1": "Yes"
	}
	}, 
	"D_IH_RightSolarLevel": {
	"scaled": true, 
	"step": 50.0, 
	"bitscount": 5, 
	"unit": "W/m\u00b2"
	}, 
	"D_IH_ACOFFPushToggle": {
	"bitscount": 1, 
	"lists": {
		"0": "State 0", 
		"1": "State 1"
	}
	}, 
	"VL_HumiditySensor_SCFM": {
	"bitscount": 1, 
	"lists": {
		"0": "False", 
		"1": "True"
	}
	}, 
	"UnitaryDataTraceability": {
	"bytesascii": true, 
	"bytescount": 16, 
	"byte": true, 
	"bitscount": 128
	}, 
	"VL_BlowerSystDefault2_FP": {
	"bitscount": 1, 
	"lists": {
		"0": "False", 
		"1": "True"
	}
	}, 
	"VL_LeftSolarSensor_OCFM": {
	"bitscount": 1, 
	"lists": {
		"0": "False", 
		"1": "True"
	}
	}, 
	"CurrentFaultECM": {
	"bitscount": 1, 
	"lists": {
		"0": "False", 
		"1": "True"
	}
	}, 
	"VL_AQS_HeatSupply_OCFM": {
	"bitscount": 1, 
	"lists": {
		"0": "False", 
		"1": "True"
	}
	}, 
	"Blower_State": {
	"bitscount": 1, 
	"lists": {
		"0": "Fan OFF", 
		"1": "Fan ON"
	}
	}, 
	"ConfirmedFaultBCM": {
	"bitscount": 1, 
	"lists": {
		"0": "False", 
		"1": "True"
	}
	}, 
	"ACCompValveRequest": {
	"scaled": true, 
	"step": 0.01, 
	"bitscount": 7, 
	"unit": "A", 
	"format": "#0.00"
	}, 
	"OH_ClearnessIndic": {
	"bitscount": 1, 
	"lists": {
		"0": "Light OFF", 
		"1": "Light ON"
	}
	}, 
	"D_OH_RightMixActrRequest": {
	"scaled": true, 
	"bitscount": 7
	}, 
	"ACVbatTempoMaintain": {
	"bitscount": 1, 
	"lists": {
		"0": "Not Requested", 
		"1": "Requested"
	}
	}, 
	"D_IH_RecyPushToggle": {
	"bitscount": 1, 
	"lists": {
		"0": "State 0", 
		"1": "State 1"
	}
	}, 
	"VL_AQS_VrefSupply_BAT_SCFP": {
	"bitscount": 1, 
	"lists": {
		"0": "False", 
		"1": "True"
	}
	}, 
	"SessionName": {
	"lists": {
		"192": "APV Session (Assembly Line testing an After-Sales)", 
		"129": "Default Session", 
		"240": "Tune Phase Session", 
		"134": "Development Session", 
		"133": "Programming Session"
	}
	}, 
	"VL_RearActuator_OCFM": {
	"bitscount": 1, 
	"lists": {
		"0": "False", 
		"1": "True"
	}
	}, 
	"DTCStatus.warningIndicatorRequested": {
	"bitscount": 1, 
	"lists": {
		"0": "No", 
		"1": "Yes"
	}
	}, 
	"VL_AQS_HeatSupply_OCFP": {
	"bitscount": 1, 
	"lists": {
		"0": "False", 
		"1": "True"
	}
	}, 
	"EngineeringSoftwareNumber": {
	"bytescount": 2, 
	"byte": true, 
	"bitscount": 16
	}, 
	"D_OLW_ACOFFIndic": {
	"bitscount": 1, 
	"lists": {
		"0": "Light OFF", 
		"1": "Light ON"
	}
	}, 
	"VL_AQS_VrefSupply_BAT_SCFM": {
	"bitscount": 1, 
	"lists": {
		"0": "False", 
		"1": "True"
	}
	}, 
	"DTCExtendedData.AgingCounter": {
	"scaled": true, 
	"comment": "Description of the extendedData AgingCounter (use by Failure Page to decode data)"
	}, 
	"D_IH_UserIdentification": {
	"bitscount": 3, 
	"lists": {
		"0": "Undefined User", 
		"1": "User N\u00b01", 
		"2": "User N\u00b02", 
		"3": "User N\u00b03", 
		"4": "User N\u00b04", 
		"5": "Not defined (101)", 
		"6": "Not defined (110)", 
		"7": "Not defined (111)"
	}
	}, 
	"VL_HumiditySensor_SCFP": {
	"bitscount": 1, 
	"lists": {
		"0": "False", 
		"1": "True"
	}
	}, 
	"DTCMaskRecord": {
	"bytescount": 3, 
	"byte": true, 
	"bitscount": 24
	}, 
	"VL_EEPROM_ERFP": {
	"bitscount": 1, 
	"lists": {
		"0": "False", 
		"1": "True"
	}
	}, 
	"D_IH_BlowerUpPushToggle": {
	"bitscount": 1, 
	"lists": {
		"0": "State 0", 
		"1": "State 1"
	}
	}, 
	"CLIM_Absent": {
	"lists": {
		"0": "False", 
		"1": "True"
	}
	}, 
	"VL_MicroMicroBlowerOutputDiag_SCFP": {
	"bitscount": 1, 
	"lists": {
		"0": "False", 
		"1": "True"
	}
	}, 
	"VL_MicroMicroBlowerOutputDiag_SCFM": {
	"bitscount": 1, 
	"lists": {
		"0": "False", 
		"1": "True"
	}
	}, 
	"VL_RightMixActuator_OCFP": {
	"bitscount": 1, 
	"lists": {
		"0": "False", 
		"1": "True"
	}
	}, 
	"VL_EEPROM_ERFM": {
	"bitscount": 1, 
	"lists": {
		"0": "False", 
		"1": "True"
	}
	}, 
	"D_IH_EngineCoolantTemp": {
	"scaled": true, 
	"unit": "\u00b0C", 
	"offset": -40.0
	}, 
	"FrontControlPanelLighting.mode": {
	"lists": {
		"1": "Font Panel Lighting ON", 
		"2": "Front Panel Lighting OFF"
	}
	}, 
	"EditionNumber": {
	"comment": "Software version(edition) number", 
	"bytescount": 2, 
	"byte": true, 
	"bitscount": 16
	}, 
	"PartNumber.LowerPart": {
	"bytesascii": true, 
	"bytescount": 5, 
	"byte": true, 
	"bitscount": 40
	}, 
	"D_IH_BlowerDnLongPushState": {
	"bitscount": 1, 
	"lists": {
		"0": "No Long Push", 
		"1": "Long Push Detected"
	}
	}, 
	"M_BRK": {
	"scaled": true, 
	"bitscount": 6
	}, 
	"PTCNumberThermalRequest": {
	"bitscount": 4, 
	"lists": {
		"0": "0 PTC Requested", 
		"1": "1 PTC Requested", 
		"2": "2 PTC Requested", 
		"3": "3 PTC Requested", 
		"4": "4 PTC Requested", 
		"5": "5 PTC Requested", 
		"6": "6 PTC Requested", 
		"7": "7 PTC Requested", 
		"8": "8 PTC Requested", 
		"9": "9 PTC Requested", 
		"10": "10 PTC Requested", 
		"11": "Not Used (1011)", 
		"12": "Not Used (1100)", 
		"13": "Not Used (1101)", 
		"14": "Not Used (1110)", 
		"15": "No Request"
	}
	}, 
	"OH_RightTempDisplay": {
	"scaled": true, 
	"step": 0.5, 
	"bitscount": 6, 
	"format": "#.0"
	}, 
	"OH_AutoSoftIndic": {
	"bitscount": 1, 
	"lists": {
		"0": "Light OFF", 
		"1": "Light ON"
	}
	}, 
	"D_VL_ActiveDiagnosticSession": {
	"lists": {
		"192": "APV Session (Assembly Line testing an After-Sales)", 
		"129": "Default Session", 
		"240": "Tune Phase Session", 
		"134": "Development Session", 
		"133": "Programming Session"
	}
	}, 
	"DTCStatus.pendingDTC": {
	"bitscount": 1, 
	"lists": {
		"0": "No", 
		"1": "Yes"
	}
	}, 
	"RearDefrostRequest": {
	"bitscount": 1, 
	"lists": {
		"0": "Not Requested", 
		"1": "Requested"
	}
	}, 
	"DTCRecord": {
	"bytescount": 3, 
	"byte": true, 
	"bitscount": 24
	}, 
	"VL_RightMixActuator_SCFM": {
	"bitscount": 1, 
	"lists": {
		"0": "False", 
		"1": "True"
	}
	}, 
	"D_IH_AutoFastPushToggle": {
	"bitscount": 1, 
	"lists": {
		"0": "State 0", 
		"1": "State 1"
	}
	}, 
	"D_IH_LeftTempDnLongPushState": {
	"bitscount": 1, 
	"lists": {
		"0": "No Long Push", 
		"1": "Long Push Detected"
	}
	}, 
	"D_IH_EngineStopRequestOrigine": {
	"bitscount": 4, 
	"lists": {
		"0": "No stop request", 
		"1": "By other causes", 
		"2": "By normal request", 
		"3": "Value not defined (0011)", 
		"4": "By driver request", 
		"5": "Value not defined (0101)", 
		"6": "Value not defined (0110)", 
		"7": "Value not defined (0111)", 
		"8": "By emergency", 
		"9": "Value not defined (1001)", 
		"10": "Value not defined (1010)", 
		"11": "Value not defined (1011)", 
		"12": "Value not defined (1100)", 
		"13": "Value not defined (1101)", 
		"14": "Value not defined (1110)", 
		"15": "Value not defined (1111)"
	}
	}, 
	"VL_LINComDiag_ERFM": {
	"bitscount": 1, 
	"lists": {
		"0": "False", 
		"1": "True"
	}
	}, 
	"VL_LINComDiag_ERFP": {
	"bitscount": 1, 
	"lists": {
		"0": "False", 
		"1": "True"
	}
	}, 
	"DTCStatus.testNotCompletedThisMonitoringCycle": {
	"bitscount": 1, 
	"lists": {
		"0": "No", 
		"1": "Yes"
	}
	}, 
	"D_IH_RHumidity": {
	"scaled": true, 
	"step": 0.5, 
	"unit": "%"
	}, 
	"VL_RightMixActuator_SCFP": {
	"bitscount": 1, 
	"lists": {
		"0": "False", 
		"1": "True"
	}
	}, 
	"D_IH_ACCompClutchStatus": {
	"bitscount": 1, 
	"lists": {
		"0": "Clutch OFF", 
		"1": "Clutch ON"
	}
	}, 
	"D_ILW_ReductorRatio": {
	"scaled": true, 
	"divideby": 255.0, 
	"step": 5.0, 
	"unit": "mV", 
	"format": "#0.00"
	}, 
	"VL_LeftMixActuator_SCFP": {
	"bitscount": 1, 
	"lists": {
		"0": "False", 
		"1": "True"
	}
	}, 
	"D_IH_RightTempUpPushToggle": {
	"bitscount": 1, 
	"lists": {
		"0": "State 0", 
		"1": "State 1"
	}
	}, 
	"VL_AQS_Reductor_SCFP": {
	"bitscount": 1, 
	"lists": {
		"0": "False", 
		"1": "True"
	}
	}, 
	"D_ILW_FeetVentActrPosition": {
	"scaled": true, 
	"bitscount": 7
	}, 
	"VL_AQS_Reductor_OCFP": {
	"bitscount": 1, 
	"lists": {
		"0": "False", 
		"1": "True"
	}
	}, 
	"D_IH_IncarTemp": {
	"scaled": true, 
	"step": 0.4, 
	"format": "#0.0", 
	"unit": "\u00b0C", 
	"offset": -40.0
	}, 
	"VL_LeftMixActuator_OCFP": {
	"bitscount": 1, 
	"lists": {
		"0": "False", 
		"1": "True"
	}
	}, 
	"D_IH_RecyActrPosition": {
	"scaled": true, 
	"bitscount": 7
	}, 
	"VL_EvapTempDiag_OCFP": {
	"bitscount": 1, 
	"lists": {
		"0": "False", 
		"1": "True"
	}
	}, 
	"VL_EvapTempDiag_OCFM": {
	"bitscount": 1, 
	"lists": {
		"0": "False", 
		"1": "True"
	}
	}, 
	"D_IH_AutoNormalLongPushState": {
	"bitscount": 1, 
	"lists": {
		"0": "No Long Push", 
		"1": "Long Push Detected"
	}
	}, 
	"VL_AQS_Reductor_OCFM": {
	"bitscount": 1, 
	"lists": {
		"0": "False", 
		"1": "True"
	}
	}, 
	"VL_Config_ERFM": {
	"bitscount": 1, 
	"lists": {
		"0": "False", 
		"1": "True"
	}
	}, 
	"D_OH_RecyActrRequest": {
	"scaled": true, 
	"bitscount": 7
	}, 
	"D_IH_DayNightStatusForBackLights": {
	"bitscount": 1, 
	"lists": {
		"0": "Day time", 
		"1": "Night time"
	}
	}, 
	"ValueToBeWritten": {
	"bytescount": 18, 
	"byte": true, 
	"bitscount": 144
	}, 
	"D_IH_ACCompMaximunPower": {
	"scaled": true, 
	"step": 25.0
	}, 
	"SoftwareNumber": {
	"comment": "Software identification number", 
	"bytescount": 2, 
	"byte": true, 
	"bitscount": 16
	}, 
	"D_IH_RightTempUpLongPushState": {
	"bitscount": 1, 
	"lists": {
		"0": "No Long Push", 
		"1": "Long Push Detected"
	}
	}, 
	"D_IH_ClearnessPushToggle": {
	"bitscount": 1, 
	"lists": {
		"0": "State 0", 
		"1": "State 1"
	}
	}, 
	"D_IH_LeftTempUpLongPushState": {
	"bitscount": 1, 
	"lists": {
		"0": "No Long Push", 
		"1": "Long Push Detected"
	}
	}, 
	"EngineeringCalibrationNumber": {
	"bytescount": 2, 
	"byte": true, 
	"bitscount": 16
	}, 
	"D_OH_BlowerRequest": {
	"scaled": true, 
	"unit": "%"
	}, 
	"VL_InCarTempSensor_SCFM": {
	"bitscount": 1, 
	"lists": {
		"0": "False", 
		"1": "True"
	}
	}, 
	"M_Mute": {
	"scaled": true, 
	"bitscount": 6
	}, 
	"VL_RecyActuator_SCFP": {
	"bitscount": 1, 
	"lists": {
		"0": "False", 
		"1": "True"
	}
	}, 
	"DTCFailureType.Category": {
	"bitscount": 4, 
	"lists": {
		"0": "General Failure Information", 
		"1": "General Electrical Failures", 
		"2": "General Signal Failures", 
		"3": "FM (Frequency Modulated) / PWM (Pulse Width Modulated) Failures", 
		"4": "System Internal Failures", 
		"5": "System Programming Failures", 
		"6": "Algorithm Based Failures", 
		"7": "Mechanical Failures", 
		"8": "Bus Signal / Message Failures", 
		"9": "Component Failures", 
		"15": "Vehicle manufacturer / System supplier specific"
	}
	}, 
	"VL_RecyActuator_SCFM": {
	"bitscount": 1, 
	"lists": {
		"0": "False", 
		"1": "True"
	}
	}, 
	"D_IH_RightTempDnLongPushState": {
	"bitscount": 1, 
	"lists": {
		"0": "No Long Push", 
		"1": "Long Push Detected"
	}
	}, 
	"D_ILN_DiagMuxON": {
	"bitscount": 1, 
	"lists": {
		"0": "OFF", 
		"1": "ON"
	}
	}, 
	"D_ILW_BlowerFanFeedback": {
	"scaled": true, 
	"step": 0.1, 
	"unit": "%", 
	"format": "#0.0"
	}, 
	"D_ILN_DischargedVbatTempoRequest": {
	"bitscount": 1, 
	"lists": {
		"0": "No Discharged", 
		"1": "Discharged"
	}
	}, 
	"ACCompClutchRequest": {
	"bitscount": 1, 
	"lists": {
		"0": "Compressor Not Requested", 
		"1": "Compressor Requested"
	}
	}, 
	"VL_RearActuator_OCFP": {
	"bitscount": 1, 
	"lists": {
		"0": "False", 
		"1": "True"
	}
	}, 
	"ACCompPowerUsed": {
	"scaled": true, 
	"step": 25.0, 
	"unit": "W"
	}, 
	"D_IH_VehicleState": {
	"bitscount": 3, 
	"lists": {
		"0": "Vehicle asleep and Engine Stopped", 
		"1": "Vehicle awake and Engine Stopped", 
		"2": "Ignition ON and Engine ready to start", 
		"3": "Starting In Progress", 
		"4": "Vehicle awake and Engine running", 
		"5": "Value not defined (101)", 
		"6": "Value not defined (110)", 
		"7": "Value not defined (111)"
	}
	}, 
	"D_IH_RearLongPushState": {
	"bitscount": 1, 
	"lists": {
		"0": "No Long Push", 
		"1": "Long Push Detected"
	}
	}, 
	"D_IH_AutoNormalPushToggle": {
	"bitscount": 1, 
	"lists": {
		"0": "State 0", 
		"1": "State 1"
	}
	}, 
	"VL_DistActuator_SCFP": {
	"bitscount": 1, 
	"lists": {
		"0": "False", 
		"1": "True"
	}
	}, 
	"D_IH_RearDefPushToggle": {
	"bitscount": 1, 
	"lists": {
		"0": "State 0", 
		"1": "State 1"
	}
	}, 
	"D_IH_AutoFastLongPushState": {
	"bitscount": 1, 
	"lists": {
		"0": "No Long Push", 
		"1": "Long Push Detected"
	}
	}, 
	"FrontDefrostRequest": {
	"bitscount": 1, 
	"lists": {
		"0": "Not Requested", 
		"1": "Requested"
	}
	}, 
	"VL_RightMixActuator_OCFM": {
	"bitscount": 1, 
	"lists": {
		"0": "False", 
		"1": "True"
	}
	}, 
	"DataRecord": {
	"byte": true
	}, 
	"DTCExtendedData.Mileage": {
	"scaled": true, 
	"bytescount": 3, 
	"comment": "Description of the extendedData Mileage (use by Failure Page to decode data)", 
	"bitscount": 24, 
	"unit": "km"
	}, 
	"D_IH_AutoSoftPushToggle": {
	"bitscount": 1, 
	"lists": {
		"0": "State 0", 
		"1": "State 1"
	}
	}, 
	"VL_LeftMixActuator_OCFM": {
	"bitscount": 1, 
	"lists": {
		"0": "False", 
		"1": "True"
	}
	}, 
	"OH_ACOFFIndic": {
	"bitscount": 1, 
	"lists": {
		"0": "Light OFF", 
		"1": "Light ON"
	}
	}, 
	"LeftMixingActuator.mode": {
	"lists": {
		"1": "Full cool", 
		"2": "Full hot"
	}
	}, 
	"ConfirmedFaultABS": {
	"bitscount": 1, 
	"lists": {
		"0": "False", 
		"1": "True"
	}
	}, 
	"OH_BlowerLevelDisplay": {
	"scaled": true, 
	"bitscount": 4
	}, 
	"M_Bus_OFF": {
	"scaled": true, 
	"bitscount": 6
	}, 
	"ACMinEngineIdleSpeedRequest": {
	"scaled": true, 
	"step": 50.0, 
	"bitscount": 4, 
	"unit": "rpm", 
	"offset": 500.0
	}, 
	"D_IH_EngineStatus_R": {
	"bitscount": 2, 
	"lists": {
		"0": "Engine Stopped", 
		"1": "Not used : Reserved", 
		"2": "Independant running engine", 
		"3": "Running-engine driven"
	}
	}, 
	"D_IH_StopPushToggle": {
	"bitscount": 1, 
	"lists": {
		"0": "State 0", 
		"1": "State 1"
	}
	}, 
	"DTCFailureType.ManufacturerOrSupplier": {
	"bitscount": 4
	}, 
	"OH_BackLightDimming": {
	"scaled": true, 
	"step": 0.4, 
	"unit": "%", 
	"format": "#0.0"
	}, 
	"VL_AQS_HeatSupply_SCFM": {
	"bitscount": 1, 
	"lists": {
		"0": "False", 
		"1": "True"
	}
	}, 
	"CL_CompType": {
	"comment": "configuration du type de compresseur", 
	"lists": {
		"0": "Not Configurated", 
		"1": "Compressor 1 (Clutch + Valve)", 
		"67": "Compressor 3 (Clutch + Internal control)", 
		"68": "Compressor 4 (Clutch+ fixe capacity)", 
		"129": "Compressor  2 (clutchless +valve)"
	}
	}, 
	"CurrentFaultBus_OFF": {
	"bitscount": 1, 
	"lists": {
		"0": "False", 
		"1": "True"
	}
	}, 
	"OH_IndicDimming": {
	"scaled": true, 
	"step": 0.4, 
	"unit": "%", 
	"format": "#0.0"
	}, 
	"D_IH_RightMixActrPosition": {
	"scaled": true, 
	"bitscount": 7
	}, 
	"D_IH_BlowerDnPushToggle": {
	"bitscount": 1, 
	"lists": {
		"0": "State 0", 
		"1": "State 1"
	}
	}, 
	"ApprovalNumber.BasicPartList": {
	"lists": {
		"0": "N/A", 
		"1": "RENO.", 
		"2": "NISS."
	}
	}, 
	"CL_WithEvapSensor": {
	"comment": "configuration de la presence de la sonde evaporateur", 
	"lists": {
		"0": "Not Configurated", 
		"1": "KL_WithoutSensor", 
		"2": "KL_WithLocalSensor"
	}
	}, 
	"VL_RecyActuator_OCFP": {
	"bitscount": 1, 
	"lists": {
		"0": "False", 
		"1": "True"
	}
	}, 
	"OH_ScreenDimming": {
	"scaled": true, 
	"step": 0.4, 
	"unit": "%", 
	"format": "#0.0"
	}, 
	"CL_WithHumiditySensor": {
	"comment": "configuration de la presence du capteur d'humidite", 
	"lists": {
		"0": "Not Configurated", 
		"1": "KL_WithoutSensor", 
		"2": "KL_WithLocalSensor"
	}
	}, 
	"D_IH_NightRheostatedLightMaxPerCent": {
	"scaled": true, 
	"step": 0.4, 
	"unit": "%", 
	"format": "#0.0"
	}, 
	"CL_WithAirQualitySensor": {
	"comment": "configuration de la presence du capteur de toxicite", 
	"lists": {
		"0": "Not Configurated", 
		"1": "KL_WithoutSensor", 
		"2": "KL_WithLocalSensor"
	}
	}, 
	"VL_EvapTempSensor_SCFP": {
	"bitscount": 1, 
	"lists": {
		"0": "False", 
		"1": "True"
	}
	}, 
	"VL_RightSolarSensor_SCFM": {
	"bitscount": 1, 
	"lists": {
		"0": "False", 
		"1": "True"
	}
	}, 
	"MemoryAddressToRead": {
	"bytescount": 4, 
	"byte": true, 
	"bitscount": 32
	}, 
	"D_IH_OxidantRatio": {
	"scaled": true, 
	"bytescount": 2, 
	"bitscount": 16
	}, 
	"D_OLW_RearDefrostIndic": {
	"bitscount": 1, 
	"lists": {
		"0": "Light OFF", 
		"1": "Light ON"
	}
	}, 
	"VL_EvapTempSensor_SCFM": {
	"bitscount": 1, 
	"lists": {
		"0": "False", 
		"1": "True"
	}
	}, 
	"VL_AQS_Reductor_SCFM": {
	"bitscount": 1, 
	"lists": {
		"0": "False", 
		"1": "True"
	}
	}, 
	"ManufacturerIdentificationCode": {}, 
	"MemorySizeToBeRead": {
	"comment": "Must be <7", 
	"bytescount": 2, 
	"byte": true, 
	"bitscount": 16
	}, 
	"D_IH_ExternalTemp": {
	"scaled": true, 
	"unit": "\u00b0C", 
	"offset": -40.0
	}, 
	"VL_BlowerSystDefault1_FP": {
	"bitscount": 1, 
	"lists": {
		"0": "False", 
		"1": "True"
	}
	}, 
	"VL_Config_ERFP": {
	"bitscount": 1, 
	"lists": {
		"0": "False", 
		"1": "True"
	}
	}, 
	"VL_HumiditySensor_OCFM": {
	"bitscount": 1, 
	"lists": {
		"0": "False", 
		"1": "True"
	}
	}, 
	"MemoryAdressToWrite": {
	"bytescount": 4, 
	"byte": true, 
	"bitscount": 32
	}, 
	"VehicleManufacturerSparePartNumber": {
	"bytesascii": true, 
	"bytescount": 10, 
	"byte": true, 
	"bitscount": 80
	}, 
	"D_OLW_RecyIndic": {
	"bitscount": 1, 
	"lists": {
		"0": "Light OFF", 
		"1": "Light ON"
	}
	}, 
	"D_IH_ACCompAuthorized": {
	"bitscount": 1, 
	"lists": {
		"0": "AC not Authorized", 
		"1": "AC Authorized"
	}
	}, 
	"RightMixingActuator.mode": {
	"lists": {
		"1": "Full cool", 
		"2": "Full hot"
	}
	}, 
	"MemoryDataToBeRecorded": {
	"byte": true
	}, 
	"DTCFailureType": {
	"lists": {
		"0": "Device and failure type ODB codding", 
		"1": "General Electrical Failure", 
		"2": "General signal failure", 
		"3": "FM (Frequency Modulated) / PWM (Pulse Width Modulated) Failures", 
		"4": "System Internal Failures", 
		"5": "System Programming Failures", 
		"6": "Algorithm Based Failures", 
		"7": "Mechanical Failures", 
		"8": "Bus Signal / Message Failures", 
		"9": "Component Failures", 
		"17": "circuit short to ground", 
		"18": "circuit short to battery", 
		"19": "circuit open", 
		"20": "circuit short to ground or open", 
		"21": "circuit short to battery or open", 
		"22": "circuit voltage below threshold", 
		"23": "circuit voltage above threshold", 
		"24": "circuit current below threshold", 
		"25": "circuit current above threshold", 
		"26": "circuit resistance below threshold", 
		"27": "circuit resistance above threshold", 
		"28": "circuit voltage out of range", 
		"29": "circuit current out of range", 
		"30": "circuit resistance out of range", 
		"31": "circuit intermittent", 
		"33": "signal amplitude < minimum", 
		"34": "signal amplitude > maximum", 
		"35": "signal stuck low", 
		"36": "signal stuck high", 
		"37": "signal shape / waveform failure", 
		"38": "signal rate of change below threshold", 
		"39": "signal rate of change above threshold", 
		"40": "signal bias level out of range / zero adjustment failure", 
		"41": "signal signal invalid", 
		"47": "signal erratic", 
		"49": "no signal", 
		"50": "signal low time < minimum", 
		"51": "signal low time > maximum", 
		"52": "signal high time < minimum", 
		"53": "signal high time > maximum", 
		"54": "signal frequency too low", 
		"55": "signal frequency too high", 
		"56": "signal frequency incorrect", 
		"57": "incorrect has too few pulses", 
		"58": "incorrect has too many pulses", 
		"65": "general checksum failure", 
		"66": "general memory failure", 
		"67": "special memory failure", 
		"68": "data memory failure", 
		"69": "program memory failure", 
		"70": "calibration / parameter memory failure", 
		"71": "watchdog / safety \u00b5C failure", 
		"72": "supervision software failure", 
		"73": "internal electronic failure", 
		"74": "incorrect component installed", 
		"75": "over temperature", 
		"81": "not programmed", 
		"82": "not activated", 
		"83": "deactivated", 
		"84": "missing calibration", 
		"85": "not configured", 
		"97": "signal calculation failure", 
		"98": "signal compare failure", 
		"99": "circuit / component protection time-out", 
		"100": "signal plausibility failure", 
		"101": "signal has too few transitions / events", 
		"102": "signal has too many transitions / events", 
		"103": "signal incorrect after event", 
		"104": "event information", 
		"113": "actuator stuck", 
		"114": "actuator stuck open", 
		"115": "actuator stuck closed", 
		"116": "actuator slipping", 
		"117": "emergency position not reachable", 
		"118": "wrong mounting position", 
		"119": "commanded position not reachable", 
		"120": "alignment or adjustment incorrect", 
		"121": "mechanical linkage failure", 
		"122": "fluid leak or seal failure", 
		"123": "low fluid level", 
		"129": "invalid serial data received", 
		"130": "alive / sequence counter incorrect / not updated", 
		"131": "value of signal protection calculation incorrect", 
		"132": "signal below allowable range", 
		"133": "signal above allowable range", 
		"134": "signal invalid", 
		"135": "missing message", 
		"136": "bus off", 
		"143": "erratic", 
		"145": "parametric", 
		"146": "performance or incorrect operation", 
		"147": "no operation", 
		"148": "unexpected operation", 
		"149": "incorrect assembly", 
		"150": "component internal failure", 
		"151": "Component or system operation obstructed or blocked", 
		"152": "component or system over temperature"
	}
	}, 
	"D_IH_ReductorRatio": {
	"scaled": true, 
	"bytescount": 2, 
	"bitscount": 16, 
	"format": "#0.00"
	}, 
	"D_IH_Children_InhibitionState": {
	"bitscount": 1, 
	"lists": {
		"0": "Switch not activated", 
		"1": "Switch activated"
	}
	}, 
	"CurrentFaultABS": {
	"bitscount": 1, 
	"lists": {
		"0": "False", 
		"1": "True"
	}
	}, 
	"VL_LeftSolarSensor_OCFP": {
	"bitscount": 1, 
	"lists": {
		"0": "False", 
		"1": "True"
	}
	}, 
	"D_OH_MicroBlowerReq": {
	"bitscount": 1, 
	"lists": {
		"0": "Not Requested", 
		"1": "Requested"
	}
	}, 
	"DiagnosticIdentificationCode": {
	"byte": true
	}, 
	"StatusOfDTC": {
	"scaled": true
	}, 
	"D_IH_DistLongPushState": {
	"bitscount": 1, 
	"lists": {
		"0": "No Long Push", 
		"1": "Long Push Detected"
	}
	}, 
	"VL_BlowerSystDefault1_FM": {
	"bitscount": 1, 
	"lists": {
		"0": "False", 
		"1": "True"
	}
	}, 
	"OH_DistDisplay": {
	"bitscount": 4, 
	"lists": {
		"0": "No Display", 
		"1": "Feet", 
		"2": "Aerator", 
		"3": "Feet + Aerator", 
		"4": "Mild Flow", 
		"5": "Feet + Mild Flow", 
		"6": "Aerator + Mild Flow", 
		"7": "Feet + Aerator + Mild Flow", 
		"8": "Defrost", 
		"9": "Feet + Defrost", 
		"10": "Aerator + Defrost", 
		"11": "Feet + Aerator + Defrost", 
		"12": "MildFlow + Defrost", 
		"13": "Feet + MildFlow + Defrost", 
		"14": "Aerator  + MildFlow + Defrost", 
		"15": "Feet + Aerator  + MildFlow + Defrost"
	}
	}, 
	"VehicleManufacturerKitAssemblyPartNumber": {
	"bytesascii": true, 
	"bytescount": 10, 
	"byte": true, 
	"bitscount": 80
	}, 
	"VL_VBattDiag_FM": {
	"bitscount": 1, 
	"lists": {
		"0": "False", 
		"1": "True"
	}
	}, 
	"DTCDeviceAndFailureTypeOBD": {
	"bytescount": 2, 
	"bitscount": 16
	}, 
	"VL_AQS_Oxidant_SCFP": {
	"bitscount": 1, 
	"lists": {
		"0": "False", 
		"1": "True"
	}
	}, 
	"VL_MicroMicroBlowerOutputDiag_OCFP": {
	"bitscount": 1, 
	"lists": {
		"0": "False", 
		"1": "True"
	}
	}, 
	"VL_RearActuator_SCFM": {
	"bitscount": 1, 
	"lists": {
		"0": "False", 
		"1": "True"
	}
	}, 
	"SupplierNumber.ITG": {
	"bytesascii": true, 
	"bytescount": 3, 
	"byte": true, 
	"bitscount": 24, 
	"comment": "Supplier ITG code"
	}, 
	"VL_InCarTempSensor_OCFP": {
	"bitscount": 1, 
	"lists": {
		"0": "False", 
		"1": "True"
	}
	}, 
	"VL_RecyActuator_OCFM": {
	"bitscount": 1, 
	"lists": {
		"0": "False", 
		"1": "True"
	}
	}, 
	"ACCompRequest": {
	"bitscount": 1, 
	"lists": {
		"0": "No AC Requested", 
		"1": "AC Requested"
	}
	}, 
	"OutputControl.OnOff": {
	"lists": {
		"1": "ON (state 1)", 
		"2": "OFF (State 2)"
	}
	}, 
	"D_IH_ElectricalPowerDrived": {
	"scaled": true, 
	"step": 100.0, 
	"bitscount": 5, 
	"unit": "W"
	}, 
	"VL_HumiditySensor_OCFP": {
	"bitscount": 1, 
	"lists": {
		"0": "False", 
		"1": "True"
	}
	}, 
	"VL_BlowerSystDefault2_FM": {
	"bitscount": 1, 
	"lists": {
		"0": "False", 
		"1": "True"
	}
	}, 
	"VL_MicroMicroBlowerOutputDiag_OCFM": {
	"bitscount": 1, 
	"lists": {
		"0": "False", 
		"1": "True"
	}
	}, 
	"VL_AQS_Oxidant_SCFM": {
	"bitscount": 1, 
	"lists": {
		"0": "False", 
		"1": "True"
	}
	}, 
	"D_IH_LeftSolarLevel": {
	"scaled": true, 
	"step": 50.0, 
	"bitscount": 5, 
	"unit": "W/m\u00b2"
	}, 
	"D_OLW_AutoFastIndic": {
	"bitscount": 1, 
	"lists": {
		"0": "Light OFF", 
		"1": "Light ON"
	}
	}, 
	"D_OLW_AutoSoftIndic": {
	"bitscount": 1, 
	"lists": {
		"0": "Light OFF", 
		"1": "Light ON"
	}
	}, 
	"D_IH_RCUPosition": {
	"bitscount": 3, 
	"lists": {
		"0": "RCU Closed", 
		"1": "RCU Opened", 
		"2": "RCU Opening", 
		"3": "RCU Closing", 
		"4": "not used", 
		"5": "Not used", 
		"6": "Not Used", 
		"7": "Unvailable value"
	}
	}, 
	"M_BCM": {
	"scaled": true, 
	"bitscount": 6
	}, 
	"VL_DistMildActuator_SCFM": {
	"bitscount": 1, 
	"lists": {
		"0": "False", 
		"1": "True"
	}
	}, 
	"CL_ACType": {
	"comment": "configuration du type de climatisation", 
	"lists": {
		"0": "Not Configurated", 
		"1": "Monozone Manuel", 
		"18": "Dualzone Regulated with rear ventil", 
		"17": "Dualzone Regulated without rear ventil"
	}
	}, 
	"CurrentFaultUSM": {
	"bitscount": 1, 
	"lists": {
		"0": "False", 
		"1": "True"
	}
	}, 
	"CalibrationNumber": {
	"comment": "Numero de calibration en Hexa", 
	"bytescount": 2, 
	"byte": true, 
	"bitscount": 16
	}, 
	"CL_WithSolarSensor": {
	"comment": "configuration de la presence du capteur d'ensoleillement", 
	"lists": {
		"0": "Not Configurated", 
		"1": "KL_WithoutSensor", 
		"2": "KL_WithLocalSensor", 
		"3": "KL_SensorByCAN"
	}
	}, 
	"OH_AutoFastIndic": {
	"bitscount": 1, 
	"lists": {
		"0": "Light OFF", 
		"1": "Light ON"
	}
	}, 
	"VL_InCarTempSensor_SCFP": {
	"bitscount": 1, 
	"lists": {
		"0": "False", 
		"1": "True"
	}
	}, 
	"CL_WithLINBus": {
	"comment": "configuration de la presence du bus LIN", 
	"lists": {
		"0": "Not Configurated", 
		"1": "KL_WithoutLINBus", 
		"2": "KL_WithLINBus"
	}
	}, 
	"CL_CountryCfg": {
	"comment": "configuration de la zone climatique", 
	"lists": {
		"0": "Not Configurated", 
		"1": "Country 1", 
		"2": "Country 2", 
		"3": "Country 3", 
		"4": "Country 4"
	}
	}, 
	"VL_AQS_Oxidant_OCFP": {
	"bitscount": 1, 
	"lists": {
		"0": "False", 
		"1": "True"
	}
	}, 
	"VL_AQS_Oxidant_OCFM": {
	"bitscount": 1, 
	"lists": {
		"0": "False", 
		"1": "True"
	}
	}, 
	"ConfirmedFaultECM": {
	"bitscount": 1, 
	"lists": {
		"0": "False", 
		"1": "True"
	}
	}, 
	"RecordLocalIdentifier": {
	"lists": {
		"1": "System Global Configuration", 
		"2": "Vehicle Type Configuration", 
		"3": "AC Version Configuration", 
		"4": "PTC Version Configuration", 
		"5": "Climate Area Configuration", 
		"6": "Right/Left Hand Drive Configuration", 
		"7": "Compressor Type Configuration", 
		"8": "Pulley Ratio Configuration", 
		"9": "Evaporator Sensor Configuration", 
		"10": "Solar Sensor Configuration", 
		"11": "Air Quality Sensor Configuration", 
		"12": "Front Defrost Configuration", 
		"129": "Vehicle Identification", 
		"31": "Remote Working Mode Configuration"
	}
	}, 
	"D_ILN_GenericApplicativeDiagEnable": {
	"scaled": true, 
	"bitscount": 2
	}, 
	"D_IH_VisibleSolarLevelInfo": {
	"scaled": true, 
	"step": 50.0, 
	"bitscount": 4, 
	"unit": "W"
	}, 
	"D_IH_RightTempDnPushToggle": {
	"bitscount": 1, 
	"lists": {
		"0": "State 0", 
		"1": "State 1"
	}
	}, 
	"VL_AQS_HeatSupply_SCFP": {
	"bitscount": 1, 
	"lists": {
		"0": "False", 
		"1": "True"
	}
	}, 
	"DTCExtendedData.DTCOccurrenceCounter": {
	"scaled": true, 
	"comment": "Description of the extendedData DTCOccurenceCounter (use by Failure Page to decode data)"
	}, 
	"D_IH_EngineRPM": {
	"bitscount": 16, 
	"format": "#0.000", 
	"scaled": true, 
	"step": 0.125, 
	"bytescount": 2, 
	"unit": "Tr/mn"
	}, 
	"VL_AQS_VrefSupply_GND_SCFM": {
	"bitscount": 1, 
	"lists": {
		"0": "False", 
		"1": "True"
	}
	}, 
	"D_OLW_AutoNormalIndic": {
	"bitscount": 1, 
	"lists": {
		"0": "Light OFF", 
		"1": "Light ON"
	}
	}, 
	"D_IH_ACCompValveDefault": {
	"bitscount": 1, 
	"lists": {
		"0": "No default", 
		"1": "Default present"
	}
	}, 
	"OH_RecyIndic": {
	"bitscount": 1, 
	"lists": {
		"0": "Light OFF", 
		"1": "Light ON"
	}
	}, 
	"OH_LeftTempDisplay": {
	"scaled": true, 
	"step": 0.5, 
	"bitscount": 6, 
	"format": "#.0"
	}, 
	"D_IH_SupposedCustomerDeparture": {
	"bitscount": 2, 
	"lists": {
		"0": "State 0", 
		"1": "State 1", 
		"2": "State 2", 
		"3": "Reset"
	}
	}, 
	"D_IH_VehicleSpeed": {
	"scaled": true, 
	"unit": "Km/h"
	}, 
	"HardwareNumber.LowerPart": {
	"bytesascii": true, 
	"bytescount": 5, 
	"byte": true, 
	"bitscount": 40
	}, 
	"ClimCustomerAction": {
	"scaled": true, 
	"bitscount": 2
	}, 
	"D_IH_AutoSoftLongPushState": {
	"bitscount": 1, 
	"lists": {
		"0": "No Long Push", 
		"1": "Long Push Detected"
	}
	}, 
	"FeetVentActuator.mode": {
	"lists": {
		"1": "A\u00e9rateur", 
		"2": "Degivrage"
	}
	}, 
	"OH_RearDefrostIndic": {
	"bitscount": 1, 
	"lists": {
		"0": "Light OFF", 
		"1": "Light ON"
	}
	}, 
	"DTCStatus.testFailed": {
	"bitscount": 1, 
	"lists": {
		"0": "No", 
		"1": "Yes"
	}
	}, 
	"DTCStatus.confirmedDTC": {
	"bitscount": 1, 
	"lists": {
		"0": "No", 
		"1": "Yes"
	}
	}, 
	"D_IH_BlowerUpLongPushState": {
	"bitscount": 1, 
	"lists": {
		"0": "No Long Push", 
		"1": "Long Push Detected"
	}
	}, 
	"VL_AQS_VrefSupply_GND_SCFP": {
	"bitscount": 1, 
	"lists": {
		"0": "False", 
		"1": "True"
	}
	}, 
	"ConfirmedFaultUSM": {
	"bitscount": 1, 
	"lists": {
		"0": "False", 
		"1": "True"
	}
	}
}
}