{
"obd": {
	"baudrate": 10400, 
	"protocol": "CAN", 
	"recv_id": "764", 
	"funcname": "Climatisation", 
	"funcaddr": "29", 
	"send_id": "744"
}, 
"devices": [
	{
	"dtc": 0, 
	"devicedata": {
		"D_BatVoltage": "0", 
		"D_MixPosition": "0", 
		"D_RecyPosition": "0", 
		"D_TreatedAirVent": "0", 
		"D_TreatedAirFloor": "0", 
		"D_DistributionPosition": "0", 
		"D_ACCSupply": "0", 
		"D_IncarTemperature": "0", 
		"D_CabinFanSpeed": "0", 
		"D_LightStatus": "0", 
		"D_MicroBlowerRequest": "0", 
		"D_LDAStatus": "0"
	}, 
	"dtctype": 4, 
	"name": "ReadDataByLocalID.StateData"
	}, 
	{
	"dtc": 0, 
	"devicedata": {
		"PumpActivationRequest": "0", 
		"DiagMuxON_BCM": "0", 
		"StopAutoState": "0", 
		"ElectricalPowerDrived": "0", 
		"NightDimmedLight_MaxPercent": "0", 
		"ACCSheddingRelay": "0", 
		"EngineCoolantTemp": "0", 
		"VehicleSpeed": "0", 
		"ExternalTemp": "0", 
		"RearDefrostPush": "0", 
		"ResetInfo_Clim": "0", 
		"EngineStatus": "0", 
		"EvaporatorTemperature": "0", 
		"ManualRearDefrostStatus": "0", 
		"VisibleSolarLevelInfo": "0", 
		"ClimateCoolingSelect": "0", 
		"APCLineStatus": "0", 
		"LeftSolarLevelInfo": "0", 
		"EngineRPM": "0", 
		"RightSolarLevelInfo": "0", 
		"PositionLightsRequest": "0", 
		"HeaterUnitSetPoint": "0", 
		"RearDefrostPushInvalid": "0", 
		"ClimateCoolingStatusCopy": "0", 
		"MinimumVoltagebyAC": "0", 
		"BatteryVoltage": "0", 
		"AC_StopAutoForbidden": "0", 
		"CabinFanState": "0", 
		"HeaterUnitSetPointFreeze": "0", 
		"RearDefrostAutoSelect": "0"
	}, 
	"dtctype": 4, 
	"name": "ReadDataByLocalID.CANData"
	}, 
	{
	"dtc": 37129, 
	"devicedata": {}, 
	"dtctype": 3, 
	"name": "BlowerFanSpeed"
	}, 
	{
	"dtc": 37137, 
	"devicedata": {}, 
	"dtctype": 0, 
	"name": "TreatedAirVent"
	}, 
	{
	"dtc": 37132, 
	"devicedata": {}, 
	"dtctype": 3, 
	"name": "MicroBlowerOutput"
	}, 
	{
	"dtc": 37121, 
	"devicedata": {}, 
	"dtctype": 0, 
	"name": "InCarTemp"
	}, 
	{
	"dtc": 61443, 
	"devicedata": {}, 
	"dtctype": 0, 
	"name": "VBatt"
	}, 
	{
	"dtc": 37127, 
	"devicedata": {}, 
	"dtctype": 3, 
	"name": "MixingActr"
	}, 
	{
	"dtc": 37138, 
	"devicedata": {}, 
	"dtctype": 0, 
	"name": "TreatedAirFloor"
	}, 
	{
	"dtc": 37130, 
	"devicedata": {}, 
	"dtctype": 0, 
	"name": "BlowerFanFeedBack"
	}, 
	{
	"dtc": 0, 
	"devicedata": {
		"Right/LeftHandDrive": "0", 
		"ClimatArea": "0", 
		"VehicleType": "0", 
		"PTCVersion": "0"
	}, 
	"dtctype": 4, 
	"name": "ReadDataByLocalId.SystGlobalConfig"
	}, 
	{
	"dtc": 37128, 
	"devicedata": {}, 
	"dtctype": 3, 
	"name": "DistributionActr"
	}, 
	{
	"dtc": 37126, 
	"devicedata": {}, 
	"dtctype": 3, 
	"name": "RecyclingActr"
	}, 
	{
	"dtc": 37125, 
	"devicedata": {}, 
	"dtctype": 2, 
	"name": "EEPROM"
	}
], 
"ecuname": "Clim_X61_SCCO2", 
"autoidents": [
	{
	"diagversion": "4", 
	"supplier": "950", 
	"version": "0100", 
	"soft": "0500"
	}, 
	{
	"diagversion": "4", 
	"supplier": "950", 
	"version": "0500", 
	"soft": "0001"
	}
], 
"endian": "Big", 
"requests": [
	{
	"receivebyte_dataitems": {
		"D_BatVoltage": {
		"ref": true, 
		"firstbyte": 7
		}, 
		"D_MixPosition": {
		"ref": true, 
		"firstbyte": 10
		}, 
		"MinimumVoltagebyAC": {
		"bitoffset": 4, 
		"firstbyte": 13
		}, 
		"D_RecyPosition": {
		"ref": true, 
		"firstbyte": 12
		}, 
		"D_TreatedAirVent": {
		"ref": true, 
		"firstbyte": 5
		}, 
		"D_TreatedAirFloor": {
		"ref": true, 
		"firstbyte": 13
		}, 
		"D_DistributionPosition": {
		"ref": true, 
		"firstbyte": 11
		}, 
		"D_ACCSupply": {
		"ref": true, 
		"firstbyte": 4
		}, 
		"D_IncarTemperature": {
		"ref": true, 
		"firstbyte": 3
		}, 
		"D_CabinFanSpeed": {
		"ref": true, 
		"firstbyte": 8
		}, 
		"D_LightStatus": {
		"bitoffset": 2, 
		"ref": true, 
		"firstbyte": 12
		}, 
		"D_MicroBlowerRequest": {
		"bitoffset": 4, 
		"ref": true, 
		"firstbyte": 12
		}, 
		"D_CabinFanSpeedReq": {
		"firstbyte": 9
		}, 
		"D_LDAStatus": {
		"bitoffset": 6, 
		"ref": true, 
		"firstbyte": 12
		}, 
		"AC_StopAutoForbidden": {
		"bitoffset": 2, 
		"firstbyte": 13
		}
	}, 
	"deny_sds": [], 
	"minbytes": 13, 
	"sentbytes": "2121", 
	"name": "ReadDataByLocalID.StateData"
	}, 
	{
	"name": "ReadDTCInformation.MonitorDTC910614", 
	"replybytes": "590600000000", 
	"deny_sds": [], 
	"receivebyte_dataitems": {
		"DTCStatus.pendingDTC": {
		"bitoffset": 5, 
		"firstbyte": 6
		}, 
		"DTCStatus.testFailedSinceLastClear": {
		"bitoffset": 2, 
		"firstbyte": 6
		}, 
		"DTCRecord": {
		"firstbyte": 3
		}, 
		"DTCStatus.testNotCompletedSinceLastClear": {
		"bitoffset": 3, 
		"firstbyte": 6
		}, 
		"DTCStatus.testNotCompletedThisMonitoringCycle": {
		"bitoffset": 1, 
		"firstbyte": 6
		}, 
		"DTCStatus.warningIndicatorRequested": {
		"firstbyte": 6
		}, 
		"StatusOfDTC": {
		"firstbyte": 6
		}, 
		"DTCStatus.testFailedThisMonitoringCycle": {
		"bitoffset": 6, 
		"firstbyte": 6
		}, 
		"DTCStatus.testFailed": {
		"bitoffset": 7, 
		"firstbyte": 6
		}, 
		"DTCStatus.confirmedDTC": {
		"bitoffset": 4, 
		"firstbyte": 6
		}
	}, 
	"minbytes": 6, 
	"sentbytes": "1906910614FF"
	}, 
	{
	"name": "MicroBlowerStopControl", 
	"replybytes": "700000", 
	"deny_sds": [], 
	"manualsend": true, 
	"receivebyte_dataitems": {
		"Output Control Status": {
		"firstbyte": 3
		}
	}, 
	"minbytes": 3, 
	"sentbytes": "300511"
	}, 
	{
	"name": "MicroBlowerOutputControl", 
	"replybytes": "700000", 
	"deny_sds": [], 
	"manualsend": true, 
	"receivebyte_dataitems": {
		"Output Control Status": {
		"firstbyte": 3
		}
	}, 
	"sendbyte_dataitems": {
		"MicroBlower.mode": {
		"firstbyte": 4
		}, 
		"Output Control Command": {
		"firstbyte": 3
		}
	}, 
	"minbytes": 3, 
	"sentbytes": "30050001"
	}, 
	{
	"name": "DistributionOutputControl", 
	"replybytes": "700000", 
	"deny_sds": [], 
	"manualsend": true, 
	"receivebyte_dataitems": {
		"Output Control Status": {
		"firstbyte": 3
		}
	}, 
	"sendbyte_dataitems": {
		"Output Control Command": {
		"firstbyte": 3
		}, 
		"DistributionActuator.mode": {
		"firstbyte": 4
		}
	}, 
	"minbytes": 3, 
	"sentbytes": "30030001"
	}, 
	{
	"receivebyte_dataitems": {
		"ProductionCalibrationNumber": {
		"ref": true, 
		"firstbyte": 21
		}, 
		"EngineeringCalibrationNumber": {
		"ref": true, 
		"firstbyte": 23
		}, 
		"EngineeringSoftwareNumber": {
		"ref": true, 
		"firstbyte": 19
		}, 
		"HardwareNumber": {
		"ref": true, 
		"firstbyte": 12
		}, 
		"ManufacturerIdentificationCode": {
		"ref": true, 
		"firstbyte": 26
		}, 
		"DiagnosticIdentificationCode": {
		"ref": true, 
		"firstbyte": 8
		}, 
		"SupplierIdentificationCode": {
		"ref": true, 
		"firstbyte": 9
		}, 
		"Electronic Bord Part Number": {
		"ref": true, 
		"firstbyte": 3
		}, 
		"ProductionSoftwareNumber": {
		"ref": true, 
		"firstbyte": 17
		}
	}, 
	"deny_sds": [], 
	"minbytes": 26, 
	"sentbytes": "2180", 
	"name": "ReadDataByLocalId.RenaultSystIdentification"
	}, 
	{
	"name": "ECUReset", 
	"deny_sds": [], 
	"manualsend": true, 
	"sendbyte_dataitems": {
		"ResetType": {
		"firstbyte": 2
		}
	}, 
	"minbytes": 1, 
	"sentbytes": "1102"
	}, 
	{
	"name": "ReadDTCInformation.MonitorDTC910612", 
	"replybytes": "590600000000", 
	"deny_sds": [], 
	"receivebyte_dataitems": {
		"DTCStatus.pendingDTC": {
		"bitoffset": 5, 
		"firstbyte": 6
		}, 
		"DTCStatus.testFailedSinceLastClear": {
		"bitoffset": 2, 
		"firstbyte": 6
		}, 
		"DTCRecord": {
		"firstbyte": 3
		}, 
		"DTCStatus.testNotCompletedSinceLastClear": {
		"bitoffset": 3, 
		"firstbyte": 6
		}, 
		"DTCStatus.testNotCompletedThisMonitoringCycle": {
		"bitoffset": 1, 
		"firstbyte": 6
		}, 
		"DTCStatus.warningIndicatorRequested": {
		"firstbyte": 6
		}, 
		"StatusOfDTC": {
		"firstbyte": 6
		}, 
		"DTCStatus.testFailedThisMonitoringCycle": {
		"bitoffset": 6, 
		"firstbyte": 6
		}, 
		"DTCStatus.testFailed": {
		"bitoffset": 7, 
		"firstbyte": 6
		}, 
		"DTCStatus.confirmedDTC": {
		"bitoffset": 4, 
		"firstbyte": 6
		}
	}, 
	"minbytes": 6, 
	"sentbytes": "1906910612FF"
	}, 
	{
	"name": "ReadDTCInformation.MonitorDTC910714", 
	"replybytes": "590600000000", 
	"deny_sds": [], 
	"receivebyte_dataitems": {
		"DTCStatus.pendingDTC": {
		"bitoffset": 5, 
		"firstbyte": 6
		}, 
		"DTCStatus.testFailedSinceLastClear": {
		"bitoffset": 2, 
		"firstbyte": 6
		}, 
		"DTCRecord": {
		"firstbyte": 3
		}, 
		"DTCStatus.testNotCompletedSinceLastClear": {
		"bitoffset": 3, 
		"firstbyte": 6
		}, 
		"DTCStatus.testNotCompletedThisMonitoringCycle": {
		"bitoffset": 1, 
		"firstbyte": 6
		}, 
		"DTCStatus.warningIndicatorRequested": {
		"firstbyte": 6
		}, 
		"StatusOfDTC": {
		"firstbyte": 6
		}, 
		"DTCStatus.testFailedThisMonitoringCycle": {
		"bitoffset": 6, 
		"firstbyte": 6
		}, 
		"DTCStatus.testFailed": {
		"bitoffset": 7, 
		"firstbyte": 6
		}, 
		"DTCStatus.confirmedDTC": {
		"bitoffset": 4, 
		"firstbyte": 6
		}
	}, 
	"minbytes": 6, 
	"sentbytes": "1906910714FF"
	}, 
	{
	"name": "WriteMemoryByAddress", 
	"replybytes": "7D00000000", 
	"deny_sds": [
		"nosds", 
		"plant", 
		"aftersales", 
		"engineering", 
		"supplier"
	], 
	"manualsend": true, 
	"sendbyte_dataitems": {
		"MemoryAdressToWrite": {
		"firstbyte": 2
		}, 
		"MemoryDataToBeRecorded": {
		"firstbyte": 6
		}
	}, 
	"minbytes": 5, 
	"sentbytes": "3D0000000000"
	}, 
	{
	"name": "ReadDataByLocalid.PTCVersionConfig", 
	"replybytes": "6104", 
	"deny_sds": [], 
	"receivebyte_dataitems": {
		"PTCVersion_Unit": {
		"ref": true, 
		"firstbyte": 3
		}
	}, 
	"minbytes": 3, 
	"sentbytes": "2104"
	}, 
	{
	"deny_sds": [
		"plant", 
		"aftersales", 
		"engineering", 
		"supplier"
	], 
	"minbytes": 1, 
	"sentbytes": "1086", 
	"name": "Start DiagnosticSessionDeveloppement"
	}, 
	{
	"sendbyte_dataitems": {
		"SessionName": {
		"firstbyte": 2
		}
	}, 
	"deny_sds": [], 
	"minbytes": 2, 
	"sentbytes": "1081", 
	"name": "StartDiagnosticSession"
	}, 
	{
	"name": "ReadDTCInformation.MonitorDTC911111", 
	"replybytes": "590600000000", 
	"deny_sds": [], 
	"receivebyte_dataitems": {
		"DTCStatus.pendingDTC": {
		"bitoffset": 5, 
		"firstbyte": 6
		}, 
		"DTCStatus.testFailedSinceLastClear": {
		"bitoffset": 2, 
		"firstbyte": 6
		}, 
		"DTCRecord": {
		"firstbyte": 3
		}, 
		"DTCStatus.testNotCompletedSinceLastClear": {
		"bitoffset": 3, 
		"firstbyte": 6
		}, 
		"DTCStatus.testNotCompletedThisMonitoringCycle": {
		"bitoffset": 1, 
		"firstbyte": 6
		}, 
		"DTCStatus.warningIndicatorRequested": {
		"firstbyte": 6
		}, 
		"StatusOfDTC": {
		"firstbyte": 6
		}, 
		"DTCStatus.testFailedThisMonitoringCycle": {
		"bitoffset": 6, 
		"firstbyte": 6
		}, 
		"DTCStatus.testFailed": {
		"bitoffset": 7, 
		"firstbyte": 6
		}, 
		"DTCStatus.confirmedDTC": {
		"bitoffset": 4, 
		"firstbyte": 6
		}
	}, 
	"minbytes": 6, 
	"sentbytes": "1906911111FF"
	}, 
	{
	"name": "MixingStopControl", 
	"replybytes": "700000", 
	"deny_sds": [], 
	"manualsend": true, 
	"receivebyte_dataitems": {
		"Output Control Status": {
		"firstbyte": 3
		}
	}, 
	"minbytes": 3, 
	"sentbytes": "300411"
	}, 
	{
	"name": "MixingOutputControl", 
	"replybytes": "700000", 
	"deny_sds": [], 
	"manualsend": true, 
	"receivebyte_dataitems": {
		"Output Control Status": {
		"firstbyte": 3
		}
	}, 
	"sendbyte_dataitems": {
		"Output Control Command": {
		"firstbyte": 3
		}, 
		"MixingActuator.mode": {
		"firstbyte": 4
		}
	}, 
	"minbytes": 3, 
	"sentbytes": "30040001"
	}, 
	{
	"receivebyte_dataitems": {
		"Production Version": {
		"ref": true, 
		"firstbyte": 18
		}, 
		"Production Year": {
		"ref": true, 
		"firstbyte": 15
		}, 
		"ProductionCalibrationNumber_ASCII": {
		"ref": true, 
		"firstbyte": 11
		}, 
		"Production Month": {
		"ref": true, 
		"firstbyte": 16
		}, 
		"EngineeringSoftwareNumber_ASCII": {
		"ref": true, 
		"firstbyte": 3
		}, 
		"ProductionSoftwareNumber_ASCII": {
		"ref": true, 
		"firstbyte": 7
		}, 
		"UnitaryDataTraceability": {
		"ref": true, 
		"firstbyte": 3
		}, 
		"Production Day": {
		"ref": true, 
		"firstbyte": 17
		}
	}, 
	"deny_sds": [], 
	"minbytes": 22, 
	"sentbytes": "2184", 
	"name": "ReadDataByLocalId.TracabilityInfo"
	}, 
	{
	"name": "RecyclingOutputControl", 
	"replybytes": "700000", 
	"deny_sds": [], 
	"manualsend": true, 
	"receivebyte_dataitems": {
		"Output Control Status": {
		"firstbyte": 3
		}
	}, 
	"sendbyte_dataitems": {
		"RecyclingActuator.mode": {
		"firstbyte": 4
		}, 
		"Output Control Command": {
		"firstbyte": 3
		}
	}, 
	"minbytes": 3, 
	"sentbytes": "30020001"
	}, 
	{
	"name": "WriteDataByLocalId.PTCVersionConfig", 
	"replybytes": "7B04", 
	"deny_sds": [
		"plant", 
		"aftersales", 
		"engineering", 
		"supplier"
	], 
	"manualsend": true, 
	"sendbyte_dataitems": {
		"PTCVersion_Unit": {
		"firstbyte": 3
		}
	}, 
	"minbytes": 2, 
	"sentbytes": "3B0401"
	}, 
	{
	"name": "ReadDTCInformation.ReportExtendedData", 
	"replybytes": "590600000000", 
	"deny_sds": [], 
	"receivebyte_dataitems": {
		"DTCExtendedData.AgingCounter": {
		"firstbyte": 8
		}, 
		"DTCExtendedDataRecordNumber": {
		"firstbyte": 7
		}, 
		"DTCExtendedData.Mileage": {
		"firstbyte": 8
		}, 
		"DTCRecord": {
		"firstbyte": 3
		}, 
		"StatusOfDTC": {
		"firstbyte": 6
		}, 
		"DTCExtendedData.DTCOccurrenceCounter": {
		"firstbyte": 8
		}
	}, 
	"sendbyte_dataitems": {
		"DTCMaskRecord": {
		"firstbyte": 3
		}
	}, 
	"minbytes": 6, 
	"sentbytes": "1906000000FF"
	}, 
	{
	"name": "BlowerOutputControl", 
	"replybytes": "700000", 
	"deny_sds": [], 
	"manualsend": true, 
	"receivebyte_dataitems": {
		"Output Control Status": {
		"firstbyte": 3
		}
	}, 
	"sendbyte_dataitems": {
		"BlowerSpeed.mode": {
		"firstbyte": 4
		}, 
		"Output Control Command": {
		"firstbyte": 3
		}
	}, 
	"minbytes": 3, 
	"sentbytes": "30010001"
	}, 
	{
	"name": "ReadDataByLocalId.VehicleTypeConfig", 
	"replybytes": "6102", 
	"deny_sds": [], 
	"receivebyte_dataitems": {
		"VehicleType_Unit": {
		"ref": true, 
		"firstbyte": 3
		}
	}, 
	"minbytes": 3, 
	"sentbytes": "2102"
	}, 
	{
	"name": "DistributionStopControl", 
	"replybytes": "700000", 
	"deny_sds": [], 
	"manualsend": true, 
	"receivebyte_dataitems": {
		"Output Control Status": {
		"firstbyte": 3
		}
	}, 
	"minbytes": 3, 
	"sentbytes": "300311"
	}, 
	{
	"name": "ReadDTCInformation.MonitorDTC910C71", 
	"replybytes": "590600000000", 
	"deny_sds": [], 
	"receivebyte_dataitems": {
		"DTCStatus.pendingDTC": {
		"bitoffset": 5, 
		"firstbyte": 6
		}, 
		"DTCStatus.testFailedSinceLastClear": {
		"bitoffset": 2, 
		"firstbyte": 6
		}, 
		"DTCRecord": {
		"firstbyte": 3
		}, 
		"DTCStatus.testNotCompletedSinceLastClear": {
		"bitoffset": 3, 
		"firstbyte": 6
		}, 
		"DTCStatus.testNotCompletedThisMonitoringCycle": {
		"bitoffset": 1, 
		"firstbyte": 6
		}, 
		"DTCStatus.warningIndicatorRequested": {
		"firstbyte": 6
		}, 
		"StatusOfDTC": {
		"firstbyte": 6
		}, 
		"DTCStatus.testFailedThisMonitoringCycle": {
		"bitoffset": 6, 
		"firstbyte": 6
		}, 
		"DTCStatus.testFailed": {
		"bitoffset": 7, 
		"firstbyte": 6
		}, 
		"DTCStatus.confirmedDTC": {
		"bitoffset": 4, 
		"firstbyte": 6
		}
	}, 
	"minbytes": 6, 
	"sentbytes": "1906910C71FF"
	}, 
	{
	"sentbytes": "10C0", 
	"deny_sds": [], 
	"minbytes": 1, 
	"manualsend": true, 
	"name": "StartDiagnosticSessionAPV"
	}, 
	{
	"name": "ReadDataByLocalId.SteeringDriveConfig", 
	"replybytes": "6106", 
	"deny_sds": [], 
	"receivebyte_dataitems": {
		"Right/LeftHandDrive_Unit": {
		"ref": true, 
		"firstbyte": 3
		}
	}, 
	"minbytes": 3, 
	"sentbytes": "2106"
	}, 
	{
	"receivebyte_dataitems": {
		"D_CabinFanSpeedReq": {
		"ref": true, 
		"firstbyte": 3
		}, 
		"D_RecyclingModeReq": {
		"ref": true, 
		"firstbyte": 6
		}, 
		"D_DistributionPositionReq": {
		"ref": true, 
		"firstbyte": 5
		}, 
		"D_MixPositionReq": {
		"ref": true, 
		"firstbyte": 4
		}
	}, 
	"deny_sds": [], 
	"minbytes": 6, 
	"sentbytes": "2127", 
	"name": "ReadDataByLocalID.ActPosReqByHLS"
	}, 
	{
	"name": "ReadDTCInformation.MonitorDTC910115", 
	"replybytes": "590600000000", 
	"deny_sds": [], 
	"receivebyte_dataitems": {
		"DTCStatus.pendingDTC": {
		"bitoffset": 5, 
		"firstbyte": 6
		}, 
		"DTCStatus.testFailedSinceLastClear": {
		"bitoffset": 2, 
		"firstbyte": 6
		}, 
		"DTCRecord": {
		"firstbyte": 3
		}, 
		"DTCStatus.testNotCompletedSinceLastClear": {
		"bitoffset": 3, 
		"firstbyte": 6
		}, 
		"DTCStatus.testNotCompletedThisMonitoringCycle": {
		"bitoffset": 1, 
		"firstbyte": 6
		}, 
		"DTCStatus.warningIndicatorRequested": {
		"firstbyte": 6
		}, 
		"StatusOfDTC": {
		"firstbyte": 6
		}, 
		"DTCStatus.testFailedThisMonitoringCycle": {
		"bitoffset": 6, 
		"firstbyte": 6
		}, 
		"DTCStatus.testFailed": {
		"bitoffset": 7, 
		"firstbyte": 6
		}, 
		"DTCStatus.confirmedDTC": {
		"bitoffset": 4, 
		"firstbyte": 6
		}
	}, 
	"minbytes": 6, 
	"sentbytes": "1906910115FF"
	}, 
	{
	"name": "WriteDataByLocalId.SteeringDriveConfig", 
	"replybytes": "7B06", 
	"deny_sds": [
		"plant", 
		"aftersales", 
		"engineering", 
		"supplier"
	], 
	"manualsend": true, 
	"sendbyte_dataitems": {
		"Right/LeftHandDrive_Unit": {
		"firstbyte": 3
		}
	}, 
	"minbytes": 2, 
	"sentbytes": "3B0602"
	}, 
	{
	"name": "ReadDTCInformation.MonitorDTC910111", 
	"replybytes": "590600000000", 
	"deny_sds": [], 
	"receivebyte_dataitems": {
		"DTCStatus.pendingDTC": {
		"bitoffset": 5, 
		"firstbyte": 6
		}, 
		"DTCStatus.testFailedSinceLastClear": {
		"bitoffset": 2, 
		"firstbyte": 6
		}, 
		"DTCRecord": {
		"firstbyte": 3
		}, 
		"DTCStatus.testNotCompletedSinceLastClear": {
		"bitoffset": 3, 
		"firstbyte": 6
		}, 
		"DTCStatus.testNotCompletedThisMonitoringCycle": {
		"bitoffset": 1, 
		"firstbyte": 6
		}, 
		"DTCStatus.warningIndicatorRequested": {
		"firstbyte": 6
		}, 
		"StatusOfDTC": {
		"firstbyte": 6
		}, 
		"DTCStatus.testFailedThisMonitoringCycle": {
		"bitoffset": 6, 
		"firstbyte": 6
		}, 
		"DTCStatus.testFailed": {
		"bitoffset": 7, 
		"firstbyte": 6
		}, 
		"DTCStatus.confirmedDTC": {
		"bitoffset": 4, 
		"firstbyte": 6
		}
	}, 
	"minbytes": 6, 
	"sentbytes": "1906910111FF"
	}, 
	{
	"name": "ReadMemoryByAddress", 
	"replybytes": "6300", 
	"deny_sds": [
		"plant", 
		"aftersales", 
		"engineering", 
		"supplier"
	], 
	"manualsend": true, 
	"sendbyte_dataitems": {
		"MemorySizeToBeRead": {
		"firstbyte": 6
		}, 
		"MemoryAddressToRead": {
		"firstbyte": 2
		}
	}, 
	"minbytes": 2, 
	"sentbytes": "23000000000000"
	}, 
	{
	"name": "ReadDataByLocalId.ClimatAreaConfig", 
	"replybytes": "6105", 
	"deny_sds": [], 
	"receivebyte_dataitems": {
		"ClimatArea_Unit": {
		"ref": true, 
		"firstbyte": 3
		}
	}, 
	"minbytes": 3, 
	"sentbytes": "2105"
	}, 
	{
	"name": "ReadDTCInformation.ReportExtendedData.Mileage", 
	"replybytes": "59060000000080000000", 
	"deny_sds": [], 
	"receivebyte_dataitems": {
		"DTCExtendedData.Mileage": {
		"firstbyte": 8
		}, 
		"DTCRecord": {
		"firstbyte": 3
		}, 
		"StatusOfDTC": {
		"firstbyte": 6
		}, 
		"DTCExtendedDataRecordNumber": {
		"firstbyte": 7
		}
	}, 
	"sendbyte_dataitems": {
		"DTCMaskRecord": {
		"firstbyte": 3
		}
	}, 
	"minbytes": 6, 
	"sentbytes": "190600000080"
	}, 
	{
	"name": "ReadDTCInformation.MonitorDTCGeneric", 
	"replybytes": "590600000000", 
	"deny_sds": [], 
	"receivebyte_dataitems": {
		"DTCStatus.pendingDTC": {
		"bitoffset": 5, 
		"firstbyte": 6
		}, 
		"DTCStatus.testFailedSinceLastClear": {
		"bitoffset": 2, 
		"firstbyte": 6
		}, 
		"DTCRecord": {
		"firstbyte": 3
		}, 
		"DTCStatus.testNotCompletedSinceLastClear": {
		"bitoffset": 3, 
		"firstbyte": 6
		}, 
		"DTCStatus.testNotCompletedThisMonitoringCycle": {
		"bitoffset": 1, 
		"firstbyte": 6
		}, 
		"DTCStatus.warningIndicatorRequested": {
		"firstbyte": 6
		}, 
		"StatusOfDTC": {
		"firstbyte": 6
		}, 
		"DTCStatus.testFailedThisMonitoringCycle": {
		"bitoffset": 6, 
		"firstbyte": 6
		}, 
		"DTCStatus.testFailed": {
		"bitoffset": 7, 
		"firstbyte": 6
		}, 
		"DTCStatus.confirmedDTC": {
		"bitoffset": 4, 
		"firstbyte": 6
		}
	}, 
	"sendbyte_dataitems": {
		"DTCFailureType": {
		"firstbyte": 5
		}, 
		"DTCDeviceIdentifier": {
		"firstbyte": 3
		}
	}, 
	"minbytes": 6, 
	"sentbytes": "1906910555FF"
	}, 
	{
	"receivebyte_dataitems": {
		"CurrentFaultECM": {
		"ref": true, 
		"firstbyte": 7
		}, 
		"CurrentFaultCLUSTER": {
		"ref": true, 
		"firstbyte": 9
		}, 
		"MessagesSetReference": {
		"ref": true, 
		"firstbyte": 3
		}, 
		"M_Mute": {
		"bitoffset": 2, 
		"ref": true, 
		"firstbyte": 6
		}, 
		"ConfirmedFaultBus_OFF": {
		"bitoffset": 1, 
		"ref": true, 
		"firstbyte": 5
		}, 
		"CurrentFaultBCM": {
		"ref": true, 
		"firstbyte": 10
		}, 
		"CurrentFaultMute": {
		"ref": true, 
		"firstbyte": 6
		}, 
		"M_USM": {
		"bitoffset": 2, 
		"ref": true, 
		"firstbyte": 26
		}, 
		"CLIM_Absent": {
		"ref": true, 
		"firstbyte": 14
		}, 
		"ConfirmedFaultMute": {
		"bitoffset": 1, 
		"ref": true, 
		"firstbyte": 6
		}, 
		"ConfirmedFaultABS": {
		"bitoffset": 1, 
		"ref": true, 
		"firstbyte": 8
		}, 
		"M_BCM": {
		"bitoffset": 2, 
		"ref": true, 
		"firstbyte": 10
		}, 
		"M_Bus_OFF": {
		"bitoffset": 2, 
		"ref": true, 
		"firstbyte": 5
		}, 
		"M_ECM": {
		"bitoffset": 2, 
		"ref": true, 
		"firstbyte": 7
		}, 
		"CurrentFaultUSM": {
		"ref": true, 
		"firstbyte": 26
		}, 
		"M_BRK": {
		"bitoffset": 2, 
		"ref": true, 
		"firstbyte": 8
		}, 
		"CurrentFaultBus_OFF": {
		"ref": true, 
		"firstbyte": 5
		}, 
		"M_CLUSTER": {
		"bitoffset": 2, 
		"ref": true, 
		"firstbyte": 9
		}, 
		"ConfirmedFaultBCM": {
		"bitoffset": 1, 
		"ref": true, 
		"firstbyte": 10
		}, 
		"CurrentFaultABS": {
		"ref": true, 
		"firstbyte": 8
		}, 
		"ConfirmedFaultECM": {
		"bitoffset": 1, 
		"ref": true, 
		"firstbyte": 7
		}, 
		"ConfirmedFaultCLUSTER": {
		"bitoffset": 1, 
		"ref": true, 
		"firstbyte": 9
		}, 
		"ConfirmedFaultUSM": {
		"bitoffset": 1, 
		"ref": true, 
		"firstbyte": 26
		}
	}, 
	"deny_sds": [], 
	"minbytes": 62, 
	"sentbytes": "2182", 
	"name": "ReadDataByLocalId.MultiplexNetworkDiag"
	}, 
	{
	"name": "WriteDataByLocalId.VehicleTypeConfig", 
	"replybytes": "7B02", 
	"deny_sds": [
		"plant", 
		"aftersales", 
		"engineering", 
		"supplier"
	], 
	"manualsend": true, 
	"sendbyte_dataitems": {
		"VehicleType_Unit": {
		"firstbyte": 3
		}
	}, 
	"minbytes": 2, 
	"sentbytes": "3B0201"
	}, 
	{
	"name": "WriteDataByLocalId.VehicleIdentification", 
	"deny_sds": [
		"plant", 
		"aftersales", 
		"engineering", 
		"supplier"
	], 
	"manualsend": true, 
	"sendbyte_dataitems": {
		"CRC": {
		"firstbyte": 20
		}, 
		"VIN": {
		"firstbyte": 3
		}
	}, 
	"minbytes": 1, 
	"sentbytes": "3B8101010101010101010101010101010101010101"
	}, 
	{
	"name": "WriteDataByLocalId.SystemGlobalConfig", 
	"replybytes": "7B01", 
	"deny_sds": [
		"plant", 
		"aftersales", 
		"engineering", 
		"supplier"
	], 
	"manualsend": true, 
	"sendbyte_dataitems": {
		"Right/LeftHandDrive": {
		"firstbyte": 6
		}, 
		"ClimatArea": {
		"firstbyte": 5
		}, 
		"VehicleType": {
		"firstbyte": 3
		}, 
		"PTCVersion": {
		"firstbyte": 4
		}
	}, 
	"minbytes": 1, 
	"sentbytes": "3B0101010102"
	}, 
	{
	"name": "AC_StopAutoForbiddenRequest_1", 
	"replybytes": "700000", 
	"deny_sds": [], 
	"manualsend": true, 
	"receivebyte_dataitems": {
		"Output Control Status": {
		"firstbyte": 3
		}
	}, 
	"sendbyte_dataitems": {
		"AC_StopAuto.mode": {
		"firstbyte": 4
		}, 
		"Output Control Command": {
		"firstbyte": 3
		}
	}, 
	"minbytes": 3, 
	"sentbytes": "30070001"
	}, 
	{
	"name": "ReadDTCInformation.MonitorDTC910A12", 
	"replybytes": "590600000000", 
	"deny_sds": [], 
	"receivebyte_dataitems": {
		"DTCStatus.pendingDTC": {
		"bitoffset": 5, 
		"firstbyte": 6
		}, 
		"DTCStatus.testFailedSinceLastClear": {
		"bitoffset": 2, 
		"firstbyte": 6
		}, 
		"DTCRecord": {
		"firstbyte": 3
		}, 
		"DTCStatus.testNotCompletedSinceLastClear": {
		"bitoffset": 3, 
		"firstbyte": 6
		}, 
		"DTCStatus.testNotCompletedThisMonitoringCycle": {
		"bitoffset": 1, 
		"firstbyte": 6
		}, 
		"DTCStatus.warningIndicatorRequested": {
		"firstbyte": 6
		}, 
		"StatusOfDTC": {
		"firstbyte": 6
		}, 
		"DTCStatus.testFailedThisMonitoringCycle": {
		"bitoffset": 6, 
		"firstbyte": 6
		}, 
		"DTCStatus.testFailed": {
		"bitoffset": 7, 
		"firstbyte": 6
		}, 
		"DTCStatus.confirmedDTC": {
		"bitoffset": 4, 
		"firstbyte": 6
		}
	}, 
	"minbytes": 6, 
	"sentbytes": "1906910A12FF"
	}, 
	{
	"name": "ReadDTCInformation.MonitorDTC910914", 
	"replybytes": "590600000000", 
	"deny_sds": [], 
	"receivebyte_dataitems": {
		"DTCStatus.pendingDTC": {
		"bitoffset": 5, 
		"firstbyte": 6
		}, 
		"DTCStatus.testFailedSinceLastClear": {
		"bitoffset": 2, 
		"firstbyte": 6
		}, 
		"DTCRecord": {
		"firstbyte": 3
		}, 
		"DTCStatus.testNotCompletedSinceLastClear": {
		"bitoffset": 3, 
		"firstbyte": 6
		}, 
		"DTCStatus.testNotCompletedThisMonitoringCycle": {
		"bitoffset": 1, 
		"firstbyte": 6
		}, 
		"DTCStatus.warningIndicatorRequested": {
		"firstbyte": 6
		}, 
		"StatusOfDTC": {
		"firstbyte": 6
		}, 
		"DTCStatus.testFailedThisMonitoringCycle": {
		"bitoffset": 6, 
		"firstbyte": 6
		}, 
		"DTCStatus.testFailed": {
		"bitoffset": 7, 
		"firstbyte": 6
		}, 
		"DTCStatus.confirmedDTC": {
		"bitoffset": 4, 
		"firstbyte": 6
		}
	}, 
	"minbytes": 6, 
	"sentbytes": "1906910914FF"
	}, 
	{
	"name": "ReadDTCInformation.MonitorDTC910812", 
	"replybytes": "590600000000", 
	"deny_sds": [], 
	"receivebyte_dataitems": {
		"DTCStatus.pendingDTC": {
		"bitoffset": 5, 
		"firstbyte": 6
		}, 
		"DTCStatus.testFailedSinceLastClear": {
		"bitoffset": 2, 
		"firstbyte": 6
		}, 
		"DTCRecord": {
		"firstbyte": 3
		}, 
		"DTCStatus.testNotCompletedSinceLastClear": {
		"bitoffset": 3, 
		"firstbyte": 6
		}, 
		"DTCStatus.testNotCompletedThisMonitoringCycle": {
		"bitoffset": 1, 
		"firstbyte": 6
		}, 
		"DTCStatus.warningIndicatorRequested": {
		"firstbyte": 6
		}, 
		"StatusOfDTC": {
		"firstbyte": 6
		}, 
		"DTCStatus.testFailedThisMonitoringCycle": {
		"bitoffset": 6, 
		"firstbyte": 6
		}, 
		"DTCStatus.testFailed": {
		"bitoffset": 7, 
		"firstbyte": 6
		}, 
		"DTCStatus.confirmedDTC": {
		"bitoffset": 4, 
		"firstbyte": 6
		}
	}, 
	"minbytes": 6, 
	"sentbytes": "1906910812FF"
	}, 
	{
	"name": "ReadDTCInformation.MonitorDTC910814", 
	"replybytes": "590600000000", 
	"deny_sds": [], 
	"receivebyte_dataitems": {
		"DTCStatus.pendingDTC": {
		"bitoffset": 5, 
		"firstbyte": 6
		}, 
		"DTCStatus.testFailedSinceLastClear": {
		"bitoffset": 2, 
		"firstbyte": 6
		}, 
		"DTCRecord": {
		"firstbyte": 3
		}, 
		"DTCStatus.testNotCompletedSinceLastClear": {
		"bitoffset": 3, 
		"firstbyte": 6
		}, 
		"DTCStatus.testNotCompletedThisMonitoringCycle": {
		"bitoffset": 1, 
		"firstbyte": 6
		}, 
		"DTCStatus.warningIndicatorRequested": {
		"firstbyte": 6
		}, 
		"StatusOfDTC": {
		"firstbyte": 6
		}, 
		"DTCStatus.testFailedThisMonitoringCycle": {
		"bitoffset": 6, 
		"firstbyte": 6
		}, 
		"DTCStatus.testFailed": {
		"bitoffset": 7, 
		"firstbyte": 6
		}, 
		"DTCStatus.confirmedDTC": {
		"bitoffset": 4, 
		"firstbyte": 6
		}
	}, 
	"minbytes": 6, 
	"sentbytes": "1906910814FF"
	}, 
	{
	"receivebyte_dataitems": {
		"ManualRearDefrostStatus": {
		"ref": true, 
		"firstbyte": 8
		}, 
		"DiagMuxON_BCM": {
		"ref": true, 
		"firstbyte": 7
		}, 
		"BatteryVoltage": {
		"ref": true, 
		"firstbyte": 19
		}, 
		"ResetInfo_Clim": {
		"ref": true, 
		"firstbyte": 4
		}, 
		"ElectricalPowerDrived": {
		"ref": true, 
		"firstbyte": 6
		}, 
		"NightDimmedLight_MaxPercent": {
		"ref": true, 
		"firstbyte": 14
		}, 
		"ACCSheddingRelay": {
		"bitoffset": 6, 
		"ref": true, 
		"firstbyte": 7
		}, 
		"EngineCoolantTemp": {
		"ref": true, 
		"firstbyte": 15
		}, 
		"VehicleSpeed": {
		"ref": true, 
		"firstbyte": 12
		}, 
		"ExternalTemp": {
		"ref": true, 
		"firstbyte": 11
		}, 
		"RearDefrostPush": {
		"bitoffset": 4, 
		"ref": true, 
		"firstbyte": 4
		}, 
		"StopAutoState": {
		"bitoffset": 6, 
		"ref": true, 
		"firstbyte": 16
		}, 
		"EngineStatus": {
		"ref": true, 
		"firstbyte": 16
		}, 
		"EvaporatorTemperature": {
		"ref": true, 
		"firstbyte": 5
		}, 
		"PumpActivationRequest": {
		"ref": true, 
		"firstbyte": 20
		}, 
		"VisibleSolarLevelInfo": {
		"bitoffset": 4, 
		"ref": true, 
		"firstbyte": 8
		}, 
		"ClimateCoolingSelect": {
		"bitoffset": 3, 
		"ref": true, 
		"firstbyte": 4
		}, 
		"APCLineStatus": {
		"bitoffset": 4, 
		"ref": true, 
		"firstbyte": 7
		}, 
		"LeftSolarLevelInfo": {
		"bitoffset": 3, 
		"ref": true, 
		"firstbyte": 9
		}, 
		"EngineRPM": {
		"ref": true, 
		"firstbyte": 17
		}, 
		"RightSolarLevelInfo": {
		"bitoffset": 3, 
		"ref": true, 
		"firstbyte": 10
		}, 
		"PositionLightsRequest": {
		"bitoffset": 2, 
		"ref": true, 
		"firstbyte": 7
		}, 
		"HeaterUnitSetPoint": {
		"ref": true, 
		"firstbyte": 3
		}, 
		"RearDefrostPushInvalid": {
		"bitoffset": 6, 
		"ref": true, 
		"firstbyte": 4
		}, 
		"ClimateCoolingStatusCopy": {
		"bitoffset": 5, 
		"ref": true, 
		"firstbyte": 6
		}, 
		"MinimumVoltagebyAC": {
		"bitoffset": 4, 
		"ref": true, 
		"firstbyte": 20
		}, 
		"AC_StopAutoForbidden": {
		"bitoffset": 2, 
		"ref": true, 
		"firstbyte": 20
		}, 
		"CabinFanState": {
		"bitoffset": 1, 
		"ref": true, 
		"firstbyte": 4
		}, 
		"HeaterUnitSetPointFreeze": {
		"bitoffset": 2, 
		"ref": true, 
		"firstbyte": 8
		}, 
		"RearDefrostAutoSelect": {
		"bitoffset": 5, 
		"ref": true, 
		"firstbyte": 4
		}
	}, 
	"deny_sds": [], 
	"minbytes": 21, 
	"sentbytes": "2122", 
	"name": "ReadDataByLocalID.CANData"
	}, 
	{
	"name": "ReadDTCInformation.MonitorDTC910912", 
	"replybytes": "590600000000", 
	"deny_sds": [], 
	"receivebyte_dataitems": {
		"DTCStatus.pendingDTC": {
		"bitoffset": 5, 
		"firstbyte": 6
		}, 
		"DTCStatus.testFailedSinceLastClear": {
		"bitoffset": 2, 
		"firstbyte": 6
		}, 
		"DTCRecord": {
		"firstbyte": 3
		}, 
		"DTCStatus.testNotCompletedSinceLastClear": {
		"bitoffset": 3, 
		"firstbyte": 6
		}, 
		"DTCStatus.testNotCompletedThisMonitoringCycle": {
		"bitoffset": 1, 
		"firstbyte": 6
		}, 
		"DTCStatus.warningIndicatorRequested": {
		"firstbyte": 6
		}, 
		"StatusOfDTC": {
		"firstbyte": 6
		}, 
		"DTCStatus.testFailedThisMonitoringCycle": {
		"bitoffset": 6, 
		"firstbyte": 6
		}, 
		"DTCStatus.testFailed": {
		"bitoffset": 7, 
		"firstbyte": 6
		}, 
		"DTCStatus.confirmedDTC": {
		"bitoffset": 4, 
		"firstbyte": 6
		}
	}, 
	"minbytes": 6, 
	"sentbytes": "1906910912FF"
	}, 
	{
	"name": "ReadDTCInformation.MonitorDTCF00317", 
	"replybytes": "590600000000", 
	"deny_sds": [], 
	"receivebyte_dataitems": {
		"DTCStatus.pendingDTC": {
		"bitoffset": 5, 
		"firstbyte": 6
		}, 
		"DTCStatus.testFailedSinceLastClear": {
		"bitoffset": 2, 
		"firstbyte": 6
		}, 
		"DTCRecord": {
		"firstbyte": 3
		}, 
		"DTCStatus.testNotCompletedSinceLastClear": {
		"bitoffset": 3, 
		"firstbyte": 6
		}, 
		"DTCStatus.testNotCompletedThisMonitoringCycle": {
		"bitoffset": 1, 
		"firstbyte": 6
		}, 
		"DTCStatus.warningIndicatorRequested": {
		"firstbyte": 6
		}, 
		"StatusOfDTC": {
		"firstbyte": 6
		}, 
		"DTCStatus.testFailedThisMonitoringCycle": {
		"bitoffset": 6, 
		"firstbyte": 6
		}, 
		"DTCStatus.testFailed": {
		"bitoffset": 7, 
		"firstbyte": 6
		}, 
		"DTCStatus.confirmedDTC": {
		"bitoffset": 4, 
		"firstbyte": 6
		}
	}, 
	"minbytes": 6, 
	"sentbytes": "1906F00317FF"
	}, 
	{
	"name": "ReadDTCInformation.MonitorDTCF00316", 
	"replybytes": "590600000000", 
	"deny_sds": [], 
	"receivebyte_dataitems": {
		"DTCStatus.pendingDTC": {
		"bitoffset": 5, 
		"firstbyte": 6
		}, 
		"DTCStatus.testFailedSinceLastClear": {
		"bitoffset": 2, 
		"firstbyte": 6
		}, 
		"DTCRecord": {
		"firstbyte": 3
		}, 
		"DTCStatus.testNotCompletedSinceLastClear": {
		"bitoffset": 3, 
		"firstbyte": 6
		}, 
		"DTCStatus.testNotCompletedThisMonitoringCycle": {
		"bitoffset": 1, 
		"firstbyte": 6
		}, 
		"DTCStatus.warningIndicatorRequested": {
		"firstbyte": 6
		}, 
		"StatusOfDTC": {
		"firstbyte": 6
		}, 
		"DTCStatus.testFailedThisMonitoringCycle": {
		"bitoffset": 6, 
		"firstbyte": 6
		}, 
		"DTCStatus.testFailed": {
		"bitoffset": 7, 
		"firstbyte": 6
		}, 
		"DTCStatus.confirmedDTC": {
		"bitoffset": 4, 
		"firstbyte": 6
		}
	}, 
	"minbytes": 6, 
	"sentbytes": "1906F00316FF"
	}, 
	{
	"name": "ReadDTCInformation.MonitorDTC910A14", 
	"replybytes": "590600000000", 
	"deny_sds": [], 
	"receivebyte_dataitems": {
		"DTCStatus.pendingDTC": {
		"bitoffset": 5, 
		"firstbyte": 6
		}, 
		"DTCStatus.testFailedSinceLastClear": {
		"bitoffset": 2, 
		"firstbyte": 6
		}, 
		"DTCRecord": {
		"firstbyte": 3
		}, 
		"DTCStatus.testNotCompletedSinceLastClear": {
		"bitoffset": 3, 
		"firstbyte": 6
		}, 
		"DTCStatus.testNotCompletedThisMonitoringCycle": {
		"bitoffset": 1, 
		"firstbyte": 6
		}, 
		"DTCStatus.warningIndicatorRequested": {
		"firstbyte": 6
		}, 
		"StatusOfDTC": {
		"firstbyte": 6
		}, 
		"DTCStatus.testFailedThisMonitoringCycle": {
		"bitoffset": 6, 
		"firstbyte": 6
		}, 
		"DTCStatus.testFailed": {
		"bitoffset": 7, 
		"firstbyte": 6
		}, 
		"DTCStatus.confirmedDTC": {
		"bitoffset": 4, 
		"firstbyte": 6
		}
	}, 
	"minbytes": 6, 
	"sentbytes": "1906910A14FF"
	}, 
	{
	"name": "ReadDataByLocalId.SystGlobalConfig", 
	"replybytes": "610101010102", 
	"deny_sds": [], 
	"receivebyte_dataitems": {
		"Right/LeftHandDrive": {
		"ref": true, 
		"firstbyte": 6
		}, 
		"ClimatArea": {
		"ref": true, 
		"firstbyte": 5
		}, 
		"VehicleType": {
		"ref": true, 
		"firstbyte": 3
		}, 
		"PTCVersion": {
		"ref": true, 
		"firstbyte": 4
		}
	}, 
	"minbytes": 6, 
	"sentbytes": "2101"
	}, 
	{
	"name": "RecyclingStopControl", 
	"replybytes": "700000", 
	"deny_sds": [], 
	"manualsend": true, 
	"receivebyte_dataitems": {
		"Output Control Status": {
		"firstbyte": 3
		}
	}, 
	"minbytes": 3, 
	"sentbytes": "300211"
	}, 
	{
	"name": "StartRoutineByLocalIdentifier", 
	"replybytes": "710100", 
	"deny_sds": [], 
	"manualsend": true, 
	"receivebyte_dataitems": {
		"RoutineEntryStatus": {
		"firstbyte": 3
		}
	}, 
	"sendbyte_dataitems": {
		"RoutineEntryOption": {
		"firstbyte": 3
		}, 
		"RoutineLocalIdentifier": {
		"firstbyte": 2
		}
	}, 
	"minbytes": 3, 
	"sentbytes": "310100"
	}, 
	{
	"name": "PumpActivationRequestControl_1", 
	"replybytes": "700000", 
	"deny_sds": [], 
	"manualsend": true, 
	"receivebyte_dataitems": {
		"Output Control Status": {
		"firstbyte": 3
		}
	}, 
	"sendbyte_dataitems": {
		"Output Control Command": {
		"firstbyte": 3
		}, 
		"PumpActivation.mode": {
		"firstbyte": 4
		}
	}, 
	"minbytes": 3, 
	"sentbytes": "30060001"
	}, 
	{
	"name": "Output Control", 
	"replybytes": "700000", 
	"deny_sds": [], 
	"manualsend": true, 
	"receivebyte_dataitems": {
		"Output Control Status": {
		"firstbyte": 3
		}
	}, 
	"sendbyte_dataitems": {
		"MixingActuator.mode": {
		"firstbyte": 4
		}, 
		"Output Temporary Control List": {
		"firstbyte": 2
		}, 
		"DistributionActuator.mode": {
		"firstbyte": 4
		}, 
		"Output Control.OnOff": {
		"firstbyte": 4
		}, 
		"RecyclingActuator.mode": {
		"firstbyte": 4
		}, 
		"Output Control Command": {
		"firstbyte": 3
		}, 
		"BlowerSpeed.mode": {
		"firstbyte": 4
		}, 
		"MicroBlower.mode": {
		"firstbyte": 4
		}
	}, 
	"minbytes": 3, 
	"sentbytes": "3001C001"
	}, 
	{
	"name": "ReadDTCInformation.ReportDTC", 
	"replybytes": "59020000000000", 
	"deny_sds": [], 
	"receivebyte_dataitems": {
		"DTCStatus.testFailedSinceLastClear": {
		"bitoffset": 2, 
		"firstbyte": 7
		}, 
		"DTCStatus.pendingDTC": {
		"bitoffset": 5, 
		"firstbyte": 7
		}, 
		"DTCStatus.confirmedDTC": {
		"bitoffset": 4, 
		"firstbyte": 7
		}, 
		"DTCDeviceAndFailureTypeOBD": {
		"firstbyte": 4
		}, 
		"DTCFailureType.ManufacturerOrSupplier": {
		"bitoffset": 4, 
		"firstbyte": 6
		}, 
		"DTCFailureType.Category": {
		"firstbyte": 6
		}, 
		"DTCFailureType": {
		"firstbyte": 6
		}, 
		"DTCStatus.testNotCompletedSinceLastClear": {
		"bitoffset": 3, 
		"firstbyte": 7
		}, 
		"DTCStatus.testNotCompletedThisMonitoringCycle": {
		"bitoffset": 1, 
		"firstbyte": 7
		}, 
		"DTCStatusAvailabilityMask": {
		"firstbyte": 3
		}, 
		"DTCStatus.warningIndicatorRequested": {
		"firstbyte": 7
		}, 
		"StatusOfDTC": {
		"firstbyte": 7
		}, 
		"DTCStatus.testFailedThisMonitoringCycle": {
		"bitoffset": 6, 
		"firstbyte": 7
		}, 
		"DTCStatus.testFailed": {
		"bitoffset": 7, 
		"firstbyte": 7
		}, 
		"DTCDeviceIdentifier": {
		"firstbyte": 4
		}
	}, 
	"minbytes": 3, 
	"sentbytes": "1902FF", 
	"shiftbytescount": 4
	}, 
	{
	"name": "ReadDTCInformation.MonitorDTC911211", 
	"replybytes": "590600000000", 
	"deny_sds": [], 
	"receivebyte_dataitems": {
		"DTCStatus.pendingDTC": {
		"bitoffset": 5, 
		"firstbyte": 6
		}, 
		"DTCStatus.testFailedSinceLastClear": {
		"bitoffset": 2, 
		"firstbyte": 6
		}, 
		"DTCRecord": {
		"firstbyte": 3
		}, 
		"DTCStatus.testNotCompletedSinceLastClear": {
		"bitoffset": 3, 
		"firstbyte": 6
		}, 
		"DTCStatus.testNotCompletedThisMonitoringCycle": {
		"bitoffset": 1, 
		"firstbyte": 6
		}, 
		"DTCStatus.warningIndicatorRequested": {
		"firstbyte": 6
		}, 
		"StatusOfDTC": {
		"firstbyte": 6
		}, 
		"DTCStatus.testFailedThisMonitoringCycle": {
		"bitoffset": 6, 
		"firstbyte": 6
		}, 
		"DTCStatus.testFailed": {
		"bitoffset": 7, 
		"firstbyte": 6
		}, 
		"DTCStatus.confirmedDTC": {
		"bitoffset": 4, 
		"firstbyte": 6
		}
	}, 
	"minbytes": 6, 
	"sentbytes": "1906911211FF"
	}, 
	{
	"name": "ReadDTCInformation.MonitorDTC911115", 
	"replybytes": "590600000000", 
	"deny_sds": [], 
	"receivebyte_dataitems": {
		"DTCStatus.pendingDTC": {
		"bitoffset": 5, 
		"firstbyte": 6
		}, 
		"DTCStatus.testFailedSinceLastClear": {
		"bitoffset": 2, 
		"firstbyte": 6
		}, 
		"DTCRecord": {
		"firstbyte": 3
		}, 
		"DTCStatus.testNotCompletedSinceLastClear": {
		"bitoffset": 3, 
		"firstbyte": 6
		}, 
		"DTCStatus.testNotCompletedThisMonitoringCycle": {
		"bitoffset": 1, 
		"firstbyte": 6
		}, 
		"DTCStatus.warningIndicatorRequested": {
		"firstbyte": 6
		}, 
		"StatusOfDTC": {
		"firstbyte": 6
		}, 
		"DTCStatus.testFailedThisMonitoringCycle": {
		"bitoffset": 6, 
		"firstbyte": 6
		}, 
		"DTCStatus.testFailed": {
		"bitoffset": 7, 
		"firstbyte": 6
		}, 
		"DTCStatus.confirmedDTC": {
		"bitoffset": 4, 
		"firstbyte": 6
		}
	}, 
	"minbytes": 6, 
	"sentbytes": "1906911115FF"
	}, 
	{
	"name": "BlowerStopControl", 
	"replybytes": "700000", 
	"deny_sds": [], 
	"manualsend": true, 
	"receivebyte_dataitems": {
		"Output Control Status": {
		"firstbyte": 3
		}
	}, 
	"minbytes": 3, 
	"sentbytes": "300111"
	}, 
	{
	"name": "ClearDiagnosticInformation.All", 
	"deny_sds": [], 
	"minbytes": 1, 
	"sentbytes": "14FFFFFF", 
	"replybytes": "54"
	}, 
	{
	"name": "ReadDTCInformation.MonitorDTC910555", 
	"replybytes": "590600000000", 
	"deny_sds": [], 
	"receivebyte_dataitems": {
		"DTCStatus.pendingDTC": {
		"bitoffset": 5, 
		"firstbyte": 6
		}, 
		"DTCStatus.testFailedSinceLastClear": {
		"bitoffset": 2, 
		"firstbyte": 6
		}, 
		"DTCRecord": {
		"firstbyte": 3
		}, 
		"DTCStatus.testNotCompletedSinceLastClear": {
		"bitoffset": 3, 
		"firstbyte": 6
		}, 
		"DTCStatus.testNotCompletedThisMonitoringCycle": {
		"bitoffset": 1, 
		"firstbyte": 6
		}, 
		"DTCStatus.warningIndicatorRequested": {
		"firstbyte": 6
		}, 
		"StatusOfDTC": {
		"firstbyte": 6
		}, 
		"DTCStatus.testFailedThisMonitoringCycle": {
		"bitoffset": 6, 
		"firstbyte": 6
		}, 
		"DTCStatus.testFailed": {
		"bitoffset": 7, 
		"firstbyte": 6
		}, 
		"DTCStatus.confirmedDTC": {
		"bitoffset": 4, 
		"firstbyte": 6
		}
	}, 
	"minbytes": 6, 
	"sentbytes": "1906910555FF"
	}, 
	{
	"name": "ReadDTCInformation.MonitorDTC910549", 
	"replybytes": "590600000000", 
	"deny_sds": [], 
	"receivebyte_dataitems": {
		"DTCStatus.pendingDTC": {
		"bitoffset": 5, 
		"firstbyte": 6
		}, 
		"DTCStatus.testFailedSinceLastClear": {
		"bitoffset": 2, 
		"firstbyte": 6
		}, 
		"DTCRecord": {
		"firstbyte": 3
		}, 
		"DTCStatus.testNotCompletedSinceLastClear": {
		"bitoffset": 3, 
		"firstbyte": 6
		}, 
		"DTCStatus.testNotCompletedThisMonitoringCycle": {
		"bitoffset": 1, 
		"firstbyte": 6
		}, 
		"DTCStatus.warningIndicatorRequested": {
		"firstbyte": 6
		}, 
		"StatusOfDTC": {
		"firstbyte": 6
		}, 
		"DTCStatus.testFailedThisMonitoringCycle": {
		"bitoffset": 6, 
		"firstbyte": 6
		}, 
		"DTCStatus.testFailed": {
		"bitoffset": 7, 
		"firstbyte": 6
		}, 
		"DTCStatus.confirmedDTC": {
		"bitoffset": 4, 
		"firstbyte": 6
		}
	}, 
	"minbytes": 6, 
	"sentbytes": "1906910549FF"
	}, 
	{
	"receivebyte_dataitems": {
		"CRC": {
		"ref": true, 
		"firstbyte": 20
		}, 
		"VIN": {
		"ref": true, 
		"firstbyte": 3
		}
	}, 
	"deny_sds": [], 
	"minbytes": 21, 
	"sentbytes": "2181", 
	"name": "ReadDataByLocalId.VehicleIdentfication"
	}, 
	{
	"deny_sds": [], 
	"minbytes": 1, 
	"sentbytes": "3E01", 
	"name": "TesterPresent.WithResponse"
	}, 
	{
	"name": "WriteDataByLocalId.ClimatAreaConfig", 
	"replybytes": "7B05", 
	"deny_sds": [
		"plant", 
		"aftersales", 
		"engineering", 
		"supplier"
	], 
	"manualsend": true, 
	"sendbyte_dataitems": {
		"ClimatArea_Unit": {
		"firstbyte": 3
		}
	}, 
	"minbytes": 2, 
	"sentbytes": "3B0501"
	}, 
	{
	"name": "ReadDTCInformation.MonitorDTC911215", 
	"replybytes": "590600000000", 
	"deny_sds": [], 
	"receivebyte_dataitems": {
		"DTCStatus.pendingDTC": {
		"bitoffset": 5, 
		"firstbyte": 6
		}, 
		"DTCStatus.testFailedSinceLastClear": {
		"bitoffset": 2, 
		"firstbyte": 6
		}, 
		"DTCRecord": {
		"firstbyte": 3
		}, 
		"DTCStatus.testNotCompletedSinceLastClear": {
		"bitoffset": 3, 
		"firstbyte": 6
		}, 
		"DTCStatus.testNotCompletedThisMonitoringCycle": {
		"bitoffset": 1, 
		"firstbyte": 6
		}, 
		"DTCStatus.warningIndicatorRequested": {
		"firstbyte": 6
		}, 
		"StatusOfDTC": {
		"firstbyte": 6
		}, 
		"DTCStatus.testFailedThisMonitoringCycle": {
		"bitoffset": 6, 
		"firstbyte": 6
		}, 
		"DTCStatus.testFailed": {
		"bitoffset": 7, 
		"firstbyte": 6
		}, 
		"DTCStatus.confirmedDTC": {
		"bitoffset": 4, 
		"firstbyte": 6
		}
	}, 
	"minbytes": 6, 
	"sentbytes": "1906911215FF"
	}, 
	{
	"name": "WriteDataByLocalIdentifier", 
	"deny_sds": [
		"plant", 
		"aftersales", 
		"engineering", 
		"supplier"
	], 
	"manualsend": true, 
	"sendbyte_dataitems": {
		"RecordLocalIdentifier": {
		"firstbyte": 2
		}, 
		"ValueToBeWritten": {
		"firstbyte": 3
		}
	}, 
	"minbytes": 2, 
	"sentbytes": "3B0000000000000000000000000000000000000000"
	}, 
	{
	"name": "ReadDTCInformation.MonitorDTC910712", 
	"replybytes": "590600000000", 
	"deny_sds": [], 
	"receivebyte_dataitems": {
		"DTCStatus.pendingDTC": {
		"bitoffset": 5, 
		"firstbyte": 6
		}, 
		"DTCStatus.testFailedSinceLastClear": {
		"bitoffset": 2, 
		"firstbyte": 6
		}, 
		"DTCRecord": {
		"firstbyte": 3
		}, 
		"DTCStatus.testNotCompletedSinceLastClear": {
		"bitoffset": 3, 
		"firstbyte": 6
		}, 
		"DTCStatus.testNotCompletedThisMonitoringCycle": {
		"bitoffset": 1, 
		"firstbyte": 6
		}, 
		"DTCStatus.warningIndicatorRequested": {
		"firstbyte": 6
		}, 
		"StatusOfDTC": {
		"firstbyte": 6
		}, 
		"DTCStatus.testFailedThisMonitoringCycle": {
		"bitoffset": 6, 
		"firstbyte": 6
		}, 
		"DTCStatus.testFailed": {
		"bitoffset": 7, 
		"firstbyte": 6
		}, 
		"DTCStatus.confirmedDTC": {
		"bitoffset": 4, 
		"firstbyte": 6
		}
	}, 
	"minbytes": 6, 
	"sentbytes": "1906910712FF"
	}
], 
"data": {
	"RoutineLocalIdentifier": {
	"lists": {
		"1": "DTC Evaluation"
	}
	}, 
	"MessagesSetReference": {
	"bytescount": 2, 
	"byte": true, 
	"bitscount": 16
	}, 
	"RecyclingActuator.mode": {
	"lists": {
		"1": "Opened (0% - Fresh Air)", 
		"2": "Closed (100% - Recirculation)"
	}
	}, 
	"Production Year": {
	"lists": {
		"65": "2000", 
		"66": "2001", 
		"67": "2002", 
		"68": "2003", 
		"69": "2004", 
		"70": "2005", 
		"71": "2006", 
		"72": "2007", 
		"73": "2008", 
		"74": "2009", 
		"75": "2010", 
		"76": "2011", 
		"77": "2012", 
		"78": "2013", 
		"79": "2014", 
		"80": "2015", 
		"81": "2016", 
		"82": "2017", 
		"83": "2018", 
		"84": "2019", 
		"85": "2020", 
		"86": "2021", 
		"87": "2022", 
		"88": "2023", 
		"89": "2024", 
		"90": "2025"
	}
	}, 
	"Right/LeftHandDrive": {
	"lists": {
		"0": "Not configured", 
		"1": "Right Hand Drive", 
		"2": "Left Hand Drive"
	}
	}, 
	"RoutineEntryStatus": {
	"lists": {
		"1": "Routine in progress", 
		"2": "Routine completed and OK", 
		"4": "Routine completed and not OK", 
		"5": "Routine not started"
	}
	}, 
	"PTCVersion_Unit": {
	"lists": {
		"0": "Not configured", 
		"1": "CTP0 (without PTC)", 
		"2": "PTC1 (1000W)", 
		"3": "PTC2 (Not used)", 
		"4": "PTC3 (1800W)"
	}
	}, 
	"ConfirmedFaultBus_OFF": {
	"bitscount": 1, 
	"lists": {
		"0": "False", 
		"1": "TRUE"
	}
	}, 
	"CurrentFaultBCM": {
	"bitscount": 1, 
	"lists": {
		"0": "False", 
		"1": "TRUE"
	}
	}, 
	"VisibleSolarLevelInfo": {
	"scaled": true, 
	"step": 50.0, 
	"bitscount": 4, 
	"unit": "W"
	}, 
	"AC_StopAuto.mode": {
	"lists": {
		"1": "Forbidden", 
		"2": "Authorized"
	}
	}, 
	"CurrentFaultMute": {
	"bitscount": 1, 
	"lists": {
		"0": "False", 
		"1": "TRUE"
	}
	}, 
	"M_USM": {
	"scaled": true, 
	"bitscount": 6
	}, 
	"Output Temporary Control List": {
	"lists": {
		"1": "BlowerSpeed", 
		"2": "RecyclingActuator", 
		"3": "DistributionActuator", 
		"4": "MixingActuator", 
		"5": "MicroBlower"
	}
	}, 
	"MinimumVoltagebyAC": {
	"bitscount": 4, 
	"format": "#0.00", 
	"scaled": true, 
	"step": 0.25, 
	"offset": 11.5, 
	"unit": "V"
	}, 
	"DTCExtendedDataRecordNumber": {
	"lists": {
		"128": "Mileage", 
		"129": "AgingCounter", 
		"130": "DTCOccurrenceCounter"
	}
	}, 
	"Output Control Command": {
	"lists": {
		"0": "Start Temporary", 
		"1": "Status", 
		"17": "Stop"
	}
	}, 
	"ConfirmedFaultMute": {
	"bitscount": 1, 
	"lists": {
		"0": "False", 
		"1": "TRUE"
	}
	}, 
	"D_MixPosition": {
	"scaled": true, 
	"unit": "%"
	}, 
	"M_ECM": {
	"scaled": true, 
	"bitscount": 6
	}, 
	"M_Mute": {
	"scaled": true, 
	"bitscount": 6
	}, 
	"Right/LeftHandDrive_Unit": {
	"lists": {
		"0": "Not configured", 
		"1": "Right Hand Drive", 
		"2": "Left Hand Drive"
	}
	}, 
	"EngineeringSoftwareNumber_ASCII": {
	"bytesascii": true, 
	"bytescount": 4, 
	"byte": true, 
	"bitscount": 32
	}, 
	"DTCDeviceIdentifier": {
	"bytescount": 2, 
	"bitscount": 16, 
	"lists": {
		"37121": "InCarTemp", 
		"61443": "VBatt", 
		"37125": "EEPROM", 
		"37126": "RecyclingActr", 
		"37127": "MixingActr", 
		"37128": "DistributionActr", 
		"37129": "BlowerFanSpeed", 
		"37130": "BlowerFanFeedBack", 
		"37132": "MicroBlowerOutput", 
		"37137": "TreatedAirVent", 
		"37138": "TreatedAirFloor"
	}
	}, 
	"HeaterUnitSetPoint": {
	"scaled": true, 
	"unit": "\u00b0C", 
	"offset": -40.0
	}, 
	"D_BatVoltage": {
	"scaled": true, 
	"step": 0.08, 
	"unit": "V", 
	"format": "#00.00"
	}, 
	"DTCStatus.testFailedSinceLastClear": {
	"bitscount": 1, 
	"lists": {
		"0": "No", 
		"1": "Yes"
	}
	}, 
	"ElectricalPowerDrived": {
	"scaled": true, 
	"step": 100.0, 
	"bitscount": 5, 
	"unit": "W"
	}, 
	"EvaporatorTemperature": {
	"scaled": true, 
	"step": 0.5, 
	"format": "#0.00", 
	"unit": "\u00b0C", 
	"offset": -40.0
	}, 
	"Output Control Status": {
	"lists": {
		"1": "Running", 
		"2": "Control Complete", 
		"17": "Stopped"
	}
	}, 
	"ConfirmedFaultBCM": {
	"bitscount": 1, 
	"lists": {
		"0": "False", 
		"1": "TRUE"
	}
	}, 
	"RoutineEntryOption": {
	"lists": {
		"0": "Perform Routine requested", 
		"1": "Status request"
	}
	}, 
	"PumpActivation.mode": {
	"lists": {
		"1": "NO Activation", 
		"2": "Activation"
	}
	}, 
	"DTCStatus.testNotCompletedSinceLastClear": {
	"bitscount": 1, 
	"lists": {
		"0": "No", 
		"1": "Yes"
	}
	}, 
	"BlowerSpeed.mode": {
	"lists": {
		"1": "100%", 
		"2": "0%"
	}
	}, 
	"M_BCM": {
	"scaled": true, 
	"bitscount": 6
	}, 
	"UnitaryDataTraceability": {
	"bytesascii": true, 
	"bytescount": 16, 
	"byte": true, 
	"bitscount": 128
	}, 
	"PositionLightsRequest": {
	"bitscount": 2, 
	"lists": {
		"0": "OFF", 
		"1": "ON", 
		"3": "unavailable"
	}
	}, 
	"CurrentFaultECM": {
	"bitscount": 1, 
	"lists": {
		"0": "False", 
		"1": "TRUE"
	}
	}, 
	"DiagMuxON_BCM": {
	"bitscount": 2, 
	"lists": {
		"0": "failures masked", 
		"1": "failures not masked", 
		"3": "unavailable"
	}
	}, 
	"DTCExtendedData.Mileage": {
	"scaled": true, 
	"bytescount": 3, 
	"comment": "Description of the extendedData Mileage (use by Failure Page to decode data)", 
	"bitscount": 24, 
	"unit": "km"
	}, 
	"D_RecyPosition": {
	"bitscount": 2, 
	"lists": {
		"0": "Outside Air", 
		"1": "Recycling", 
		"2": "Control underway", 
		"3": "Unavailable"
	}
	}, 
	"D_TreatedAirVent": {
	"scaled": true, 
	"offset": -40.0
	}, 
	"CRC": {
	"bytescount": 2, 
	"byte": true, 
	"bitscount": 16
	}, 
	"MemoryAdressToWrite": {
	"bytescount": 4, 
	"byte": true, 
	"bitscount": 32
	}, 
	"D_CabinFanSpeed": {
	"scaled": true, 
	"step": 0.08, 
	"unit": "V"
	}, 
	"EngineeringSoftwareNumber": {
	"bytescount": 2, 
	"byte": true, 
	"bitscount": 16
	}, 
	"NightDimmedLight_MaxPercent": {
	"scaled": true, 
	"step": 0.4, 
	"unit": "%", 
	"format": "#0.0"
	}, 
	"DTCExtendedData.AgingCounter": {
	"scaled": true, 
	"comment": "Description of the extendedData AgingCounter (use by Failure Page to decode data)"
	}, 
	"EngineCoolantTemp": {
	"scaled": true, 
	"unit": "\u00b0C", 
	"offset": -40.0
	}, 
	"VehicleSpeed": {
	"bitscount": 16, 
	"format": "#0.00", 
	"scaled": true, 
	"step": 0.01, 
	"bytescount": 2, 
	"unit": "km/h"
	}, 
	"ExternalTemp": {
	"scaled": true, 
	"unit": "\u00b0C", 
	"offset": -40.0
	}, 
	"StopAutoState": {
	"bitscount": 2, 
	"lists": {
		"0": "NOT in AUTO Phase", 
		"1": "AUTO and RESTART", 
		"2": "AUTO Phase", 
		"3": "invalid"
	}
	}, 
	"CLIM_Absent": {
	"lists": {
		"0": "False", 
		"1": "TRUE"
	}
	}, 
	"D_DistributionPosition": {
	"scaled": true, 
	"unit": "%"
	}, 
	"D_ACCSupply": {
	"lists": {
		"0": "OFF", 
		"1": "ON", 
		"3": "unavailable"
	}
	}, 
	"DTCStatusAvailabilityMask": {
	"scaled": true
	}, 
	"D_RecyclingModeReq": {
	"scaled": true, 
	"unit": "%"
	}, 
	"VehicleType": {
	"lists": {
		"0": "Not configured", 
		"1": "K61", 
		"2": "K61 BU"
	}
	}, 
	"DTCRecord": {
	"bytescount": 3, 
	"byte": true, 
	"bitscount": 24
	}, 
	"DTCStatus.testNotCompletedThisMonitoringCycle": {
	"bitscount": 1, 
	"lists": {
		"0": "No", 
		"1": "Yes"
	}
	}, 
	"D_MicroBlowerRequest": {
	"bitscount": 2, 
	"lists": {
		"0": "OFF", 
		"1": "ON", 
		"3": "unavailable"
	}
	}, 
	"MicroBlower.mode": {
	"lists": {
		"1": "On", 
		"2": "Off"
	}
	}, 
	"BatteryVoltage": {
	"scaled": true, 
	"step": 0.0625, 
	"unit": "V", 
	"format": "#0.0000"
	}, 
	"Output Control.OnOff": {
	"lists": {
		"1": "ON (state 1)", 
		"2": "OFF (State 2)"
	}
	}, 
	"AC_StopAutoForbidden": {
	"bitscount": 2, 
	"lists": {
		"0": "Unavailable", 
		"1": "Auto Stop forbidden", 
		"2": "Auto stop authorized", 
		"3": "Not used"
	}
	}, 
	"CabinFanState": {
	"bitscount": 2, 
	"lists": {
		"0": "OFF", 
		"1": "ON", 
		"3": "invalid"
	}
	}, 
	"D_LightStatus": {
	"bitscount": 2, 
	"lists": {
		"0": "OFF", 
		"1": "ON", 
		"3": "unavailable"
	}
	}, 
	"RearDefrostAutoSelect": {
	"bitscount": 1, 
	"lists": {
		"0": "OFF", 
		"1": "ON"
	}
	}, 
	"ValueToBeWritten": {
	"bytescount": 19, 
	"byte": true, 
	"bitscount": 152
	}, 
	"CurrentFaultCLUSTER": {
	"bitscount": 1, 
	"lists": {
		"0": "False", 
		"1": "TRUE"
	}
	}, 
	"HardwareNumber": {
	"bytescount": 5, 
	"byte": true, 
	"bitscount": 40
	}, 
	"ResetInfo_Clim": {
	"scaled": true, 
	"bitscount": 1
	}, 
	"DTCFailureType.Category": {
	"bitscount": 4, 
	"lists": {
		"0": "General Failure Information", 
		"1": "General Electrical Failures", 
		"2": "General Signal Failures", 
		"3": "FM (Frequency Modulated) / PWM (Pulse Width Modulated) Failures", 
		"4": "System Internal Failures", 
		"5": "System Programming Failures", 
		"6": "Algorithm Based Failures", 
		"7": "Mechanical Failures", 
		"8": "Bus Signal / Message Failures", 
		"9": "Component Failures", 
		"15": "Vehicle manufacturer / System supplier specific"
	}
	}, 
	"ACCSheddingRelay": {
	"bitscount": 2, 
	"lists": {
		"0": "OFF", 
		"1": "ON", 
		"3": "unavailable"
	}
	}, 
	"DTCStatus.pendingDTC": {
	"bitscount": 1, 
	"lists": {
		"0": "No", 
		"1": "Yes"
	}
	}, 
	"ClimatArea": {
	"lists": {
		"0": "Not configured", 
		"1": "Mild Countries", 
		"2": "Cold Countries"
	}
	}, 
	"RearDefrostPush": {
	"scaled": true, 
	"bitscount": 1
	}, 
	"Production Month": {
	"lists": {
		"65": "Octobre", 
		"66": "Novembre", 
		"67": "Decembre", 
		"49": "Janvier", 
		"50": "Fevrier", 
		"51": "Mars", 
		"52": "Avril", 
		"53": "Mai", 
		"54": "Juin", 
		"55": "Juillet", 
		"56": "Aout", 
		"57": "Septembre"
	}
	}, 
	"D_DistributionPositionReq": {
	"scaled": true, 
	"unit": "%"
	}, 
	"SupplierIdentificationCode": {
	"bytesascii": true, 
	"bytescount": 3, 
	"byte": true, 
	"bitscount": 24
	}, 
	"RecordLocalIdentifier": {
	"lists": {
		"1": "System Global Configuration", 
		"2": "Vehicle Type Configuration", 
		"3": "AC Version Configuration", 
		"4": "PTC Version Configuration", 
		"5": "Climate Area Configuration", 
		"6": "Right/Left Hand Drive Configuration", 
		"7": "Compressor Type Configuration", 
		"8": "Pulley Ratio Configuration", 
		"9": "Evaporator Sensor Configuration", 
		"10": "Solar Sensor Configuration", 
		"11": "Air Quality Sensor Configuration", 
		"12": "Front Defrost Configuration", 
		"129": "Vehicle Identification", 
		"31": "Remote Working Mode Configuration"
	}
	}, 
	"ConfirmedFaultABS": {
	"bitscount": 1, 
	"lists": {
		"0": "False", 
		"1": "TRUE"
	}
	}, 
	"ManualRearDefrostStatus": {
	"bitscount": 2, 
	"lists": {
		"0": "Not requested", 
		"1": "Requested", 
		"3": "unavailable"
	}
	}, 
	"M_Bus_OFF": {
	"scaled": true, 
	"bitscount": 6
	}, 
	"MixingActuator.mode": {
	"lists": {
		"1": "Opened (0% - Max cold)", 
		"2": "Closed (100% - Max hot)"
	}
	}, 
	"DTCFailureType.ManufacturerOrSupplier": {
	"bitscount": 4
	}, 
	"VehicleType_Unit": {
	"lists": {
		"0": "Not configured", 
		"1": "K61", 
		"2": "K61 BU"
	}
	}, 
	"ProductionCalibrationNumber_ASCII": {
	"bytesascii": true, 
	"bytescount": 4, 
	"byte": true, 
	"bitscount": 32
	}, 
	"CurrentFaultBus_OFF": {
	"bitscount": 1, 
	"lists": {
		"0": "False", 
		"1": "TRUE"
	}
	}, 
	"D_IncarTemperature": {
	"scaled": true, 
	"format": "#0.00", 
	"unit": "\u00b0C", 
	"offset": -40.0
	}, 
	"D_CabinFanSpeedReq": {
	"scaled": true, 
	"step": 0.5, 
	"unit": "%"
	}, 
	"DTCStatus.testFailedThisMonitoringCycle": {
	"bitscount": 1, 
	"lists": {
		"0": "No", 
		"1": "Yes"
	}
	}, 
	"RearDefrostPushInvalid": {
	"bitscount": 1, 
	"lists": {
		"0": "Push valid", 
		"1": "Push invalid"
	}
	}, 
	"ClimatArea_Unit": {
	"lists": {
		"0": "Not configured", 
		"1": "Mild Countries", 
		"2": "Cold Countries"
	}
	}, 
	"EngineeringCalibrationNumber": {
	"bytescount": 2, 
	"byte": true, 
	"bitscount": 16
	}, 
	"M_CLUSTER": {
	"scaled": true, 
	"bitscount": 6
	}, 
	"Production Version": {
	"lists": {
		"49": "01", 
		"50": "02", 
		"51": "03", 
		"52": "04", 
		"53": "05", 
		"54": "06", 
		"55": "07", 
		"56": "08", 
		"57": "09"
	}
	}, 
	"MemoryAddressToRead": {
	"bytescount": 4, 
	"byte": true, 
	"bitscount": 32
	}, 
	"DTCMaskRecord": {
	"bytescount": 3, 
	"byte": true, 
	"bitscount": 24
	}, 
	"ProductionSoftwareNumber_ASCII": {
	"bytesascii": true, 
	"bytescount": 4, 
	"byte": true, 
	"bitscount": 32
	}, 
	"ConfirmedFaultCLUSTER": {
	"bitscount": 1, 
	"lists": {
		"0": "False", 
		"1": "TRUE"
	}
	}, 
	"Production Day": {
	"lists": {
		"49": "01", 
		"50": "02", 
		"51": "03", 
		"52": "04", 
		"53": "05", 
		"54": "06", 
		"55": "07", 
		"56": "08", 
		"57": "09", 
		"65": "10", 
		"66": "11", 
		"67": "12", 
		"68": "13", 
		"69": "14", 
		"70": "15", 
		"71": "16", 
		"72": "17", 
		"73": "18", 
		"74": "19", 
		"75": "20", 
		"76": "21", 
		"77": "22", 
		"78": "23", 
		"79": "24", 
		"80": "25", 
		"81": "26", 
		"82": "27", 
		"83": "28", 
		"84": "29", 
		"85": "30", 
		"86": "31"
	}
	}, 
	"MemorySizeToBeRead": {
	"comment": "Must be <7", 
	"bytescount": 2, 
	"byte": true, 
	"bitscount": 16
	}, 
	"VIN": {
	"bytesascii": true, 
	"bytescount": 17, 
	"byte": true, 
	"bitscount": 136
	}, 
	"ProductionCalibrationNumber": {
	"bytescount": 2, 
	"byte": true, 
	"bitscount": 16
	}, 
	"DiagnosticIdentificationCode": {
	"byte": true
	}, 
	"SessionName": {
	"lists": {
		"192": "APV Session (Assembly Line testing an After-Sales)", 
		"129": "Default Session", 
		"134": "Development Session"
	}
	}, 
	"DistributionActuator.mode": {
	"lists": {
		"1": "Opened (0% - Vent)", 
		"2": "Closed (100% Def)"
	}
	}, 
	"EngineStatus": {
	"bitscount": 3, 
	"lists": {
		"0": "Engine stopped", 
		"1": "Engine stalled", 
		"2": "Engine running", 
		"3": "Engine cranking", 
		"7": "unavailable"
	}
	}, 
	"MemoryDataToBeRecorded": {
	"byte": true
	}, 
	"DTCFailureType": {
	"lists": {
		"17": "circuit short to ground ($11)", 
		"73": "internal electronic failure ($49)", 
		"113": "actuator stuck ($71)", 
		"18": "circuit short to battery ($12)", 
		"20": "circuit short to ground or open ($14)", 
		"21": "circuit short to battery or open ($15)", 
		"22": "circuit voltage below threshold ($16)", 
		"23": "circuit voltage above threshold ($17)", 
		"85": "not configured ($55)"
	}
	}, 
	"ManufacturerIdentificationCode": {
	"byte": true
	}, 
	"DTCStatus.warningIndicatorRequested": {
	"bitscount": 1, 
	"lists": {
		"0": "No", 
		"1": "Yes"
	}
	}, 
	"CurrentFaultUSM": {
	"bitscount": 1, 
	"lists": {
		"0": "False", 
		"1": "TRUE"
	}
	}, 
	"StatusOfDTC": {
	"scaled": true
	}, 
	"Electronic Bord Part Number": {
	"bytescount": 5, 
	"byte": true, 
	"bitscount": 40
	}, 
	"DTCDeviceAndFailureTypeOBD": {
	"bytescount": 2, 
	"bitscount": 16
	}, 
	"CurrentFaultABS": {
	"bitscount": 1, 
	"lists": {
		"0": "False", 
		"1": "TRUE"
	}
	}, 
	"ProductionSoftwareNumber": {
	"bytescount": 2, 
	"byte": true, 
	"bitscount": 16
	}, 
	"ConfirmedFaultECM": {
	"bitscount": 1, 
	"lists": {
		"0": "False", 
		"1": "TRUE"
	}
	}, 
	"PumpActivationRequest": {
	"bitscount": 2, 
	"lists": {
		"0": "Unavailable", 
		"1": "NO Pump Activation Requested", 
		"2": "Pump Activation Requested", 
		"3": "Not used"
	}
	}, 
	"DTCStatus.confirmedDTC": {
	"bitscount": 1, 
	"lists": {
		"0": "No", 
		"1": "Yes"
	}
	}, 
	"D_MixPositionReq": {
	"scaled": true, 
	"unit": "%"
	}, 
	"APCLineStatus": {
	"bitscount": 2, 
	"lists": {
		"0": "OFF", 
		"1": "ON", 
		"3": "unavailable"
	}
	}, 
	"M_BRK": {
	"scaled": true, 
	"bitscount": 6
	}, 
	"LeftSolarLevelInfo": {
	"scaled": true, 
	"step": 50.0, 
	"bitscount": 5, 
	"unit": "W"
	}, 
	"EngineRPM": {
	"bitscount": 16, 
	"format": "0.000", 
	"scaled": true, 
	"step": 0.125, 
	"bytescount": 2, 
	"unit": "tr/min"
	}, 
	"RightSolarLevelInfo": {
	"scaled": true, 
	"step": 50.0, 
	"bitscount": 5, 
	"unit": "W"
	}, 
	"ClimateCoolingSelect": {
	"bitscount": 1, 
	"lists": {
		"0": "OFF", 
		"1": "ON"
	}
	}, 
	"D_LDAStatus": {
	"bitscount": 2, 
	"lists": {
		"0": "Idle", 
		"1": "LDA 1", 
		"2": "LDA 2", 
		"3": "unavailable"
	}
	}, 
	"DTCExtendedData.DTCOccurrenceCounter": {
	"scaled": true, 
	"comment": "Description of the extendedData DTCOccurenceCounter (use by Failure Page to decode data)"
	}, 
	"PTCVersion": {
	"lists": {
		"0": "Not configured", 
		"1": "CTP0 (without PTC)", 
		"2": "PTC1 (1000W)", 
		"3": "PTC2 (Not used)", 
		"4": "PTC3 (1800W)"
	}
	}, 
	"D_TreatedAirFloor": {
	"scaled": true, 
	"offset": -40.0
	}, 
	"ClimateCoolingStatusCopy": {
	"bitscount": 2, 
	"lists": {
		"0": "OFF", 
		"1": "ON", 
		"3": "unavailable"
	}
	}, 
	"ResetType": {
	"lists": {
		"2": "keyOffOnReset"
	}
	}, 
	"HeaterUnitSetPointFreeze": {
	"bitscount": 2, 
	"lists": {
		"0": "OFF", 
		"1": "ON", 
		"3": "unavailable"
	}
	}, 
	"DTCStatus.testFailed": {
	"bitscount": 1, 
	"lists": {
		"0": "No", 
		"1": "Yes"
	}
	}, 
	"ConfirmedFaultUSM": {
	"bitscount": 1, 
	"lists": {
		"0": "False", 
		"1": "TRUE"
	}
	}
}
}