{
"obd": {
	"baudrate": 500000, 
	"protocol": "CAN", 
	"recv_id": "76B", 
	"funcname": "TCU", 
	"funcaddr": "1C", 
	"send_id": "74B"
}, 
"devices": [
	{
	"dtc": 38937, 
	"devicedata": {}, 
	"dtctype": 0, 
	"name": "Relay of actuator motor \"FFT\" has a malfunction"
	}, 
	{
	"dtc": 38933, 
	"devicedata": {}, 
	"dtctype": 0, 
	"name": "Button \"Roof System Close\" stucks."
	}, 
	{
	"dtc": 38931, 
	"devicedata": {}, 
	"dtctype": 0, 
	"name": "Power supply of rear folt top has a malfunction"
	}, 
	{
	"dtc": 38957, 
	"devicedata": {}, 
	"dtctype": 0, 
	"name": "The motor \"RFT right\" is blocked / stalled."
	}, 
	{
	"dtc": 38941, 
	"devicedata": {}, 
	"dtctype": 0, 
	"name": "Limit switch \"RFT Right\" stucks"
	}, 
	{
	"dtc": 38944, 
	"devicedata": {}, 
	"dtctype": 0, 
	"name": "The Hall sensor 1 or 2 of the control unit \"Convertible\" has a malfunction"
	}, 
	{
	"dtc": 38956, 
	"devicedata": {}, 
	"dtctype": 0, 
	"name": "The motor \"RFT left\" is blocked / stalled."
	}, 
	{
	"dtc": 38932, 
	"devicedata": {}, 
	"dtctype": 0, 
	"name": "Button \"Roof System Open\" stucks."
	}, 
	{
	"dtc": 38945, 
	"devicedata": {}, 
	"dtctype": 0, 
	"name": "The convertible roof is not normalized"
	}, 
	{
	"dtc": 38934, 
	"devicedata": {}, 
	"dtctype": 0, 
	"name": "Relay of  actuator motor \"RFT left\" has a malfunction"
	}, 
	{
	"dtc": 38936, 
	"devicedata": {}, 
	"dtctype": 0, 
	"name": "The actuator motor \"FFT\" has overtemperature"
	}, 
	{
	"dtc": 38946, 
	"devicedata": {}, 
	"dtctype": 0, 
	"name": "Maximum runtime of the FFT motor has been exceeded."
	}, 
	{
	"dtc": 49472, 
	"devicedata": {}, 
	"dtctype": 0, 
	"name": "Communication with the BCM ECU has a malfunction"
	}, 
	{
	"dtc": 49424, 
	"devicedata": {}, 
	"dtctype": 0, 
	"name": "Bus off"
	}, 
	{
	"dtc": 41636, 
	"devicedata": {}, 
	"dtctype": 0, 
	"name": "Control unit Convertible has undervoltage"
	}, 
	{
	"dtc": 38940, 
	"devicedata": {}, 
	"dtctype": 0, 
	"name": "Limit switch \"RFT Left\" stucks"
	}, 
	{
	"dtc": 38943, 
	"devicedata": {}, 
	"dtctype": 0, 
	"name": "The Hall sensor signal is implausible with the limit switch \"FFT\""
	}, 
	{
	"dtc": 38947, 
	"devicedata": {}, 
	"dtctype": 0, 
	"name": "Maximum runtime of the RFT motor has been exceeded."
	}, 
	{
	"dtc": 38939, 
	"devicedata": {}, 
	"dtctype": 0, 
	"name": "Limit switch \"FFT\" has a malfunction"
	}, 
	{
	"dtc": 41582, 
	"devicedata": {}, 
	"dtctype": 0, 
	"name": "Buttons of \"Roof System\" has an implausible signal"
	}, 
	{
	"dtc": 38935, 
	"devicedata": {}, 
	"dtctype": 0, 
	"name": "Relay of  actuator motor \"RFT right\" has a malfunction"
	}, 
	{
	"dtc": 49493, 
	"devicedata": {}, 
	"dtctype": 0, 
	"name": "Communication with the intrument cluster has a malfunction"
	}, 
	{
	"dtc": 42297, 
	"devicedata": {}, 
	"dtctype": 0, 
	"name": "The values from the limit switches \"Soft top\" are implausible relative to each other."
	}, 
	{
	"dtc": 49442, 
	"devicedata": {}, 
	"dtctype": 0, 
	"name": "Communication with the Brake ECU has a malfunction"
	}
], 
"ecuname": "CRCM453_CRCM_Appl_C1_01.01.04.ddt", 
"autoidents": [
	{
	"diagversion": "46", 
	"supplier": "220", 
	"version": "0000", 
	"soft": "0003"
	}
], 
"endian": "Big", 
"requests": [
	{
	"name": "StartDiagnosticSession.Default", 
	"deny_sds": [], 
	"minbytes": 2, 
	"sentbytes": "1081", 
	"replybytes": "5081"
	}, 
	{
	"name": "DataRead.RFT state right Read", 
	"replybytes": "62103100", 
	"deny_sds": [], 
	"receivebyte_dataitems": {
		"closing": {
		"bitoffset": 7, 
		"firstbyte": 4
		}, 
		"opening": {
		"bitoffset": 6, 
		"firstbyte": 4
		}
	}, 
	"minbytes": 4, 
	"sentbytes": "221031"
	}, 
	{
	"name": "DataRead.Supply voltage KL30_01 Read", 
	"replybytes": "62100100000000", 
	"deny_sds": [], 
	"receivebyte_dataitems": {
		"value": {
		"firstbyte": 4, 
		"endian": "Little"
		}, 
		"Range_For_Closing": {
		"firstbyte": 7
		}, 
		"Range_For_Opening": {
		"firstbyte": 6
		}
	}, 
	"minbytes": 7, 
	"sentbytes": "221001"
	}, 
	{
	"name": "DataRead.FFT position Read", 
	"replybytes": "6210100000", 
	"deny_sds": [], 
	"receivebyte_dataitems": {
		"position": {
		"firstbyte": 4, 
		"endian": "Little"
		}
	}, 
	"minbytes": 5, 
	"sentbytes": "221010"
	}, 
	{
	"name": "DataRead.Identification.RenaultR2", 
	"replybytes": "6180000000000000000000000000000000000000000000000000", 
	"deny_sds": [], 
	"receivebyte_dataitems": {
		"HardwareNumber.BasicPartList": {
		"ref": true, 
		"firstbyte": 24
		}, 
		"DiagnosticIdentificationCode": {
		"ref": true, 
		"firstbyte": 8
		}, 
		"CalibrationNumber": {
		"ref": true, 
		"firstbyte": 21
		}, 
		"SupplierNumber.ITG": {
		"ref": true, 
		"firstbyte": 9
		}, 
		"HardwareNumber.LowerPart": {
		"ref": true, 
		"firstbyte": 12
		}, 
		"PartNumber.BasicPartList": {
		"ref": true, 
		"firstbyte": 23
		}, 
		"ManufacturerIdentificationCode": {
		"ref": true, 
		"firstbyte": 26
		}, 
		"ApprovalNumber.BasicPartList": {
		"ref": true, 
		"firstbyte": 25
		}, 
		"EditionNumber": {
		"ref": true, 
		"firstbyte": 19
		}, 
		"PartNumber.LowerPart": {
		"ref": true, 
		"firstbyte": 3
		}, 
		"SoftwareNumber": {
		"ref": true, 
		"firstbyte": 17
		}
	}, 
	"minbytes": 26, 
	"sentbytes": "2180"
	}, 
	{
	"name": "StartDiagnosticSession.Programming", 
	"deny_sds": [], 
	"minbytes": 2, 
	"sentbytes": "1085", 
	"replybytes": "5085"
	}, 
	{
	"name": "DataRead.FFT run time Read", 
	"replybytes": "6210120000", 
	"deny_sds": [], 
	"receivebyte_dataitems": {
		"thermo protection counter": {
		"firstbyte": 4, 
		"endian": "Little"
		}
	}, 
	"minbytes": 5, 
	"sentbytes": "221012"
	}, 
	{
	"name": "DataRead.Remote ControlButton state Read", 
	"replybytes": "62104300", 
	"deny_sds": [], 
	"receivebyte_dataitems": {
		"state_Remote_ControlButton": {
		"firstbyte": 4
		}
	}, 
	"minbytes": 4, 
	"sentbytes": "221043"
	}, 
	{
	"name": "DataRead.Internal temperature sensor Read", 
	"replybytes": "6210050000", 
	"deny_sds": [], 
	"receivebyte_dataitems": {
		"value_Internal_temperatur": {
		"firstbyte": 5
		}, 
		"range_Internal_temperatur": {
		"firstbyte": 4
		}
	}, 
	"minbytes": 5, 
	"sentbytes": "221005"
	}, 
	{
	"name": "ReadData.Daimler Part Number Read", 
	"replybytes": "61EF0000000000000000000000000000000000000000", 
	"deny_sds": [], 
	"receivebyte_dataitems": {
		"Daimler Software Part Number": {
		"ref": true, 
		"firstbyte": 13
		}, 
		"Daimler Hardware Part Number": {
		"ref": true, 
		"firstbyte": 3
		}
	}, 
	"minbytes": 22, 
	"sentbytes": "21EF"
	}, 
	{
	"name": "close RFT Stop", 
	"replybytes": "720400", 
	"deny_sds": [], 
	"receivebyte_dataitems": {
		"RoutineExitStatus": {
		"firstbyte": 3
		}
	}, 
	"minbytes": 3, 
	"sentbytes": "3204"
	}, 
	{
	"name": "DataRead.RFT state left Read", 
	"replybytes": "62102100", 
	"deny_sds": [], 
	"receivebyte_dataitems": {
		"closing": {
		"bitoffset": 7, 
		"firstbyte": 4
		}, 
		"opening": {
		"bitoffset": 6, 
		"firstbyte": 4
		}
	}, 
	"minbytes": 4, 
	"sentbytes": "221021"
	}, 
	{
	"name": "StartDiagnosticSession", 
	"deny_sds": [], 
	"minbytes": 2, 
	"sentbytes": "10C0", 
	"replybytes": "50C0"
	}, 
	{
	"name": "DataRead.Webasto Fazit Identification String Read", 
	"replybytes": "62F18C00000000000000000000000000000000", 
	"deny_sds": [], 
	"receivebyte_dataitems": {
		"WebastoFazitIdentificationString": {
		"firstbyte": 4
		}
	}, 
	"minbytes": 19, 
	"sentbytes": "22F18C"
	}, 
	{
	"name": "DataRead.LOG_Roof_state Read", 
	"replybytes": "6210520000", 
	"deny_sds": [], 
	"receivebyte_dataitems": {
		"LOG_FFTFullyOpened": {
		"bitoffset": 7, 
		"firstbyte": 4
		}, 
		"LOG_RFTStatusLeft": {
		"bitoffset": 6, 
		"firstbyte": 5
		}, 
		"LOG_RFTMovementInterrupted": {
		"bitoffset": 3, 
		"firstbyte": 5
		}, 
		"LOG_FFTFullyClosed": {
		"bitoffset": 6, 
		"firstbyte": 4
		}, 
		"LOG_RFTStatusRight": {
		"bitoffset": 4, 
		"firstbyte": 5
		}
	}, 
	"minbytes": 5, 
	"sentbytes": "221052"
	}, 
	{
	"name": "DataRead.FFT last stall position Read", 
	"replybytes": "6210510000", 
	"deny_sds": [], 
	"receivebyte_dataitems": {
		"position": {
		"firstbyte": 4, 
		"endian": "Little"
		}
	}, 
	"minbytes": 5, 
	"sentbytes": "221051"
	}, 
	{
	"name": "ReadDTCInformation.ReportExtendedData", 
	"replybytes": "590600000000", 
	"deny_sds": [], 
	"receivebyte_dataitems": {
		"DTCExtendedData.AgingCounter": {
		"firstbyte": 8
		}, 
		"DTCExtendedDataRecordNumber": {
		"firstbyte": 7
		}, 
		"DTCExtendedData.Mileage": {
		"firstbyte": 8
		}, 
		"DTCRecord": {
		"firstbyte": 3
		}, 
		"StatusOfDTC": {
		"firstbyte": 6
		}, 
		"DTCExtendedData.DTCOccurrenceCounter": {
		"firstbyte": 8
		}
	}, 
	"sendbyte_dataitems": {
		"DTCMaskRecord": {
		"firstbyte": 3
		}
	}, 
	"minbytes": 6, 
	"sentbytes": "1906000000FF"
	}, 
	{
	"name": "DataRead.VIN", 
	"replybytes": "618100000000000000000000000000000000000000", 
	"deny_sds": [], 
	"receivebyte_dataitems": {
		"VIN": {
		"ref": true, 
		"firstbyte": 3
		}, 
		"VIN CRC": {
		"ref": true, 
		"firstbyte": 20
		}
	}, 
	"minbytes": 21, 
	"sentbytes": "2181"
	}, 
	{
	"name": "ReadDTCInformation.ReportExtendedData.AgingCounter", 
	"replybytes": "5906000000008100", 
	"deny_sds": [], 
	"receivebyte_dataitems": {
		"DTCRecord": {
		"firstbyte": 3
		}, 
		"DTCExtendedData.AgingCounter": {
		"firstbyte": 8
		}, 
		"StatusOfDTC": {
		"firstbyte": 6
		}, 
		"DTCExtendedDataRecordNumber": {
		"firstbyte": 7
		}
	}, 
	"sendbyte_dataitems": {
		"DTCMaskRecord": {
		"firstbyte": 3
		}
	}, 
	"minbytes": 6, 
	"sentbytes": "190600000081"
	}, 
	{
	"name": "Hard Reset Ecu Reset", 
	"deny_sds": [], 
	"minbytes": 2, 
	"sentbytes": "1101", 
	"replybytes": "5101"
	}, 
	{
	"name": "open RFT Stop", 
	"replybytes": "720300", 
	"deny_sds": [], 
	"receivebyte_dataitems": {
		"RoutineExitStatus": {
		"firstbyte": 3
		}
	}, 
	"minbytes": 3, 
	"sentbytes": "3203"
	}, 
	{
	"name": "normalize FFT Status Request", 
	"replybytes": "710100", 
	"deny_sds": [], 
	"receivebyte_dataitems": {
		"RoutineStatusRecord": {
		"firstbyte": 3
		}
	}, 
	"minbytes": 3, 
	"sentbytes": "310101"
	}, 
	{
	"name": "ReadDTCInformation.ReportSnapshot", 
	"replybytes": "590400000000", 
	"deny_sds": [], 
	"receivebyte_dataitems": {
		"DTCRecord": {
		"firstbyte": 3
		}, 
		"StatusOfDTC": {
		"firstbyte": 6
		}
	}, 
	"sendbyte_dataitems": {
		"DTCMaskRecord": {
		"firstbyte": 3
		}
	}, 
	"minbytes": 6, 
	"sentbytes": "1904000000FF"
	}, 
	{
	"name": "DataRead.Vehicle speed Read", 
	"replybytes": "621041000000", 
	"deny_sds": [], 
	"receivebyte_dataitems": {
		"value_Vehicle_speed": {
		"firstbyte": 5, 
		"endian": "Little"
		}, 
		"range_Vehicle_speed": {
		"firstbyte": 4
		}
	}, 
	"minbytes": 6, 
	"sentbytes": "221041"
	}, 
	{
	"name": "Output Control.Status", 
	"replybytes": "700001", 
	"deny_sds": [
		"nosds"
	], 
	"manualsend": true, 
	"receivebyte_dataitems": {
		"Output Control Status": {
		"firstbyte": 3
		}
	}, 
	"sendbyte_dataitems": {
		"Output Control Command": {
		"firstbyte": 3
		}, 
		"Output Temporary Control List": {
		"firstbyte": 2
		}, 
		"Output Permanent Control List": {
		"firstbyte": 2
		}
	}, 
	"minbytes": 3, 
	"sentbytes": "300001"
	}, 
	{
	"name": "DataRead.FFT state Read", 
	"replybytes": "62101100", 
	"deny_sds": [], 
	"receivebyte_dataitems": {
		"closing": {
		"bitoffset": 7, 
		"firstbyte": 4
		}, 
		"normalized": {
		"bitoffset": 5, 
		"firstbyte": 4
		}, 
		"opening": {
		"bitoffset": 6, 
		"firstbyte": 4
		}
	}, 
	"minbytes": 4, 
	"sentbytes": "221011"
	}, 
	{
	"name": "ClearDiagnosticInformation.All", 
	"deny_sds": [], 
	"minbytes": 1, 
	"sentbytes": "14FFFFFF", 
	"replybytes": "54"
	}, 
	{
	"name": "ReadDTCInformation.ReportExtendedData.Mileage", 
	"replybytes": "59060000000080000000", 
	"deny_sds": [], 
	"receivebyte_dataitems": {
		"DTCExtendedData.Mileage": {
		"firstbyte": 8
		}, 
		"DTCRecord": {
		"firstbyte": 3
		}, 
		"StatusOfDTC": {
		"firstbyte": 6
		}, 
		"DTCExtendedDataRecordNumber": {
		"firstbyte": 7
		}
	}, 
	"sendbyte_dataitems": {
		"DTCMaskRecord": {
		"firstbyte": 3
		}
	}, 
	"minbytes": 6, 
	"sentbytes": "190600000080"
	}, 
	{
	"name": "ReadDTCInformation.ReportExtendedData.DTCOccurrenceCounter", 
	"replybytes": "5906000000008200", 
	"deny_sds": [], 
	"receivebyte_dataitems": {
		"DTCRecord": {
		"firstbyte": 3
		}, 
		"StatusOfDTC": {
		"firstbyte": 6
		}, 
		"DTCExtendedData.DTCOccurrenceCounter": {
		"firstbyte": 8
		}, 
		"DTCExtendedDataRecordNumber": {
		"firstbyte": 7
		}
	}, 
	"sendbyte_dataitems": {
		"DTCMaskRecord": {
		"firstbyte": 3
		}
	}, 
	"minbytes": 6, 
	"sentbytes": "190600000082"
	}, 
	{
	"name": "DataRead.RFT run time right Read", 
	"replybytes": "6210320000", 
	"deny_sds": [], 
	"receivebyte_dataitems": {
		"thermo protection counter": {
		"firstbyte": 4, 
		"endian": "Little"
		}
	}, 
	"minbytes": 5, 
	"sentbytes": "221032"
	}, 
	{
	"name": "normalize FFT Start", 
	"replybytes": "710100", 
	"deny_sds": [], 
	"receivebyte_dataitems": {
		"RoutineStatusRecord": {
		"firstbyte": 3
		}
	}, 
	"minbytes": 3, 
	"sentbytes": "310100"
	}, 
	{
	"name": "WriteData.Vehicle identification Write", 
	"replybytes": "7B81", 
	"deny_sds": [], 
	"sendbyte_dataitems": {
		"VIN in ASCII": {
		"firstbyte": 3
		}, 
		"CRC": {
		"firstbyte": 20
		}
	}, 
	"minbytes": 2, 
	"sentbytes": "3B8100000000000000000000000000000000000000"
	}, 
	{
	"name": "DataRead.Microswitch states Read", 
	"replybytes": "62100300", 
	"deny_sds": [], 
	"receivebyte_dataitems": {
		"MS3": {
		"bitoffset": 5, 
		"firstbyte": 4
		}, 
		"MS2": {
		"bitoffset": 6, 
		"firstbyte": 4
		}, 
		"MS1": {
		"bitoffset": 7, 
		"firstbyte": 4
		}
	}, 
	"minbytes": 4, 
	"sentbytes": "221003"
	}, 
	{
	"name": "close RFT Start", 
	"replybytes": "710400", 
	"deny_sds": [], 
	"receivebyte_dataitems": {
		"RoutineStatusRecord": {
		"firstbyte": 3
		}
	}, 
	"sendbyte_dataitems": {
		"RoutineControlOptionRecord": {
		"firstbyte": 4
		}
	}, 
	"minbytes": 3, 
	"sentbytes": "31040000"
	}, 
	{
	"name": "DataRead.Supply voltage KL30_02 Read", 
	"replybytes": "62100200000000", 
	"deny_sds": [], 
	"receivebyte_dataitems": {
		"RangeForClosing": {
		"firstbyte": 7
		}, 
		"value": {
		"firstbyte": 4, 
		"endian": "Little"
		}, 
		"RangeForOpening": {
		"firstbyte": 6
		}
	}, 
	"minbytes": 7, 
	"sentbytes": "221002"
	}, 
	{
	"name": "Output Control.Stop", 
	"replybytes": "700011", 
	"deny_sds": [
		"nosds"
	], 
	"manualsend": true, 
	"receivebyte_dataitems": {
		"Output Control Status": {
		"firstbyte": 3
		}
	}, 
	"sendbyte_dataitems": {
		"Output Control Command": {
		"firstbyte": 3
		}, 
		"Output Temporary Control List": {
		"firstbyte": 2
		}, 
		"Output Permanent Control List": {
		"firstbyte": 2
		}
	}, 
	"minbytes": 3, 
	"sentbytes": "300011"
	}, 
	{
	"name": "DataRead.External temperature sensor Read", 
	"replybytes": "6210420000", 
	"deny_sds": [], 
	"receivebyte_dataitems": {
		"value_External_temperature": {
		"firstbyte": 5
		}, 
		"range_External_temperature": {
		"firstbyte": 4
		}
	}, 
	"minbytes": 5, 
	"sentbytes": "221042"
	}, 
	{
	"name": "ReadData.Traceability information Read", 
	"replybytes": "61840000000000000000000000000000000000000000", 
	"deny_sds": [], 
	"receivebyte_dataitems": {
		"Unitary data traceability": {
		"ref": true, 
		"firstbyte": 3
		}
	}, 
	"minbytes": 22, 
	"sentbytes": "2184"
	}, 
	{
	"name": "denormalize FFT Stop", 
	"replybytes": "720200", 
	"deny_sds": [], 
	"receivebyte_dataitems": {
		"RoutineStatusRecord": {
		"firstbyte": 3
		}
	}, 
	"minbytes": 3, 
	"sentbytes": "3202"
	}, 
	{
	"name": "denormalize FFT Start", 
	"replybytes": "710200", 
	"deny_sds": [], 
	"receivebyte_dataitems": {
		"RoutineStatusRecord": {
		"firstbyte": 3
		}
	}, 
	"minbytes": 3, 
	"sentbytes": "310200"
	}, 
	{
	"name": "normalize FFT Stop", 
	"replybytes": "720100", 
	"deny_sds": [], 
	"receivebyte_dataitems": {
		"RoutineStatusRecord": {
		"firstbyte": 3
		}
	}, 
	"minbytes": 3, 
	"sentbytes": "3201"
	}, 
	{
	"name": "Output Control", 
	"replybytes": "700000", 
	"deny_sds": [], 
	"manualsend": true, 
	"receivebyte_dataitems": {
		"Output Control Status": {
		"firstbyte": 3
		}
	}, 
	"sendbyte_dataitems": {
		"Output Control Command": {
		"firstbyte": 3
		}, 
		"Output Temporary Control List": {
		"firstbyte": 2
		}, 
		"Output Permanent Control List": {
		"firstbyte": 2
		}
	}, 
	"minbytes": 3, 
	"sentbytes": "300000"
	}, 
	{
	"name": "ReadDTCInformation.ReportDTC", 
	"replybytes": "59020000000000", 
	"deny_sds": [], 
	"receivebyte_dataitems": {
		"DTCStatus.testFailedSinceLastClear": {
		"bitoffset": 2, 
		"firstbyte": 7
		}, 
		"DTCStatus.pendingDTC": {
		"bitoffset": 5, 
		"firstbyte": 7
		}, 
		"DTCStatus.confirmedDTC": {
		"bitoffset": 4, 
		"firstbyte": 7
		}, 
		"DTCDeviceAndFailureTypeOBD": {
		"firstbyte": 4
		}, 
		"DTCFailureType.ManufacturerOrSupplier": {
		"bitoffset": 4, 
		"firstbyte": 6
		}, 
		"DTCFailureType.Category": {
		"firstbyte": 6
		}, 
		"DTCFailureType": {
		"firstbyte": 6
		}, 
		"DTCStatus.testNotCompletedSinceLastClear": {
		"bitoffset": 3, 
		"firstbyte": 7
		}, 
		"DTCStatus.testNotCompletedThisMonitoringCycle": {
		"bitoffset": 1, 
		"firstbyte": 7
		}, 
		"DTCStatusAvailabilityMask": {
		"firstbyte": 3
		}, 
		"DTCStatus.warningIndicatorRequested": {
		"firstbyte": 7
		}, 
		"StatusOfDTC": {
		"firstbyte": 7
		}, 
		"DTCStatus.testFailedThisMonitoringCycle": {
		"bitoffset": 6, 
		"firstbyte": 7
		}, 
		"DTCStatus.testFailed": {
		"bitoffset": 7, 
		"firstbyte": 7
		}, 
		"DTCDeviceIdentifier": {
		"firstbyte": 4
		}
	}, 
	"minbytes": 3, 
	"sentbytes": "1902FF", 
	"shiftbytescount": 4
	}, 
	{
	"name": "DataRead.ControlButton states Read", 
	"replybytes": "62100400", 
	"deny_sds": [], 
	"receivebyte_dataitems": {
		"close": {
		"bitoffset": 4, 
		"firstbyte": 4
		}, 
		"open": {
		"bitoffset": 6, 
		"firstbyte": 4
		}
	}, 
	"minbytes": 4, 
	"sentbytes": "221004"
	}, 
	{
	"name": "DataRead.RFT run time left Read", 
	"replybytes": "6210220000", 
	"deny_sds": [], 
	"receivebyte_dataitems": {
		"thermo protection counter": {
		"firstbyte": 4, 
		"endian": "Little"
		}
	}, 
	"minbytes": 5, 
	"sentbytes": "221022"
	}, 
	{
	"name": "DataRead.WE-Cabrio Part Number Read", 
	"replybytes": "62F19200000000000000000000000000", 
	"deny_sds": [], 
	"receivebyte_dataitems": {
		"WE_CabrioPartNumber": {
		"firstbyte": 4
		}
	}, 
	"minbytes": 16, 
	"sentbytes": "22F192"
	}, 
	{
	"name": "TesterPresent.WithResponse", 
	"deny_sds": [], 
	"minbytes": 1, 
	"sentbytes": "3E01", 
	"replybytes": "7E"
	}, 
	{
	"name": "DataRead.Diagnostic state Read", 
	"replybytes": "62105300", 
	"deny_sds": [], 
	"receivebyte_dataitems": {
		"current session": {
		"firstbyte": 4
		}
	}, 
	"minbytes": 4, 
	"sentbytes": "221053"
	}, 
	{
	"name": "denormalize FFT Status Request", 
	"replybytes": "710200", 
	"deny_sds": [], 
	"receivebyte_dataitems": {
		"RoutineStatusRecord": {
		"firstbyte": 3
		}
	}, 
	"minbytes": 3, 
	"sentbytes": "310201"
	}, 
	{
	"name": "open RFT Start", 
	"replybytes": "710300", 
	"deny_sds": [], 
	"receivebyte_dataitems": {
		"RoutineStatusRecord": {
		"firstbyte": 3
		}
	}, 
	"sendbyte_dataitems": {
		"RoutineControlOptionRecord": {
		"firstbyte": 4
		}
	}, 
	"minbytes": 3, 
	"sentbytes": "31030000"
	}
], 
"data": {
	"VIN in ASCII": {
	"bytesascii": true, 
	"bytescount": 17, 
	"byte": true, 
	"bitscount": 136
	}, 
	"Output Control Status": {
	"lists": {
		"1": "Running", 
		"2": "Stopped", 
		"17": "Manually stopped"
	}
	}, 
	"DiagnosticIdentificationCode": {
	"byte": true
	}, 
	"range_Vehicle_speed": {
	"lists": {
		"0": "zero", 
		"1": "low", 
		"2": "high", 
		"3": "error"
	}, 
	"signed": true
	}, 
	"Daimler Hardware Part Number": {
	"bytesascii": true, 
	"bytescount": 10, 
	"byte": true, 
	"bitscount": 80
	}, 
	"DTCExtendedDataRecordNumber": {
	"lists": {
		"128": "Mileage", 
		"129": "AgingCounter", 
		"130": "DTCOccurrenceCounter"
	}
	}, 
	"DTCExtendedData.Mileage": {
	"scaled": true, 
	"bytescount": 3, 
	"comment": "Description of the extendedData Mileage (use by Failure Page to decode data)", 
	"bitscount": 24, 
	"unit": "km"
	}, 
	"CrcOfLogSave": {
	"bytescount": 2, 
	"byte": true, 
	"bitscount": 16
	}, 
	"VIN": {
	"bytesascii": true, 
	"bytescount": 17, 
	"byte": true, 
	"bitscount": 136, 
	"comment": "VIN lu dans la trameg\u00e9n\u00e9rique $2181"
	}, 
	"range_External_temperature": {
	"lists": {
		"0": "low", 
		"1": "medium", 
		"2": "high", 
		"3": "error"
	}, 
	"signed": true
	}, 
	"Output Control Command": {
	"lists": {
		"0": "Start Temporary", 
		"1": "Status", 
		"17": "Stop", 
		"32": "Start Permanent"
	}
	}, 
	"DTCFailureType.Category": {
	"bitscount": 4, 
	"lists": {
		"0": "General Failure Information", 
		"1": "General Electrical Failures", 
		"2": "General Signal Failures", 
		"3": "FM (Frequency Modulated) / PWM (Pulse Width Modulated) Failures", 
		"4": "System Internal Failures", 
		"5": "System Programming Failures", 
		"6": "Algorithm Based Failures", 
		"7": "Mechanical Failures", 
		"8": "Bus Signal / Message Failures", 
		"9": "Component Failures", 
		"15": "Vehicle manufacturer / System supplier specific"
	}
	}, 
	"DTCFailureType": {
	"lists": {
		"0": "Device and failure type ODB coding", 
		"1": "General Electrical Failure", 
		"2": "General signal failure", 
		"3": "FM (Frequency Modulated) / PWM (Pulse Width Modulated) Failures", 
		"4": "System Internal Failures", 
		"5": "System Programming Failures", 
		"6": "Algorithm Based Failures", 
		"7": "Mechanical Failures", 
		"8": "Bus Signal / Message Failures", 
		"9": "Component Failures", 
		"17": "circuit short to ground", 
		"18": "circuit short to battery", 
		"19": "circuit open", 
		"20": "circuit short to ground or open", 
		"21": "circuit short to battery or open", 
		"22": "circuit voltage below threshold", 
		"23": "circuit voltage above threshold", 
		"24": "circuit current below threshold", 
		"25": "circuit current above threshold", 
		"26": "circuit resistance below threshold", 
		"27": "circuit resistance above threshold", 
		"28": "circuit voltage out of range", 
		"29": "circuit current out of range", 
		"30": "circuit resistance out of range", 
		"31": "circuit intermittent", 
		"33": "signal amplitude < minimum", 
		"34": "signal amplitude > maximum", 
		"35": "signal stuck low", 
		"36": "signal stuck high", 
		"37": "signal shape / waveform failure", 
		"38": "signal rate of change below threshold", 
		"39": "signal rate of change above threshold", 
		"40": "signal bias level out of range / zero adjustment failure", 
		"41": "signal signal invalid", 
		"47": "signal erratic", 
		"49": "no signal", 
		"50": "signal low time < minimum", 
		"51": "signal low time > maximum", 
		"52": "signal high time < minimum", 
		"53": "signal high time > maximum", 
		"54": "signal frequency too low", 
		"55": "signal frequency too high", 
		"56": "signal frequency incorrect", 
		"57": "incorrect has too few pulses", 
		"58": "incorrect has too many pulses", 
		"65": "general checksum failure", 
		"66": "general memory failure", 
		"67": "special memory failure", 
		"68": "data memory failure", 
		"69": "program memory failure", 
		"70": "calibration / parameter memory failure", 
		"71": "watchdog / safety \u00b5C failure", 
		"72": "supervision software failure", 
		"73": "internal electronic failure", 
		"74": "incorrect component installed", 
		"75": "over temperature", 
		"81": "not programmed", 
		"82": "not activated", 
		"83": "deactivated", 
		"84": "missing calibration", 
		"85": "not configured", 
		"97": "signal calculation failure", 
		"98": "signal compare failure", 
		"99": "circuit / component protection time-out", 
		"100": "signal plausibility failure", 
		"101": "signal has too few transitions / events", 
		"102": "signal has too many transitions / events", 
		"103": "signal incorrect after event", 
		"104": "event information", 
		"113": "actuator stuck", 
		"114": "actuator stuck open", 
		"115": "actuator stuck closed", 
		"116": "actuator slipping", 
		"117": "emergency position not reachable", 
		"118": "wrong mounting position", 
		"119": "commanded position not reachable", 
		"120": "alignment or adjustment incorrect", 
		"121": "mechanical linkage failure", 
		"122": "fluid leak or seal failure", 
		"123": "low fluid level", 
		"129": "invalid serial data received", 
		"130": "alive / sequence counter incorrect / not updated", 
		"131": "value of signal protection calculation incorrect", 
		"132": "signal below allowable range", 
		"133": "signal above allowable range", 
		"134": "signal invalid", 
		"135": "missing message", 
		"136": "bus off", 
		"143": "erratic", 
		"145": "parametric", 
		"146": "performance or incorrect operation", 
		"147": "no operation", 
		"148": "unexpected operation", 
		"149": "incorrect assembly", 
		"150": "component internal failure", 
		"151": "Component or system operation obstructed or blocked", 
		"152": "component or system over temperature"
	}
	}, 
	"PartNumber.BasicPartList": {
	"lists": {
		"1": "285C1", 
		"2": "00000"
	}, 
	"signed": true
	}, 
	"ManufacturerIdentificationCode": {
	"byte": true
	}, 
	"MS1": {
	"bitscount": 1, 
	"lists": {
		"0": "inactive", 
		"1": "active"
	}, 
	"signed": true
	}, 
	"SessionName": {
	"lists": {
		"192": "ExtendedDiagnosticSession", 
		"129": "DefaultSession", 
		"133": "ProgrammingSession", 
		"134": "DevelopmentSession"
	}
	}, 
	"RoutineExitStatus": {
	"scaled": true, 
	"signed": true
	}, 
	"close": {
	"bitscount": 2, 
	"lists": {
		"0": "released", 
		"1": "pressed", 
		"2": "error"
	}, 
	"signed": true
	}, 
	"DTCStatus.warningIndicatorRequested": {
	"bitscount": 1, 
	"lists": {
		"0": "No", 
		"1": "Yes"
	}
	}, 
	"StatusOfDTC": {
	"scaled": true
	}, 
	"open": {
	"bitscount": 2, 
	"lists": {
		"0": "released", 
		"1": "pressed", 
		"2": "error"
	}, 
	"signed": true
	}, 
	"WebastoFazitIdentificationString": {
	"bytesascii": true, 
	"bytescount": 16, 
	"byte": true, 
	"bitscount": 128
	}, 
	"DTCMaskRecord": {
	"bytescount": 3, 
	"byte": true, 
	"bitscount": 24
	}, 
	"HardwareNumber.BasicPartList": {
	"lists": {
		"0": "00000"
	}, 
	"signed": true
	}, 
	"DTCStatus.pendingDTC": {
	"bitscount": 1, 
	"lists": {
		"0": "No", 
		"1": "Yes"
	}
	}, 
	"DTCExtendedData.AgingCounter": {
	"scaled": true, 
	"comment": "Description of the extendedData AgingCounter (use by Failure Page to decode data)"
	}, 
	"ProgrammingToolReference": {
	"bytesascii": true, 
	"bytescount": 5, 
	"byte": true, 
	"bitscount": 40
	}, 
	"Output Temporary Control List": {}, 
	"current session": {
	"scaled": true, 
	"signed": true
	}, 
	"DTCDeviceAndFailureTypeOBD": {
	"bytescount": 2, 
	"bitscount": 16
	}, 
	"value_External_temperature": {
	"scaled": true, 
	"unit": "\u00b0C", 
	"signed": true, 
	"offset": -40.0
	}, 
	"SupplierNumber.ITG": {
	"bytesascii": true, 
	"bytescount": 3, 
	"byte": true, 
	"bitscount": 24
	}, 
	"RangeForOpening": {
	"lists": {
		"0": "low", 
		"1": "normal1", 
		"2": "normal2", 
		"3": "normal3", 
		"4": "high", 
		"5": "error"
	}, 
	"signed": true
	}, 
	"DTCStatusAvailabilityMask": {
	"scaled": true
	}, 
	"DTCExtendedData.DTCOccurrenceCounter": {
	"scaled": true, 
	"comment": "Description of the extendedData DTCOccurrenceCounter (use by Failure Page to decode data)"
	}, 
	"SaveMarking": {
	"byte": true
	}, 
	"EditionNumber": {
	"bytescount": 2, 
	"byte": true, 
	"bitscount": 16
	}, 
	"PartNumber.LowerPart": {
	"bytesascii": true, 
	"bytescount": 5, 
	"byte": true, 
	"bitscount": 40
	}, 
	"Range_For_Opening": {
	"lists": {
		"0": "low", 
		"1": "normal1", 
		"2": "normal2", 
		"3": "normal3", 
		"4": "high", 
		"5": "error"
	}, 
	"signed": true
	}, 
	"LOG_FFTFullyClosed": {
	"bitscount": 1, 
	"lists": {
		"0": "false", 
		"1": "true"
	}, 
	"signed": true
	}, 
	"TimeOfReprogramming": {
	"comment": "Cod\u00e9 en BCD", 
	"bytescount": 2, 
	"byte": true, 
	"bitscount": 16
	}, 
	"DTCStatus.testFailed": {
	"bitscount": 1, 
	"lists": {
		"0": "No", 
		"1": "Yes"
	}
	}, 
	"DateOfReprogramming": {
	"comment": "Cod\u00e9 en BCD", 
	"bytescount": 3, 
	"byte": true, 
	"bitscount": 24
	}, 
	"DTCStatus.confirmedDTC": {
	"bitscount": 1, 
	"lists": {
		"0": "No", 
		"1": "Yes"
	}
	}, 
	"CalibrationNumber": {
	"bytescount": 2, 
	"byte": true, 
	"bitscount": 16
	}, 
	"opening": {
	"bitscount": 1, 
	"lists": {
		"0": "false", 
		"1": "true"
	}, 
	"signed": true
	}, 
	"value_Internal_temperatur": {
	"scaled": true, 
	"unit": "\u00b0C", 
	"signed": true, 
	"offset": -40.0
	}, 
	"DTCRecord": {
	"bytescount": 3, 
	"byte": true, 
	"bitscount": 24
	}, 
	"DTCFailureType.ManufacturerOrSupplier": {
	"bitscount": 4
	}, 
	"LOG_RFTStatusLeft": {
	"bitscount": 2, 
	"lists": {
		"0": "fully open", 
		"1": "in conversion", 
		"2": "fully closed", 
		"3": "unavailable"
	}, 
	"signed": true
	}, 
	"Unitary data traceability": {
	"bytesascii": true, 
	"bytescount": 20, 
	"byte": true, 
	"bitscount": 160
	}, 
	"LOG_FFTFullyOpened": {
	"bitscount": 1, 
	"lists": {
		"0": "false", 
		"1": "true"
	}, 
	"signed": true
	}, 
	"RangeForClosing": {
	"lists": {
		"0": "low", 
		"1": "normal1", 
		"2": "normal2", 
		"3": "normal3", 
		"4": "high", 
		"5": "error"
	}, 
	"signed": true
	}, 
	"DTCStatus.testNotCompletedThisMonitoringCycle": {
	"bitscount": 1, 
	"lists": {
		"0": "No", 
		"1": "Yes"
	}
	}, 
	"normalized": {
	"bitscount": 1, 
	"lists": {
		"0": "false", 
		"1": "true"
	}, 
	"signed": true
	}, 
	"position": {
	"scaled": true, 
	"bytescount": 2, 
	"bitscount": 16, 
	"unit": "ticks", 
	"signed": true
	}, 
	"ApprovalNumber.BasicPartList": {
	"lists": {
		"0": "VAL_0", 
		"1": "VAL_1"
	}, 
	"signed": true
	}, 
	"range_Internal_temperatur": {
	"lists": {
		"0": "low", 
		"1": "medium", 
		"2": "high", 
		"3": "error"
	}, 
	"signed": true
	}, 
	"DTCStatus.testFailedThisMonitoringCycle": {
	"bitscount": 1, 
	"lists": {
		"0": "No", 
		"1": "Yes"
	}
	}, 
	"VIN CRC": {
	"bytescount": 2, 
	"byte": true, 
	"bitscount": 16
	}, 
	"DTCDeviceIdentifier": {
	"bytescount": 2, 
	"bitscount": 16, 
	"lists": {
		"49424": "Bus off", 
		"38931": "Power supply of rear folt top has a malfunction", 
		"38932": "Button \"Roof System Open\" stucks.", 
		"38933": "Button \"Roof System Close\" stucks.", 
		"38934": "Relay of  actuator motor \"RFT left\" has a malfunction", 
		"38935": "Relay of  actuator motor \"RFT right\" has a malfunction", 
		"38936": "The actuator motor \"FFT\" has overtemperature", 
		"38937": "Relay of actuator motor \"FFT\" has a malfunction", 
		"38939": "Limit switch \"FFT\" has a malfunction", 
		"38940": "Limit switch \"RFT Left\" stucks", 
		"38941": "Limit switch \"RFT Right\" stucks", 
		"38943": "The Hall sensor signal is implausible with the limit switch \"FFT\"", 
		"38944": "The Hall sensor 1 or 2 of the control unit \"Convertible\" has a malfunction", 
		"38945": "The convertible roof is not normalized", 
		"38946": "Maximum runtime of the FFT motor has been exceeded.", 
		"38947": "Maximum runtime of the RFT motor has been exceeded.", 
		"41636": "Control unit Convertible has undervoltage", 
		"38956": "The motor \"RFT left\" is blocked / stalled.", 
		"38957": "The motor \"RFT right\" is blocked / stalled.", 
		"42297": "The values from the limit switches \"Soft top\" are implausible relative to each other.", 
		"49472": "Communication with the BCM ECU has a malfunction", 
		"49442": "Communication with the Brake ECU has a malfunction", 
		"49493": "Communication with the intrument cluster has a malfunction", 
		"41582": "Buttons of \"Roof System\" has an implausible signal"
	}
	}, 
	"ApprovalNumber.LowerPart": {
	"bytesascii": true, 
	"bytescount": 5, 
	"byte": true, 
	"bitscount": 40
	}, 
	"value": {
	"divideby": 10000.0, 
	"bitscount": 16, 
	"signed": true, 
	"scaled": true, 
	"step": 181.0, 
	"bytescount": 2
	}, 
	"LOG_RFTStatusRight": {
	"bitscount": 2, 
	"lists": {
		"0": "fully open", 
		"1": "in conversion", 
		"2": "fully closed", 
		"3": "unavailable"
	}, 
	"signed": true
	}, 
	"WE_CabrioPartNumber": {
	"bytesascii": true, 
	"bytescount": 13, 
	"byte": true, 
	"bitscount": 104
	}, 
	"DTCStatus.testFailedSinceLastClear": {
	"bitscount": 1, 
	"lists": {
		"0": "No", 
		"1": "Yes"
	}
	}, 
	"ProgrammingSiteReference": {
	"bytesascii": true, 
	"bytescount": 5, 
	"byte": true, 
	"bitscount": 40
	}, 
	"CRC": {
	"scaled": true, 
	"bytescount": 2, 
	"bitscount": 16, 
	"signed": true
	}, 
	"state_Remote_ControlButton": {
	"lists": {
		"0": "inactive", 
		"1": "manual", 
		"2": "automatic", 
		"3": "error"
	}, 
	"signed": true
	}, 
	"NumberOfReprogrammings": {
	"byte": true
	}, 
	"MS3": {
	"bitscount": 1, 
	"lists": {
		"0": "inactive", 
		"1": "active"
	}, 
	"signed": true
	}, 
	"MS2": {
	"bitscount": 1, 
	"lists": {
		"0": "inactive", 
		"1": "active"
	}, 
	"signed": true
	}, 
	"Range_For_Closing": {
	"lists": {
		"0": "low", 
		"1": "normal1", 
		"2": "normal2", 
		"3": "normal3", 
		"4": "high", 
		"5": "error"
	}, 
	"signed": true
	}, 
	"RoutineStatusRecord": {
	"scaled": true, 
	"signed": true
	}, 
	"HardwareNumber.LowerPart": {
	"bytesascii": true, 
	"bytescount": 5, 
	"byte": true, 
	"bitscount": 40
	}, 
	"DTCStatus.testNotCompletedSinceLastClear": {
	"bitscount": 1, 
	"lists": {
		"0": "No", 
		"1": "Yes"
	}
	}, 
	"thermo protection counter": {
	"scaled": true, 
	"bytescount": 2, 
	"bitscount": 16, 
	"signed": true
	}, 
	"Daimler Software Part Number": {
	"bytesascii": true, 
	"bytescount": 10, 
	"byte": true, 
	"bitscount": 80
	}, 
	"RoutineControlOptionRecord": {
	"scaled": true, 
	"signed": true
	}, 
	"closing": {
	"bitscount": 1, 
	"lists": {
		"0": "false", 
		"1": "true"
	}, 
	"signed": true
	}, 
	"Output Permanent Control List": {
	"lists": {
		"1": "ControlSwitchOpen", 
		"2": "ControlSwitchClose"
	}
	}, 
	"LOG_RFTMovementInterrupted": {
	"bitscount": 1, 
	"lists": {
		"0": "false", 
		"1": "true"
	}, 
	"signed": true
	}, 
	"value_Vehicle_speed": {
	"divideby": 100.0, 
	"bitscount": 16, 
	"signed": true, 
	"scaled": true, 
	"bytescount": 2, 
	"unit": "km/h"
	}, 
	"SoftwareNumber": {
	"bytescount": 2, 
	"byte": true, 
	"bitscount": 16
	}
}
}