{
"obd": {
	"baudrate": 500000, 
	"protocol": "CAN", 
	"recv_id": "762", 
	"funcname": "Direction assist\u00e9e", 
	"funcaddr": "04", 
	"send_id": "742"
}, 
"devices": [
	{
	"dtc": 22023, 
	"devicedata": {}, 
	"dtctype": 2, 
	"name": "EPS fault - NVM"
	}, 
	{
	"dtc": 22017, 
	"devicedata": {
		"Voltage_ST": "0"
	}, 
	"dtctype": 0, 
	"name": "Battery voltage"
	}, 
	{
	"dtc": 22035, 
	"devicedata": {}, 
	"dtctype": 0, 
	"name": "IGN Signal Fault"
	}, 
	{
	"dtc": 22020, 
	"devicedata": {
		"Torque_ST": "0"
	}, 
	"dtctype": 2, 
	"name": "EPS fault - Torque Sensor"
	}, 
	{
	"dtc": 22022, 
	"devicedata": {}, 
	"dtctype": 2, 
	"name": "EPS fault - Motor"
	}, 
	{
	"dtc": 53760, 
	"devicedata": {
		"Vehicle Speed": "0"
	}, 
	"dtctype": 0, 
	"name": "CAN vehicle speed Fault"
	}, 
	{
	"dtc": 22018, 
	"devicedata": {
		"Tuning Number (Syst Ident)": "0"
	}, 
	"dtctype": 4, 
	"name": "No tuning set"
	}, 
	{
	"dtc": 22024, 
	"devicedata": {}, 
	"dtctype": 2, 
	"name": "EPS Fault - ECU"
	}, 
	{
	"dtc": 22021, 
	"devicedata": {
		"Calibration status": "0", 
		"Angle_ST": "0", 
		"Velocity_ST": "0", 
		"Angle Sensor Index Status": "0", 
		"Calculated Angle Offset": "0"
	}, 
	"dtctype": 2, 
	"name": "EPS fault - Angle sensor"
	}, 
	{
	"dtc": 53248, 
	"devicedata": {
		"Engine status": "0"
	}, 
	"dtctype": 0, 
	"name": "CAN bus fault"
	}, 
	{
	"dtc": 22034, 
	"devicedata": {}, 
	"dtctype": 4, 
	"name": "No Angle Calibration ( A IGNORER )"
	}, 
	{
	"dtc": 22036, 
	"devicedata": {
		"Motor Temperature": "0", 
		"Derating Level": "0", 
		"ECU Temperature": "0"
	}, 
	"dtctype": 4, 
	"name": "Derating"
	}
], 
"ecuname": "DAE_J84_NSK_PPP3_V1", 
"autoidents": [
	{
	"diagversion": "5", 
	"supplier": "NSK", 
	"version": "0000", 
	"soft": "1500"
	}
], 
"endian": "Big", 
"requests": [
	{
	"receivebyte_dataitems": {
		"Data D": {
		"ref": true, 
		"firstbyte": 6
		}, 
		"Data B": {
		"ref": true, 
		"firstbyte": 4
		}, 
		"Data C": {
		"ref": true, 
		"firstbyte": 5
		}, 
		"Data A": {
		"ref": true, 
		"firstbyte": 3
		}
	}, 
	"deny_sds": [], 
	"minbytes": 6, 
	"sentbytes": "2100", 
	"name": "RDBLI- Supported LI"
	}, 
	{
	"receivebyte_dataitems": {
		"Routine Status": {
		"firstbyte": 3
		}
	}, 
	"deny_sds": [], 
	"minbytes": 3, 
	"sentbytes": "310100", 
	"name": "SRBLID - Angle Calibration"
	}, 
	{
	"sentbytes": "14FF00", 
	"deny_sds": [], 
	"minbytes": 1, 
	"manualsend": true, 
	"name": "ClearDTC"
	}, 
	{
	"name": "RDFFD - Freeze Frame", 
	"deny_sds": [], 
	"manualsend": true, 
	"receivebyte_dataitems": {
		"Battery Voltage (FF)": {
		"firstbyte": 5
		}, 
		"Steering Angle (FF)": {
		"firstbyte": 6
		}, 
		"Internal Fault Code (FF)": {
		"firstbyte": 10
		}, 
		"IGN Counter (FF)": {
		"firstbyte": 3
		}, 
		"Vehicle Speed (FF)": {
		"firstbyte": 4
		}, 
		"Motor Current (FF)": {
		"firstbyte": 8
		}, 
		"Driver Torque (FF)": {
		"firstbyte": 9
		}
	}, 
	"sendbyte_dataitems": {
		"FirstDTC": {
		"firstbyte": 4
		}
	}, 
	"minbytes": 13, 
	"sentbytes": "1200040000"
	}, 
	{
	"sentbytes": "10C0", 
	"deny_sds": [], 
	"minbytes": 1, 
	"manualsend": true, 
	"name": "SDS - Start Diagnostic Mode $C0"
	}, 
	{
	"sentbytes": "1081", 
	"deny_sds": [], 
	"minbytes": 1, 
	"manualsend": true, 
	"name": "SDS - Start Diagnostic Def $81"
	}, 
	{
	"name": "WDBLI - EPS Tuning", 
	"deny_sds": [], 
	"manualsend": true, 
	"sendbyte_dataitems": {
		"Tuning Number (ID 02)": {
		"firstbyte": 3
		}
	}, 
	"minbytes": 1, 
	"sentbytes": "3B0200"
	}, 
	{
	"receivebyte_dataitems": {
		"Routine Status": {
		"firstbyte": 3
		}
	}, 
	"deny_sds": [], 
	"minbytes": 3, 
	"sentbytes": "310101", 
	"name": "SRBLID - Calibration Status"
	}, 
	{
	"receivebyte_dataitems": {
		"Year": {
		"ref": true, 
		"firstbyte": 5
		}, 
		"Day": {
		"ref": true, 
		"firstbyte": 3
		}, 
		"Month": {
		"ref": true, 
		"firstbyte": 4
		}
	}, 
	"deny_sds": [], 
	"minbytes": 5, 
	"sentbytes": "21B0", 
	"name": "RDBLI - Date of After Sales"
	}, 
	{
	"name": "WDBLI - Pulling Torque Offset", 
	"deny_sds": [], 
	"manualsend": true, 
	"sendbyte_dataitems": {
		"Pulling Torque Offset": {
		"firstbyte": 3
		}
	}, 
	"minbytes": 1, 
	"sentbytes": "3B0300"
	}, 
	{
	"receivebyte_dataitems": {
		"Assist Control Gain": {
		"ref": true, 
		"firstbyte": 2
		}
	}, 
	"deny_sds": [
		"nosds", 
		"plant", 
		"aftersales", 
		"supplier"
	], 
	"minbytes": 3, 
	"sentbytes": "23FFFFEC180002", 
	"name": "RMBA - Assist Control Gain"
	}, 
	{
	"sentbytes": "3B8100000000000000000000000000000000000000", 
	"deny_sds": [], 
	"minbytes": 1, 
	"manualsend": true, 
	"name": "WDBLI - VIN"
	}, 
	{
	"name": "RDFFD - Freeze Frame Derating", 
	"deny_sds": [], 
	"manualsend": true, 
	"receivebyte_dataitems": {
		"Vehicle Speed (FF)": {
		"firstbyte": 4
		}, 
		"Motor T\u00b0 at min assist (FF)": {
		"firstbyte": 6
		}, 
		"Min Assist in Derating (FF)": {
		"firstbyte": 5
		}, 
		"IGN Counter (FF)": {
		"firstbyte": 3
		}, 
		"ECU T\u00b0 at min assist (FF)": {
		"firstbyte": 7
		}
	}, 
	"sendbyte_dataitems": {
		"FirstDTC": {
		"firstbyte": 4
		}
	}, 
	"minbytes": 10, 
	"sentbytes": "1200040000"
	}, 
	{
	"name": "WDBLI - Pulling Compensation Type", 
	"deny_sds": [], 
	"manualsend": true, 
	"sendbyte_dataitems": {
		"Pulling Compensation Type": {
		"firstbyte": 3
		}
	}, 
	"minbytes": 1, 
	"sentbytes": "3B0400"
	}, 
	{
	"receivebyte_dataitems": {
		"Manufacturer Identification Code": {
		"ref": true, 
		"firstbyte": 26
		}, 
		"SoftWare Number": {
		"ref": true, 
		"firstbyte": 17
		}, 
		"Other System Features": {
		"ref": true, 
		"firstbyte": 23
		}, 
		"Spare Parts Number": {
		"ref": true, 
		"firstbyte": 3
		}, 
		"Diagnostic Identification Code": {
		"ref": true, 
		"firstbyte": 8
		}, 
		"Edition Number": {
		"ref": true, 
		"firstbyte": 19
		}, 
		"Tuning Number (Syst Ident)": {
		"ref": true, 
		"firstbyte": 21
		}, 
		"Supplier Number": {
		"ref": true, 
		"firstbyte": 9
		}, 
		"Hardware Number": {
		"ref": true, 
		"firstbyte": 12
		}, 
		"Tuning version (Syst Ident)": {
		"ref": true, 
		"firstbyte": 22
		}
	}, 
	"deny_sds": [], 
	"minbytes": 26, 
	"sentbytes": "2180", 
	"name": "RDBLI - System Identification RENAULT"
	}, 
	{
	"name": "WDBLI - Date of After-Sales", 
	"deny_sds": [], 
	"manualsend": true, 
	"sendbyte_dataitems": {
		"Year": {
		"firstbyte": 5
		}, 
		"Day": {
		"firstbyte": 3
		}, 
		"Month": {
		"firstbyte": 4
		}
	}, 
	"minbytes": 1, 
	"sentbytes": "3BB0000000"
	}, 
	{
	"receivebyte_dataitems": {
		"Tuning Number (ID 02)": {
		"ref": true, 
		"firstbyte": 3
		}
	}, 
	"deny_sds": [], 
	"minbytes": 3, 
	"sentbytes": "2102", 
	"name": "RDBLI - Tuning Number"
	}, 
	{
	"receivebyte_dataitems": {
		"Fault indicator_ST": {
		"ref": true, 
		"firstbyte": 17
		}, 
		"Vehicle Speed": {
		"ref": true, 
		"firstbyte": 15
		}, 
		"Derating Level": {
		"ref": true, 
		"firstbyte": 14
		}, 
		"Voltage_ST": {
		"ref": true, 
		"firstbyte": 3
		}, 
		"Reverse Gear Status": {
		"bitoffset": 6, 
		"ref": true, 
		"firstbyte": 17
		}, 
		"Angle_ST": {
		"ref": true, 
		"firstbyte": 6
		}, 
		"Motor Temperature": {
		"ref": true, 
		"firstbyte": 20
		}, 
		"Torque_ST": {
		"ref": true, 
		"firstbyte": 5
		}, 
		"Calibration status": {
		"bitoffset": 4, 
		"ref": true, 
		"firstbyte": 17
		}, 
		"Filtered Vehicle Speed": {
		"ref": true, 
		"firstbyte": 21
		}, 
		"Limited Pulling Comp Torque": {
		"ref": true, 
		"firstbyte": 19
		}, 
		"Engine status": {
		"bitoffset": 2, 
		"ref": true, 
		"firstbyte": 17
		}, 
		"Angle Sensor Index Status": {
		"bitoffset": 1, 
		"ref": true, 
		"firstbyte": 17
		}, 
		"Consigned Power_ST": {
		"ref": true, 
		"firstbyte": 11
		}, 
		"Power assistance_ST": {
		"ref": true, 
		"firstbyte": 10
		}, 
		"Consigned Torque_ST": {
		"ref": true, 
		"firstbyte": 12
		}, 
		"ECU Temperature": {
		"ref": true, 
		"firstbyte": 13
		}, 
		"Velocity_ST": {
		"ref": true, 
		"firstbyte": 8
		}, 
		"Calculated Angle Offset": {
		"ref": true, 
		"firstbyte": 18
		}
	}, 
	"deny_sds": [], 
	"minbytes": 21, 
	"sentbytes": "2101", 
	"name": "RDBLI - System Frame"
	}, 
	{
	"receivebyte_dataitems": {
		"Data D": {
		"firstbyte": 6
		}, 
		"Data B": {
		"firstbyte": 4
		}, 
		"Data C": {
		"firstbyte": 5
		}, 
		"Data A": {
		"firstbyte": 3
		}
	}, 
	"deny_sds": [], 
	"minbytes": 6, 
	"sentbytes": "3B00", 
	"name": "WDBLI - Supported LI"
	}, 
	{
	"receivebyte_dataitems": {
		"Pulling Torque Offset": {
		"ref": true, 
		"firstbyte": 3
		}
	}, 
	"deny_sds": [], 
	"minbytes": 3, 
	"sentbytes": "2103", 
	"name": "RDBLI - Pulling Torque Offset"
	}, 
	{
	"sentbytes": "10FA", 
	"deny_sds": [], 
	"minbytes": 1, 
	"manualsend": true, 
	"name": "SDS - Start Diagnostic $FA"
	}, 
	{
	"receivebyte_dataitems": {
		"Traceability data": {
		"ref": true, 
		"firstbyte": 3
		}
	}, 
	"deny_sds": [], 
	"minbytes": 22, 
	"sentbytes": "2184", 
	"name": "RDBLI - Traceability"
	}, 
	{
	"receivebyte_dataitems": {
		"Pulling Compensation Type": {
		"ref": true, 
		"firstbyte": 3
		}
	}, 
	"deny_sds": [], 
	"minbytes": 3, 
	"sentbytes": "2104", 
	"name": "RDBLI - Pulling Compensation Type"
	}, 
	{
	"name": "Start Diagnostic Session", 
	"deny_sds": [], 
	"manualsend": true, 
	"sendbyte_dataitems": {
		"Session Name": {
		"firstbyte": 2
		}
	}, 
	"minbytes": 1, 
	"sentbytes": "10C0"
	}, 
	{
	"sentbytes": "1086", 
	"deny_sds": [], 
	"minbytes": 1, 
	"manualsend": true, 
	"name": "SDS - Start Diagnostic $86"
	}, 
	{
	"receivebyte_dataitems": {
		"Rack End Gain": {
		"ref": true, 
		"firstbyte": 2
		}
	}, 
	"deny_sds": [
		"nosds", 
		"plant", 
		"aftersales", 
		"supplier"
	], 
	"minbytes": 3, 
	"sentbytes": "23FFFFF0140100", 
	"name": "RMBA - Rack End Protection Gain"
	}, 
	{
	"name": "ReadDTC", 
	"deny_sds": [], 
	"manualsend": true, 
	"receivebyte_dataitems": {
		"Historical Failure": {
		"bitoffset": 1, 
		"firstbyte": 5
		}, 
		"Current Failure": {
		"bitoffset": 2, 
		"firstbyte": 5
		}, 
		"FirstDTC": {
		"firstbyte": 3
		}, 
		"NDTC": {
		"firstbyte": 2
		}, 
		"Standard Fault": {
		"bitoffset": 3, 
		"firstbyte": 5
		}
	}, 
	"sendbyte_dataitems": {
		"MoreDTC": {
		"firstbyte": 3
		}
	}, 
	"minbytes": 2, 
	"sentbytes": "17FF00", 
	"shiftbytescount": 3
	}, 
	{
	"receivebyte_dataitems": {
		"Internal NSK fault codes": {
		"ref": true, 
		"firstbyte": 3
		}
	}, 
	"deny_sds": [
		"nosds", 
		"plant", 
		"aftersales", 
		"engineering"
	], 
	"minbytes": 13, 
	"sentbytes": "2106", 
	"name": "RDBLI - Internal Faults Store"
	}
], 
"data": {
	"Motor T\u00b0 at min assist (FF)": {
	"scaled": true
	}, 
	"Manufacturer Identification Code": {
	"byte": true
	}, 
	"Angle_ST": {
	"comment": "Value of angle sensor", 
	"divideby": 10.0, 
	"bitscount": 16, 
	"scaled": true, 
	"bytescount": 2, 
	"offset": -32767.0, 
	"unit": "Degrees"
	}, 
	"Steering Angle (FF)": {
	"comment": "angle qd le DTC apparait (data Freeze Frame)", 
	"divideby": 10.0, 
	"bitscount": 16, 
	"scaled": true, 
	"bytescount": 2, 
	"offset": -32767.0, 
	"unit": "\u00b0"
	}, 
	"Calibration status": {
	"bitscount": 2, 
	"lists": {
		"0": "non calibr\u00e9", 
		"1": "---", 
		"2": "calibr\u00e9 mais non initialis\u00e9", 
		"3": "calibr\u00e9 et initialis\u00e9"
	}
	}, 
	"Tuning Number (ID 02)": {
	"comment": "Data utilis\u00e9e pour s\u00e9lectionner le num\u00e9ro de tuning", 
	"lists": {
		"1": "n\u00b01", 
		"2": "n\u00b02", 
		"3": "n\u00b03", 
		"4": "n\u00b04", 
		"5": "n\u00b05"
	}
	}, 
	"Engine status": {
	"bitscount": 2, 
	"lists": {
		"0": "moteur arret\u00e9", 
		"1": "moteur cal\u00e9", 
		"2": "moteur tournant", 
		"3": "moteur d\u00e9marrant"
	}
	}, 
	"Routine Status": {
	"lists": {
		"0": "Routine not activated", 
		"1": "Routine in progress", 
		"2": "Routine terminated OK", 
		"4": "Routine terminated NOK"
	}
	}, 
	"Internal NSK fault codes": {
	"bytescount": 11, 
	"byte": true, 
	"bitscount": 88
	}, 
	"Edition Number": {
	"bytescount": 2, 
	"byte": true, 
	"bitscount": 16
	}, 
	"Hardware Number": {
	"bytescount": 5, 
	"byte": true, 
	"bitscount": 40
	}, 
	"Rack End Gain": {
	"divideby": 4096.0, 
	"bitscount": 16, 
	"signed": true, 
	"scaled": true, 
	"step": 100.0, 
	"bytescount": 2, 
	"unit": "%"
	}, 
	"Tuning version (Syst Ident)": {
	"byte": true
	}, 
	"Vehicle Speed": {
	"comment": "valeur du CAN", 
	"divideby": 100.0, 
	"bitscount": 16, 
	"scaled": true, 
	"bytescount": 2, 
	"unit": "km/h"
	}, 
	"DTC status - type": {
	"bitscount": 1, 
	"lists": {
		"0": "standard status", 
		"1": "specific status"
	}
	}, 
	"Data B": {
	"lists": {
		"0": "00000000", 
		"1": "00000001", 
		"2": "00000010", 
		"3": "00000011", 
		"4": "00000100", 
		"5": "00000101", 
		"6": "00000110", 
		"7": "00000111", 
		"8": "00001000", 
		"9": "00001001", 
		"10": "00001010", 
		"11": "00001011", 
		"12": "00001100", 
		"13": "00001101", 
		"14": "00001110", 
		"15": "00001111", 
		"16": "00010000", 
		"17": "00010001", 
		"18": "00010010", 
		"19": "00010011", 
		"20": "00010100", 
		"21": "00010101", 
		"22": "00010110", 
		"23": "00010111", 
		"24": "00011000", 
		"25": "00011001", 
		"26": "00011010", 
		"27": "00011011", 
		"28": "00011100", 
		"29": "00011101", 
		"30": "00011110", 
		"31": "00011111", 
		"32": "00100000", 
		"33": "00100001", 
		"34": "00100010", 
		"35": "00100011", 
		"36": "00100100", 
		"37": "00100101", 
		"38": "00100110", 
		"39": "00100111", 
		"40": "00101000", 
		"41": "00101001", 
		"42": "00101010", 
		"43": "00101011", 
		"44": "00101100", 
		"45": "00101101", 
		"46": "00101110", 
		"47": "00101111", 
		"48": "00110000", 
		"49": "00110001", 
		"50": "00110010", 
		"51": "00110011", 
		"52": "00110100", 
		"53": "00110101", 
		"54": "00110110", 
		"55": "00110111", 
		"56": "00111000", 
		"57": "00111001", 
		"58": "00111010", 
		"59": "00111011", 
		"60": "00111100", 
		"61": "00111101", 
		"62": "00111110", 
		"63": "00111111", 
		"64": "01000000", 
		"65": "01000001", 
		"66": "01000010", 
		"67": "01000011", 
		"68": "01000100", 
		"69": "01000101", 
		"70": "01000110", 
		"71": "01000111", 
		"72": "01001000", 
		"73": "01001001", 
		"74": "01001010", 
		"75": "01001011", 
		"76": "01001100", 
		"77": "01001101", 
		"78": "01001110", 
		"79": "01001111", 
		"80": "01010000", 
		"81": "01010001", 
		"82": "01010010", 
		"83": "01010011", 
		"84": "01010100", 
		"85": "01010101", 
		"86": "01010110", 
		"87": "01010111", 
		"88": "01011000", 
		"89": "01011001", 
		"90": "01011010", 
		"91": "01011011", 
		"92": "01011100", 
		"93": "01011101", 
		"94": "01011110", 
		"95": "01011111", 
		"96": "01100000", 
		"97": "01100001", 
		"98": "01100010", 
		"99": "01100011", 
		"100": "01100100", 
		"101": "01100101", 
		"102": "01100110", 
		"103": "01100111", 
		"104": "01101000", 
		"105": "01101001", 
		"106": "01101010", 
		"107": "01101011", 
		"108": "01101100", 
		"109": "01101101", 
		"110": "01101110", 
		"111": "01101111", 
		"112": "01110000", 
		"113": "01110001", 
		"114": "01110010", 
		"115": "01110011", 
		"116": "01110100", 
		"117": "01110101", 
		"118": "01110110", 
		"119": "01110111", 
		"120": "01111000", 
		"121": "01111001", 
		"122": "01111010", 
		"123": "01111011", 
		"124": "01111100", 
		"125": "01111101", 
		"126": "01111110", 
		"127": "01111111", 
		"128": "10000000", 
		"129": "10000001", 
		"130": "10000010", 
		"131": "10000011", 
		"132": "10000100", 
		"133": "10000101", 
		"134": "10000110", 
		"135": "10000111", 
		"136": "10001000", 
		"137": "10001001", 
		"138": "10001010", 
		"139": "10001011", 
		"140": "10001100", 
		"141": "10001101", 
		"142": "10001110", 
		"143": "10001111", 
		"144": "10010000", 
		"145": "10010001", 
		"146": "10010010", 
		"147": "10010011", 
		"148": "10010100", 
		"149": "10010101", 
		"150": "10010110", 
		"151": "10010111", 
		"152": "10011000", 
		"153": "10011001", 
		"154": "10011010", 
		"155": "10011011", 
		"156": "10011100", 
		"157": "10011101", 
		"158": "10011110", 
		"159": "10011111", 
		"160": "10100000", 
		"161": "10100001", 
		"162": "10100010", 
		"163": "10100011", 
		"164": "10100100", 
		"165": "10100101", 
		"166": "10100110", 
		"167": "10100111", 
		"168": "10101000", 
		"169": "10101001", 
		"170": "10101010", 
		"171": "10101011", 
		"172": "10101100", 
		"173": "10101101", 
		"174": "10101110", 
		"175": "10101111", 
		"176": "10110000", 
		"177": "10110001", 
		"178": "10110010", 
		"179": "10110011", 
		"180": "10110100", 
		"181": "10110101", 
		"182": "10110110", 
		"183": "10110111", 
		"184": "10111000", 
		"185": "10111001", 
		"186": "10111010", 
		"187": "10111011", 
		"188": "10111100", 
		"189": "10111101", 
		"190": "10111110", 
		"191": "10111111", 
		"192": "11000000", 
		"193": "11000001", 
		"194": "11000010", 
		"195": "11000011", 
		"196": "11000100", 
		"197": "11000101", 
		"198": "11000110", 
		"199": "11000111", 
		"200": "11001000", 
		"201": "11001001", 
		"202": "11001010", 
		"203": "11001011", 
		"204": "11001100", 
		"205": "11001101", 
		"206": "11001110", 
		"207": "11001111", 
		"208": "11010000", 
		"209": "11010001", 
		"210": "11010010", 
		"211": "11010011", 
		"212": "11010100", 
		"213": "11010101", 
		"214": "11010110", 
		"215": "11010111", 
		"216": "11011000", 
		"217": "11011001", 
		"218": "11011010", 
		"219": "11011011", 
		"220": "11011100", 
		"221": "11011101", 
		"222": "11011110", 
		"223": "11011111", 
		"224": "11100000", 
		"225": "11100001", 
		"226": "11100010", 
		"227": "11100011", 
		"228": "11100100", 
		"229": "11100101", 
		"230": "11100110", 
		"231": "11100111", 
		"232": "11101000", 
		"233": "11101001", 
		"234": "11101010", 
		"235": "11101011", 
		"236": "11101100", 
		"237": "11101101", 
		"238": "11101110", 
		"239": "11101111", 
		"240": "11110000", 
		"241": "11110001", 
		"242": "11110010", 
		"243": "11110011", 
		"244": "11110100", 
		"245": "11110101", 
		"246": "11110110", 
		"247": "11110111", 
		"248": "11111000", 
		"249": "11111001", 
		"250": "11111010", 
		"251": "11111011", 
		"252": "11111100", 
		"253": "11111101", 
		"254": "11111110", 
		"255": "11111111"
	}
	}, 
	"Derating Level": {
	"scaled": true, 
	"unit": "%"
	}, 
	"NDTC": {
	"scaled": true
	}, 
	"Historical Failure": {
	"bitscount": 1, 
	"lists": {
		"0": "No", 
		"1": "Yes"
	}
	}, 
	"Current Failure": {
	"bitscount": 1, 
	"lists": {
		"0": "No", 
		"1": "Yes"
	}
	}, 
	"Internal Fault Code (FF)": {
	"byte": true
	}, 
	"ECU T\u00b0 at min assist (FF)": {
	"scaled": true
	}, 
	"Supplier Number": {
	"bytesascii": true, 
	"bytescount": 3, 
	"byte": true, 
	"bitscount": 24
	}, 
	"Min Assist in Derating (FF)": {
	"scaled": true
	}, 
	"Day": {
	"scaled": true, 
	"format": "00"
	}, 
	"Calculated Angle Offset": {
	"scaled": true, 
	"unit": "\u00b0", 
	"signed": true
	}, 
	"Fault indicator_ST": {
	"bitscount": 1, 
	"lists": {
		"0": "no major fault", 
		"1": "major fault"
	}
	}, 
	"Battery Voltage (FF)": {
	"scaled": true, 
	"comment": "tension qd DTC apparait (data Freeze Frame)", 
	"unit": "Volt", 
	"signed": true
	}, 
	"IGN Counter (FF)": {
	"scaled": true, 
	"comment": "nb de +APC apr\u00e8s disparition du DTC (data Freeze Frame)"
	}, 
	"MoreDTC": {
	"scaled": true, 
	"signed": true
	}, 
	"Voltage_ST": {
	"comment": "Supply voltage", 
	"divideby": 256.0, 
	"bitscount": 16, 
	"format": "##.##", 
	"signed": true, 
	"scaled": true, 
	"bytescount": 2, 
	"unit": "Volt"
	}, 
	"Motor Temperature": {
	"scaled": true, 
	"unit": "\u00b0C"
	}, 
	"Other System Features": {
	"bytescount": 3, 
	"byte": true, 
	"bitscount": 24
	}, 
	"Assist Control Gain": {
	"divideby": 6000.0, 
	"bitscount": 16, 
	"signed": true, 
	"scaled": true, 
	"step": 100.0, 
	"bytescount": 2, 
	"unit": "%"
	}, 
	"Torque_ST": {
	"scaled": true, 
	"divideby": 10.0, 
	"comment": "Value of torque sensor", 
	"unit": "N.m", 
	"signed": true
	}, 
	"Tuning Number (Syst Ident)": {
	"comment": "Numero de tuning pr\u00e9sent dans la trame Identification", 
	"byte": true
	}, 
	"Vehicle Speed (FF)": {
	"scaled": true, 
	"comment": "data de la Freeze Frame", 
	"unit": "km/h"
	}, 
	"Motor Current (FF)": {
	"scaled": true, 
	"comment": "Courant qd le DTC apparait (data Freeze Frame)", 
	"unit": "A", 
	"signed": true
	}, 
	"Diagnostic Identification Code": {
	"byte": true
	}, 
	"Consigned Power_ST": {
	"scaled": true, 
	"comment": "Motor Consigned Power", 
	"unit": "A", 
	"signed": true
	}, 
	"Velocity_ST": {
	"divideby": 10.0, 
	"bitscount": 16, 
	"scaled": true, 
	"bytescount": 2, 
	"offset": -32767.0, 
	"unit": "\u00b0/s"
	}, 
	"Consigned Torque_ST": {
	"scaled": true, 
	"divideby": 10.0, 
	"comment": "Consigned Assistance Torque", 
	"unit": "N.m", 
	"signed": true
	}, 
	"ECU Temperature": {
	"scaled": true, 
	"unit": "\u00b0C"
	}, 
	"Data C": {
	"lists": {
		"0": "00000000", 
		"1": "00000001", 
		"2": "00000010", 
		"3": "00000011", 
		"4": "00000100", 
		"5": "00000101", 
		"6": "00000110", 
		"7": "00000111", 
		"8": "00001000", 
		"9": "00001001", 
		"10": "00001010", 
		"11": "00001011", 
		"12": "00001100", 
		"13": "00001101", 
		"14": "00001110", 
		"15": "00001111", 
		"16": "00010000", 
		"17": "00010001", 
		"18": "00010010", 
		"19": "00010011", 
		"20": "00010100", 
		"21": "00010101", 
		"22": "00010110", 
		"23": "00010111", 
		"24": "00011000", 
		"25": "00011001", 
		"26": "00011010", 
		"27": "00011011", 
		"28": "00011100", 
		"29": "00011101", 
		"30": "00011110", 
		"31": "00011111", 
		"32": "00100000", 
		"33": "00100001", 
		"34": "00100010", 
		"35": "00100011", 
		"36": "00100100", 
		"37": "00100101", 
		"38": "00100110", 
		"39": "00100111", 
		"40": "00101000", 
		"41": "00101001", 
		"42": "00101010", 
		"43": "00101011", 
		"44": "00101100", 
		"45": "00101101", 
		"46": "00101110", 
		"47": "00101111", 
		"48": "00110000", 
		"49": "00110001", 
		"50": "00110010", 
		"51": "00110011", 
		"52": "00110100", 
		"53": "00110101", 
		"54": "00110110", 
		"55": "00110111", 
		"56": "00111000", 
		"57": "00111001", 
		"58": "00111010", 
		"59": "00111011", 
		"60": "00111100", 
		"61": "00111101", 
		"62": "00111110", 
		"63": "00111111", 
		"64": "01000000", 
		"65": "01000001", 
		"66": "01000010", 
		"67": "01000011", 
		"68": "01000100", 
		"69": "01000101", 
		"70": "01000110", 
		"71": "01000111", 
		"72": "01001000", 
		"73": "01001001", 
		"74": "01001010", 
		"75": "01001011", 
		"76": "01001100", 
		"77": "01001101", 
		"78": "01001110", 
		"79": "01001111", 
		"80": "01010000", 
		"81": "01010001", 
		"82": "01010010", 
		"83": "01010011", 
		"84": "01010100", 
		"85": "01010101", 
		"86": "01010110", 
		"87": "01010111", 
		"88": "01011000", 
		"89": "01011001", 
		"90": "01011010", 
		"91": "01011011", 
		"92": "01011100", 
		"93": "01011101", 
		"94": "01011110", 
		"95": "01011111", 
		"96": "01100000", 
		"97": "01100001", 
		"98": "01100010", 
		"99": "01100011", 
		"100": "01100100", 
		"101": "01100101", 
		"102": "01100110", 
		"103": "01100111", 
		"104": "01101000", 
		"105": "01101001", 
		"106": "01101010", 
		"107": "01101011", 
		"108": "01101100", 
		"109": "01101101", 
		"110": "01101110", 
		"111": "01101111", 
		"112": "01110000", 
		"113": "01110001", 
		"114": "01110010", 
		"115": "01110011", 
		"116": "01110100", 
		"117": "01110101", 
		"118": "01110110", 
		"119": "01110111", 
		"120": "01111000", 
		"121": "01111001", 
		"122": "01111010", 
		"123": "01111011", 
		"124": "01111100", 
		"125": "01111101", 
		"126": "01111110", 
		"127": "01111111", 
		"128": "10000000", 
		"129": "10000001", 
		"130": "10000010", 
		"131": "10000011", 
		"132": "10000100", 
		"133": "10000101", 
		"134": "10000110", 
		"135": "10000111", 
		"136": "10001000", 
		"137": "10001001", 
		"138": "10001010", 
		"139": "10001011", 
		"140": "10001100", 
		"141": "10001101", 
		"142": "10001110", 
		"143": "10001111", 
		"144": "10010000", 
		"145": "10010001", 
		"146": "10010010", 
		"147": "10010011", 
		"148": "10010100", 
		"149": "10010101", 
		"150": "10010110", 
		"151": "10010111", 
		"152": "10011000", 
		"153": "10011001", 
		"154": "10011010", 
		"155": "10011011", 
		"156": "10011100", 
		"157": "10011101", 
		"158": "10011110", 
		"159": "10011111", 
		"160": "10100000", 
		"161": "10100001", 
		"162": "10100010", 
		"163": "10100011", 
		"164": "10100100", 
		"165": "10100101", 
		"166": "10100110", 
		"167": "10100111", 
		"168": "10101000", 
		"169": "10101001", 
		"170": "10101010", 
		"171": "10101011", 
		"172": "10101100", 
		"173": "10101101", 
		"174": "10101110", 
		"175": "10101111", 
		"176": "10110000", 
		"177": "10110001", 
		"178": "10110010", 
		"179": "10110011", 
		"180": "10110100", 
		"181": "10110101", 
		"182": "10110110", 
		"183": "10110111", 
		"184": "10111000", 
		"185": "10111001", 
		"186": "10111010", 
		"187": "10111011", 
		"188": "10111100", 
		"189": "10111101", 
		"190": "10111110", 
		"191": "10111111", 
		"192": "11000000", 
		"193": "11000001", 
		"194": "11000010", 
		"195": "11000011", 
		"196": "11000100", 
		"197": "11000101", 
		"198": "11000110", 
		"199": "11000111", 
		"200": "11001000", 
		"201": "11001001", 
		"202": "11001010", 
		"203": "11001011", 
		"204": "11001100", 
		"205": "11001101", 
		"206": "11001110", 
		"207": "11001111", 
		"208": "11010000", 
		"209": "11010001", 
		"210": "11010010", 
		"211": "11010011", 
		"212": "11010100", 
		"213": "11010101", 
		"214": "11010110", 
		"215": "11010111", 
		"216": "11011000", 
		"217": "11011001", 
		"218": "11011010", 
		"219": "11011011", 
		"220": "11011100", 
		"221": "11011101", 
		"222": "11011110", 
		"223": "11011111", 
		"224": "11100000", 
		"225": "11100001", 
		"226": "11100010", 
		"227": "11100011", 
		"228": "11100100", 
		"229": "11100101", 
		"230": "11100110", 
		"231": "11100111", 
		"232": "11101000", 
		"233": "11101001", 
		"234": "11101010", 
		"235": "11101011", 
		"236": "11101100", 
		"237": "11101101", 
		"238": "11101110", 
		"239": "11101111", 
		"240": "11110000", 
		"241": "11110001", 
		"242": "11110010", 
		"243": "11110011", 
		"244": "11110100", 
		"245": "11110101", 
		"246": "11110110", 
		"247": "11110111", 
		"248": "11111000", 
		"249": "11111001", 
		"250": "11111010", 
		"251": "11111011", 
		"252": "11111100", 
		"253": "11111101", 
		"254": "11111110", 
		"255": "11111111"
	}
	}, 
	"Data A": {
	"lists": {
		"0": "00000000", 
		"1": "00000001", 
		"2": "00000010", 
		"3": "00000011", 
		"4": "00000100", 
		"5": "00000101", 
		"6": "00000110", 
		"7": "00000111", 
		"8": "00001000", 
		"9": "00001001", 
		"10": "00001010", 
		"11": "00001011", 
		"12": "00001100", 
		"13": "00001101", 
		"14": "00001110", 
		"15": "00001111", 
		"16": "00010000", 
		"17": "00010001", 
		"18": "00010010", 
		"19": "00010011", 
		"20": "00010100", 
		"21": "00010101", 
		"22": "00010110", 
		"23": "00010111", 
		"24": "00011000", 
		"25": "00011001", 
		"26": "00011010", 
		"27": "00011011", 
		"28": "00011100", 
		"29": "00011101", 
		"30": "00011110", 
		"31": "00011111", 
		"32": "00100000", 
		"33": "00100001", 
		"34": "00100010", 
		"35": "00100011", 
		"36": "00100100", 
		"37": "00100101", 
		"38": "00100110", 
		"39": "00100111", 
		"40": "00101000", 
		"41": "00101001", 
		"42": "00101010", 
		"43": "00101011", 
		"44": "00101100", 
		"45": "00101101", 
		"46": "00101110", 
		"47": "00101111", 
		"48": "00110000", 
		"49": "00110001", 
		"50": "00110010", 
		"51": "00110011", 
		"52": "00110100", 
		"53": "00110101", 
		"54": "00110110", 
		"55": "00110111", 
		"56": "00111000", 
		"57": "00111001", 
		"58": "00111010", 
		"59": "00111011", 
		"60": "00111100", 
		"61": "00111101", 
		"62": "00111110", 
		"63": "00111111", 
		"64": "01000000", 
		"65": "01000001", 
		"66": "01000010", 
		"67": "01000011", 
		"68": "01000100", 
		"69": "01000101", 
		"70": "01000110", 
		"71": "01000111", 
		"72": "01001000", 
		"73": "01001001", 
		"74": "01001010", 
		"75": "01001011", 
		"76": "01001100", 
		"77": "01001101", 
		"78": "01001110", 
		"79": "01001111", 
		"80": "01010000", 
		"81": "01010001", 
		"82": "01010010", 
		"83": "01010011", 
		"84": "01010100", 
		"85": "01010101", 
		"86": "01010110", 
		"87": "01010111", 
		"88": "01011000", 
		"89": "01011001", 
		"90": "01011010", 
		"91": "01011011", 
		"92": "01011100", 
		"93": "01011101", 
		"94": "01011110", 
		"95": "01011111", 
		"96": "01100000", 
		"97": "01100001", 
		"98": "01100010", 
		"99": "01100011", 
		"100": "01100100", 
		"101": "01100101", 
		"102": "01100110", 
		"103": "01100111", 
		"104": "01101000", 
		"105": "01101001", 
		"106": "01101010", 
		"107": "01101011", 
		"108": "01101100", 
		"109": "01101101", 
		"110": "01101110", 
		"111": "01101111", 
		"112": "01110000", 
		"113": "01110001", 
		"114": "01110010", 
		"115": "01110011", 
		"116": "01110100", 
		"117": "01110101", 
		"118": "01110110", 
		"119": "01110111", 
		"120": "01111000", 
		"121": "01111001", 
		"122": "01111010", 
		"123": "01111011", 
		"124": "01111100", 
		"125": "01111101", 
		"126": "01111110", 
		"127": "01111111", 
		"128": "10000000", 
		"129": "10000001", 
		"130": "10000010", 
		"131": "10000011", 
		"132": "10000100", 
		"133": "10000101", 
		"134": "10000110", 
		"135": "10000111", 
		"136": "10001000", 
		"137": "10001001", 
		"138": "10001010", 
		"139": "10001011", 
		"140": "10001100", 
		"141": "10001101", 
		"142": "10001110", 
		"143": "10001111", 
		"144": "10010000", 
		"145": "10010001", 
		"146": "10010010", 
		"147": "10010011", 
		"148": "10010100", 
		"149": "10010101", 
		"150": "10010110", 
		"151": "10010111", 
		"152": "10011000", 
		"153": "10011001", 
		"154": "10011010", 
		"155": "10011011", 
		"156": "10011100", 
		"157": "10011101", 
		"158": "10011110", 
		"159": "10011111", 
		"160": "10100000", 
		"161": "10100001", 
		"162": "10100010", 
		"163": "10100011", 
		"164": "10100100", 
		"165": "10100101", 
		"166": "10100110", 
		"167": "10100111", 
		"168": "10101000", 
		"169": "10101001", 
		"170": "10101010", 
		"171": "10101011", 
		"172": "10101100", 
		"173": "10101101", 
		"174": "10101110", 
		"175": "10101111", 
		"176": "10110000", 
		"177": "10110001", 
		"178": "10110010", 
		"179": "10110011", 
		"180": "10110100", 
		"181": "10110101", 
		"182": "10110110", 
		"183": "10110111", 
		"184": "10111000", 
		"185": "10111001", 
		"186": "10111010", 
		"187": "10111011", 
		"188": "10111100", 
		"189": "10111101", 
		"190": "10111110", 
		"191": "10111111", 
		"192": "11000000", 
		"193": "11000001", 
		"194": "11000010", 
		"195": "11000011", 
		"196": "11000100", 
		"197": "11000101", 
		"198": "11000110", 
		"199": "11000111", 
		"200": "11001000", 
		"201": "11001001", 
		"202": "11001010", 
		"203": "11001011", 
		"204": "11001100", 
		"205": "11001101", 
		"206": "11001110", 
		"207": "11001111", 
		"208": "11010000", 
		"209": "11010001", 
		"210": "11010010", 
		"211": "11010011", 
		"212": "11010100", 
		"213": "11010101", 
		"214": "11010110", 
		"215": "11010111", 
		"216": "11011000", 
		"217": "11011001", 
		"218": "11011010", 
		"219": "11011011", 
		"220": "11011100", 
		"221": "11011101", 
		"222": "11011110", 
		"223": "11011111", 
		"224": "11100000", 
		"225": "11100001", 
		"226": "11100010", 
		"227": "11100011", 
		"228": "11100100", 
		"229": "11100101", 
		"230": "11100110", 
		"231": "11100111", 
		"232": "11101000", 
		"233": "11101001", 
		"234": "11101010", 
		"235": "11101011", 
		"236": "11101100", 
		"237": "11101101", 
		"238": "11101110", 
		"239": "11101111", 
		"240": "11110000", 
		"241": "11110001", 
		"242": "11110010", 
		"243": "11110011", 
		"244": "11110100", 
		"245": "11110101", 
		"246": "11110110", 
		"247": "11110111", 
		"248": "11111000", 
		"249": "11111001", 
		"250": "11111010", 
		"251": "11111011", 
		"252": "11111100", 
		"253": "11111101", 
		"254": "11111110", 
		"255": "11111111"
	}
	}, 
	"Pulling Compensation Type": {
	"lists": {
		"0": "Frozen Compensation", 
		"1": "Auto-Adaptative Compensation"
	}
	}, 
	"Spare Parts Number": {
	"comment": "Reference", 
	"bytescount": 5, 
	"byte": true, 
	"bitscount": 40
	}, 
	"SoftWare Number": {
	"bytescount": 2, 
	"byte": true, 
	"bitscount": 16
	}, 
	"Reverse Gear Status": {
	"bitscount": 2, 
	"lists": {
		"0": "non engag\u00e9", 
		"1": "engag\u00e9", 
		"2": "invalide", 
		"3": "r\u00e9serv\u00e9"
	}
	}, 
	"Session Name": {
	"lists": {
		"160": "Bureau d'\u00e9tude", 
		"192": "Apr\u00e8s vente"
	}
	}, 
	"Pulling Torque Offset": {
	"scaled": true, 
	"divideby": 100.0, 
	"step": 5.0, 
	"unit": "Nm", 
	"signed": true
	}, 
	"Month": {
	"scaled": true, 
	"format": "00"
	}, 
	"Filtered Vehicle Speed": {
	"scaled": true, 
	"unit": "km/h"
	}, 
	"Limited Pulling Comp Torque": {
	"scaled": true, 
	"divideby": 10.0, 
	"unit": "Nm", 
	"signed": true
	}, 
	"Traceability data": {
	"bytesascii": true, 
	"bytescount": 8, 
	"byte": true, 
	"bitscount": 64, 
	"comment": "EPS Traceability"
	}, 
	"Data D": {
	"lists": {
		"0": "00000000", 
		"1": "00000001", 
		"2": "00000010", 
		"3": "00000011", 
		"4": "00000100", 
		"5": "00000101", 
		"6": "00000110", 
		"7": "00000111", 
		"8": "00001000", 
		"9": "00001001", 
		"10": "00001010", 
		"11": "00001011", 
		"12": "00001100", 
		"13": "00001101", 
		"14": "00001110", 
		"15": "00001111", 
		"16": "00010000", 
		"17": "00010001", 
		"18": "00010010", 
		"19": "00010011", 
		"20": "00010100", 
		"21": "00010101", 
		"22": "00010110", 
		"23": "00010111", 
		"24": "00011000", 
		"25": "00011001", 
		"26": "00011010", 
		"27": "00011011", 
		"28": "00011100", 
		"29": "00011101", 
		"30": "00011110", 
		"31": "00011111", 
		"32": "00100000", 
		"33": "00100001", 
		"34": "00100010", 
		"35": "00100011", 
		"36": "00100100", 
		"37": "00100101", 
		"38": "00100110", 
		"39": "00100111", 
		"40": "00101000", 
		"41": "00101001", 
		"42": "00101010", 
		"43": "00101011", 
		"44": "00101100", 
		"45": "00101101", 
		"46": "00101110", 
		"47": "00101111", 
		"48": "00110000", 
		"49": "00110001", 
		"50": "00110010", 
		"51": "00110011", 
		"52": "00110100", 
		"53": "00110101", 
		"54": "00110110", 
		"55": "00110111", 
		"56": "00111000", 
		"57": "00111001", 
		"58": "00111010", 
		"59": "00111011", 
		"60": "00111100", 
		"61": "00111101", 
		"62": "00111110", 
		"63": "00111111", 
		"64": "01000000", 
		"65": "01000001", 
		"66": "01000010", 
		"67": "01000011", 
		"68": "01000100", 
		"69": "01000101", 
		"70": "01000110", 
		"71": "01000111", 
		"72": "01001000", 
		"73": "01001001", 
		"74": "01001010", 
		"75": "01001011", 
		"76": "01001100", 
		"77": "01001101", 
		"78": "01001110", 
		"79": "01001111", 
		"80": "01010000", 
		"81": "01010001", 
		"82": "01010010", 
		"83": "01010011", 
		"84": "01010100", 
		"85": "01010101", 
		"86": "01010110", 
		"87": "01010111", 
		"88": "01011000", 
		"89": "01011001", 
		"90": "01011010", 
		"91": "01011011", 
		"92": "01011100", 
		"93": "01011101", 
		"94": "01011110", 
		"95": "01011111", 
		"96": "01100000", 
		"97": "01100001", 
		"98": "01100010", 
		"99": "01100011", 
		"100": "01100100", 
		"101": "01100101", 
		"102": "01100110", 
		"103": "01100111", 
		"104": "01101000", 
		"105": "01101001", 
		"106": "01101010", 
		"107": "01101011", 
		"108": "01101100", 
		"109": "01101101", 
		"110": "01101110", 
		"111": "01101111", 
		"112": "01110000", 
		"113": "01110001", 
		"114": "01110010", 
		"115": "01110011", 
		"116": "01110100", 
		"117": "01110101", 
		"118": "01110110", 
		"119": "01110111", 
		"120": "01111000", 
		"121": "01111001", 
		"122": "01111010", 
		"123": "01111011", 
		"124": "01111100", 
		"125": "01111101", 
		"126": "01111110", 
		"127": "01111111", 
		"128": "10000000", 
		"129": "10000001", 
		"130": "10000010", 
		"131": "10000011", 
		"132": "10000100", 
		"133": "10000101", 
		"134": "10000110", 
		"135": "10000111", 
		"136": "10001000", 
		"137": "10001001", 
		"138": "10001010", 
		"139": "10001011", 
		"140": "10001100", 
		"141": "10001101", 
		"142": "10001110", 
		"143": "10001111", 
		"144": "10010000", 
		"145": "10010001", 
		"146": "10010010", 
		"147": "10010011", 
		"148": "10010100", 
		"149": "10010101", 
		"150": "10010110", 
		"151": "10010111", 
		"152": "10011000", 
		"153": "10011001", 
		"154": "10011010", 
		"155": "10011011", 
		"156": "10011100", 
		"157": "10011101", 
		"158": "10011110", 
		"159": "10011111", 
		"160": "10100000", 
		"161": "10100001", 
		"162": "10100010", 
		"163": "10100011", 
		"164": "10100100", 
		"165": "10100101", 
		"166": "10100110", 
		"167": "10100111", 
		"168": "10101000", 
		"169": "10101001", 
		"170": "10101010", 
		"171": "10101011", 
		"172": "10101100", 
		"173": "10101101", 
		"174": "10101110", 
		"175": "10101111", 
		"176": "10110000", 
		"177": "10110001", 
		"178": "10110010", 
		"179": "10110011", 
		"180": "10110100", 
		"181": "10110101", 
		"182": "10110110", 
		"183": "10110111", 
		"184": "10111000", 
		"185": "10111001", 
		"186": "10111010", 
		"187": "10111011", 
		"188": "10111100", 
		"189": "10111101", 
		"190": "10111110", 
		"191": "10111111", 
		"192": "11000000", 
		"193": "11000001", 
		"194": "11000010", 
		"195": "11000011", 
		"196": "11000100", 
		"197": "11000101", 
		"198": "11000110", 
		"199": "11000111", 
		"200": "11001000", 
		"201": "11001001", 
		"202": "11001010", 
		"203": "11001011", 
		"204": "11001100", 
		"205": "11001101", 
		"206": "11001110", 
		"207": "11001111", 
		"208": "11010000", 
		"209": "11010001", 
		"210": "11010010", 
		"211": "11010011", 
		"212": "11010100", 
		"213": "11010101", 
		"214": "11010110", 
		"215": "11010111", 
		"216": "11011000", 
		"217": "11011001", 
		"218": "11011010", 
		"219": "11011011", 
		"220": "11011100", 
		"221": "11011101", 
		"222": "11011110", 
		"223": "11011111", 
		"224": "11100000", 
		"225": "11100001", 
		"226": "11100010", 
		"227": "11100011", 
		"228": "11100100", 
		"229": "11100101", 
		"230": "11100110", 
		"231": "11100111", 
		"232": "11101000", 
		"233": "11101001", 
		"234": "11101010", 
		"235": "11101011", 
		"236": "11101100", 
		"237": "11101101", 
		"238": "11101110", 
		"239": "11101111", 
		"240": "11110000", 
		"241": "11110001", 
		"242": "11110010", 
		"243": "11110011", 
		"244": "11110100", 
		"245": "11110101", 
		"246": "11110110", 
		"247": "11110111", 
		"248": "11111000", 
		"249": "11111001", 
		"250": "11111010", 
		"251": "11111011", 
		"252": "11111100", 
		"253": "11111101", 
		"254": "11111110", 
		"255": "11111111"
	}
	}, 
	"Year": {
	"scaled": true, 
	"format": "00"
	}, 
	"Angle Sensor Index Status": {
	"bitscount": 1, 
	"lists": {
		"0": "OUT OF Absolute Range", 
		"1": "IN Absolute Range"
	}
	}, 
	"Power assistance_ST": {
	"scaled": true, 
	"comment": "Motor Assistance Power", 
	"unit": "A", 
	"signed": true
	}, 
	"Driver Torque (FF)": {
	"scaled": true, 
	"divideby": 10.0, 
	"unit": "Nm", 
	"signed": true
	}, 
	"Standard Fault": {
	"bitscount": 5, 
	"lists": {
		"0": "not used", 
		"1": "circuit ouvert", 
		"2": "court circuit \u00e0 la masse", 
		"3": "court circuit au +BATT", 
		"4": "param\u00e8tre \u00e0 la limite min", 
		"5": "param\u00e8tre \u00e0 la limite max", 
		"6": "incoh\u00e9rence", 
		"7": "pas de signal", 
		"8": "sous le seuil min", 
		"9": "au dessus du seuil max", 
		"10": "niveau bas permanent", 
		"11": "niveau haut permanent", 
		"12": "lignes court-circuit\u00e9es", 
		"13": "probl\u00e8me \u00e9lectronique interne", 
		"14": "probl\u00e8me r\u00e9seau", 
		"15": "Remote diagnostic", 
		"16": "communication perturb\u00e9e", 
		"17": "microcoupures", 
		"18": "tension anormale", 
		"19": "valeur hors plage", 
		"20": "CO ou CC \u00e0 la masse", 
		"21": "CO ou CC au +BATT", 
		"22": "init ou config invalide"
	}
	}, 
	"FirstDTC": {
	"bytescount": 2, 
	"bitscount": 16, 
	"lists": {
		"53248": "CAN bus fault", 
		"22017": "Battery voltage", 
		"22018": "No tuning set", 
		"22020": "EPS fault - Torque Sensor", 
		"22021": "EPS fault - Angle sensor", 
		"22022": "EPS fault - Motor", 
		"22023": "EPS fault - NVM", 
		"22024": "EPS Fault - ECU", 
		"22034": "No Angle Calibration ( A IGNORER )", 
		"22035": "IGN Signal Fault", 
		"22036": "Derating", 
		"53760": "CAN vehicle speed Fault"
	}
	}
}
}