{
"obd": {
	"fastinit": true, 
	"funcname": "Direction assist\u00e9e", 
	"kw1": "F1", 
	"kw2": "4", 
	"protocol": "KWP2000", 
	"funcaddr": "04"
}, 
"devices": [], 
"ecuname": "DAE X65 V1.6", 
"autoidents": [], 
"endian": "Big", 
"requests": [
	{
	"receivebyte_dataitems": {
		"StopCommOK C2": {
		"ref": true, 
		"firstbyte": 1
		}
	}, 
	"deny_sds": [], 
	"minbytes": 1, 
	"sentbytes": "82", 
	"name": "StopComm"
	}, 
	{
	"name": "Write EPS calibration", 
	"deny_sds": [], 
	"receivebyte_dataitems": {
		"EPS calibration function completed D0": {
		"ref": true, 
		"firstbyte": 2
		}, 
		"Write EPS calibration OK 7B": {
		"ref": true, 
		"firstbyte": 1
		}
	}, 
	"sendbyte_dataitems": {
		"EPS calibration": {
		"ref": true, 
		"firstbyte": 3
		}
	}, 
	"minbytes": 2, 
	"sentbytes": "3BD000"
	}, 
	{
	"receivebyte_dataitems": {
		"TesterPresentOK 7E": {
		"ref": true, 
		"firstbyte": 1
		}
	}, 
	"deny_sds": [], 
	"minbytes": 1, 
	"sentbytes": "3E", 
	"name": "TesterPresent"
	}, 
	{
	"receivebyte_dataitems": {
		"MM After Sales intervention": {
		"ref": true, 
		"firstbyte": 7
		}, 
		"ReadDataByLocalIdentifierOK 61": {
		"ref": true, 
		"firstbyte": 1
		}, 
		"Read data command C5": {
		"ref": true, 
		"firstbyte": 2
		}, 
		"MM manufacturing": {
		"ref": true, 
		"firstbyte": 4
		}, 
		"DD manufacturing": {
		"ref": true, 
		"firstbyte": 5
		}, 
		"YY manufacturing": {
		"ref": true, 
		"firstbyte": 3
		}, 
		"YY After Sales intervention": {
		"ref": true, 
		"firstbyte": 6
		}, 
		"DD After Sales intervention": {
		"ref": true, 
		"firstbyte": 8
		}
	}, 
	"deny_sds": [], 
	"minbytes": 8, 
	"sentbytes": "21C5", 
	"name": "ReadDataByLocalIdentifier"
	}, 
	{
	"receivebyte_dataitems": {
		"ReadstatusOfDiagTroubleCodesOK 57": {
		"ref": true, 
		"firstbyte": 1
		}, 
		"Number of defect": {
		"ref": true, 
		"firstbyte": 2
		}
	}, 
	"deny_sds": [], 
	"minbytes": 2, 
	"sentbytes": "17FF00", 
	"name": "ReadStatusOfDiagTroubleCodes"
	}, 
	{
	"receivebyte_dataitems": {
		"StartCommOK C1": {
		"ref": true, 
		"firstbyte": 1
		}, 
		"Key byte 2": {
		"ref": true, 
		"firstbyte": 3
		}, 
		"Key byte 1": {
		"ref": true, 
		"firstbyte": 2
		}
	}, 
	"deny_sds": [], 
	"minbytes": 3, 
	"sentbytes": "81", 
	"name": "StartComm"
	}, 
	{
	"receivebyte_dataitems": {
		"Motor assistance torque": {
		"ref": true, 
		"firstbyte": 5
		}, 
		"Vehicle speed": {
		"ref": true, 
		"firstbyte": 6
		}, 
		"Fault indicator state": {
		"ref": true, 
		"firstbyte": 8
		}, 
		"Steering Wheel angle": {
		"ref": true, 
		"firstbyte": 9
		}, 
		"Consigned power": {
		"ref": true, 
		"firstbyte": 10
		}, 
		"Information command C2": {
		"ref": true, 
		"firstbyte": 2
		}, 
		"Supply Voltage": {
		"ref": true, 
		"firstbyte": 3
		}, 
		"Engine rate": {
		"ref": true, 
		"firstbyte": 7
		}, 
		"Torque sensor": {
		"ref": true, 
		"firstbyte": 4
		}, 
		"TR_INFO_SYS_EPS_OK 61": {
		"ref": true, 
		"firstbyte": 1
		}
	}, 
	"deny_sds": [], 
	"minbytes": 10, 
	"sentbytes": "21C2", 
	"name": "TR_INFO_SYS_EPS"
	}, 
	{
	"receivebyte_dataitems": {
		"Identification command 80": {
		"ref": true, 
		"firstbyte": 2
		}, 
		"Reserved": {
		"ref": true, 
		"firstbyte": 23
		}, 
		"Code MPR": {
		"ref": true, 
		"firstbyte": 3
		}, 
		"ECU version N\u00b0": {
		"ref": true, 
		"firstbyte": 19
		}, 
		"Code ITG": {
		"ref": true, 
		"firstbyte": 9
		}, 
		"Diagnostic Identification Code": {
		"ref": true, 
		"firstbyte": 8
		}, 
		"Calibration N\u00b0": {
		"ref": true, 
		"firstbyte": 21
		}, 
		"Software N\u00b0": {
		"ref": true, 
		"firstbyte": 17
		}, 
		"Hardware N\u00b0": {
		"ref": true, 
		"firstbyte": 12
		}, 
		"TR_ID_EPS_OK 61": {
		"ref": true, 
		"firstbyte": 1
		}
	}, 
	"deny_sds": [], 
	"minbytes": 25, 
	"sentbytes": "2180", 
	"name": "TR_ID_EPS"
	}, 
	{
	"receivebyte_dataitems": {
		"ClearDiaginfosOK 54": {
		"ref": true, 
		"firstbyte": 1
		}, 
		"Deleting command": {
		"ref": true, 
		"firstbyte": 2
		}
	}, 
	"deny_sds": [], 
	"minbytes": 2, 
	"sentbytes": "14FF00", 
	"name": "ClearDiagInfos"
	}, 
	{
	"name": "WriteDataByLocalIdentifier", 
	"deny_sds": [], 
	"receivebyte_dataitems": {
		"WriteDataOK 7B": {
		"ref": true, 
		"firstbyte": 1
		}, 
		"Function completed": {
		"ref": true, 
		"firstbyte": 2
		}
	}, 
	"sendbyte_dataitems": {
		"MM": {
		"ref": true, 
		"firstbyte": 4
		}, 
		"WriteFunction": {
		"ref": true, 
		"firstbyte": 2
		}, 
		"DD": {
		"ref": true, 
		"firstbyte": 5
		}, 
		"YY": {
		"ref": true, 
		"firstbyte": 3
		}
	}, 
	"minbytes": 2, 
	"sentbytes": "3B00000000"
	}, 
	{
	"name": "StartDiagSession", 
	"deny_sds": [], 
	"receivebyte_dataitems": {
		"StartDiagCommOK 50": {
		"ref": true, 
		"firstbyte": 1
		}
	}, 
	"sendbyte_dataitems": {
		"Session": {
		"ref": true, 
		"firstbyte": 2
		}
	}, 
	"minbytes": 1, 
	"sentbytes": "1000"
	}
], 
"data": {
	"Vehicle speed": {
	"scaled": true, 
	"unit": "km/h"
	}, 
	"Read data command C5": {
	"byte": true
	}, 
	"Number of defect": {
	"scaled": true
	}, 
	"WriteFunction": {
	"lists": {
		"144": "Manufacturing Data", 
		"192": "After-sales intervention"
	}
	}, 
	"EPS calibration": {
	"byte": true
	}, 
	"DD": {
	"scaled": true
	}, 
	"ECU version N\u00b0": {
	"bytesascii": true, 
	"bytescount": 2, 
	"byte": true, 
	"bitscount": 16
	}, 
	"Diagnostic Identification Code": {
	"byte": true
	}, 
	"YY": {
	"scaled": true
	}, 
	"YY After Sales intervention": {
	"scaled": true
	}, 
	"Information command C2": {
	"byte": true
	}, 
	"Supply Voltage": {
	"scaled": true, 
	"step": 0.118, 
	"unit": "V", 
	"format": "##.###"
	}, 
	"Software N\u00b0": {
	"bytescount": 2, 
	"byte": true, 
	"bitscount": 16
	}, 
	"Torque sensor": {
	"scaled": true, 
	"step": 0.0645, 
	"format": "#0.0##", 
	"unit": "Nm", 
	"offset": -8.256
	}, 
	"MM After Sales intervention": {
	"scaled": true
	}, 
	"Motor assistance torque": {
	"scaled": true, 
	"step": 0.225, 
	"unit": "A", 
	"format": "##0.0##"
	}, 
	"Fault indicator state": {
	"lists": {
		"0": "no fault", 
		"1": "fault", 
		"65": "fault + zero detected", 
		"129": "fault + zero detection in progress", 
		"64": "no fault + zero detected", 
		"128": "no fault + zero detection in progress", 
		"192": "no fault + zero detected and in detection", 
		"193": "fault + zero detected and in detection"
	}
	}, 
	"YY manufacturing": {
	"scaled": true
	}, 
	"MM manufacturing": {
	"scaled": true
	}, 
	"EPS calibration function completed D0": {
	"byte": true
	}, 
	"TesterPresentOK 7E": {
	"byte": true
	}, 
	"Function completed": {
	"byte": true
	}, 
	"StartDiagCommOK 50": {
	"byte": true
	}, 
	"TR_ID_EPS_OK 61": {
	"byte": true
	}, 
	"Deleting command": {
	"byte": true
	}, 
	"ReadDataByLocalIdentifierOK 61": {
	"byte": true
	}, 
	"StartCommOK C1": {
	"byte": true
	}, 
	"Code MPR": {
	"bytescount": 5, 
	"byte": true, 
	"bitscount": 40
	}, 
	"Steering Wheel angle": {
	"scaled": true, 
	"step": 3.0, 
	"unit": "\u00b0", 
	"offset": -384.0
	}, 
	"Key byte 2": {
	"byte": true
	}, 
	"Key byte 1": {
	"byte": true
	}, 
	"Consigned power": {
	"scaled": true, 
	"step": 0.225, 
	"unit": "A", 
	"format": "#0.0##"
	}, 
	"Calibration N\u00b0": {
	"bytescount": 2, 
	"byte": true, 
	"bitscount": 16
	}, 
	"ClearDiaginfosOK 54": {
	"byte": true
	}, 
	"DD After Sales intervention": {
	"scaled": true
	}, 
	"TR_INFO_SYS_EPS_OK 61": {
	"byte": true
	}, 
	"ReadstatusOfDiagTroubleCodesOK 57": {
	"byte": true
	}, 
	"Identification command 80": {
	"byte": true
	}, 
	"Reserved": {
	"bytescount": 4, 
	"byte": true, 
	"bitscount": 32
	}, 
	"Write EPS calibration OK 7B": {
	"byte": true
	}, 
	"MM": {
	"scaled": true
	}, 
	"Code ITG": {
	"bytesascii": true, 
	"bytescount": 3, 
	"byte": true, 
	"bitscount": 24
	}, 
	"DD manufacturing": {
	"scaled": true
	}, 
	"StopCommOK C2": {
	"byte": true
	}, 
	"Session": {
	"lists": {
		"160": "Supplier diag", 
		"176": "Production after sale diag", 
		"192": "After market"
	}
	}, 
	"Engine rate": {
	"scaled": true, 
	"step": 20.0, 
	"unit": "tr/min"
	}, 
	"WriteDataOK 7B": {
	"byte": true
	}, 
	"Hardware N\u00b0": {
	"bytescount": 5, 
	"byte": true, 
	"bitscount": 40
	}
}
}