{
"obd": {
	"baudrate": 10400, 
	"protocol": "CAN", 
	"recv_id": "18DAF1E2", 
	"funcname": "E-ACT-EBA_29b", 
	"funcaddr": "E2", 
	"send_id": "18DAE2F1"
}, 
"devices": [
	{
	"dtc": 22759, 
	"devicedata": {}, 
	"dtctype": 0, 
	"name": "Battery Voltage"
	}, 
	{
	"dtc": 22775, 
	"devicedata": {}, 
	"dtctype": 0, 
	"name": "VDC CAN"
	}, 
	{
	"dtc": 22768, 
	"devicedata": {}, 
	"dtctype": 0, 
	"name": "supply Line EDLC"
	}, 
	{
	"dtc": 22770, 
	"devicedata": {}, 
	"dtctype": 0, 
	"name": "Activation switch EDLC"
	}, 
	{
	"dtc": 22774, 
	"devicedata": {}, 
	"dtctype": 0, 
	"name": "HEVC CAN"
	}, 
	{
	"dtc": 22752, 
	"devicedata": {}, 
	"dtctype": 2, 
	"name": "Pedal Brake plausibility"
	}, 
	{
	"dtc": 22769, 
	"devicedata": {}, 
	"dtctype": 0, 
	"name": "standalone mode"
	}, 
	{
	"dtc": 22763, 
	"devicedata": {}, 
	"dtctype": 0, 
	"name": "EDLC monitoring"
	}, 
	{
	"dtc": 22756, 
	"devicedata": {}, 
	"dtctype": 0, 
	"name": "CAN Chassis off"
	}, 
	{
	"dtc": 22746, 
	"devicedata": {}, 
	"dtctype": 0, 
	"name": "EDLC charging control"
	}, 
	{
	"dtc": 22745, 
	"devicedata": {}, 
	"dtctype": 0, 
	"name": "EDLC Insulation"
	}, 
	{
	"dtc": 22742, 
	"devicedata": {}, 
	"dtctype": 0, 
	"name": "EDLC wakeup"
	}, 
	{
	"dtc": 22758, 
	"devicedata": {}, 
	"dtctype": 0, 
	"name": "CAN register"
	}, 
	{
	"dtc": 22776, 
	"devicedata": {}, 
	"dtctype": 0, 
	"name": "ECM CAN"
	}, 
	{
	"dtc": 22736, 
	"devicedata": {}, 
	"dtctype": 0, 
	"name": "EDLC.overvoltage"
	}, 
	{
	"dtc": 22764, 
	"devicedata": {}, 
	"dtctype": 2, 
	"name": "position sensor"
	}, 
	{
	"dtc": 22761, 
	"devicedata": {}, 
	"dtctype": 2, 
	"name": "ECU failure"
	}, 
	{
	"dtc": 22753, 
	"devicedata": {}, 
	"dtctype": 2, 
	"name": "Actuation Control"
	}, 
	{
	"dtc": 22765, 
	"devicedata": {}, 
	"dtctype": 2, 
	"name": "EBA motor"
	}, 
	{
	"dtc": 22754, 
	"devicedata": {}, 
	"dtctype": 2, 
	"name": "Brake Booster Performance"
	}, 
	{
	"dtc": 22747, 
	"devicedata": {}, 
	"dtctype": 0, 
	"name": "EDLC Thermister"
	}, 
	{
	"dtc": 22778, 
	"devicedata": {}, 
	"dtctype": 0, 
	"name": "EBA Calibration"
	}, 
	{
	"dtc": 22738, 
	"devicedata": {}, 
	"dtctype": 0, 
	"name": "EDLC.open error"
	}, 
	{
	"dtc": 22777, 
	"devicedata": {}, 
	"dtctype": 2, 
	"name": "CRBS failure"
	}, 
	{
	"dtc": 22773, 
	"devicedata": {}, 
	"dtctype": 0, 
	"name": "USM CAN"
	}, 
	{
	"dtc": 22766, 
	"devicedata": {}, 
	"dtctype": 2, 
	"name": "DTS_Sensor"
	}, 
	{
	"dtc": 22739, 
	"devicedata": {}, 
	"dtctype": 0, 
	"name": "EDLC.short error"
	}, 
	{
	"dtc": 22749, 
	"devicedata": {}, 
	"dtctype": 0, 
	"name": "EDLC Vref"
	}, 
	{
	"dtc": 22779, 
	"devicedata": {}, 
	"dtctype": 0, 
	"name": "EBA_Wakup"
	}, 
	{
	"dtc": 22743, 
	"devicedata": {}, 
	"dtctype": 0, 
	"name": "EDLC B-IN"
	}, 
	{
	"dtc": 22771, 
	"devicedata": {}, 
	"dtctype": 2, 
	"name": "Thermal failure"
	}, 
	{
	"dtc": 22748, 
	"devicedata": {}, 
	"dtctype": 0, 
	"name": "EDLC capacitor"
	}, 
	{
	"dtc": 22762, 
	"devicedata": {}, 
	"dtctype": 2, 
	"name": "Driver Brake"
	}, 
	{
	"dtc": 22767, 
	"devicedata": {}, 
	"dtctype": 2, 
	"name": "RPS_sensor"
	}, 
	{
	"dtc": 22751, 
	"devicedata": {}, 
	"dtctype": 2, 
	"name": "Pedal Bolocked in failure"
	}, 
	{
	"dtc": 22755, 
	"devicedata": {}, 
	"dtctype": 0, 
	"name": "External Brake in failure"
	}, 
	{
	"dtc": 22757, 
	"devicedata": {}, 
	"dtctype": 0, 
	"name": "CAN V1 OFF"
	}, 
	{
	"dtc": 22744, 
	"devicedata": {}, 
	"dtctype": 0, 
	"name": "EDLC microcomputer"
	}, 
	{
	"dtc": 22750, 
	"devicedata": {}, 
	"dtctype": 0, 
	"name": "EDLC Lin"
	}, 
	{
	"dtc": 22741, 
	"devicedata": {}, 
	"dtctype": 0, 
	"name": "EDLC backup error"
	}, 
	{
	"dtc": 22760, 
	"devicedata": {}, 
	"dtctype": 0, 
	"name": "EDLC LOW comsumption"
	}, 
	{
	"dtc": 22740, 
	"devicedata": {}, 
	"dtctype": 0, 
	"name": "EDLC.cell error"
	}, 
	{
	"dtc": 22737, 
	"devicedata": {}, 
	"dtctype": 0, 
	"name": "EDLC.charging error"
	}, 
	{
	"dtc": 22772, 
	"devicedata": {}, 
	"dtctype": 0, 
	"name": "BCM CAN"
	}
], 
"ecuname": "EBA_X10ph2_PHEV_HEV_v3", 
"autoidents": [
	{
	"diagversion": "4", 
	"supplier": "037", 
	"version": "0003", 
	"soft": "0001"
	}
], 
"endian": "Big", 
"requests": [
	{
	"name": "DataRead.After Sales Date", 
	"replybytes": "624B18", 
	"deny_sds": [], 
	"receivebyte_dataitems": {
		"After Sales Date": {
		"ref": true, 
		"firstbyte": 4
		}
	}, 
	"minbytes": 4, 
	"sentbytes": "224B18"
	}, 
	{
	"name": "StartDiagnosticSession.Start Default Session", 
	"replybytes": "5001", 
	"deny_sds": [], 
	"manualsend": true, 
	"receivebyte_dataitems": {
		"StartDiagnosticSession.ResponseType": {
		"firstbyte": 2
		}
	}, 
	"minbytes": 2, 
	"sentbytes": "1001"
	}, 
	{
	"name": "ReadDTCInformation.ReportExtendedData.DTCFirstAppearMileage", 
	"replybytes": "59060000000087000000", 
	"deny_sds": [], 
	"receivebyte_dataitems": {
		"DTCExtendedDataRecordNumber": {
		"firstbyte": 7
		}, 
		"DTCRecord": {
		"firstbyte": 3
		}, 
		"StatusOfDTC": {
		"firstbyte": 6
		}, 
		"DTCExtendedData.DTCFirstAppearMileage": {
		"firstbyte": 8
		}
	}, 
	"sendbyte_dataitems": {
		"DTCMaskRecord": {
		"firstbyte": 3
		}
	}, 
	"minbytes": 6, 
	"sentbytes": "190600000087"
	}, 
	{
	"name": "DataRead.vehicleManufacturerECUSoftwareNumber", 
	"replybytes": "62F188", 
	"deny_sds": [], 
	"receivebyte_dataitems": {
		"vehicleManufacturerECUSoftwareNumber": {
		"ref": true, 
		"firstbyte": 4
		}
	}, 
	"minbytes": 13, 
	"sentbytes": "22F188"
	}, 
	{
	"name": "DataRead.Function status", 
	"replybytes": "62B006", 
	"deny_sds": [], 
	"manualsend": true, 
	"receivebyte_dataitems": {
		"Function status": {
		"bitoffset": 1, 
		"firstbyte": 4
		}
	}, 
	"minbytes": 4, 
	"sentbytes": "22B006"
	}, 
	{
	"name": "DataRead.systemNameorEngineType", 
	"replybytes": "62F1970000000000000000000000000000000000000000", 
	"deny_sds": [], 
	"receivebyte_dataitems": {
		"systemNameorEngineType.05": {
		"ref": true, 
		"firstbyte": 8
		}, 
		"systemNameorEngineType.19": {
		"ref": true, 
		"firstbyte": 22
		}, 
		"systemNameorEngineType.18": {
		"ref": true, 
		"firstbyte": 21
		}, 
		"systemNameorEngineType.08": {
		"ref": true, 
		"firstbyte": 11
		}, 
		"systemNameorEngineType.09": {
		"ref": true, 
		"firstbyte": 12
		}, 
		"systemNameorEngineType.06": {
		"ref": true, 
		"firstbyte": 9
		}, 
		"systemNameorEngineType.07": {
		"ref": true, 
		"firstbyte": 10
		}, 
		"systemNameorEngineType.04": {
		"ref": true, 
		"firstbyte": 7
		}, 
		"systemNameorEngineType.16": {
		"ref": true, 
		"firstbyte": 19
		}, 
		"systemNameorEngineType.02": {
		"ref": true, 
		"firstbyte": 5
		}, 
		"systemNameorEngineType.03": {
		"ref": true, 
		"firstbyte": 6
		}, 
		"systemNameorEngineType.13": {
		"ref": true, 
		"firstbyte": 16
		}, 
		"systemNameorEngineType.01": {
		"ref": true, 
		"firstbyte": 4
		}, 
		"systemNameorEngineType.15": {
		"ref": true, 
		"firstbyte": 18
		}, 
		"systemNameorEngineType.10": {
		"ref": true, 
		"firstbyte": 13
		}, 
		"systemNameorEngineType.14": {
		"ref": true, 
		"firstbyte": 17
		}, 
		"systemNameorEngineType.11": {
		"ref": true, 
		"firstbyte": 14
		}, 
		"systemNameorEngineType.20": {
		"ref": true, 
		"firstbyte": 23
		}, 
		"systemNameorEngineType.12": {
		"ref": true, 
		"firstbyte": 15
		}, 
		"systemNameorEngineType.17": {
		"ref": true, 
		"firstbyte": 20
		}
	}, 
	"minbytes": 23, 
	"sentbytes": "22F197"
	}, 
	{
	"name": "ReadDTCInformation.ReportExtendedData.IUPRnumerator", 
	"replybytes": "590600000000880000", 
	"deny_sds": [], 
	"receivebyte_dataitems": {
		"DTCRecord": {
		"firstbyte": 3
		}, 
		"StatusOfDTC": {
		"firstbyte": 6
		}, 
		"DTCExtendedData.IUPRnumerator": {
		"firstbyte": 8
		}, 
		"DTCExtendedDataRecordNumber": {
		"firstbyte": 7
		}
	}, 
	"sendbyte_dataitems": {
		"DTCMaskRecord": {
		"firstbyte": 3
		}
	}, 
	"minbytes": 6, 
	"sentbytes": "190600000088"
	}, 
	{
	"name": "DataWrite.Powerlatch", 
	"replybytes": "6E4B25", 
	"deny_sds": [], 
	"manualsend": true, 
	"sendbyte_dataitems": {
		"Powerlatch": {
		"firstbyte": 4
		}
	}, 
	"minbytes": 3, 
	"sentbytes": "2E4B2500"
	}, 
	{
	"name": "DataRead.exhaustRegulationOrTypeApprovalNumber", 
	"replybytes": "62F196", 
	"deny_sds": [], 
	"receivebyte_dataitems": {
		"exhaustRegulationOrTypeApprovalNumber": {
		"ref": true, 
		"firstbyte": 4
		}
	}, 
	"minbytes": 13, 
	"sentbytes": "22F196"
	}, 
	{
	"name": "ReadDTCInformation.ReportNumberOfDTCByStatusMask", 
	"replybytes": "590109000000", 
	"deny_sds": [], 
	"receivebyte_dataitems": {
		"DTCCount": {
		"firstbyte": 5
		}, 
		"DTCFormatIdentifier": {
		"firstbyte": 4
		}, 
		"DTCStatusAvailabilityMask": {
		"firstbyte": 3
		}
	}, 
	"minbytes": 6, 
	"sentbytes": "190109"
	}, 
	{
	"name": "ReadDTCInformation.ReportExtendedData.IUPRdenominator", 
	"replybytes": "590600000000890000", 
	"deny_sds": [], 
	"receivebyte_dataitems": {
		"DTCRecord": {
		"firstbyte": 3
		}, 
		"StatusOfDTC": {
		"firstbyte": 6
		}, 
		"DTCExtendedData.IUPRdenominator": {
		"firstbyte": 8
		}, 
		"DTCExtendedDataRecordNumber": {
		"firstbyte": 7
		}
	}, 
	"sendbyte_dataitems": {
		"DTCMaskRecord": {
		"firstbyte": 3
		}
	}, 
	"minbytes": 6, 
	"sentbytes": "190600000089"
	}, 
	{
	"name": "EcuReset.HardReset", 
	"replybytes": "5101", 
	"deny_sds": [], 
	"manualsend": true, 
	"minbytes": 2, 
	"sentbytes": "1101"
	}, 
	{
	"name": "ReadDTCInformation.ReportExtendedData.DTCOccurrenceCounter", 
	"replybytes": "5906000000008200", 
	"deny_sds": [], 
	"receivebyte_dataitems": {
		"DTCRecord": {
		"firstbyte": 3
		}, 
		"StatusOfDTC": {
		"firstbyte": 6
		}, 
		"DTCExtendedData.DTCOccurrenceCounter": {
		"firstbyte": 8
		}, 
		"DTCExtendedDataRecordNumber": {
		"firstbyte": 7
		}
	}, 
	"sendbyte_dataitems": {
		"DTCMaskRecord": {
		"firstbyte": 3
		}
	}, 
	"minbytes": 6, 
	"sentbytes": "190600000082"
	}, 
	{
	"name": "DataRead.systemSupplierIdentifier", 
	"replybytes": "62F18A", 
	"deny_sds": [], 
	"receivebyte_dataitems": {
		"systemSupplierIdentifier": {
		"ref": true, 
		"firstbyte": 4
		}
	}, 
	"minbytes": 6, 
	"sentbytes": "22F18A"
	}, 
	{
	"name": "DataRead.ConfigurationDataReferenceAfterConfigurationProcess", 
	"replybytes": "62F1A2", 
	"deny_sds": [], 
	"receivebyte_dataitems": {
		"ConfigurationDataReferenceAfterConfigurationProcess": {
		"ref": true, 
		"firstbyte": 4
		}
	}, 
	"minbytes": 16, 
	"sentbytes": "22F1A2"
	}, 
	{
	"name": "DataRead.EBA_PressureRunOut", 
	"replybytes": "62B00C", 
	"deny_sds": [], 
	"receivebyte_dataitems": {
		"EBA_PressureRunOut": {
		"ref": true, 
		"firstbyte": 4
		}
	}, 
	"minbytes": 4, 
	"sentbytes": "22B00C"
	}, 
	{
	"name": "StartDiagnosticSession.Start Extended Session", 
	"replybytes": "5003", 
	"deny_sds": [], 
	"manualsend": true, 
	"minbytes": 2, 
	"sentbytes": "1003"
	}, 
	{
	"name": "DataRead.Powerlatch", 
	"replybytes": "624B25", 
	"deny_sds": [], 
	"receivebyte_dataitems": {
		"Powerlatch": {
		"ref": true, 
		"firstbyte": 4
		}
	}, 
	"minbytes": 4, 
	"sentbytes": "224B25"
	}, 
	{
	"name": "ReadDTCInformation.ReportExtendedData", 
	"replybytes": "590600000000", 
	"deny_sds": [], 
	"receivebyte_dataitems": {
		"DTCExtendedData.DTCLastDiseappearMileage": {
		"firstbyte": 8
		}, 
		"DTCExtendedData.AgingCounter": {
		"firstbyte": 8
		}, 
		"DTCExtendedDataRecordNumber": {
		"firstbyte": 7
		}, 
		"DTCExtendedData.DTCTravelledDistanceFailurePresent": {
		"firstbyte": 8
		}, 
		"DTCExtendedData.Mileage": {
		"firstbyte": 8
		}, 
		"DTCExtendedData.DTCFirstAppearMileage": {
		"firstbyte": 8
		}, 
		"DTCExtendedData.DTCOccurrenceCounter_2": {
		"firstbyte": 8
		}, 
		"DTCRecord": {
		"firstbyte": 3
		}, 
		"StatusOfDTC": {
		"firstbyte": 6
		}, 
		"DTCExtendedData.DTCOccurrenceCounter": {
		"firstbyte": 8
		}
	}, 
	"sendbyte_dataitems": {
		"DTCMaskRecord": {
		"firstbyte": 3
		}
	}, 
	"minbytes": 6, 
	"sentbytes": "1906000000FF"
	}, 
	{
	"name": "DataRead.VIN", 
	"replybytes": "62F190", 
	"deny_sds": [], 
	"receivebyte_dataitems": {
		"VIN": {
		"ref": true, 
		"firstbyte": 4
		}
	}, 
	"minbytes": 20, 
	"sentbytes": "22F190"
	}, 
	{
	"name": "DataRead.ExternalBrakeStatus", 
	"replybytes": "62B00E", 
	"deny_sds": [], 
	"receivebyte_dataitems": {
		"ExternalBrakeStatus": {
		"ref": true, 
		"firstbyte": 4
		}
	}, 
	"minbytes": 4, 
	"sentbytes": "22B00E"
	}, 
	{
	"name": "DataRead.Vehicle Status", 
	"replybytes": "62B005", 
	"deny_sds": [], 
	"manualsend": true, 
	"receivebyte_dataitems": {
		"Vehicle Status": {
		"firstbyte": 4
		}
	}, 
	"minbytes": 4, 
	"sentbytes": "22B005"
	}, 
	{
	"name": "DataRead.Boot SW identification", 
	"replybytes": "62F180", 
	"deny_sds": [], 
	"receivebyte_dataitems": {
		"Boot SW identification": {
		"ref": true, 
		"firstbyte": 4
		}
	}, 
	"minbytes": 18, 
	"sentbytes": "22F180"
	}, 
	{
	"name": "DataRead.VehicleManufacturerSparePartNumber_N", 
	"replybytes": "62F1A100000000000000000000", 
	"deny_sds": [], 
	"receivebyte_dataitems": {
		"VehicleManufacturerSparePartNumber_N": {
		"ref": true, 
		"firstbyte": 4
		}
	}, 
	"minbytes": 13, 
	"sentbytes": "22F1A1"
	}, 
	{
	"name": "DataRead.vehicleManufacturerSparePartNumber", 
	"replybytes": "62F187", 
	"deny_sds": [], 
	"receivebyte_dataitems": {
		"vehicleManufacturerSparePartNumber": {
		"ref": true, 
		"firstbyte": 4
		}
	}, 
	"minbytes": 13, 
	"sentbytes": "22F187"
	}, 
	{
	"name": "ReadDTCInformation.ReportSnapshot", 
	"replybytes": "590400000000", 
	"deny_sds": [], 
	"receivebyte_dataitems": {
		"DTCRecord": {
		"firstbyte": 3
		}, 
		"StatusOfDTC": {
		"firstbyte": 6
		}
	}, 
	"sendbyte_dataitems": {
		"DTCMaskRecord": {
		"firstbyte": 3
		}
	}, 
	"minbytes": 6, 
	"sentbytes": "1904000000FF"
	}, 
	{
	"name": "DataRead.VehicleSpeed", 
	"replybytes": "62B007", 
	"deny_sds": [], 
	"manualsend": true, 
	"receivebyte_dataitems": {
		"VehicleSpeed": {
		"firstbyte": 4
		}
	}, 
	"minbytes": 5, 
	"sentbytes": "22B007"
	}, 
	{
	"name": "ClearDiagnosticInformation.All", 
	"replybytes": "54", 
	"deny_sds": [], 
	"manualsend": true, 
	"minbytes": 1, 
	"sentbytes": "14FFFFFF"
	}, 
	{
	"name": "DataRead.systemSupplierECUSoftwareNumber", 
	"replybytes": "62F194", 
	"deny_sds": [], 
	"receivebyte_dataitems": {
		"systemSupplierECUSoftwareNumber": {
		"ref": true, 
		"firstbyte": 4
		}
	}, 
	"minbytes": 7, 
	"sentbytes": "22F194"
	}, 
	{
	"name": "DataRead.BrakePedalPosition", 
	"replybytes": "62B009", 
	"deny_sds": [], 
	"manualsend": true, 
	"receivebyte_dataitems": {
		"BrakePedalPosition": {
		"firstbyte": 4
		}
	}, 
	"minbytes": 5, 
	"sentbytes": "22B009"
	}, 
	{
	"name": "StartDiagnosticSession.Start Diagnostic Session", 
	"replybytes": "5000", 
	"deny_sds": [], 
	"manualsend": true, 
	"sendbyte_dataitems": {
		"SessionName": {
		"firstbyte": 2
		}
	}, 
	"minbytes": 2, 
	"sentbytes": "1000"
	}, 
	{
	"name": "DataRead.BatteryVoltage", 
	"replybytes": "62B000", 
	"deny_sds": [], 
	"receivebyte_dataitems": {
		"BatteryVoltage": {
		"ref": true, 
		"firstbyte": 4
		}
	}, 
	"minbytes": 4, 
	"sentbytes": "22B000"
	}, 
	{
	"name": "DataRead.eDLC_voltage", 
	"replybytes": "62B001", 
	"deny_sds": [], 
	"receivebyte_dataitems": {
		"eDLC_voltage": {
		"firstbyte": 4
		}
	}, 
	"minbytes": 5, 
	"sentbytes": "22B001"
	}, 
	{
	"name": "DataRead.VehicleSpeedBody", 
	"replybytes": "62B008", 
	"deny_sds": [], 
	"manualsend": true, 
	"receivebyte_dataitems": {
		"VehicleSpeedBody": {
		"firstbyte": 4
		}
	}, 
	"minbytes": 5, 
	"sentbytes": "22B008"
	}, 
	{
	"name": "DataRead.CalibrationNumber", 
	"replybytes": "62F182", 
	"deny_sds": [], 
	"receivebyte_dataitems": {
		"CalibrationNumber": {
		"ref": true, 
		"firstbyte": 4
		}
	}, 
	"minbytes": 13, 
	"sentbytes": "22F182"
	}, 
	{
	"name": "DataRead.ExternalBrakeRequestStatus", 
	"replybytes": "62B00F", 
	"deny_sds": [], 
	"receivebyte_dataitems": {
		"ExternalBrakeRequestStatus": {
		"firstbyte": 4
		}
	}, 
	"minbytes": 4, 
	"sentbytes": "22B00F"
	}, 
	{
	"name": "StartDiagnosticSession.Start Programming Session", 
	"replybytes": "5002", 
	"deny_sds": [], 
	"manualsend": true, 
	"minbytes": 2, 
	"sentbytes": "1002"
	}, 
	{
	"name": "ReadDTCInformation.ReportDTCSnapshotIdentification", 
	"replybytes": "5903", 
	"deny_sds": [], 
	"sendbyte_dataitems": {
		"DTCMaskRecord": {
		"firstbyte": 3
		}
	}, 
	"minbytes": 2, 
	"sentbytes": "1903000000FF"
	}, 
	{
	"name": "ReadDTCInformation.ReportExtendedData.DTCTravelledDistanceFailurePresent", 
	"replybytes": "59060000000086000000", 
	"deny_sds": [], 
	"receivebyte_dataitems": {
		"DTCExtendedData.DTCTravelledDistanceFailurePresent": {
		"firstbyte": 8
		}, 
		"DTCRecord": {
		"firstbyte": 3
		}, 
		"StatusOfDTC": {
		"firstbyte": 6
		}, 
		"DTCExtendedDataRecordNumber": {
		"firstbyte": 7
		}
	}, 
	"sendbyte_dataitems": {
		"DTCMaskRecord": {
		"firstbyte": 3
		}
	}, 
	"minbytes": 6, 
	"sentbytes": "190600000086"
	}, 
	{
	"name": "ReadDTCInformation.ReportExtendedData.DTCLastDiseappearMileage", 
	"replybytes": "59060000000085000000", 
	"deny_sds": [], 
	"receivebyte_dataitems": {
		"DTCExtendedDataRecordNumber": {
		"firstbyte": 7
		}, 
		"DTCExtendedData.DTCLastDiseappearMileage": {
		"firstbyte": 8
		}, 
		"StatusOfDTC": {
		"firstbyte": 6
		}, 
		"DTCRecord": {
		"firstbyte": 3
		}
	}, 
	"sendbyte_dataitems": {
		"DTCMaskRecord": {
		"firstbyte": 3
		}
	}, 
	"minbytes": 6, 
	"sentbytes": "190600000085"
	}, 
	{
	"name": "DataRead.ECUSerialNumber", 
	"replybytes": "62F18C", 
	"deny_sds": [], 
	"receivebyte_dataitems": {
		"ECUSerialNumber": {
		"ref": true, 
		"firstbyte": 4
		}
	}, 
	"minbytes": 23, 
	"sentbytes": "22F18C"
	}, 
	{
	"name": "DataRead.Internal odometer", 
	"replybytes": "62B004", 
	"deny_sds": [], 
	"receivebyte_dataitems": {
		"Internal odometer.Internal odometer": {
		"bitoffset": 4, 
		"ref": true, 
		"firstbyte": 4
		}, 
		"Internal odometer.Reserved": {
		"ref": true, 
		"firstbyte": 4
		}
	}, 
	"minbytes": 7, 
	"sentbytes": "22B004"
	}, 
	{
	"name": "DataRead.DTCExtendedData.DTCOccurrenceCounter", 
	"replybytes": "62F0D1", 
	"deny_sds": [], 
	"manualsend": true, 
	"receivebyte_dataitems": {
		"DTCExtendedData.DTCOccurrenceCounter": {
		"firstbyte": 4
		}
	}, 
	"minbytes": 4, 
	"sentbytes": "22F0D1"
	}, 
	{
	"name": "ReadDTCInformation.ReportExtendedData.Mileage", 
	"replybytes": "59060000000080000000", 
	"deny_sds": [], 
	"receivebyte_dataitems": {
		"DTCExtendedData.Mileage": {
		"firstbyte": 8
		}, 
		"DTCRecord": {
		"firstbyte": 3
		}, 
		"StatusOfDTC": {
		"firstbyte": 6
		}, 
		"DTCExtendedDataRecordNumber": {
		"firstbyte": 7
		}
	}, 
	"sendbyte_dataitems": {
		"DTCMaskRecord": {
		"firstbyte": 3
		}
	}, 
	"minbytes": 6, 
	"sentbytes": "190600000080"
	}, 
	{
	"name": "EcuReset.SoftReset", 
	"replybytes": "5103", 
	"deny_sds": [], 
	"manualsend": true, 
	"minbytes": 2, 
	"sentbytes": "1103"
	}, 
	{
	"name": "DataRead.Mileage of the first failure", 
	"replybytes": "62B002", 
	"deny_sds": [], 
	"manualsend": true, 
	"receivebyte_dataitems": {
		"Mileage of the first failure": {
		"firstbyte": 4
		}
	}, 
	"minbytes": 6, 
	"sentbytes": "22B002"
	}, 
	{
	"name": "ReadDTCInformation.ReportSupportedDTC", 
	"replybytes": "590AFF00000000", 
	"deny_sds": [], 
	"receivebyte_dataitems": {
		"DTCFailureType": {
		"firstbyte": 6
		}, 
		"StatusOfDTC": {
		"firstbyte": 7
		}, 
		"DTCStatusAvailabilityMask": {
		"firstbyte": 3
		}, 
		"DTCDeviceIdentifier": {
		"firstbyte": 4
		}
	}, 
	"minbytes": 3, 
	"sentbytes": "190A", 
	"shiftbytescount": 4
	}, 
	{
	"name": "DataRead.ECU activities.Activation.counter", 
	"replybytes": "62B011", 
	"deny_sds": [], 
	"receivebyte_dataitems": {
		"ECU activities.Activation.counter": {
		"firstbyte": 4
		}
	}, 
	"minbytes": 4, 
	"sentbytes": "22B011"
	}, 
	{
	"name": "DataRead.systemSupplierECUSoftwareVersionNumber", 
	"replybytes": "62F195", 
	"deny_sds": [], 
	"receivebyte_dataitems": {
		"systemSupplierECUSoftwareVersionNumber": {
		"ref": true, 
		"firstbyte": 4
		}
	}, 
	"minbytes": 7, 
	"sentbytes": "22F195"
	}, 
	{
	"name": "ReadDTCInformation.ReportDTC", 
	"replybytes": "59020900000000", 
	"deny_sds": [], 
	"receivebyte_dataitems": {
		"DTCStatus.pendingDTC": {
		"bitoffset": 5, 
		"firstbyte": 7
		}, 
		"DTCDeviceIdentifier": {
		"firstbyte": 4
		}, 
		"DTCStatus.testFailedSinceLastClear": {
		"bitoffset": 2, 
		"firstbyte": 7
		}, 
		"DTCDeviceAndFailureTypeOBD": {
		"firstbyte": 4
		}, 
		"DTCFailureType.ManufacturerOrSupplier": {
		"bitoffset": 4, 
		"firstbyte": 6
		}, 
		"DTCFailureType.Category": {
		"firstbyte": 6
		}, 
		"DTCFailureType": {
		"firstbyte": 6
		}, 
		"DTCStatus.testNotCompletedSinceLastClear": {
		"bitoffset": 3, 
		"firstbyte": 7
		}, 
		"DTCStatus.testNotCompletedThisMonitoringCycle": {
		"bitoffset": 1, 
		"firstbyte": 7
		}, 
		"DTCStatusAvailabilityMask": {
		"firstbyte": 3
		}, 
		"DTCStatus.warningIndicatorRequested": {
		"firstbyte": 7
		}, 
		"StatusOfDTC": {
		"firstbyte": 7
		}, 
		"DTCStatus.testFailedThisMonitoringCycle": {
		"bitoffset": 6, 
		"firstbyte": 7
		}, 
		"DTCStatus.testFailed": {
		"bitoffset": 7, 
		"firstbyte": 7
		}, 
		"DTCStatus.confirmedDTC": {
		"bitoffset": 4, 
		"firstbyte": 7
		}
	}, 
	"minbytes": 3, 
	"sentbytes": "190209", 
	"shiftbytescount": 4
	}, 
	{
	"name": "DataRead.EBA_OutputRodActuatorPosition", 
	"replybytes": "62B00B", 
	"deny_sds": [], 
	"receivebyte_dataitems": {
		"EBA_OutputRodActuatorPosition": {
		"ref": true, 
		"firstbyte": 4
		}
	}, 
	"minbytes": 5, 
	"sentbytes": "22B00B"
	}, 
	{
	"name": "ReadDTCInformation.ReportExtendedData.DTCOccurrenceCounter_2", 
	"replybytes": "5906000000008400", 
	"deny_sds": [], 
	"receivebyte_dataitems": {
		"DTCExtendedDataRecordNumber": {
		"firstbyte": 7
		}, 
		"DTCRecord": {
		"firstbyte": 3
		}, 
		"StatusOfDTC": {
		"firstbyte": 6
		}, 
		"DTCExtendedData.DTCOccurrenceCounter_2": {
		"firstbyte": 8
		}
	}, 
	"sendbyte_dataitems": {
		"DTCMaskRecord": {
		"firstbyte": 3
		}
	}, 
	"minbytes": 6, 
	"sentbytes": "190600000084"
	}, 
	{
	"name": "DataRead.ABSinRegulation_CRBS", 
	"replybytes": "62B00D", 
	"deny_sds": [], 
	"receivebyte_dataitems": {
		"ABSinRegulation_CRBS": {
		"ref": true, 
		"firstbyte": 4
		}
	}, 
	"minbytes": 4, 
	"sentbytes": "22B00D"
	}, 
	{
	"name": "DataRead.ECU activities.General.Data", 
	"replybytes": "62B010", 
	"deny_sds": [], 
	"receivebyte_dataitems": {
		"ECU activities.General.Data": {
		"firstbyte": 4
		}
	}, 
	"minbytes": 4, 
	"sentbytes": "22B010"
	}, 
	{
	"name": "DataRead.Mileage of the last occurence", 
	"replybytes": "62F0D0", 
	"deny_sds": [], 
	"receivebyte_dataitems": {
		"Mileage of the last occurence": {
		"ref": true, 
		"firstbyte": 4
		}
	}, 
	"minbytes": 6, 
	"sentbytes": "22F0D0"
	}, 
	{
	"name": "DataRead.vehicleManufacturerECUHardwareNumber", 
	"replybytes": "62F191", 
	"deny_sds": [], 
	"receivebyte_dataitems": {
		"vehicleManufacturerECUHardwareNumber": {
		"ref": true, 
		"firstbyte": 4
		}
	}, 
	"minbytes": 13, 
	"sentbytes": "22F191"
	}, 
	{
	"name": "DataRead.VehicleManufacturerKitAssemblyPartNumber", 
	"replybytes": "62F18E00000000000000000000", 
	"deny_sds": [], 
	"receivebyte_dataitems": {
		"VehicleManufacturerKitAssemblyPartNumber": {
		"ref": true, 
		"firstbyte": 4
		}
	}, 
	"minbytes": 10, 
	"sentbytes": "22F18E"
	}, 
	{
	"name": "TesterPresent.WithResponse", 
	"deny_sds": [], 
	"minbytes": 1, 
	"sentbytes": "3E00", 
	"replybytes": "7E"
	}, 
	{
	"name": "DataRead.Calibration file reference", 
	"replybytes": "62F012", 
	"deny_sds": [], 
	"receivebyte_dataitems": {
		"Calibration file reference": {
		"ref": true, 
		"firstbyte": 4
		}
	}, 
	"minbytes": 13, 
	"sentbytes": "22F012"
	}, 
	{
	"name": "DataRead.Supplier fault code specified", 
	"replybytes": "62EF01", 
	"deny_sds": [], 
	"receivebyte_dataitems": {
		"Supplier fault code specified": {
		"firstbyte": 4
		}
	}, 
	"minbytes": 5, 
	"sentbytes": "22EF01"
	}, 
	{
	"name": "DataRead.ECU activities.Activation.Timer", 
	"replybytes": "62B012", 
	"deny_sds": [], 
	"manualsend": true, 
	"receivebyte_dataitems": {
		"ECU activities.Activation.Timer": {
		"firstbyte": 4
		}
	}, 
	"minbytes": 4, 
	"sentbytes": "22B012"
	}, 
	{
	"name": "DataRead.Aging counter", 
	"deny_sds": [], 
	"minbytes": 4, 
	"sentbytes": "22B003", 
	"replybytes": "62B003"
	}, 
	{
	"name": "ReadDTCInformation.ReportExtendedData.AgingCounter", 
	"replybytes": "5906000000008100", 
	"deny_sds": [], 
	"receivebyte_dataitems": {
		"DTCRecord": {
		"firstbyte": 3
		}, 
		"DTCExtendedData.AgingCounter": {
		"firstbyte": 8
		}, 
		"StatusOfDTC": {
		"firstbyte": 6
		}, 
		"DTCExtendedDataRecordNumber": {
		"firstbyte": 7
		}
	}, 
	"sendbyte_dataitems": {
		"DTCMaskRecord": {
		"firstbyte": 3
		}
	}, 
	"minbytes": 6, 
	"sentbytes": "190600000081"
	}, 
	{
	"name": "DataRead.diagnosticVersion", 
	"replybytes": "62F1A0", 
	"deny_sds": [], 
	"receivebyte_dataitems": {
		"diagnosticVersion": {
		"firstbyte": 4
		}
	}, 
	"minbytes": 4, 
	"sentbytes": "22F1A0"
	}
], 
"data": {
	"DistanceTotalizer": {
	"scaled": true, 
	"bytescount": 4, 
	"comment": "Permet de connaitre le kilom\u00e9trage du v\u00e9hicule et  noter le kilom\u00e9trage lorsqu'une panne se produit", 
	"bitscount": 28, 
	"unit": "km"
	}, 
	"Calibration file reference": {
	"bytesascii": true, 
	"bytescount": 10, 
	"byte": true, 
	"bitscount": 80, 
	"comment": "operationnal reference"
	}, 
	"DTCExtendedData.IUPRdenominator": {
	"scaled": true, 
	"bytescount": 2, 
	"comment": "Description of the extendedData(use by Failure Page to decode data)", 
	"bitscount": 16, 
	"unit": "wu"
	}, 
	"DTCExtendedDataRecordNumber": {
	"lists": {
		"128": "Mileage", 
		"129": "AgingCounter", 
		"130": "DTCOccurrenceCounter", 
		"132": "DTCOccurrenceCounter_2", 
		"133": "DTCLastDiseappearMileage", 
		"134": "DTCTravelledDistanceFailurePresent", 
		"135": "DTCFirstAppearMileage", 
		"136": "IUPR numerator", 
		"137": "IUPR denominator"
	}
	}, 
	"WakeUpType": {
	"scaled": true, 
	"comment": "Permet de selctionner different mode de WakeUp", 
	"bitscount": 3
	}, 
	"GADE": {
	"scaled": true, 
	"comment": "Etat du produit et diag", 
	"bitscount": 3
	}, 
	"VehicleSpeedBody": {
	"scaled": true, 
	"bytescount": 2, 
	"comment": "Vitesse moyen des quatres roues", 
	"bitscount": 16, 
	"unit": "Km/h"
	}, 
	"TargetPressurePedalFeel": {
	"scaled": true, 
	"bytescount": 2, 
	"comment": "Permet de connaitre le niveau de pression demand\u00e9 par l'utilisation", 
	"bitscount": 10, 
	"unit": "MPA"
	}, 
	"vehicleManufacturerECUSoftwareNumber": {
	"bytesascii": true, 
	"bytescount": 10, 
	"byte": true, 
	"bitscount": 80
	}, 
	"Internal odometer.Internal odometer": {
	"divideby": 1000.0, 
	"bitscount": 28, 
	"format": "0.00", 
	"scaled": true, 
	"step": 10.0, 
	"bytescount": 4, 
	"unit": "km"
	}, 
	"ExternalBrakeStatus": {
	"scaled": true, 
	"comment": "Permet de savoir si il est possible de r\u00e9aliser une requ\u00eate externe", 
	"bitscount": 2
	}, 
	"RearPressureReductionStatus": {
	"scaled": true, 
	"comment": "Permet de savoir quel est l'action \u00e0 r\u00e9aliser sur l'axe arri\u00e9re", 
	"bitscount": 3
	}, 
	"DriverBrakingPressure_v2": {
	"comment": "Pression diff\u00e9rielle", 
	"bitscount": 10, 
	"signed": true, 
	"scaled": true, 
	"bytescount": 2, 
	"unit": "MPA"
	}, 
	"systemSupplierIdentifier": {
	"bytesascii": true, 
	"bytescount": 3, 
	"byte": true, 
	"bitscount": 24
	}, 
	"DTCDeviceIdentifier": {
	"bytescount": 2, 
	"bitscount": 16, 
	"lists": {
		"22736": "EDLC.overvoltage", 
		"22737": "EDLC.charging error", 
		"22738": "EDLC.open error", 
		"22739": "EDLC.short error", 
		"22740": "EDLC.cell error", 
		"22741": "EDLC backup error", 
		"22742": "EDLC wakeup", 
		"22743": "EDLC B-IN", 
		"22744": "EDLC microcomputer", 
		"22745": "EDLC Insulation", 
		"22746": "EDLC charging control", 
		"22747": "EDLC Thermister", 
		"22748": "EDLC capacitor", 
		"22749": "EDLC Vref", 
		"22750": "EDLC Lin", 
		"22751": "Pedal Bolocked in failure", 
		"22752": "Pedal Brake plausibility", 
		"22753": "Actuation Control", 
		"22754": "Brake Booster Performance", 
		"22755": "External Brake in failure", 
		"22756": "CAN Chassis off", 
		"22757": "CAN V1 OFF", 
		"22758": "CAN register", 
		"22759": "Battery Voltage", 
		"22760": "EDLC LOW comsumption", 
		"22761": "ECU failure", 
		"22762": "Driver Brake", 
		"22763": "EDLC monitoring", 
		"22764": "position sensor", 
		"22765": "EBA motor", 
		"22766": "DTS_Sensor", 
		"22767": "RPS_sensor", 
		"22768": "supply Line EDLC", 
		"22769": "standalone mode", 
		"22770": "Activation switch EDLC", 
		"22771": "Thermal failure", 
		"22772": "BCM CAN", 
		"22773": "USM CAN", 
		"22774": "HEVC CAN", 
		"22775": "VDC CAN", 
		"22776": "ECM CAN", 
		"22777": "CRBS failure", 
		"22778": "EBA Calibration", 
		"22779": "EBA_Wakup"
	}
	}, 
	"VehicleSpeedCRC": {
	"scaled": true, 
	"comment": "CRC"
	}, 
	"DTCStatus.testFailedSinceLastClear": {
	"bitscount": 1, 
	"lists": {
		"0": "No", 
		"1": "Yes"
	}
	}, 
	"IgnitionSupplyConfirmation": {
	"scaled": true, 
	"comment": "Permet de connaitre si l\u00e9tat ignition est pass\u00e9", 
	"bitscount": 1
	}, 
	"VIN": {
	"bytesascii": true, 
	"bytescount": 17, 
	"byte": true, 
	"bitscount": 136, 
	"comment": "Vehicle Identification Number"
	}, 
	"DTCStatus.testNotCompletedSinceLastClear": {
	"bitscount": 1, 
	"lists": {
		"0": "No", 
		"1": "Yes"
	}
	}, 
	"StartDiagnosticSession.ResponseType": {
	"lists": {
		"129": "Yes"
	}
	}, 
	"Clock_VDC_A11": {
	"scaled": true, 
	"comment": "Clock", 
	"bitscount": 4
	}, 
	"Clock_VDC_A12": {
	"scaled": true, 
	"comment": "Clock", 
	"bitscount": 4
	}, 
	"OBDPidRolBufInd": {
	"scaled": true, 
	"bitscount": 4
	}, 
	"DTCExtendedData.Mileage": {
	"scaled": true, 
	"bytescount": 3, 
	"comment": "Description of the extendedData Mileage (use by Failure Page to decode data)", 
	"bitscount": 24, 
	"unit": "km"
	}, 
	"SessionName": {
	"lists": {
		"1": "default", 
		"2": "programming", 
		"3": "extended"
	}
	}, 
	"DTCStatus.warningIndicatorRequested": {
	"bitscount": 1, 
	"lists": {
		"0": "No", 
		"1": "Yes"
	}
	}, 
	"CRC_VDC_A12": {
	"scaled": true, 
	"comment": "CRC"
	}, 
	"ECU activities.Activation.counter": {
	"byte": true
	}, 
	"eDLC_voltage": {
	"scaled": true, 
	"comment": "niveau de tension disponible dans la eDLC", 
	"bitscount": 4, 
	"unit": "V"
	}, 
	"CRC_VDC_A11": {
	"scaled": true, 
	"comment": "CRC"
	}, 
	"DTCExtendedData.AgingCounter": {
	"scaled": true, 
	"comment": "Description of the extendedData AgingCounter (use by Failure Page to decode data)"
	}, 
	"VehicleSpeed": {
	"scaled": true, 
	"bytescount": 2, 
	"comment": "Permet de connaitre la vitesse des roues motrices", 
	"bitscount": 16, 
	"unit": "km/h"
	}, 
	"Clock_EBA_A3": {
	"scaled": true, 
	"comment": "Clock", 
	"bitscount": 4
	}, 
	"Clock_EBA_A2": {
	"scaled": true, 
	"comment": "Clock", 
	"bitscount": 4
	}, 
	"Clock_EBA_A1": {
	"scaled": true, 
	"comment": "Clock", 
	"bitscount": 4
	}, 
	"EBA_PressureRunOut": {
	"scaled": true, 
	"comment": "Pression", 
	"unit": "MPa"
	}, 
	"ECUSerialNumber": {
	"bytesascii": true, 
	"bytescount": 20, 
	"byte": true, 
	"bitscount": 160, 
	"comment": "ECU serial number"
	}, 
	"systemSupplierECUSoftwareNumber": {
	"bytesascii": true, 
	"bytescount": 4, 
	"byte": true, 
	"bitscount": 32, 
	"comment": "Software Number (Supplier)"
	}, 
	"DTCStatusAvailabilityMask": {
	"scaled": true
	}, 
	"EBAtoBeCalibrated": {
	"scaled": true, 
	"comment": "Permet \u00e0 l'EBA de demander \u00e0 \u00eatre calibr\u00e9", 
	"bitscount": 1
	}, 
	"OBD_Ready_On": {
	"scaled": true, 
	"bitscount": 1
	}, 
	"Maintenance_Mode_Status": {
	"scaled": true, 
	"comment": "Permet de demander une maintenance", 
	"bitscount": 2
	}, 
	"DTCExtendedData.DTCOccurrenceCounter_2": {
	"scaled": true, 
	"comment": "Description of the extendedData DTCOccurenceCounter (use by Failure Page to decode data)"
	}, 
	"DTCRecord": {
	"bytescount": 3, 
	"byte": true, 
	"bitscount": 24
	}, 
	"Function status": {
	"bitscount": 3, 
	"lists": {
		"0": "unused", 
		"1": "PPU active control / not active control", 
		"2": "PPU operationnal / not operationnal", 
		"3": "PFC active control / not active control", 
		"4": "PFC operationnal / not operationnal", 
		"5": "EBR permitted by diag / inhibited by diag", 
		"6": "EBR active control / not active control", 
		"7": "EBR operationnal / not operationnal"
	}
	}, 
	"DTCStatus.testNotCompletedThisMonitoringCycle": {
	"bitscount": 1, 
	"lists": {
		"0": "No", 
		"1": "Yes"
	}
	}, 
	"After Sales Date": {
	"scaled": true
	}, 
	"BatteryVoltage": {
	"scaled": true, 
	"comment": "Affiche la valeur de la tension", 
	"unit": "Volt"
	}, 
	"PedalFeelActuationStatus": {
	"scaled": true, 
	"comment": "Permet de savoir si il y a une compendation de l'ESP", 
	"bitscount": 2
	}, 
	"DTCExtendedData.DTCFirstAppearMileage": {
	"scaled": true, 
	"bytescount": 3, 
	"comment": "Description of the extendedData Mileage (use by Failure Page to decode data)", 
	"bitscount": 24, 
	"unit": "km"
	}, 
	"CRC_HEVC_A5": {
	"scaled": true, 
	"comment": "CRC"
	}, 
	"systemNameorEngineType.07": {
	"scaled": true, 
	"comment": "Cxx_obd_ecu_name_7"
	}, 
	"Mileage of the last occurence": {
	"bitscount": 24, 
	"format": "0000000.00", 
	"scaled": true, 
	"step": 0.05, 
	"bytescount": 3, 
	"unit": "km"
	}, 
	"systemNameorEngineType.14": {
	"scaled": true, 
	"comment": "Cxx_obd_ecu_name_14"
	}, 
	"exhaustRegulationOrTypeApprovalNumber": {
	"bytesascii": true, 
	"bytescount": 10, 
	"byte": true, 
	"bitscount": 80, 
	"comment": "Hardware Number"
	}, 
	"systemNameorEngineType.17": {
	"scaled": true, 
	"comment": "Cxx_obd_ecu_name_17"
	}, 
	"CRC_VDC_A3": {
	"scaled": true, 
	"comment": "CRC"
	}, 
	"Supplier fault code specified": {
	"bytescount": 2, 
	"byte": true, 
	"bitscount": 16
	}, 
	"vehicleManufacturerSparePartNumber": {
	"bytesascii": true, 
	"bytescount": 10, 
	"byte": true, 
	"bitscount": 80, 
	"comment": "Ordered Part Number - This value shall contain the number of the part ordered by OEM"
	}, 
	"vehicleManufacturerECUHardwareNumber": {
	"bytesascii": true, 
	"bytescount": 10, 
	"byte": true, 
	"bitscount": 80, 
	"comment": "Hardware Number"
	}, 
	"EBAfailureDisplayAlert_EBA": {
	"scaled": true, 
	"comment": "Permet d'allumer une lampe rouge au TdB", 
	"bitscount": 1
	}, 
	"ElecBrakeWheelTorqueApplied": {
	"scaled": true, 
	"bytescount": 2, 
	"bitscount": 13, 
	"unit": "Nm"
	}, 
	"DTCFailureType.Category": {
	"bitscount": 4, 
	"lists": {
		"0": "General Failure Information", 
		"1": "General Electrical Failures", 
		"2": "General Signal Failures", 
		"3": "FM (Freq Mod) / PWM (Pulse Width Mod) Failures", 
		"4": "System Internal Failures", 
		"5": "System Programming Failures", 
		"6": "Algorithm Based Failures", 
		"7": "Mechanical Failures", 
		"8": "Bus Signal / Message Failures", 
		"9": "Component Failures", 
		"15": "Vehicle manufacturer / System supplier specific"
	}
	}, 
	"Vehicle Status": {
	"comment": "Permet de connaitre l'\u00e9tat du v\u00e9hicule", 
	"bitscount": 4, 
	"lists": {
		"0": "Asleep", 
		"1": "Not used 1", 
		"2": "CutoffPending", 
		"3": "AutoACC", 
		"4": "Not used 4", 
		"5": "IgnitionLevel", 
		"6": "StartingInProgress", 
		"7": "PowertrainRunning", 
		"8": "AutoStart", 
		"9": "EngineSystemStop", 
		"10": "Not used 10", 
		"11": "Not used 11", 
		"12": "Not used 12", 
		"13": "Not used 13", 
		"14": "Not used 14", 
		"15": "Unavailable"
	}
	}, 
	"DTCStatus.pendingDTC": {
	"bitscount": 1, 
	"lists": {
		"0": "No", 
		"1": "Yes"
	}
	}, 
	"systemNameorEngineType.19": {
	"scaled": true, 
	"comment": "Cxx_obd_ecu_name_19"
	}, 
	"systemNameorEngineType.18": {
	"scaled": true, 
	"comment": "Cxx_obd_ecu_name_18"
	}, 
	"eDLCinDefaultDisplayRequest": {
	"scaled": true, 
	"comment": "En cas de d\u00e9faillance de l'eDLC permet d'envoie une requ\u00eate lampe jaune au TdB", 
	"bitscount": 1
	}, 
	"systemNameorEngineType.15": {
	"scaled": true, 
	"comment": "Cxx_obd_ecu_name_15"
	}, 
	"Powerlatch": {
	"scaled": true, 
	"step": 10.0, 
	"unit": "s", 
	"offset": 10.0
	}, 
	"diagnosticVersion": {
	"comment": "VDIAG", 
	"byte": true
	}, 
	"systemNameorEngineType.16": {
	"scaled": true, 
	"comment": "Cxx_obd_ecu_name_16"
	}, 
	"systemNameorEngineType.11": {
	"scaled": true, 
	"comment": "Cxx_obd_ecu_name_11"
	}, 
	"systemNameorEngineType.10": {
	"scaled": true, 
	"comment": "Cxx_obd_ecu_name_10"
	}, 
	"systemNameorEngineType.13": {
	"scaled": true, 
	"comment": "Cxx_obd_ecu_name_13"
	}, 
	"systemNameorEngineType.12": {
	"scaled": true, 
	"comment": "Cxx_obd_ecu_name_12"
	}, 
	"systemSupplierECUSoftwareVersionNumber": {
	"bytesascii": true, 
	"bytescount": 4, 
	"byte": true, 
	"bitscount": 32, 
	"comment": "Software Version (Supplier)"
	}, 
	"BrakePedalPosition": {
	"scaled": true, 
	"bytescount": 2, 
	"bitscount": 12, 
	"unit": "%"
	}, 
	"Clock_VDC_A3": {
	"scaled": true, 
	"comment": "Clock", 
	"bitscount": 4
	}, 
	"EBA_OutputRodActuatorPosition": {
	"comment": "Position de l'input rod", 
	"bitscount": 12, 
	"signed": true, 
	"scaled": true, 
	"bytescount": 2, 
	"unit": "mm"
	}, 
	"OBDWarmUpCycleDet": {
	"scaled": true, 
	"bitscount": 1
	}, 
	"CRC_EBA_A3": {
	"scaled": true, 
	"comment": "CRC"
	}, 
	"CRC_EBA_A2": {
	"scaled": true, 
	"comment": "CRC"
	}, 
	"DTCExtendedData.DTCTravelledDistanceFailurePresent": {
	"scaled": true, 
	"bytescount": 3, 
	"comment": "Description of the extendedData Mileage (use by Failure Page to decode data)", 
	"bitscount": 24, 
	"unit": "km"
	}, 
	"DTCFailureType.ManufacturerOrSupplier": {
	"bitscount": 4
	}, 
	"MinimumVoltageByCRBS": {
	"scaled": true, 
	"comment": "Information grossiere de tension", 
	"bitscount": 3, 
	"unit": "Volt"
	}, 
	"EBA_CapacityPressureCompValue": {
	"scaled": true, 
	"comment": "Indication de la valeur de pression", 
	"unit": "MPa"
	}, 
	"OBDPrmtDelCdn": {
	"scaled": true, 
	"bitscount": 1
	}, 
	"DTCStatus.testFailedThisMonitoringCycle": {
	"bitscount": 1, 
	"lists": {
		"0": "No", 
		"1": "Yes"
	}
	}, 
	"VDC_VirtualPressure": {
	"scaled": true, 
	"bytescount": 2, 
	"comment": "Estimation de la pression", 
	"bitscount": 10, 
	"unit": "MPA"
	}, 
	"EBA_RefuseToSleep": {
	"scaled": true, 
	"comment": "Permet \u00e0 l'EBA de l'endormir ou non", 
	"bitscount": 2
	}, 
	"VehicleSpeedClock": {
	"scaled": true, 
	"comment": "Clock", 
	"bitscount": 4
	}, 
	"systemNameorEngineType.08": {
	"scaled": true, 
	"comment": "Cxx_obd_ecu_name_8"
	}, 
	"systemNameorEngineType.09": {
	"scaled": true, 
	"comment": "Cxx_obd_ecu_name_9"
	}, 
	"systemNameorEngineType.06": {
	"scaled": true, 
	"comment": "Cxx_obd_ecu_name_6"
	}, 
	"CRC_EBA_A1": {
	"scaled": true, 
	"comment": "CRC", 
	"step": 7.0
	}, 
	"systemNameorEngineType.04": {
	"scaled": true, 
	"comment": "Cxx_obd_ecu_name_4"
	}, 
	"systemNameorEngineType.05": {
	"scaled": true, 
	"comment": "Cxx_obd_ecu_name_5"
	}, 
	"systemNameorEngineType.02": {
	"scaled": true, 
	"comment": "Cxx_obd_ecu_name_2"
	}, 
	"systemNameorEngineType.03": {
	"scaled": true, 
	"comment": "Cxx_obd_ecu_name_3"
	}, 
	"systemNameorEngineType.01": {
	"scaled": true, 
	"comment": "Cxx_obd_ecu_name_1"
	}, 
	"DTCMaskRecord": {
	"bytescount": 3, 
	"byte": true, 
	"bitscount": 24
	}, 
	"DTCFormatIdentifier": {
	"comment": "DTC format - Renault/Nissan use value 0 (3 bytes DTC)", 
	"lists": {
		"0": "SAE_J2012-DA_DTC", 
		"1": "ISO_14229-1_DTC", 
		"2": "SAE_J1939-73_DTC", 
		"3": "ISO_11992-4_DTC", 
		"4": "SAE_J2012-DA_WWHOBD_DTC"
	}
	}, 
	"Boot SW identification": {
	"bytesascii": true, 
	"bytescount": 11, 
	"byte": true, 
	"bitscount": 88
	}, 
	"DTCExtendedData.DTCLastDiseappearMileage": {
	"scaled": true, 
	"bytescount": 3, 
	"comment": "Description of the extendedData Mileage (use by Failure Page to decode data)", 
	"bitscount": 24, 
	"unit": "km"
	}, 
	"Vehicle speed": {
	"bitscount": 16, 
	"format": "000.00", 
	"scaled": true, 
	"step": 0.01, 
	"bytescount": 2, 
	"unit": "km/h"
	}, 
	"DTCFailureType": {
	"lists": {
		"0": "Device and failure type ODB codding", 
		"1": "General Electrical Failure", 
		"2": "General signal failure", 
		"3": "FM (Freq Mod) / PWM (Pulse Width Mod) Failures", 
		"4": "System Internal Failures", 
		"5": "System Programming Failures", 
		"6": "Algorithm Based Failures", 
		"7": "Mechanical Failures", 
		"8": "Bus Signal / Message Failures", 
		"9": "Component Failures", 
		"17": "circuit short to ground", 
		"18": "circuit short to battery", 
		"19": "circuit open", 
		"20": "circuit short to ground or open", 
		"21": "circuit short to battery or open", 
		"22": "circuit voltage below threshold", 
		"23": "circuit voltage above threshold", 
		"24": "circuit current below threshold", 
		"25": "circuit current above threshold", 
		"26": "circuit resistance below threshold", 
		"27": "circuit resistance above threshold", 
		"28": "circuit voltage out of range", 
		"29": "circuit current out of range", 
		"30": "circuit resistance out of range", 
		"31": "circuit intermittent", 
		"33": "signal amplitude < minimum", 
		"34": "signal amplitude > maximum", 
		"35": "signal stuck low", 
		"36": "signal stuck high", 
		"37": "signal shape / waveform failure", 
		"38": "signal rate of change below threshold", 
		"39": "signal rate of change above threshold", 
		"40": "signal bias level / zero adjustment failure", 
		"41": "signal signal invalid", 
		"47": "signal erratic", 
		"49": "no signal", 
		"50": "signal low time < minimum", 
		"51": "signal low time > maximum", 
		"52": "signal high time < minimum", 
		"53": "signal high time > maximum", 
		"54": "signal frequency too low", 
		"55": "signal frequency too high", 
		"56": "signal frequency incorrect", 
		"57": "incorrect has too few pulses", 
		"58": "incorrect has too many pulses", 
		"65": "general checksum failure", 
		"66": "general memory failure", 
		"67": "special memory failure", 
		"68": "data memory failure", 
		"69": "program memory failure", 
		"70": "calibration / parameter memory failure", 
		"71": "watchdog / safety \u00b5C failure", 
		"72": "supervision software failure", 
		"73": "internal electronic failure", 
		"74": "incorrect component installed", 
		"75": "over temperature", 
		"81": "not programmed", 
		"82": "not activated", 
		"83": "deactivated", 
		"84": "missing calibration", 
		"85": "not configured", 
		"97": "signal calculation failure", 
		"98": "signal compare failure", 
		"99": "circuit / component protection time-out", 
		"100": "signal plausibility failure", 
		"101": "signal has too few transitions / events", 
		"102": "signal has too many transitions / events", 
		"103": "signal incorrect after event", 
		"104": "event information", 
		"113": "actuator stuck", 
		"114": "actuator stuck open", 
		"115": "actuator stuck closed", 
		"116": "actuator slipping", 
		"117": "emergency position not reachable", 
		"118": "wrong mounting position", 
		"119": "commanded position not reachable", 
		"120": "alignment or adjustment incorrect", 
		"121": "mechanical linkage failure", 
		"122": "fluid leak or seal failure", 
		"123": "low fluid level", 
		"129": "invalid serial data received", 
		"130": "alive / sequence counter incorrect / not updated", 
		"131": "value of signal protection calculation incorrect", 
		"132": "signal below allowable range", 
		"133": "signal above allowable range", 
		"134": "signal invalid", 
		"135": "missing message", 
		"136": "bus off", 
		"143": "erratic", 
		"145": "parametric", 
		"146": "performance or incorrect operation", 
		"147": "no operation", 
		"148": "unexpected operation", 
		"149": "incorrect assembly", 
		"150": "component internal failure", 
		"151": "Component or operation obstructed or blocked", 
		"152": "component or system over temperature"
	}
	}, 
	"CaliperPlungerMaxPressure": {
	"scaled": true, 
	"comment": "Permet de connaitre la pression au niveau des \u00e9triers", 
	"unit": "MPA"
	}, 
	"EBA_DiagActive": {
	"scaled": true, 
	"comment": "Diagnostique active ou pas", 
	"bitscount": 1
	}, 
	"DTCStatus.confirmedDTC": {
	"bitscount": 1, 
	"lists": {
		"0": "No", 
		"1": "Yes"
	}
	}, 
	"StatusOfDTC": {
	"scaled": true
	}, 
	"Clock_HEVC_A5": {
	"scaled": true, 
	"comment": "clock"
	}, 
	"ECU activities.Activation.Timer": {
	"byte": true
	}, 
	"VehicleManufacturerKitAssemblyPartNumber": {
	"bytesascii": true, 
	"bytescount": 7, 
	"byte": true, 
	"bitscount": 56
	}, 
	"EBAinCalibratingDiag": {
	"scaled": true, 
	"comment": "Permet de transmettre l'information que l'EBA est en callibration", 
	"bitscount": 1
	}, 
	"DTCDeviceAndFailureTypeOBD": {
	"bytescount": 2, 
	"bitscount": 16, 
	"lists": {
		"49408": "Lost Communication with ECM", 
		"49153": "Controle Module Communication - No transmission", 
		"50178": "Invalid Data Received From AT", 
		"49507": "Lost Communication with BIC", 
		"49412": "Lost Communication with Telemeter", 
		"50181": "Invalid Data Received From Telemeter", 
		"49446": "Lost Communication with SWAS", 
		"49409": "Lost Communication with AT", 
		"49192": "Controle Module Communication - Private CAN No transmission", 
		"49448": "Lost Communication with APB", 
		"50210": "Invalid Data Received From BCM", 
		"49472": "Lost Communication with BCM", 
		"49425": "Lost Communication with USM", 
		"50194": "Invalid Data Received From USM", 
		"49267": "Control Module Communication - BUS OFF", 
		"49460": "Lost Communication with RWS", 
		"50229": "Invalid Data Received From RWS", 
		"49206": "Controle Module Communication - Private CAN BUS OFF", 
		"50199": "Invalid Data Received From APB", 
		"50216": "Invalid Data Received From SWAS", 
		"50177": "Invalid Data Received From ECM"
	}
	}, 
	"ABSinRegulation_CRBS": {
	"scaled": true, 
	"comment": "Permet de savoir si il y a une r\u00e9gulation ABS pour r\u00e9duire l'action de l'EBA", 
	"bitscount": 1
	}, 
	"BCM_WakeUpSleepCommand": {
	"scaled": true, 
	"comment": "Signal de Whake Up re\u00e7u par la BCM", 
	"bitscount": 2, 
	"unit": "N/A"
	}, 
	"HBCrequest": {
	"scaled": true, 
	"comment": "demande de requ\u00eate HBC", 
	"bitscount": 1
	}, 
	"VehicleManufacturerSparePartNumber_N": {
	"bytesascii": true, 
	"bytescount": 10, 
	"byte": true, 
	"bitscount": 80
	}, 
	"Version_DIAG": {
	"comment": "VDiag", 
	"byte": true
	}, 
	"Mileage of the first failure": {
	"bitscount": 24, 
	"format": "0000000.00", 
	"scaled": true, 
	"step": 0.05, 
	"bytescount": 3, 
	"unit": "Km"
	}, 
	"CalibrationNumber": {
	"bytesascii": true, 
	"bytescount": 10, 
	"byte": true, 
	"bitscount": 80, 
	"comment": "Calibration Number"
	}, 
	"ExternalBrakeRequestPriority": {
	"scaled": true, 
	"comment": "Permet de savoir si c'est le conducteur qui appuie sur la p\u00e9dale ou si c'est une requ\u00eate externe", 
	"bitscount": 1
	}, 
	"ConfigurationDataReferenceAfterConfigurationProcess": {
	"bytesascii": true, 
	"bytescount": 10, 
	"byte": true, 
	"bitscount": 80
	}, 
	"DTCCount": {
	"scaled": true, 
	"bytescount": 2, 
	"bitscount": 16, 
	"comment": "DTC count"
	}, 
	"EBA_MILlamp": {
	"scaled": true, 
	"bitscount": 1
	}, 
	"DTCExtendedData.DTCOccurrenceCounter": {
	"scaled": true, 
	"comment": "Description of the extendedData DTCOccurenceCounter (use by Failure Page to decode data)"
	}, 
	"Internal odometer.Reserved": {
	"scaled": true, 
	"bitscount": 4
	}, 
	"systemNameorEngineType.20": {
	"scaled": true, 
	"comment": "Cxx_obd_ecu_name_20"
	}, 
	"HBCrequest_RCY": {
	"scaled": true, 
	"comment": "Permet de r\u00e9clamer le mode HBC (redondance CAN Chassis)", 
	"bitscount": 1
	}, 
	"DTCExtendedData.IUPRnumerator": {
	"scaled": true, 
	"bytescount": 2, 
	"comment": "Description of the extendedData (use by Failure Page to decode data)", 
	"bitscount": 16, 
	"unit": "wu"
	}, 
	"EBA_BrakePedalApplied": {
	"scaled": true, 
	"comment": "La p\u00e9dale de frein est apppuy\u00e9 ou non", 
	"bitscount": 2
	}, 
	"OBDPidRolBuf": {
	"scaled": true, 
	"bytescount": 2, 
	"bitscount": 16
	}, 
	"ExternalBrakeRequestStatus": {
	"scaled": true, 
	"comment": "Permet de r\u00e9aliser des requ\u00eate externe de freinage (AEB, ACC ...)", 
	"bitscount": 2
	}, 
	"ECU activities.General.Data": {
	"byte": true
	}, 
	"BrakePedalPositionDistance": {
	"comment": "Position de la p\u00e9dale de Frein", 
	"bitscount": 12, 
	"signed": true, 
	"scaled": true, 
	"bytescount": 2, 
	"unit": "mm"
	}, 
	"ExternalBrakeValueRequest": {
	"comment": "Volume de liquide de frein \u00e0 d\u00e9placer par seconde pendant une requ\u00eate externe", 
	"bitscount": 16, 
	"signed": true, 
	"scaled": true, 
	"bytescount": 2, 
	"unit": "mL/s"
	}, 
	"DTCStatus.testFailed": {
	"bitscount": 1, 
	"lists": {
		"0": "No", 
		"1": "Yes"
	}
	}
}
}