{
"obd": {
	"baudrate": 500000, 
	"protocol": "CAN", 
	"recv_id": "77D", 
	"funcname": "ACC", 
	"funcaddr": "24", 
	"send_id": "75D"
}, 
"devices": [
	{
	"dtc": 596, 
	"devicedata": {}, 
	"dtctype": 0, 
	"name": "BI_REARGEAR_INVALID"
	}, 
	{
	"dtc": 594, 
	"devicedata": {}, 
	"dtctype": 0, 
	"name": "VEHICLESTATEEXTENTED_INVALID"
	}, 
	{
	"dtc": 1024, 
	"devicedata": {}, 
	"dtctype": 0, 
	"name": "TIMEOUT_TORQUE_ECM_CANHS_RNR_01"
	}, 
	{
	"dtc": 4113, 
	"devicedata": {}, 
	"dtctype": 0, 
	"name": "DRIVETEST_ACTIVE"
	}, 
	{
	"dtc": 775, 
	"devicedata": {}, 
	"dtctype": 0, 
	"name": "TIMEOUT_SWA_CANHS_RNR_01"
	}, 
	{
	"dtc": 513, 
	"devicedata": {}, 
	"dtctype": 0, 
	"name": "TIMEOUT_BCM_CANHS_R_05"
	}, 
	{
	"dtc": 855, 
	"devicedata": {}, 
	"dtctype": 0, 
	"name": "BI_VXV_INVALID"
	}, 
	{
	"dtc": 849, 
	"devicedata": {}, 
	"dtctype": 0, 
	"name": "BI_YAW_INVALID"
	}, 
	{
	"dtc": 771, 
	"devicedata": {}, 
	"dtctype": 0, 
	"name": "TIMEOUT_BRAKE_CANHS_RNR_03"
	}, 
	{
	"dtc": 770, 
	"devicedata": {}, 
	"dtctype": 0, 
	"name": "TIMEOUT_BRAKE_CANHS_RNR_02"
	}, 
	{
	"dtc": 769, 
	"devicedata": {}, 
	"dtctype": 0, 
	"name": "TIMEOUT_BRAKE_CANHS_RNR_01"
	}, 
	{
	"dtc": 512, 
	"devicedata": {}, 
	"dtctype": 0, 
	"name": "TIMEOUT_BCM_CANHS_R_04"
	}, 
	{
	"dtc": 772, 
	"devicedata": {}, 
	"dtctype": 0, 
	"name": "TIMEOUT_BRAKE_CANHS_RNR_04"
	}, 
	{
	"dtc": 256, 
	"devicedata": {}, 
	"dtctype": 0, 
	"name": "TIMEOUT_ADAS_INS_CANHS_01"
	}, 
	{
	"dtc": 801, 
	"devicedata": {}, 
	"dtctype": 0, 
	"name": "CHK_SWA_CANHS_RNR_01"
	}, 
	{
	"dtc": 852, 
	"devicedata": {}, 
	"dtctype": 0, 
	"name": "BI_ODO_INVALID"
	}, 
	{
	"dtc": 851, 
	"devicedata": {}, 
	"dtctype": 0, 
	"name": "BI_AXV_INVALID"
	}, 
	{
	"dtc": 595, 
	"devicedata": {}, 
	"dtctype": 0, 
	"name": "GENERICAPPLICATIVEDIAGENABLE_UNAVAILABLE"
	}, 
	{
	"dtc": 4114, 
	"devicedata": {}, 
	"dtctype": 0, 
	"name": "DATASET_ERROR"
	}, 
	{
	"dtc": 4608, 
	"devicedata": {}, 
	"dtctype": 0, 
	"name": "FCWINTERFACESTATE_BUSOFF"
	}, 
	{
	"dtc": 4865, 
	"devicedata": {}, 
	"dtctype": 0, 
	"name": "TIRE_SIZE"
	}, 
	{
	"dtc": 4864, 
	"devicedata": {}, 
	"dtctype": 0, 
	"name": "STEERINGANGLE_OFFSET"
	}, 
	{
	"dtc": 850, 
	"devicedata": {}, 
	"dtctype": 0, 
	"name": "BI_WHL_RPM_INVALID"
	}, 
	{
	"dtc": 4112, 
	"devicedata": {}, 
	"dtctype": 0, 
	"name": "CAN_BUFFER_RAM_CHECK"
	}, 
	{
	"dtc": 773, 
	"devicedata": {}, 
	"dtctype": 0, 
	"name": "TIMEOUT_BRAKE_CANHS_R_01"
	}, 
	{
	"dtc": 337, 
	"devicedata": {}, 
	"dtctype": 0, 
	"name": "FCWACTIVATIONSTATE_INVALID"
	}, 
	{
	"dtc": 853, 
	"devicedata": {}, 
	"dtctype": 0, 
	"name": "BI_SAS_INVALID"
	}, 
	{
	"dtc": 4352, 
	"devicedata": {}, 
	"dtctype": 0, 
	"name": "RADAR_MISALIGNMENT "
	}, 
	{
	"dtc": 800, 
	"devicedata": {}, 
	"dtctype": 0, 
	"name": "CHK_BRAKE_CANHS_RNR_02"
	}, 
	{
	"dtc": 774, 
	"devicedata": {}, 
	"dtctype": 0, 
	"name": "TIMEOUT_BRAKE_CANHS_R_06"
	}, 
	{
	"dtc": 41230, 
	"devicedata": {}, 
	"dtctype": 0, 
	"name": "VBAT_HIGH"
	}, 
	{
	"dtc": 4097, 
	"devicedata": {}, 
	"dtctype": 0, 
	"name": "INTERNAL_HW_FAILURE"
	}, 
	{
	"dtc": 4867, 
	"devicedata": {}, 
	"dtctype": 0, 
	"name": "REFERENCE_VELOCITY_NOT_AVAILABLE"
	}, 
	{
	"dtc": 848, 
	"devicedata": {}, 
	"dtctype": 0, 
	"name": "BRAKINGPRESSURE_INVALID"
	}, 
	{
	"dtc": 854, 
	"devicedata": {}, 
	"dtctype": 0, 
	"name": "ALV_SWA_CANHS_RNR_01"
	}, 
	{
	"dtc": 4866, 
	"devicedata": {}, 
	"dtctype": 0, 
	"name": "YAWRATE_OFFSET"
	}, 
	{
	"dtc": 41229, 
	"devicedata": {}, 
	"dtctype": 0, 
	"name": "VBAT_LOW"
	}, 
	{
	"dtc": 4096, 
	"devicedata": {}, 
	"dtctype": 0, 
	"name": "CAN_E_TIMEOUT"
	}, 
	{
	"dtc": 4098, 
	"devicedata": {}, 
	"dtctype": 0, 
	"name": "RADAR_BLIND"
	}, 
	{
	"dtc": 4868, 
	"devicedata": {}, 
	"dtctype": 0, 
	"name": "CRITICAL_FUNCTIONALITY_NOT_AVAILABLE"
	}, 
	{
	"dtc": 856, 
	"devicedata": {}, 
	"dtctype": 0, 
	"name": "ALV_BRAKE_CANHS_RNR_02"
	}, 
	{
	"dtc": 4609, 
	"devicedata": {}, 
	"dtctype": 0, 
	"name": "CANSM_E_BUSOFF_NETWORK"
	}, 
	{
	"dtc": 338, 
	"devicedata": {}, 
	"dtctype": 0, 
	"name": "FCWINTERFACESTATE_ICCOM"
	}, 
	{
	"dtc": 1280, 
	"devicedata": {}, 
	"dtctype": 0, 
	"name": "TX_TIMEOUT_FCW_CANV_01"
	}
], 
"ecuname": "FCW453_FCW_0203_03.00.06.ddt", 
"autoidents": [
	{
	"diagversion": "4", 
	"supplier": "037", 
	"version": "0000", 
	"soft": "0203"
	}
], 
"endian": "Big", 
"requests": [
	{
	"name": "DataRead.Horizontal Deviation Angle MERA Read", 
	"replybytes": "6202100000", 
	"deny_sds": [], 
	"receivebyte_dataitems": {
		"Horizontal deviation Angle MERA": {
		"firstbyte": 4
		}
	}, 
	"minbytes": 5, 
	"sentbytes": "220210"
	}, 
	{
	"name": "ReadData.FCW Activation Switch Read", 
	"replybytes": "616500", 
	"deny_sds": [], 
	"receivebyte_dataitems": {
		"Status": {
		"ref": true, 
		"firstbyte": 3
		}
	}, 
	"minbytes": 3, 
	"sentbytes": "2165"
	}, 
	{
	"name": "Output Control.Start.FCW Warning", 
	"replybytes": "700000", 
	"deny_sds": [], 
	"manualsend": true, 
	"receivebyte_dataitems": {
		"Output Control Status": {
		"firstbyte": 3
		}
	}, 
	"sendbyte_dataitems": {
		"FCW Warning.Param1": {
		"firstbyte": 4
		}, 
		"Output Control Command": {
		"firstbyte": 3
		}, 
		"Output Temporary Control List": {
		"firstbyte": 2
		}, 
		"Output Permanent Control List": {
		"firstbyte": 2
		}
	}, 
	"minbytes": 3, 
	"sentbytes": "30000000"
	}, 
	{
	"name": "DataRead.Identification.RenaultR2", 
	"replybytes": "6180", 
	"deny_sds": [], 
	"receivebyte_dataitems": {
		"HardwareNumber.BasicPartList": {
		"ref": true, 
		"firstbyte": 24
		}, 
		"DiagnosticIdentificationCode": {
		"ref": true, 
		"firstbyte": 8
		}, 
		"CalibrationNumber": {
		"ref": true, 
		"firstbyte": 21
		}, 
		"SupplierNumber.ITG": {
		"ref": true, 
		"firstbyte": 9
		}, 
		"HardwareNumber.LowerPart": {
		"ref": true, 
		"firstbyte": 12
		}, 
		"PartNumber.BasicPartList": {
		"ref": true, 
		"firstbyte": 23
		}, 
		"ManufacturerIdentificationCode": {
		"ref": true, 
		"firstbyte": 26
		}, 
		"ApprovalNumber.BasicPartList": {
		"ref": true, 
		"firstbyte": 25
		}, 
		"EditionNumber": {
		"ref": true, 
		"firstbyte": 19
		}, 
		"PartNumber.LowerPart": {
		"ref": true, 
		"firstbyte": 3
		}, 
		"SoftwareNumber": {
		"ref": true, 
		"firstbyte": 17
		}
	}, 
	"minbytes": 26, 
	"sentbytes": "2180"
	}, 
	{
	"name": "DataRead.History.Ident.7", 
	"replybytes": "61FE000000000000000000000000000000000000000000000000", 
	"deny_sds": [], 
	"receivebyte_dataitems": {
		"HardwareNumber.BasicPartList": {
		"firstbyte": 24
		}, 
		"DiagnosticIdentificationCode": {
		"firstbyte": 8
		}, 
		"CalibrationNumber": {
		"firstbyte": 21
		}, 
		"SupplierNumber.ITG": {
		"firstbyte": 9
		}, 
		"HardwareNumber.LowerPart": {
		"firstbyte": 12
		}, 
		"PartNumber.BasicPartList": {
		"firstbyte": 23
		}, 
		"ManufacturerIdentificationCode": {
		"firstbyte": 26
		}, 
		"ApprovalNumber.BasicPartList": {
		"firstbyte": 25
		}, 
		"EditionNumber": {
		"firstbyte": 19
		}, 
		"PartNumber.LowerPart": {
		"firstbyte": 3
		}, 
		"SoftwareNumber": {
		"firstbyte": 17
		}
	}, 
	"minbytes": 26, 
	"sentbytes": "21FE"
	}, 
	{
	"name": "StartDiagnosticSession.Programming", 
	"deny_sds": [], 
	"minbytes": 2, 
	"sentbytes": "1085", 
	"replybytes": "5085"
	}, 
	{
	"name": "ReadData.Daimler Part Number Read", 
	"replybytes": "61EF0000000000000000000000000000000000000000", 
	"deny_sds": [], 
	"receivebyte_dataitems": {
		"Daimler Software Part Number": {
		"ref": true, 
		"firstbyte": 13
		}, 
		"Daimler Hardware Part Number": {
		"ref": true, 
		"firstbyte": 3
		}
	}, 
	"minbytes": 22, 
	"sentbytes": "21EF"
	}, 
	{
	"name": "DataRead.Active alignment Horizontal deviation Angle Read", 
	"replybytes": "6202000000", 
	"deny_sds": [], 
	"receivebyte_dataitems": {
		"Horiz_Deviation_angle Active Alignment": {
		"firstbyte": 4
		}
	}, 
	"minbytes": 5, 
	"sentbytes": "220200"
	}, 
	{
	"name": "StartDiagnosticSession", 
	"deny_sds": [], 
	"minbytes": 2, 
	"sentbytes": "10C0", 
	"replybytes": "50C0"
	}, 
	{
	"name": "Active Alignment Start Stop Start", 
	"replybytes": "717100", 
	"deny_sds": [], 
	"receivebyte_dataitems": {
		"RoutineEntryStatus": {
		"firstbyte": 3
		}
	}, 
	"minbytes": 3, 
	"sentbytes": "317100"
	}, 
	{
	"name": "ReadDTCInformation.ReportExtendedData", 
	"replybytes": "590600000000", 
	"deny_sds": [], 
	"receivebyte_dataitems": {
		"DTCExtendedData.AgingCounter": {
		"firstbyte": 8
		}, 
		"DTCExtendedDataRecordNumber": {
		"firstbyte": 7
		}, 
		"DTCExtendedData.Mileage": {
		"firstbyte": 8
		}, 
		"DTCRecord": {
		"firstbyte": 3
		}, 
		"StatusOfDTC": {
		"firstbyte": 6
		}, 
		"DTCExtendedData.DTCOccurrenceCounter": {
		"firstbyte": 8
		}
	}, 
	"sendbyte_dataitems": {
		"DTCMaskRecord": {
		"firstbyte": 3
		}
	}, 
	"minbytes": 6, 
	"sentbytes": "1906000000FF"
	}, 
	{
	"name": "DataRead.Active Alignment - Worker Operation Read", 
	"replybytes": "62020400", 
	"deny_sds": [], 
	"receivebyte_dataitems": {
		"Active Alignment Worker Operation": {
		"firstbyte": 4
		}
	}, 
	"minbytes": 4, 
	"sentbytes": "220204"
	}, 
	{
	"name": "DataRead.VIN", 
	"replybytes": "618100000000000000000000000000000000000000", 
	"deny_sds": [], 
	"receivebyte_dataitems": {
		"VIN": {
		"ref": true, 
		"firstbyte": 3
		}, 
		"VIN CRC": {
		"ref": true, 
		"firstbyte": 20
		}
	}, 
	"minbytes": 21, 
	"sentbytes": "2181"
	}, 
	{
	"name": "DataRead.Vehicle parameter Read", 
	"replybytes": "6208000000000000000000000000000000000000000000000000000000", 
	"deny_sds": [], 
	"receivebyte_dataitems": {
		"LongitudidinalRearAxisOffset": {
		"firstbyte": 16
		}, 
		"Wheeldrive": {
		"firstbyte": 7
		}, 
		"Side slip angle gradient": {
		"firstbyte": 26
		}, 
		"Vehicle width": {
		"firstbyte": 14
		}, 
		"AWS": {
		"firstbyte": 6
		}, 
		"SteeringAngleRatio": {
		"firstbyte": 22
		}, 
		"MountingElevation": {
		"firstbyte": 28
		}, 
		"Country Code": {
		"firstbyte": 4
		}, 
		"Wheel Circuference Rear": {
		"firstbyte": 20
		}, 
		"Coding of Electrical vehicle": {
		"firstbyte": 5
		}, 
		"Wheelbase": {
		"firstbyte": 8
		}, 
		"Wheeltrack front": {
		"firstbyte": 10
		}, 
		"Wheeltrack rear": {
		"firstbyte": 12
		}, 
		"Wheel Circumference Front": {
		"firstbyte": 18
		}, 
		"Characteristic velocity": {
		"firstbyte": 24
		}
	}, 
	"minbytes": 29, 
	"sentbytes": "220800"
	}, 
	{
	"name": "Hard Reset Ecu Reset", 
	"deny_sds": [], 
	"minbytes": 2, 
	"sentbytes": "1101", 
	"replybytes": "5101"
	}, 
	{
	"name": "DataWrite.Vehicle parameter Write Dump", 
	"replybytes": "6E0800", 
	"deny_sds": [], 
	"sendbyte_dataitems": {
		"Record Value": {
		"firstbyte": 4
		}
	}, 
	"minbytes": 3, 
	"sentbytes": "2E08000000000000000000000000000000000000000000000000000000"
	}, 
	{
	"name": "ReadDTCInformation.ReportSnapshot", 
	"replybytes": "590400000000", 
	"deny_sds": [], 
	"receivebyte_dataitems": {
		"DTCRecord": {
		"firstbyte": 3
		}, 
		"StatusOfDTC": {
		"firstbyte": 6
		}
	}, 
	"sendbyte_dataitems": {
		"DTCMaskRecord": {
		"firstbyte": 3
		}
	}, 
	"minbytes": 6, 
	"sentbytes": "1904000000FF"
	}, 
	{
	"name": "DataRead.Active alignment Vertical deviation Angle Read", 
	"replybytes": "6202010000", 
	"deny_sds": [], 
	"receivebyte_dataitems": {
		"Vertic_Deviation_angle Active Alignment": {
		"firstbyte": 4
		}
	}, 
	"minbytes": 5, 
	"sentbytes": "220201"
	}, 
	{
	"name": "DataRead.History.Ident.0", 
	"replybytes": "61F0000000000000000000000000000000000000000000000000", 
	"deny_sds": [], 
	"receivebyte_dataitems": {
		"HardwareNumber.BasicPartList": {
		"firstbyte": 24
		}, 
		"DiagnosticIdentificationCode": {
		"firstbyte": 8
		}, 
		"CalibrationNumber": {
		"firstbyte": 21
		}, 
		"SupplierNumber.ITG": {
		"firstbyte": 9
		}, 
		"HardwareNumber.LowerPart": {
		"firstbyte": 12
		}, 
		"PartNumber.BasicPartList": {
		"firstbyte": 23
		}, 
		"ManufacturerIdentificationCode": {
		"firstbyte": 26
		}, 
		"ApprovalNumber.BasicPartList": {
		"firstbyte": 25
		}, 
		"EditionNumber": {
		"firstbyte": 19
		}, 
		"PartNumber.LowerPart": {
		"firstbyte": 3
		}, 
		"SoftwareNumber": {
		"firstbyte": 17
		}
	}, 
	"minbytes": 26, 
	"sentbytes": "21F0"
	}, 
	{
	"name": "DataRead.History.Ident.6", 
	"replybytes": "61FC000000000000000000000000000000000000000000000000", 
	"deny_sds": [], 
	"receivebyte_dataitems": {
		"HardwareNumber.BasicPartList": {
		"firstbyte": 24
		}, 
		"DiagnosticIdentificationCode": {
		"firstbyte": 8
		}, 
		"CalibrationNumber": {
		"firstbyte": 21
		}, 
		"SupplierNumber.ITG": {
		"firstbyte": 9
		}, 
		"HardwareNumber.LowerPart": {
		"firstbyte": 12
		}, 
		"PartNumber.BasicPartList": {
		"firstbyte": 23
		}, 
		"ManufacturerIdentificationCode": {
		"firstbyte": 26
		}, 
		"ApprovalNumber.BasicPartList": {
		"firstbyte": 25
		}, 
		"EditionNumber": {
		"firstbyte": 19
		}, 
		"PartNumber.LowerPart": {
		"firstbyte": 3
		}, 
		"SoftwareNumber": {
		"firstbyte": 17
		}
	}, 
	"minbytes": 26, 
	"sentbytes": "21FC"
	}, 
	{
	"name": "DataRead.Active Alignment - Status Read", 
	"replybytes": "62020300", 
	"deny_sds": [], 
	"receivebyte_dataitems": {
		"ActiveAlignment State": {
		"firstbyte": 4
		}
	}, 
	"minbytes": 4, 
	"sentbytes": "220203"
	}, 
	{
	"name": "ReadDTCInformation.ReportExtendedData.Mileage", 
	"replybytes": "59060000000080000000", 
	"deny_sds": [], 
	"receivebyte_dataitems": {
		"DTCExtendedData.Mileage": {
		"firstbyte": 8
		}, 
		"DTCRecord": {
		"firstbyte": 3
		}, 
		"StatusOfDTC": {
		"firstbyte": 6
		}, 
		"DTCExtendedDataRecordNumber": {
		"firstbyte": 7
		}
	}, 
	"sendbyte_dataitems": {
		"DTCMaskRecord": {
		"firstbyte": 3
		}
	}, 
	"minbytes": 6, 
	"sentbytes": "190600000080"
	}, 
	{
	"name": "ReadDTCInformation.ReportExtendedData.DTCOccurrenceCounter", 
	"replybytes": "5906000000008200", 
	"deny_sds": [], 
	"receivebyte_dataitems": {
		"DTCRecord": {
		"firstbyte": 3
		}, 
		"StatusOfDTC": {
		"firstbyte": 6
		}, 
		"DTCExtendedData.DTCOccurrenceCounter": {
		"firstbyte": 8
		}, 
		"DTCExtendedDataRecordNumber": {
		"firstbyte": 7
		}
	}, 
	"sendbyte_dataitems": {
		"DTCMaskRecord": {
		"firstbyte": 3
		}
	}, 
	"minbytes": 6, 
	"sentbytes": "190600000082"
	}, 
	{
	"name": "Output Control.Start.FCW Failure", 
	"replybytes": "700000", 
	"deny_sds": [], 
	"manualsend": true, 
	"receivebyte_dataitems": {
		"Output Control Status": {
		"firstbyte": 3
		}
	}, 
	"sendbyte_dataitems": {
		"FCW Failure.Param1": {
		"firstbyte": 4
		}, 
		"Output Control Command": {
		"firstbyte": 3
		}, 
		"Output Temporary Control List": {
		"firstbyte": 2
		}, 
		"Output Permanent Control List": {
		"firstbyte": 2
		}
	}, 
	"minbytes": 3, 
	"sentbytes": "30000000"
	}, 
	{
	"name": "WriteData.Vehicle identification Write", 
	"replybytes": "7B81", 
	"deny_sds": [], 
	"sendbyte_dataitems": {
		"VIN in ASCII": {
		"firstbyte": 3
		}, 
		"CRC": {
		"firstbyte": 20
		}
	}, 
	"minbytes": 2, 
	"sentbytes": "3B8100000000000000000000000000000000000000"
	}, 
	{
	"name": "Active Alignment Start Stop Stop", 
	"replybytes": "727100", 
	"deny_sds": [], 
	"receivebyte_dataitems": {
		"Routine Exit Status": {
		"firstbyte": 3
		}
	}, 
	"minbytes": 3, 
	"sentbytes": "3271"
	}, 
	{
	"name": "Output Control.Stop", 
	"replybytes": "700011", 
	"deny_sds": [
		"nosds"
	], 
	"manualsend": true, 
	"receivebyte_dataitems": {
		"Output Control Status": {
		"firstbyte": 3
		}
	}, 
	"sendbyte_dataitems": {
		"Output Control Command": {
		"firstbyte": 3
		}, 
		"Output Temporary Control List": {
		"firstbyte": 2
		}, 
		"Output Permanent Control List": {
		"firstbyte": 2
		}
	}, 
	"minbytes": 3, 
	"sentbytes": "300011"
	}, 
	{
	"name": "DataRead.Vertical Deviation Angle MERA Read", 
	"replybytes": "6202110000", 
	"deny_sds": [], 
	"receivebyte_dataitems": {
		"Vertical Deviation Angle MERA": {
		"firstbyte": 4
		}
	}, 
	"minbytes": 5, 
	"sentbytes": "220211"
	}, 
	{
	"name": "ReadData.Traceability information Read", 
	"replybytes": "61840000000000000000000000000000000000000000", 
	"deny_sds": [], 
	"receivebyte_dataitems": {
		"Unitary data traceability": {
		"ref": true, 
		"firstbyte": 3
		}
	}, 
	"minbytes": 22, 
	"sentbytes": "2184"
	}, 
	{
	"name": "StartDiagnosticSession.Default", 
	"deny_sds": [], 
	"minbytes": 2, 
	"sentbytes": "1081", 
	"replybytes": "5081"
	}, 
	{
	"name": "DataRead.History.Reprog.6", 
	"replybytes": "61FD000000000000000000000000000000000000000000000000", 
	"deny_sds": [], 
	"receivebyte_dataitems": {
		"ApprovalNumber.LowerPart": {
		"ref": true, 
		"firstbyte": 3
		}, 
		"TimeOfReprogramming": {
		"ref": true, 
		"firstbyte": 22
		}, 
		"ProgrammingToolReference": {
		"ref": true, 
		"firstbyte": 13
		}, 
		"CrcOfLogSave": {
		"ref": true, 
		"firstbyte": 25
		}, 
		"NumberOfReprogrammings": {
		"ref": true, 
		"firstbyte": 18
		}, 
		"ProgrammingSiteReference": {
		"ref": true, 
		"firstbyte": 8
		}, 
		"DateOfReprogramming": {
		"ref": true, 
		"firstbyte": 19
		}, 
		"SaveMarking": {
		"ref": true, 
		"firstbyte": 24
		}
	}, 
	"minbytes": 26, 
	"sentbytes": "21FD"
	}, 
	{
	"name": "DataRead.History.Reprog.7", 
	"replybytes": "61FF000000000000000000000000000000000000000000000000", 
	"deny_sds": [], 
	"receivebyte_dataitems": {
		"ApprovalNumber.LowerPart": {
		"ref": true, 
		"firstbyte": 3
		}, 
		"TimeOfReprogramming": {
		"ref": true, 
		"firstbyte": 22
		}, 
		"ProgrammingToolReference": {
		"ref": true, 
		"firstbyte": 13
		}, 
		"CrcOfLogSave": {
		"ref": true, 
		"firstbyte": 25
		}, 
		"NumberOfReprogrammings": {
		"ref": true, 
		"firstbyte": 18
		}, 
		"ProgrammingSiteReference": {
		"ref": true, 
		"firstbyte": 8
		}, 
		"DateOfReprogramming": {
		"ref": true, 
		"firstbyte": 19
		}, 
		"SaveMarking": {
		"ref": true, 
		"firstbyte": 24
		}
	}, 
	"minbytes": 26, 
	"sentbytes": "21FF"
	}, 
	{
	"name": "DataRead.History.Reprog.0", 
	"replybytes": "61F1000000000000000000000000000000000000000000000000", 
	"deny_sds": [], 
	"receivebyte_dataitems": {
		"ApprovalNumber.LowerPart": {
		"ref": true, 
		"firstbyte": 3
		}, 
		"TimeOfReprogramming": {
		"ref": true, 
		"firstbyte": 22
		}, 
		"ProgrammingToolReference": {
		"ref": true, 
		"firstbyte": 13
		}, 
		"CrcOfLogSave": {
		"ref": true, 
		"firstbyte": 25
		}, 
		"NumberOfReprogrammings": {
		"ref": true, 
		"firstbyte": 18
		}, 
		"ProgrammingSiteReference": {
		"ref": true, 
		"firstbyte": 8
		}, 
		"DateOfReprogramming": {
		"ref": true, 
		"firstbyte": 19
		}, 
		"SaveMarking": {
		"ref": true, 
		"firstbyte": 24
		}
	}, 
	"minbytes": 26, 
	"sentbytes": "21F1"
	}, 
	{
	"name": "ReadDTCInformation.ReportDTC", 
	"replybytes": "59020000000000", 
	"deny_sds": [], 
	"receivebyte_dataitems": {
		"DTCStatus.testFailedSinceLastClear": {
		"bitoffset": 2, 
		"firstbyte": 7
		}, 
		"DTCStatus.pendingDTC": {
		"bitoffset": 5, 
		"firstbyte": 7
		}, 
		"DTCStatus.confirmedDTC": {
		"bitoffset": 4, 
		"firstbyte": 7
		}, 
		"DTCDeviceAndFailureTypeOBD": {
		"firstbyte": 4
		}, 
		"DTCFailureType.ManufacturerOrSupplier": {
		"bitoffset": 4, 
		"firstbyte": 6
		}, 
		"DTCFailureType.Category": {
		"firstbyte": 6
		}, 
		"DTCFailureType": {
		"firstbyte": 6
		}, 
		"DTCStatus.testNotCompletedSinceLastClear": {
		"bitoffset": 3, 
		"firstbyte": 7
		}, 
		"DTCStatus.testNotCompletedThisMonitoringCycle": {
		"bitoffset": 1, 
		"firstbyte": 7
		}, 
		"DTCStatusAvailabilityMask": {
		"firstbyte": 3
		}, 
		"DTCStatus.warningIndicatorRequested": {
		"firstbyte": 7
		}, 
		"StatusOfDTC": {
		"firstbyte": 7
		}, 
		"DTCStatus.testFailedThisMonitoringCycle": {
		"bitoffset": 6, 
		"firstbyte": 7
		}, 
		"DTCStatus.testFailed": {
		"bitoffset": 7, 
		"firstbyte": 7
		}, 
		"DTCDeviceIdentifier": {
		"firstbyte": 4
		}
	}, 
	"minbytes": 3, 
	"sentbytes": "1902FF", 
	"shiftbytescount": 4
	}, 
	{
	"name": "DataWrite.Vehicle parameter Write", 
	"replybytes": "6E0800", 
	"deny_sds": [], 
	"sendbyte_dataitems": {
		"LongitudidinalRearAxisOffset": {
		"firstbyte": 16
		}, 
		"Wheeldrive": {
		"firstbyte": 7
		}, 
		"Side slip angle gradient": {
		"firstbyte": 26
		}, 
		"Vehicle width": {
		"firstbyte": 14
		}, 
		"AWS": {
		"firstbyte": 6
		}, 
		"SteeringAngleRatio": {
		"firstbyte": 22
		}, 
		"MountingElevation": {
		"firstbyte": 28
		}, 
		"Country Code": {
		"firstbyte": 4
		}, 
		"Wheel Circuference Rear": {
		"firstbyte": 20
		}, 
		"Coding of Electrical vehicle": {
		"firstbyte": 5
		}, 
		"Wheelbase": {
		"firstbyte": 8
		}, 
		"Wheeltrack front": {
		"firstbyte": 10
		}, 
		"Wheeltrack rear": {
		"firstbyte": 12
		}, 
		"Wheel Circumference Front": {
		"firstbyte": 18
		}, 
		"Characteristic velocity": {
		"firstbyte": 24
		}
	}, 
	"minbytes": 3, 
	"sentbytes": "2E08000000000000000000000000000000000000000000000000000000"
	}, 
	{
	"name": "ClearDiagnosticInformation.All", 
	"deny_sds": [], 
	"minbytes": 1, 
	"sentbytes": "14FFFFFF", 
	"replybytes": "54"
	}, 
	{
	"name": "DataRead.Vehicle parameter Read Dump", 
	"replybytes": "6208000000000000000000000000000000000000000000000000000000", 
	"deny_sds": [], 
	"receivebyte_dataitems": {
		"Record Value": {
		"firstbyte": 4
		}
	}, 
	"minbytes": 29, 
	"sentbytes": "220800"
	}, 
	{
	"name": "TesterPresent.WithResponse", 
	"deny_sds": [], 
	"minbytes": 1, 
	"sentbytes": "3E01", 
	"replybytes": "7E"
	}, 
	{
	"name": "DataRead.Software Version Information Read", 
	"replybytes": "62F151000000", 
	"deny_sds": [], 
	"receivebyte_dataitems": {
		"SW Version PATCH LEVEL": {
		"firstbyte": 6
		}, 
		"SW Version CALENDAR WEEK": {
		"firstbyte": 5
		}, 
		"SW Version YEAR": {
		"firstbyte": 4
		}
	}, 
	"minbytes": 6, 
	"sentbytes": "22F151"
	}, 
	{
	"name": "ReadDTCInformation.ReportExtendedData.AgingCounter", 
	"replybytes": "5906000000008100", 
	"deny_sds": [], 
	"receivebyte_dataitems": {
		"DTCRecord": {
		"firstbyte": 3
		}, 
		"DTCExtendedData.AgingCounter": {
		"firstbyte": 8
		}, 
		"StatusOfDTC": {
		"firstbyte": 6
		}, 
		"DTCExtendedDataRecordNumber": {
		"firstbyte": 7
		}
	}, 
	"sendbyte_dataitems": {
		"DTCMaskRecord": {
		"firstbyte": 3
		}
	}, 
	"minbytes": 6, 
	"sentbytes": "190600000081"
	}
], 
"data": {
	"Horiz_Deviation_angle Active Alignment": {
	"divideby": 16384.0, 
	"bitscount": 16, 
	"signed": true, 
	"scaled": true, 
	"step": 57.2958, 
	"bytescount": 2, 
	"unit": "Degree"
	}, 
	"LongitudidinalRearAxisOffset": {
	"bytescount": 2, 
	"bitscount": 16, 
	"lists": {
		"386": "3,013m", 
		"293": "2,289m", 
		"295": "2,308m"
	}, 
	"signed": true
	}, 
	"DiagnosticIdentificationCode": {
	"comment": "Diag evolution number", 
	"byte": true
	}, 
	"SW Version YEAR": {
	"scaled": true, 
	"signed": true
	}, 
	"Daimler Hardware Part Number": {
	"bytesascii": true, 
	"bytescount": 10, 
	"byte": true, 
	"bitscount": 80
	}, 
	"DTCExtendedDataRecordNumber": {
	"lists": {
		"128": "Mileage", 
		"129": "AgingCounter", 
		"130": "DTCOccurrenceCounter"
	}
	}, 
	"Side slip angle gradient": {
	"bytescount": 2, 
	"bitscount": 16, 
	"lists": {
		"433": "0,0066 rad/(m/s2)", 
		"282": "0,0043 rad/(m/s2)", 
		"423": "0,006457718232379rad/(m/s2)"
	}, 
	"signed": true
	}, 
	"DTCExtendedData.Mileage": {
	"scaled": true, 
	"bytescount": 3, 
	"comment": "Description of the extendedData Mileage (use by Failure Page to decode data)", 
	"bitscount": 24, 
	"unit": "km"
	}, 
	"CrcOfLogSave": {
	"bytescount": 2, 
	"byte": true, 
	"bitscount": 16
	}, 
	"VIN": {
	"bytesascii": true, 
	"bytescount": 17, 
	"byte": true, 
	"bitscount": 136, 
	"comment": "VIN lu dans la trameg\u00e9n\u00e9rique $2181"
	}, 
	"SupplierNumber.ITG": {
	"bytesascii": true, 
	"bytescount": 3, 
	"byte": true, 
	"bitscount": 24, 
	"comment": "Supplier ITG code"
	}, 
	"DTCFailureType.Category": {
	"bitscount": 4, 
	"lists": {
		"0": "General Failure Information", 
		"1": "General Electrical Failures", 
		"2": "General Signal Failures", 
		"3": "FM (Frequency Modulated) / PWM (Pulse Width Modulated) Failures", 
		"4": "System Internal Failures", 
		"5": "System Programming Failures", 
		"6": "Algorithm Based Failures", 
		"7": "Mechanical Failures", 
		"8": "Bus Signal / Message Failures", 
		"9": "Component Failures", 
		"15": "Vehicle manufacturer / System supplier specific"
	}
	}, 
	"DTCFailureType": {
	"lists": {
		"0": "Device and failure type ODB coding", 
		"1": "General Electrical Failure", 
		"2": "General signal failure", 
		"3": "FM (Frequency Modulated) / PWM (Pulse Width Modulated) Failures", 
		"4": "System Internal Failures", 
		"5": "System Programming Failures", 
		"6": "Algorithm Based Failures", 
		"7": "Mechanical Failures", 
		"8": "Bus Signal / Message Failures", 
		"9": "Component Failures", 
		"17": "circuit short to ground", 
		"18": "circuit short to battery", 
		"19": "circuit open", 
		"20": "circuit short to ground or open", 
		"21": "circuit short to battery or open", 
		"22": "circuit voltage below threshold", 
		"23": "circuit voltage above threshold", 
		"24": "circuit current below threshold", 
		"25": "circuit current above threshold", 
		"26": "circuit resistance below threshold", 
		"27": "circuit resistance above threshold", 
		"28": "circuit voltage out of range", 
		"29": "circuit current out of range", 
		"30": "circuit resistance out of range", 
		"31": "circuit intermittent", 
		"33": "signal amplitude < minimum", 
		"34": "signal amplitude > maximum", 
		"35": "signal stuck low", 
		"36": "signal stuck high", 
		"37": "signal shape / waveform failure", 
		"38": "signal rate of change below threshold", 
		"39": "signal rate of change above threshold", 
		"40": "signal bias level out of range / zero adjustment failure", 
		"41": "signal signal invalid", 
		"47": "signal erratic", 
		"49": "no signal", 
		"50": "signal low time < minimum", 
		"51": "signal low time > maximum", 
		"52": "signal high time < minimum", 
		"53": "signal high time > maximum", 
		"54": "signal frequency too low", 
		"55": "signal frequency too high", 
		"56": "signal frequency incorrect", 
		"57": "incorrect has too few pulses", 
		"58": "incorrect has too many pulses", 
		"65": "general checksum failure", 
		"66": "general memory failure", 
		"67": "special memory failure", 
		"68": "data memory failure", 
		"69": "program memory failure", 
		"70": "calibration / parameter memory failure", 
		"71": "watchdog / safety \u00b5C failure", 
		"72": "supervision software failure", 
		"73": "internal electronic failure", 
		"74": "incorrect component installed", 
		"75": "over temperature", 
		"81": "not programmed", 
		"82": "not activated", 
		"83": "deactivated", 
		"84": "missing calibration", 
		"85": "not configured", 
		"97": "signal calculation failure", 
		"98": "signal compare failure", 
		"99": "circuit / component protection time-out", 
		"100": "signal plausibility failure", 
		"101": "signal has too few transitions / events", 
		"102": "signal has too many transitions / events", 
		"103": "signal incorrect after event", 
		"104": "event information", 
		"113": "actuator stuck", 
		"114": "actuator stuck open", 
		"115": "actuator stuck closed", 
		"116": "actuator slipping", 
		"117": "emergency position not reachable", 
		"118": "wrong mounting position", 
		"119": "commanded position not reachable", 
		"120": "alignment or adjustment incorrect", 
		"121": "mechanical linkage failure", 
		"122": "fluid leak or seal failure", 
		"123": "low fluid level", 
		"129": "invalid serial data received", 
		"130": "alive / sequence counter incorrect / not updated", 
		"131": "value of signal protection calculation incorrect", 
		"132": "signal below allowable range", 
		"133": "signal above allowable range", 
		"134": "signal invalid", 
		"135": "missing message", 
		"136": "bus off", 
		"143": "erratic", 
		"145": "parametric", 
		"146": "performance or incorrect operation", 
		"147": "no operation", 
		"148": "unexpected operation", 
		"149": "incorrect assembly", 
		"150": "component internal failure", 
		"151": "Component or system operation obstructed or blocked", 
		"152": "component or system over temperature"
	}
	}, 
	"PartNumber.BasicPartList": {
	"lists": {
		"0": "N/A"
	}
	}, 
	"ManufacturerIdentificationCode": {
	"lists": {
		"0": "Renault R1", 
		"128": "Nissan N1", 
		"130": "Nissan N3", 
		"129": "Nissan N2", 
		"136": "5DIGITS", 
		"255": "Renault R3"
	}
	}, 
	"SessionName": {
	"lists": {
		"192": "ExtendedDiagnosticSession", 
		"129": "DefaultSession", 
		"133": "ProgrammingSession", 
		"134": "DevelopmentSession"
	}
	}, 
	"DTCStatus.warningIndicatorRequested": {
	"bitscount": 1, 
	"lists": {
		"0": "No", 
		"1": "Yes"
	}
	}, 
	"StatusOfDTC": {
	"scaled": true
	}, 
	"Wheel Circumference Front": {
	"bytescount": 2, 
	"bitscount": 16, 
	"lists": {
		"3584": "1,750m", 
		"3832": "1,871m", 
		"3707": "1,810m"
	}, 
	"signed": true
	}, 
	"Active Alignment Worker Operation": {
	"lists": {
		"0": "ALIACT_MEASUREMENT_RUNNING", 
		"1": "ALIACT_PUT_MIRROR_IN_POS_1_AND_START", 
		"2": "ALIACT_PUT_MIRROR_IN_POS_2_AND_START", 
		"3": "ALIACT_PUT_MIRROR_IN_POS_3_AND_START", 
		"4": "ALIACT_STOP", 
		"5": "ALIACT_FINISH_AND_STOP"
	}, 
	"signed": true
	}, 
	"Status": {
	"lists": {
		"0": "unavailable", 
		"1": "activated", 
		"2": "deactivated", 
		"3": "not used"
	}, 
	"signed": true
	}, 
	"DTCStatus.pendingDTC": {
	"bitscount": 1, 
	"lists": {
		"0": "No", 
		"1": "Yes"
	}
	}, 
	"DTCExtendedData.AgingCounter": {
	"scaled": true, 
	"comment": "Description of the extendedData AgingCounter (use by Failure Page to decode data)"
	}, 
	"ProgrammingToolReference": {
	"bytesascii": true, 
	"bytescount": 5, 
	"byte": true, 
	"bitscount": 40
	}, 
	"Output Temporary Control List": {}, 
	"HardwareNumber.LowerPart": {
	"bytesascii": true, 
	"bytescount": 5, 
	"byte": true, 
	"bitscount": 40
	}, 
	"SW Version PATCH LEVEL": {
	"scaled": true, 
	"signed": true
	}, 
	"DTCDeviceAndFailureTypeOBD": {
	"bytescount": 2, 
	"bitscount": 16
	}, 
	"AWS": {
	"lists": {
		"0": "AWS disabled", 
		"1": "AWS enabled"
	}, 
	"signed": true
	}, 
	"Output Control Command": {
	"lists": {
		"0": "Start Temporary", 
		"1": "Status", 
		"17": "Stop", 
		"32": "Start Permanent"
	}
	}, 
	"Wheeltrack rear": {
	"bytescount": 2, 
	"bitscount": 16, 
	"lists": {
		"2929": "1,430m", 
		"2836": "1,385m", 
		"2933": "1,432m"
	}, 
	"signed": true
	}, 
	"FCW Warning.Param1": {
	"lists": {
		"0": "no warning", 
		"1": "warning level 1", 
		"2": "warning level 2"
	}, 
	"signed": true
	}, 
	"DTCStatusAvailabilityMask": {
	"scaled": true
	}, 
	"DTCExtendedData.DTCOccurrenceCounter": {
	"scaled": true, 
	"comment": "Description of the extendedData DTCOccurrenceCounter (use by Failure Page to decode data)"
	}, 
	"EditionNumber": {
	"comment": "Software version(edition) number", 
	"bytescount": 2, 
	"byte": true, 
	"bitscount": 16
	}, 
	"Coding of Electrical vehicle": {
	"lists": {
		"0": "not electrical vehicle", 
		"1": "electrical vehicle"
	}, 
	"signed": true
	}, 
	"PartNumber.LowerPart": {
	"bytesascii": true, 
	"bytescount": 5, 
	"byte": true, 
	"bitscount": 40
	}, 
	"Daimler Software Part Number": {
	"bytesascii": true, 
	"bytescount": 10, 
	"byte": true, 
	"bitscount": 80
	}, 
	"Record Value": {
	"bytescount": 26, 
	"byte": true, 
	"bitscount": 208
	}, 
	"HardwareNumber.BasicPartList": {
	"lists": {
		"0": "N/A"
	}
	}, 
	"DTCStatus.testFailed": {
	"bitscount": 1, 
	"lists": {
		"0": "No", 
		"1": "Yes"
	}
	}, 
	"DTCStatus.confirmedDTC": {
	"bitscount": 1, 
	"lists": {
		"0": "No", 
		"1": "Yes"
	}
	}, 
	"CalibrationNumber": {
	"comment": "Calibration Number in Hexa", 
	"bytescount": 2, 
	"byte": true, 
	"bitscount": 16
	}, 
	"Wheeltrack front": {
	"bytescount": 2, 
	"bitscount": 16, 
	"lists": {
		"3017": "1,473m", 
		"2628": "1,283m"
	}, 
	"signed": true
	}, 
	"DTCRecord": {
	"bytescount": 3, 
	"byte": true, 
	"bitscount": 24
	}, 
	"DTCFailureType.ManufacturerOrSupplier": {
	"bitscount": 4
	}, 
	"Unitary data traceability": {
	"bytesascii": true, 
	"bytescount": 20, 
	"byte": true, 
	"bitscount": 160
	}, 
	"MountingElevation": {
	"bytescount": 2, 
	"bitscount": 16, 
	"lists": {
		"83": "0,647m", 
		"86": "0,669m"
	}, 
	"signed": true
	}, 
	"Wheel Circuference Rear": {
	"bytescount": 2, 
	"bitscount": 16, 
	"lists": {
		"3584": "1,750m", 
		"3754": "1,833m", 
		"3879": "1,894m"
	}, 
	"signed": true
	}, 
	"FCW Failure.Param1": {
	"lists": {
		"0": "set FCW failure", 
		"1": "set FCW no failure"
	}, 
	"signed": true
	}, 
	"DTCStatus.testNotCompletedThisMonitoringCycle": {
	"bitscount": 1, 
	"lists": {
		"0": "No", 
		"1": "Yes"
	}
	}, 
	"Country Code": {
	"lists": {
		"0": "Rest of world (ROW)", 
		"1": "North America Region (NAR)", 
		"2": "Japan (JPN)", 
		"3": "Canada (CAN)", 
		"4": "USA"
	}, 
	"signed": true
	}, 
	"TimeOfReprogramming": {
	"comment": "Cod\u00e9 en BCD", 
	"bytescount": 2, 
	"byte": true, 
	"bitscount": 16
	}, 
	"RoutineEntryStatus": {
	"lists": {
		"1": "Routine in progress", 
		"2": "Routine completed and OK", 
		"3": "Routine completed and not OK (Value '3')", 
		"4": "Routine completed and not OK (Value '4')", 
		"5": "Routine completed and not OK (Value '5')", 
		"6": "Routine completed and not OK (Value '6')", 
		"7": "Routine completed and not OK (Value '7')", 
		"8": "Routine completed and not OK (Value '8')", 
		"9": "Routine completed and not OK (Value '9')", 
		"10": "Routine completed and not OK (Value '10')", 
		"11": "Routine completed and not OK (Value '11')", 
		"12": "Routine completed and not OK (Value '12')", 
		"13": "Routine completed and not OK (Value '13')", 
		"14": "Routine completed and not OK (Value '14')", 
		"15": "Routine completed and not OK (Value '15')", 
		"16": "Routine completed and not OK (Value '16')", 
		"17": "Routine completed and not OK (Value '17')", 
		"18": "Routine completed and not OK (Value '18')", 
		"19": "Routine completed and not OK (Value '19')", 
		"20": "Routine completed and not OK (Value '20')", 
		"21": "Routine completed and not OK (Value '21')", 
		"22": "Routine completed and not OK (Value '22')", 
		"23": "Routine completed and not OK (Value '23')", 
		"24": "Routine completed and not OK (Value '24')", 
		"25": "Routine completed and not OK (Value '25')", 
		"26": "Routine completed and not OK (Value '26')", 
		"27": "Routine completed and not OK (Value '27')", 
		"28": "Routine completed and not OK (Value '28')", 
		"29": "Routine completed and not OK (Value '29')", 
		"30": "Routine completed and not OK (Value '30')", 
		"31": "Routine completed and not OK (Value '31')", 
		"32": "Routine completed and not OK (Value '32')", 
		"33": "Routine completed and not OK (Value '33')", 
		"34": "Routine completed and not OK (Value '34')", 
		"35": "Routine completed and not OK (Value '35')", 
		"36": "Routine completed and not OK (Value '36')", 
		"37": "Routine completed and not OK (Value '37')", 
		"38": "Routine completed and not OK (Value '38')", 
		"39": "Routine completed and not OK (Value '39')", 
		"40": "Routine completed and not OK (Value '40')", 
		"41": "Routine completed and not OK (Value '41')", 
		"42": "Routine completed and not OK (Value '42')", 
		"43": "Routine completed and not OK (Value '43')", 
		"44": "Routine completed and not OK (Value '44')", 
		"45": "Routine completed and not OK (Value '45')", 
		"46": "Routine completed and not OK (Value '46')", 
		"47": "Routine completed and not OK (Value '47')", 
		"48": "Routine completed and not OK (Value '48')", 
		"49": "Routine completed and not OK (Value '49')", 
		"50": "Routine completed and not OK (Value '50')", 
		"51": "Routine completed and not OK (Value '51')", 
		"52": "Routine completed and not OK (Value '52')", 
		"53": "Routine completed and not OK (Value '53')", 
		"54": "Routine completed and not OK (Value '54')", 
		"55": "Routine completed and not OK (Value '55')", 
		"56": "Routine completed and not OK (Value '56')", 
		"57": "Routine completed and not OK (Value '57')", 
		"58": "Routine completed and not OK (Value '58')", 
		"59": "Routine completed and not OK (Value '59')", 
		"60": "Routine completed and not OK (Value '60')", 
		"61": "Routine completed and not OK (Value '61')", 
		"62": "Routine completed and not OK (Value '62')", 
		"63": "Routine completed and not OK (Value '63')", 
		"64": "Routine completed and not OK (Value '64')", 
		"65": "Routine completed and not OK (Value '65')", 
		"66": "Routine completed and not OK (Value '66')", 
		"67": "Routine completed and not OK (Value '67')", 
		"68": "Routine completed and not OK (Value '68')", 
		"69": "Routine completed and not OK (Value '69')", 
		"70": "Routine completed and not OK (Value '70')", 
		"71": "Routine completed and not OK (Value '71')", 
		"72": "Routine completed and not OK (Value '72')", 
		"73": "Routine completed and not OK (Value '73')", 
		"74": "Routine completed and not OK (Value '74')", 
		"75": "Routine completed and not OK (Value '75')", 
		"76": "Routine completed and not OK (Value '76')", 
		"77": "Routine completed and not OK (Value '77')", 
		"78": "Routine completed and not OK (Value '78')", 
		"79": "Routine completed and not OK (Value '79')", 
		"80": "Routine completed and not OK (Value '80')", 
		"81": "Routine completed and not OK (Value '81')", 
		"82": "Routine completed and not OK (Value '82')", 
		"83": "Routine completed and not OK (Value '83')", 
		"84": "Routine completed and not OK (Value '84')", 
		"85": "Routine completed and not OK (Value '85')", 
		"86": "Routine completed and not OK (Value '86')", 
		"87": "Routine completed and not OK (Value '87')", 
		"88": "Routine completed and not OK (Value '88')", 
		"89": "Routine completed and not OK (Value '89')", 
		"90": "Routine completed and not OK (Value '90')", 
		"91": "Routine completed and not OK (Value '91')", 
		"92": "Routine completed and not OK (Value '92')", 
		"93": "Routine completed and not OK (Value '93')", 
		"94": "Routine completed and not OK (Value '94')", 
		"95": "Routine completed and not OK (Value '95')", 
		"96": "Routine completed and not OK (Value '96')", 
		"97": "Routine completed and not OK (Value '97')", 
		"98": "Routine completed and not OK (Value '98')", 
		"99": "Routine completed and not OK (Value '99')", 
		"100": "Routine completed and not OK (Value '100')", 
		"101": "Routine completed and not OK (Value '101')", 
		"102": "Routine completed and not OK (Value '102')", 
		"103": "Routine completed and not OK (Value '103')", 
		"104": "Routine completed and not OK (Value '104')", 
		"105": "Routine completed and not OK (Value '105')", 
		"106": "Routine completed and not OK (Value '106')", 
		"107": "Routine completed and not OK (Value '107')", 
		"108": "Routine completed and not OK (Value '108')", 
		"109": "Routine completed and not OK (Value '109')", 
		"110": "Routine completed and not OK (Value '110')", 
		"111": "Routine completed and not OK (Value '111')", 
		"112": "Routine completed and not OK (Value '112')", 
		"113": "Routine completed and not OK (Value '113')", 
		"114": "Routine completed and not OK (Value '114')", 
		"115": "Routine completed and not OK (Value '115')", 
		"116": "Routine completed and not OK (Value '116')", 
		"117": "Routine completed and not OK (Value '117')", 
		"118": "Routine completed and not OK (Value '118')", 
		"119": "Routine completed and not OK (Value '119')", 
		"120": "Routine completed and not OK (Value '120')", 
		"121": "Routine completed and not OK (Value '121')", 
		"122": "Routine completed and not OK (Value '122')", 
		"123": "Routine completed and not OK (Value '123')", 
		"124": "Routine completed and not OK (Value '124')", 
		"125": "Routine completed and not OK (Value '125')", 
		"126": "Routine completed and not OK (Value '126')", 
		"127": "Routine completed and not OK (Value '127')", 
		"128": "Routine completed and not OK (Value '128')", 
		"129": "Routine completed and not OK (Value '129')", 
		"130": "Routine completed and not OK (Value '130')", 
		"131": "Routine completed and not OK (Value '131')", 
		"132": "Routine completed and not OK (Value '132')", 
		"133": "Routine completed and not OK (Value '133')", 
		"134": "Routine completed and not OK (Value '134')", 
		"135": "Routine completed and not OK (Value '135')", 
		"136": "Routine completed and not OK (Value '136')", 
		"137": "Routine completed and not OK (Value '137')", 
		"138": "Routine completed and not OK (Value '138')", 
		"139": "Routine completed and not OK (Value '139')", 
		"140": "Routine completed and not OK (Value '140')", 
		"141": "Routine completed and not OK (Value '141')", 
		"142": "Routine completed and not OK (Value '142')", 
		"143": "Routine completed and not OK (Value '143')", 
		"144": "Routine completed and not OK (Value '144')", 
		"145": "Routine completed and not OK (Value '145')", 
		"146": "Routine completed and not OK (Value '146')", 
		"147": "Routine completed and not OK (Value '147')", 
		"148": "Routine completed and not OK (Value '148')", 
		"149": "Routine completed and not OK (Value '149')", 
		"150": "Routine completed and not OK (Value '150')", 
		"151": "Routine completed and not OK (Value '151')", 
		"152": "Routine completed and not OK (Value '152')", 
		"153": "Routine completed and not OK (Value '153')", 
		"154": "Routine completed and not OK (Value '154')", 
		"155": "Routine completed and not OK (Value '155')", 
		"156": "Routine completed and not OK (Value '156')", 
		"157": "Routine completed and not OK (Value '157')", 
		"158": "Routine completed and not OK (Value '158')", 
		"159": "Routine completed and not OK (Value '159')", 
		"160": "Routine completed and not OK (Value '160')", 
		"161": "Routine completed and not OK (Value '161')", 
		"162": "Routine completed and not OK (Value '162')", 
		"163": "Routine completed and not OK (Value '163')", 
		"164": "Routine completed and not OK (Value '164')", 
		"165": "Routine completed and not OK (Value '165')", 
		"166": "Routine completed and not OK (Value '166')", 
		"167": "Routine completed and not OK (Value '167')", 
		"168": "Routine completed and not OK (Value '168')", 
		"169": "Routine completed and not OK (Value '169')", 
		"170": "Routine completed and not OK (Value '170')", 
		"171": "Routine completed and not OK (Value '171')", 
		"172": "Routine completed and not OK (Value '172')", 
		"173": "Routine completed and not OK (Value '173')", 
		"174": "Routine completed and not OK (Value '174')", 
		"175": "Routine completed and not OK (Value '175')", 
		"176": "Routine completed and not OK (Value '176')", 
		"177": "Routine completed and not OK (Value '177')", 
		"178": "Routine completed and not OK (Value '178')", 
		"179": "Routine completed and not OK (Value '179')", 
		"180": "Routine completed and not OK (Value '180')", 
		"181": "Routine completed and not OK (Value '181')", 
		"182": "Routine completed and not OK (Value '182')", 
		"183": "Routine completed and not OK (Value '183')", 
		"184": "Routine completed and not OK (Value '184')", 
		"185": "Routine completed and not OK (Value '185')", 
		"186": "Routine completed and not OK (Value '186')", 
		"187": "Routine completed and not OK (Value '187')", 
		"188": "Routine completed and not OK (Value '188')", 
		"189": "Routine completed and not OK (Value '189')", 
		"190": "Routine completed and not OK (Value '190')", 
		"191": "Routine completed and not OK (Value '191')", 
		"192": "Routine completed and not OK (Value '192')", 
		"193": "Routine completed and not OK (Value '193')", 
		"194": "Routine completed and not OK (Value '194')", 
		"195": "Routine completed and not OK (Value '195')", 
		"196": "Routine completed and not OK (Value '196')", 
		"197": "Routine completed and not OK (Value '197')", 
		"198": "Routine completed and not OK (Value '198')", 
		"199": "Routine completed and not OK (Value '199')", 
		"200": "Routine completed and not OK (Value '200')", 
		"201": "Routine completed and not OK (Value '201')", 
		"202": "Routine completed and not OK (Value '202')", 
		"203": "Routine completed and not OK (Value '203')", 
		"204": "Routine completed and not OK (Value '204')", 
		"205": "Routine completed and not OK (Value '205')", 
		"206": "Routine completed and not OK (Value '206')", 
		"207": "Routine completed and not OK (Value '207')", 
		"208": "Routine completed and not OK (Value '208')", 
		"209": "Routine completed and not OK (Value '209')", 
		"210": "Routine completed and not OK (Value '210')", 
		"211": "Routine completed and not OK (Value '211')", 
		"212": "Routine completed and not OK (Value '212')", 
		"213": "Routine completed and not OK (Value '213')", 
		"214": "Routine completed and not OK (Value '214')", 
		"215": "Routine completed and not OK (Value '215')", 
		"216": "Routine completed and not OK (Value '216')", 
		"217": "Routine completed and not OK (Value '217')", 
		"218": "Routine completed and not OK (Value '218')", 
		"219": "Routine completed and not OK (Value '219')", 
		"220": "Routine completed and not OK (Value '220')", 
		"221": "Routine completed and not OK (Value '221')", 
		"222": "Routine completed and not OK (Value '222')", 
		"223": "Routine completed and not OK (Value '223')", 
		"224": "Routine completed and not OK (Value '224')", 
		"225": "Routine completed and not OK (Value '225')", 
		"226": "Routine completed and not OK (Value '226')", 
		"227": "Routine completed and not OK (Value '227')", 
		"228": "Routine completed and not OK (Value '228')", 
		"229": "Routine completed and not OK (Value '229')", 
		"230": "Routine completed and not OK (Value '230')", 
		"231": "Routine completed and not OK (Value '231')", 
		"232": "Routine completed and not OK (Value '232')", 
		"233": "Routine completed and not OK (Value '233')", 
		"234": "Routine completed and not OK (Value '234')", 
		"235": "Routine completed and not OK (Value '235')", 
		"236": "Routine completed and not OK (Value '236')", 
		"237": "Routine completed and not OK (Value '237')", 
		"238": "Routine completed and not OK (Value '238')", 
		"239": "Routine completed and not OK (Value '239')", 
		"240": "Routine completed and not OK (Value '240')", 
		"241": "Routine completed and not OK (Value '241')", 
		"242": "Routine completed and not OK (Value '242')", 
		"243": "Routine completed and not OK (Value '243')", 
		"244": "Routine completed and not OK (Value '244')", 
		"245": "Routine completed and not OK (Value '245')", 
		"246": "Routine completed and not OK (Value '246')", 
		"247": "Routine completed and not OK (Value '247')", 
		"248": "Routine completed and not OK (Value '248')", 
		"249": "Routine completed and not OK (Value '249')", 
		"250": "Routine completed and not OK (Value '250')", 
		"251": "Routine completed and not OK (Value '251')", 
		"252": "Routine completed and not OK (Value '252')", 
		"253": "Routine completed and not OK (Value '253')", 
		"254": "Routine completed and not OK (Value '254')", 
		"255": "Routine completed and not OK (Value '255')"
	}, 
	"signed": true
	}, 
	"Wheelbase": {
	"bytescount": 2, 
	"bitscount": 16, 
	"lists": {
		"3850": "1,880m", 
		"5018": "2,450m", 
		"3871": "1,890m"
	}, 
	"signed": true
	}, 
	"ApprovalNumber.BasicPartList": {
	"lists": {
		"0": "N/A"
	}
	}, 
	"DTCStatus.testFailedThisMonitoringCycle": {
	"bitscount": 1, 
	"lists": {
		"0": "No", 
		"1": "Yes"
	}
	}, 
	"VIN CRC": {
	"bytescount": 2, 
	"byte": true, 
	"bitscount": 16
	}, 
	"DTCDeviceIdentifier": {
	"bytescount": 2, 
	"bitscount": 16, 
	"lists": {
		"256": "TIMEOUT_ADAS_INS_CANHS_01", 
		"512": "TIMEOUT_BCM_CANHS_R_04", 
		"770": "TIMEOUT_BRAKE_CANHS_RNR_02", 
		"771": "TIMEOUT_BRAKE_CANHS_RNR_03", 
		"772": "TIMEOUT_BRAKE_CANHS_RNR_04", 
		"773": "TIMEOUT_BRAKE_CANHS_R_01", 
		"774": "TIMEOUT_BRAKE_CANHS_R_06", 
		"513": "TIMEOUT_BCM_CANHS_R_05", 
		"4098": "RADAR_BLIND", 
		"4352": "RADAR_MISALIGNMENT ", 
		"4112": "CAN_BUFFER_RAM_CHECK", 
		"4113": "DRIVETEST_ACTIVE", 
		"4114": "DATASET_ERROR", 
		"4867": "REFERENCE_VELOCITY_NOT_AVAILABLE", 
		"4608": "FCWINTERFACESTATE_BUSOFF", 
		"4868": "CRITICAL_FUNCTIONALITY_NOT_AVAILABLE", 
		"4864": "STEERINGANGLE_OFFSET", 
		"800": "CHK_BRAKE_CANHS_RNR_02", 
		"801": "CHK_SWA_CANHS_RNR_01", 
		"4096": "CAN_E_TIMEOUT", 
		"4097": "INTERNAL_HW_FAILURE", 
		"1024": "TIMEOUT_TORQUE_ECM_CANHS_RNR_01", 
		"775": "TIMEOUT_SWA_CANHS_RNR_01", 
		"338": "FCWINTERFACESTATE_ICCOM", 
		"1280": "TX_TIMEOUT_FCW_CANV_01", 
		"4865": "TIRE_SIZE", 
		"4609": "CANSM_E_BUSOFF_NETWORK", 
		"769": "TIMEOUT_BRAKE_CANHS_RNR_01", 
		"41229": "VBAT_LOW", 
		"848": "BRAKINGPRESSURE_INVALID", 
		"337": "FCWACTIVATIONSTATE_INVALID", 
		"850": "BI_WHL_RPM_INVALID", 
		"595": "GENERICAPPLICATIVEDIAGENABLE_UNAVAILABLE", 
		"596": "BI_REARGEAR_INVALID", 
		"41230": "VBAT_HIGH", 
		"854": "ALV_SWA_CANHS_RNR_01", 
		"855": "BI_VXV_INVALID", 
		"856": "ALV_BRAKE_CANHS_RNR_02", 
		"4866": "YAWRATE_OFFSET", 
		"849": "BI_YAW_INVALID", 
		"594": "VEHICLESTATEEXTENTED_INVALID", 
		"851": "BI_AXV_INVALID", 
		"852": "BI_ODO_INVALID", 
		"853": "BI_SAS_INVALID"
	}
	}, 
	"ApprovalNumber.LowerPart": {
	"bytesascii": true, 
	"bytescount": 5, 
	"byte": true, 
	"bitscount": 40
	}, 
	"SaveMarking": {
	"byte": true
	}, 
	"DTCStatus.testFailedSinceLastClear": {
	"bitscount": 1, 
	"lists": {
		"0": "No", 
		"1": "Yes"
	}
	}, 
	"Horizontal deviation Angle MERA": {
	"divideby": 1000.0, 
	"bitscount": 16, 
	"signed": true, 
	"scaled": true, 
	"bytescount": 2, 
	"unit": "Degree"
	}, 
	"ProgrammingSiteReference": {
	"bytesascii": true, 
	"bytescount": 5, 
	"byte": true, 
	"bitscount": 40
	}, 
	"CRC": {
	"bytescount": 2, 
	"byte": true, 
	"bitscount": 16
	}, 
	"ActiveAlignment State": {
	"lists": {
		"0": "ALIACT_READY", 
		"1": "ALIACT_MEASURE_POS_1", 
		"2": "ALIACT_MEASURE_POS_2", 
		"3": "ALIACT_MEASURE_POS_3", 
		"4": "ALIACT_MEASURE_POS_4"
	}, 
	"signed": true
	}, 
	"NumberOfReprogrammings": {
	"byte": true
	}, 
	"VIN in ASCII": {
	"bytesascii": true, 
	"bytescount": 17, 
	"byte": true, 
	"bitscount": 136
	}, 
	"SteeringAngleRatio": {
	"bytescount": 2, 
	"bitscount": 16, 
	"lists": {
		"45056": "22,00", 
		"37069": "18,1", 
		"38093": "18,6"
	}, 
	"signed": true
	}, 
	"Vertic_Deviation_angle Active Alignment": {
	"divideby": 16384.0, 
	"bitscount": 16, 
	"signed": true, 
	"scaled": true, 
	"step": 57.2958, 
	"bytescount": 2, 
	"unit": "Degree"
	}, 
	"DTCMaskRecord": {
	"bytescount": 3, 
	"byte": true, 
	"bitscount": 24
	}, 
	"DTCStatus.testNotCompletedSinceLastClear": {
	"bitscount": 1, 
	"lists": {
		"0": "No", 
		"1": "Yes"
	}
	}, 
	"Output Control Status": {
	"lists": {
		"1": "Running", 
		"2": "Stopped", 
		"17": "Manually stopped"
	}
	}, 
	"SW Version CALENDAR WEEK": {
	"scaled": true, 
	"signed": true
	}, 
	"Routine Exit Status": {
	"lists": {
		"1": "routine in progress", 
		"2": "routine completed und OK"
	}, 
	"signed": true
	}, 
	"Vertical Deviation Angle MERA": {
	"divideby": 1000.0, 
	"bitscount": 16, 
	"signed": true, 
	"scaled": true, 
	"bytescount": 2, 
	"unit": "Degree"
	}, 
	"Vehicle width": {
	"bytescount": 2, 
	"bitscount": 16, 
	"lists": {
		"200": "1,559m", 
		"240": "1,875m"
	}, 
	"signed": true
	}, 
	"DateOfReprogramming": {
	"comment": "Cod\u00e9 en BCD", 
	"bytescount": 3, 
	"byte": true, 
	"bitscount": 24
	}, 
	"Output Permanent Control List": {
	"lists": {
		"97": "FCW Failure", 
		"98": "FCW Warning"
	}
	}, 
	"Wheeldrive": {
	"lists": {
		"0": "front wheel drive", 
		"1": "rear wheel drive", 
		"2": "all wheel drive"
	}, 
	"signed": true
	}, 
	"SoftwareNumber": {
	"comment": "Software identification number", 
	"bytescount": 2, 
	"byte": true, 
	"bitscount": 16
	}, 
	"Characteristic velocity": {
	"bytescount": 2, 
	"bitscount": 16, 
	"lists": {
		"5888": "23,0m/s", 
		"5473": "21,38m/s", 
		"5325": "20,8m/s", 
		"5965": "23,3m/s"
	}, 
	"signed": true
	}
}
}