{
"obd": {
	"fastinit": true, 
	"funcname": "Direction assist\u00e9e", 
	"kw1": "D0", 
	"kw2": "8F", 
	"protocol": "KWP2000", 
	"funcaddr": "04"
}, 
"devices": [
	{
	"dtc": 22023, 
	"devicedata": {}, 
	"dtctype": 2, 
	"name": "EPHS fault - NVM"
	}, 
	{
	"dtc": 0, 
	"devicedata": {
		"Voltage": "0"
	}, 
	"dtctype": 4, 
	"name": "Battery"
	}, 
	{
	"dtc": 22018, 
	"devicedata": {}, 
	"dtctype": 2, 
	"name": "No tuning set"
	}, 
	{
	"dtc": 22022, 
	"devicedata": {
		"SoftWare Number": "0", 
		"Internal fault code 2 high byte": "0", 
		"Internal fault code 1 high byte": "0", 
		"Internal fault code 1 low byte": "0", 
		"Internal fault code 2 low byte": "0", 
		"Motor Reference": "0"
	}, 
	"dtctype": 2, 
	"name": "EPHS fault - Motor"
	}, 
	{
	"dtc": 0, 
	"devicedata": {
		"Mois": "0", 
		"Jour": "0", 
		"Koyo-HPI serial number": "0", 
		"Ann\u00e9e": "0", 
		"CEM Number": "0"
	}, 
	"dtctype": 4, 
	"name": "Tra\u00e7abilit\u00e9"
	}, 
	{
	"dtc": 22024, 
	"devicedata": {
		"Tuning Number (Syst Ident)": "0", 
		"Matrix Programmed": "0", 
		"Number of telecoding operations": "0"
	}, 
	"dtctype": 2, 
	"name": "EPHS Fault - ECU"
	}, 
	{
	"dtc": 22035, 
	"devicedata": {}, 
	"dtctype": 0, 
	"name": "APC fault"
	}
], 
"ecuname": "GEP_L90_L35_K9KCA/DA_ V50_83_50", 
"autoidents": [
	{
	"diagversion": "8", 
	"supplier": "474", 
	"version": "0020", 
	"soft": "5083"
	}, 
	{
	"diagversion": "8", 
	"supplier": "474", 
	"version": "0050", 
	"soft": "5083"
	}
], 
"endian": "Big", 
"requests": [
	{
	"sentbytes": "10FA", 
	"deny_sds": [], 
	"minbytes": 1, 
	"manualsend": true, 
	"name": "SDS - Start Diagnostic $FA"
	}, 
	{
	"name": "WDBLI - VIN", 
	"deny_sds": [], 
	"manualsend": true, 
	"sendbyte_dataitems": {
		"VIN": {
		"firstbyte": 3
		}, 
		"CRC VIN": {
		"firstbyte": 20
		}
	}, 
	"minbytes": 1, 
	"sentbytes": "3B8100000000000000000000000000000000000000"
	}, 
	{
	"deny_sds": [], 
	"minbytes": 1, 
	"sentbytes": "14FF00", 
	"name": "ClearDTC"
	}, 
	{
	"name": "RDFFD - Freeze Frame", 
	"deny_sds": [], 
	"receivebyte_dataitems": {
		"Oil_Temperature": {
		"firstbyte": 5
		}, 
		"Various Indicators": {
		"firstbyte": 17
		}, 
		"Courant moteur": {
		"firstbyte": 7
		}, 
		"Internal fault code 2 high byte": {
		"firstbyte": 14
		}, 
		"Consigned_Motor_Speed": {
		"firstbyte": 10
		}, 
		"Internal fault code 1 high byte": {
		"firstbyte": 12
		}, 
		"EPHS Temperature": {
		"firstbyte": 6
		}, 
		"Voltage": {
		"firstbyte": 4
		}, 
		"Compteur": {
		"firstbyte": 16
		}, 
		"Motor_Speed": {
		"firstbyte": 8
		}, 
		"Internal fault code 2 low byte": {
		"firstbyte": 15
		}, 
		"Internal fault code 1 low byte": {
		"firstbyte": 13
		}
	}, 
	"sendbyte_dataitems": {
		"FirstDTC": {
		"firstbyte": 4
		}
	}, 
	"minbytes": 18, 
	"sentbytes": "1200040000"
	}, 
	{
	"name": "WDBLI - Date of After-Sales", 
	"deny_sds": [], 
	"manualsend": true, 
	"sendbyte_dataitems": {
		"Jour": {
		"firstbyte": 5
		}, 
		"Mois": {
		"firstbyte": 4
		}, 
		"Ann\u00e9e": {
		"firstbyte": 3
		}
	}, 
	"minbytes": 1, 
	"sentbytes": "3BC0000000"
	}, 
	{
	"sentbytes": "10C0", 
	"deny_sds": [], 
	"minbytes": 1, 
	"manualsend": true, 
	"name": "SDS - Start Diagnostic Mode $C0"
	}, 
	{
	"receivebyte_dataitems": {
		"Jour": {
		"firstbyte": 5
		}, 
		"Mois": {
		"firstbyte": 4
		}, 
		"Ann\u00e9e": {
		"firstbyte": 3
		}
	}, 
	"deny_sds": [], 
	"minbytes": 5, 
	"sentbytes": "21C0", 
	"name": "RDBLI - Date of After Sales"
	}, 
	{
	"sentbytes": "34A000000005FE2233445555DD", 
	"deny_sds": [
		"aftersales"
	], 
	"minbytes": 16, 
	"manualsend": true, 
	"name": "RDL - Request Down load 3200"
	}, 
	{
	"sentbytes": "34A000000005F722334455318C", 
	"deny_sds": [
		"aftersales"
	], 
	"minbytes": 16, 
	"manualsend": true, 
	"name": "RDL - Request Down load 3800"
	}, 
	{
	"sentbytes": "10B0", 
	"deny_sds": [], 
	"minbytes": 1, 
	"manualsend": true, 
	"name": "SDS - Start Diagnostic $B0"
	}, 
	{
	"sentbytes": "34A000000005FB2233445501FB", 
	"deny_sds": [
		"aftersales"
	], 
	"minbytes": 16, 
	"manualsend": true, 
	"name": "RDL - Request Down load 3600"
	}, 
	{
	"receivebyte_dataitems": {
		"VIN": {
		"ref": true, 
		"firstbyte": 3
		}, 
		"CRC VIN": {
		"ref": true, 
		"firstbyte": 20
		}
	}, 
	"deny_sds": [], 
	"minbytes": 21, 
	"sentbytes": "2181", 
	"name": "RDBLI - VIN"
	}, 
	{
	"name": "ReadDTC", 
	"deny_sds": [], 
	"receivebyte_dataitems": {
		"Historical Failure": {
		"bitoffset": 1, 
		"firstbyte": 5
		}, 
		"Current Failure": {
		"bitoffset": 2, 
		"firstbyte": 5
		}, 
		"FirstDTC": {
		"firstbyte": 3
		}, 
		"NDTC": {
		"firstbyte": 2
		}, 
		"Standard Fault": {
		"bitoffset": 3, 
		"firstbyte": 5
		}
	}, 
	"sendbyte_dataitems": {
		"MoreDTC": {
		"firstbyte": 3
		}
	}, 
	"minbytes": 2, 
	"sentbytes": "17FF00", 
	"shiftbytescount": 3
	}, 
	{
	"receivebyte_dataitems": {
		"SoftWare Number": {
		"ref": true, 
		"firstbyte": 17
		}, 
		"Internal fault code 2 low byte": {
		"ref": true, 
		"firstbyte": 16
		}, 
		"Internal fault code 2 high byte": {
		"ref": true, 
		"firstbyte": 15
		}, 
		"Internal fault code 1 high byte": {
		"ref": true, 
		"firstbyte": 13
		}, 
		"Internal fault code 1 low byte": {
		"ref": true, 
		"firstbyte": 14
		}, 
		"Motor Reference": {
		"ref": true, 
		"firstbyte": 19
		}
	}, 
	"deny_sds": [
		"nosds", 
		"plant", 
		"aftersales", 
		"engineering"
	], 
	"minbytes": 22, 
	"sentbytes": "2199", 
	"name": "RDBLI - Motor Informations"
	}, 
	{
	"sentbytes": "34A000000005DF2233445580B6", 
	"deny_sds": [
		"aftersales"
	], 
	"minbytes": 16, 
	"manualsend": true, 
	"name": "RDL - Request Down load 4200"
	}, 
	{
	"sentbytes": "34A000000005EF223344555162", 
	"deny_sds": [
		"aftersales"
	], 
	"minbytes": 16, 
	"manualsend": true, 
	"name": "RDL - Request Down load 4000"
	}, 
	{
	"receivebyte_dataitems": {
		"Tuning Number (Syst Ident)": {
		"ref": true, 
		"firstbyte": 9
		}, 
		"Matrix Programmed": {
		"ref": true, 
		"firstbyte": 3
		}, 
		"Number of telecoding operations": {
		"ref": true, 
		"firstbyte": 8
		}
	}, 
	"deny_sds": [], 
	"minbytes": 10, 
	"sentbytes": "21A0", 
	"name": "RDBLI - Telecoding Information"
	}, 
	{
	"receivebyte_dataitems": {
		"HardwareNumber.BasicPartList": {
		"firstbyte": 24
		}, 
		"SoftWare Number": {
		"firstbyte": 17
		}, 
		"CalibrationNumber": {
		"firstbyte": 21
		}, 
		"SupplierNumber.ITG": {
		"firstbyte": 9
		}, 
		"Diagnostic Identification Code": {
		"firstbyte": 8
		}, 
		"HardwareNumber.LowerPart": {
		"firstbyte": 12
		}, 
		"PartNumber.BasicPartList": {
		"firstbyte": 23
		}, 
		"ManufacturerIdentificationCode": {
		"firstbyte": 26
		}, 
		"ApprovalNumber.BasicPartList": {
		"firstbyte": 25
		}, 
		"EditionNumber": {
		"firstbyte": 19
		}, 
		"PartNumber.LowerPart": {
		"firstbyte": 3
		}
	}, 
	"deny_sds": [], 
	"minbytes": 26, 
	"sentbytes": "2180", 
	"name": "RDBLI - System Identification RENAULT"
	}, 
	{
	"receivebyte_dataitems": {
		"Oil_Temperature": {
		"ref": true, 
		"firstbyte": 4
		}, 
		"Courant moteur": {
		"ref": true, 
		"firstbyte": 6
		}, 
		"EPHS Temperature": {
		"ref": true, 
		"firstbyte": 5
		}, 
		"Internal fault code 2 high byte": {
		"firstbyte": 13
		}, 
		"Internal fault code 1 high byte": {
		"firstbyte": 11
		}, 
		"Voltage": {
		"ref": true, 
		"firstbyte": 3
		}, 
		"Compteur": {
		"ref": true, 
		"firstbyte": 15
		}, 
		"Consigned_Motor_Speed": {
		"ref": true, 
		"firstbyte": 9
		}, 
		"Motor_Speed": {
		"ref": true, 
		"firstbyte": 7
		}, 
		"Internal fault code 2 low byte": {
		"firstbyte": 14
		}, 
		"Internal fault code 1 low byte": {
		"firstbyte": 12
		}
	}, 
	"deny_sds": [], 
	"minbytes": 15, 
	"sentbytes": "21C1", 
	"name": "RDBLI - System Frame"
	}, 
	{
	"sentbytes": "34A000000005FD22334455318C", 
	"deny_sds": [
		"aftersales"
	], 
	"minbytes": 16, 
	"manualsend": true, 
	"name": "RDL - Request Down load 3400"
	}, 
	{
	"receivebyte_dataitems": {
		"Mois": {
		"ref": true, 
		"firstbyte": 8
		}, 
		"Jour": {
		"ref": true, 
		"firstbyte": 7
		}, 
		"Ann\u00e9e": {
		"ref": true, 
		"firstbyte": 9
		}, 
		"CEM Number": {
		"ref": true, 
		"firstbyte": 10
		}, 
		"Koyo-HPI serial number": {
		"ref": true, 
		"firstbyte": 3
		}
	}, 
	"deny_sds": [], 
	"minbytes": 11, 
	"sentbytes": "2184", 
	"name": "RDBLI- Traceability Information"
	}
], 
"data": {
	"Oil_Temperature": {
	"scaled": true, 
	"comment": "Temp\u00e9rature de l'huile", 
	"unit": "1 \u00b0C", 
	"offset": -128.0
	}, 
	"Jour": {
	"byte": true
	}, 
	"Ann\u00e9e": {
	"byte": true
	}, 
	"Diagnostic Identification Code": {
	"byte": true
	}, 
	"Internal fault code 2 high byte": {
	"scaled": true
	}, 
	"Internal fault code 2 low byte": {
	"scaled": true
	}, 
	"PartNumber.BasicPartList": {
	"lists": {
		"0": "49110"
	}
	}, 
	"ManufacturerIdentificationCode": {
	"lists": {
		"136": "49110"
	}
	}, 
	"Internal fault code 1 low byte": {
	"scaled": true
	}, 
	"HardwareNumber.BasicPartList": {
	"lists": {
		"0": "N/A"
	}
	}, 
	"Mois": {
	"byte": true
	}, 
	"Internal fault code 1 high byte": {
	"scaled": true
	}, 
	"CEM Number": {
	"scaled": true, 
	"bytescount": 2, 
	"bitscount": 16
	}, 
	"NDTC": {
	"scaled": true
	}, 
	"Historical Failure": {
	"bitscount": 1, 
	"lists": {
		"0": "No", 
		"1": "Yes"
	}
	}, 
	"Current Failure": {
	"bitscount": 1, 
	"lists": {
		"0": "No", 
		"1": "Yes"
	}
	}, 
	"EditionNumber": {
	"bytescount": 2, 
	"bitscount": 16
	}, 
	"PartNumber.LowerPart": {
	"bytesascii": true, 
	"bytescount": 5, 
	"byte": true, 
	"bitscount": 40
	}, 
	"GEP_LPDR": {
	"comment": "6 lois (matrices) de programmation du GEP", 
	"byte": true
	}, 
	"Motor Reference": {
	"scaled": true, 
	"bytescount": 2, 
	"bitscount": 16, 
	"comment": "R\u00e9f\u00e9rence moteur sur 2 octets"
	}, 
	"Various Indicators": {
	"scaled": true, 
	"comment": "Fault indicator + Ignition Status + Alternator/Engine Status"
	}, 
	"Number of telecoding operations": {
	"scaled": true
	}, 
	"CalibrationNumber": {
	"scaled": true, 
	"bytescount": 2, 
	"bitscount": 16
	}, 
	"Courant moteur": {
	"scaled": true, 
	"comment": "Courant qd le DTC apparait (data Freeze Frame)", 
	"unit": "A", 
	"signed": true
	}, 
	"Consigned_Motor_Speed": {
	"comment": "Consigne de vitesse de rotation du moteur \u00e9lectrique du GEP", 
	"divideby": 10000.0, 
	"bitscount": 16, 
	"scaled": true, 
	"step": 916.0, 
	"bytescount": 2, 
	"unit": "1 tours/min"
	}, 
	"Tuning Number (Syst Ident)": {
	"comment": "Numero de tuning pr\u00e9sent dans la trame Identification", 
	"bytescount": 2, 
	"byte": true, 
	"bitscount": 16
	}, 
	"EPHS Temperature": {
	"scaled": true, 
	"unit": "\u00b0C", 
	"offset": -128.0
	}, 
	"FirstDTC": {
	"bytescount": 2, 
	"bitscount": 16, 
	"lists": {
		"22024": "EPHS Fault - ECU", 
		"22018": "No tuning set", 
		"22035": "APC fault", 
		"22022": "EPHS fault - Motor", 
		"22023": "EPHS fault - NVM"
	}
	}, 
	"CRC VIN": {
	"bytesascii": true, 
	"bytescount": 2, 
	"byte": true, 
	"bitscount": 16, 
	"comment": "Check"
	}, 
	"Compteur": {
	"comment": "nb de +APC apr\u00e8s disparition du DTC (data Freeze Frame)", 
	"byte": true
	}, 
	"ApprovalNumber.BasicPartList": {
	"lists": {
		"0": "N/A"
	}
	}, 
	"Motor_Speed": {
	"comment": "vitesse de rotation du moteur electrique du GEP", 
	"divideby": 10000.0, 
	"bitscount": 16, 
	"scaled": true, 
	"step": 916.0, 
	"bytescount": 2, 
	"unit": "1 tour/min"
	}, 
	"Code de d\u00e9faut interne": {
	"comment": "Code de d\u00e9faut interne sur 4 octets", 
	"bytescount": 4, 
	"byte": true, 
	"bitscount": 32
	}, 
	"SoftWare Number": {
	"comment": "version du soft sur 2 octets", 
	"bytescount": 2, 
	"bitscount": 16, 
	"lists": {
		"0": "N/A"
	}
	}, 
	"VIN": {
	"bytesascii": true, 
	"bytescount": 17, 
	"byte": true, 
	"bitscount": 136, 
	"comment": "Vehicle Identification Number"
	}, 
	"HardwareNumber.LowerPart": {
	"bytescount": 5, 
	"byte": true, 
	"bitscount": 40
	}, 
	"MoreDTC": {
	"scaled": true, 
	"signed": true
	}, 
	"Voltage": {
	"scaled": true, 
	"comment": "Supply voltage", 
	"unit": "Volt", 
	"signed": true
	}, 
	"SupplierNumber.ITG": {
	"bytesascii": true, 
	"bytescount": 3, 
	"byte": true, 
	"bitscount": 24
	}, 
	"Matrix Programmed": {
	"scaled": true, 
	"comment": "6 valeurs possibles: $7F, $Df, $EF, $F7, $FB, $FE"
	}, 
	"Standard Fault": {
	"bitscount": 5, 
	"lists": {
		"0": "not used", 
		"1": "circuit ouvert", 
		"2": "court circuit \u00e0 la masse", 
		"3": "court circuit au +BATT", 
		"4": "param\u00e8tre \u00e0 la limite min", 
		"5": "param\u00e8tre \u00e0 la limite max", 
		"6": "incoh\u00e9rence", 
		"7": "pas de signal", 
		"8": "sous le seuil min", 
		"9": "au dessus du seuil max", 
		"10": "niveau bas permanent", 
		"11": "niveau haut permanent", 
		"12": "lignes court-circuit\u00e9es", 
		"13": "probl\u00e8me \u00e9lectronique interne", 
		"14": "probl\u00e8me r\u00e9seau", 
		"15": "Remote diagnostic", 
		"16": "communication perturb\u00e9e", 
		"17": "microcoupures", 
		"18": "tension anormale", 
		"19": "valeur hors plage", 
		"20": "capteur de temp\u00e9rature d\u00e9faillant", 
		"21": "2 capteurs de temp\u00e9rature d\u00e9faillants", 
		"22": "init ou config invalide", 
		"23": "Surchauffe", 
		"24": "Onduleur HS", 
		"25": "Surcourant", 
		"26": "D\u00e9faut RAM", 
		"27": "D\u00e9faut \u00e9criture/lecture EEPROM", 
		"28": "D\u00e9faut ROM"
	}
	}, 
	"Koyo-HPI serial number": {
	"bytescount": 4, 
	"byte": true, 
	"bitscount": 32
	}
}
}