{
"obd": {
	"baudrate": 10400, 
	"protocol": "CAN", 
	"recv_id": "762", 
	"funcname": "Direction assist\u00e9e", 
	"funcaddr": "04", 
	"send_id": "742"
}, 
"devices": [
	{
	"dtc": 22021, 
	"devicedata": {}, 
	"dtctype": 0, 
	"name": "Angle sensor"
	}, 
	{
	"dtc": 61443, 
	"devicedata": {}, 
	"dtctype": 0, 
	"name": "Battery Voltage"
	}, 
	{
	"dtc": 0, 
	"devicedata": {}, 
	"dtctype": 0, 
	"name": "IS-ECM"
	}, 
	{
	"dtc": 22025, 
	"devicedata": {}, 
	"dtctype": 2, 
	"name": "HEPS_Fault _ Hall effect"
	}, 
	{
	"dtc": 22024, 
	"devicedata": {}, 
	"dtctype": 2, 
	"name": "HEPS_ECU_Fault"
	}, 
	{
	"dtc": 53248, 
	"devicedata": {}, 
	"dtctype": 0, 
	"name": "CAN Bus Fault"
	}, 
	{
	"dtc": 0, 
	"devicedata": {}, 
	"dtctype": 0, 
	"name": "IS-ABS"
	}, 
	{
	"dtc": 22036, 
	"devicedata": {}, 
	"dtctype": 2, 
	"name": "Derating"
	}
], 
"ecuname": "GEP_X91_V6_SlotV1", 
"autoidents": [
	{
	"diagversion": "4", 
	"supplier": "373", 
	"version": "0011", 
	"soft": "50A0"
	}, 
	{
	"diagversion": "4", 
	"supplier": "373", 
	"version": "0012", 
	"soft": "A03A"
	}, 
	{
	"diagversion": "4", 
	"supplier": "373", 
	"version": "0000", 
	"soft": "0000"
	}
], 
"endian": "Big", 
"requests": [
	{
	"name": "StartDiagnosticSession.Default", 
	"replybytes": "5081", 
	"deny_sds": [], 
	"manualsend": true, 
	"minbytes": 2, 
	"sentbytes": "1081"
	}, 
	{
	"name": "DataRead.Assistance_level", 
	"replybytes": "62011500", 
	"deny_sds": [], 
	"receivebyte_dataitems": {
		"Assistance_level": {
		"ref": true, 
		"firstbyte": 4
		}
	}, 
	"minbytes": 4, 
	"sentbytes": "220115"
	}, 
	{
	"name": "DataRead.flag wheel stering angle", 
	"replybytes": "62015A00", 
	"deny_sds": [], 
	"receivebyte_dataitems": {
		"Flag wheel steering angle sensor present": {
		"firstbyte": 4
		}
	}, 
	"minbytes": 4, 
	"sentbytes": "22015A"
	}, 
	{
	"name": "DataRead.Consigned_speed_ST", 
	"replybytes": "62011B00", 
	"deny_sds": [], 
	"receivebyte_dataitems": {
		"Consigned_Speed_ST": {
		"ref": true, 
		"firstbyte": 4
		}
	}, 
	"minbytes": 4, 
	"sentbytes": "22011B"
	}, 
	{
	"name": "Read memory Temperature ELEC", 
	"replybytes": "63", 
	"deny_sds": [], 
	"receivebyte_dataitems": {
		"Power_module_temperature": {
		"firstbyte": 3
		}
	}, 
	"minbytes": 3, 
	"sentbytes": "230000073A0002"
	}, 
	{
	"name": "Read memory Tension", 
	"replybytes": "63", 
	"deny_sds": [], 
	"receivebyte_dataitems": {
		"Voltage_ST": {
		"firstbyte": 2, 
		"endian": "Little"
		}
	}, 
	"minbytes": 3, 
	"sentbytes": "23000007060002"
	}, 
	{
	"name": "DataRead.Velocity", 
	"replybytes": "6201010000", 
	"deny_sds": [], 
	"receivebyte_dataitems": {
		"Velocity_ST": {
		"ref": true, 
		"firstbyte": 4
		}
	}, 
	"minbytes": 5, 
	"sentbytes": "220101"
	}, 
	{
	"name": "StartDiagnosticSession", 
	"replybytes": "50", 
	"deny_sds": [], 
	"manualsend": true, 
	"sendbyte_dataitems": {
		"SessionName": {
		"firstbyte": 2
		}
	}, 
	"minbytes": 2, 
	"sentbytes": "10C0"
	}, 
	{
	"name": "DataWrite.ignition off delay timer", 
	"replybytes": "6E", 
	"deny_sds": [], 
	"manualsend": true, 
	"sendbyte_dataitems": {
		"Ignition off delay timer": {
		"firstbyte": 3
		}
	}, 
	"minbytes": 1, 
	"sentbytes": "2E000000"
	}, 
	{
	"name": "DataRead.SparePartNumber", 
	"replybytes": "62F18700000000000000000000", 
	"deny_sds": [], 
	"receivebyte_dataitems": {
		"SparePartNumber": {
		"firstbyte": 4
		}
	}, 
	"minbytes": 12, 
	"sentbytes": "22F187"
	}, 
	{
	"name": "DataWrite.Date of After-Sales", 
	"deny_sds": [], 
	"manualsend": true, 
	"sendbyte_dataitems": {
		"Jour": {
		"firstbyte": 4
		}, 
		"Mois": {
		"firstbyte": 5
		}, 
		"Ann\u00e9e": {
		"firstbyte": 3
		}
	}, 
	"minbytes": 1, 
	"sentbytes": "3BC0000000000000"
	}, 
	{
	"name": "DataRead.Consigned_power_ST", 
	"replybytes": "6201130000", 
	"deny_sds": [], 
	"receivebyte_dataitems": {
		"Consigned_Power_ST": {
		"ref": true, 
		"firstbyte": 4
		}
	}, 
	"minbytes": 4, 
	"sentbytes": "220113"
	}, 
	{
	"name": "DataRead.Voltage", 
	"replybytes": "62012F0000", 
	"deny_sds": [], 
	"receivebyte_dataitems": {
		"Voltage_ST": {
		"ref": true, 
		"firstbyte": 4
		}
	}, 
	"minbytes": 5, 
	"sentbytes": "22012F"
	}, 
	{
	"name": "DataWrite.Boost curve3", 
	"replybytes": "7B21", 
	"deny_sds": [], 
	"manualsend": true, 
	"sendbyte_dataitems": {
		"RPM 19": {
		"firstbyte": 5
		}, 
		"RPM 21": {
		"firstbyte": 9
		}, 
		"RPM 20": {
		"firstbyte": 7
		}, 
		"RPM 23": {
		"firstbyte": 13
		}, 
		"RPM 22": {
		"firstbyte": 11
		}, 
		"RPM 24": {
		"firstbyte": 15
		}
	}, 
	"minbytes": 1, 
	"sentbytes": "3B210003000000000000000000000000"
	}, 
	{
	"receivebyte_dataitems": {
		"Mois": {
		"ref": true, 
		"firstbyte": 8
		}, 
		"Jour": {
		"ref": true, 
		"firstbyte": 7
		}, 
		"Ann\u00e9e": {
		"ref": true, 
		"firstbyte": 9
		}, 
		"CEM Number": {
		"ref": true, 
		"firstbyte": 10
		}, 
		"Koyo-HPI serial number": {
		"ref": true, 
		"firstbyte": 3
		}
	}, 
	"deny_sds": [], 
	"minbytes": 11, 
	"sentbytes": "2184", 
	"name": "DataRead.Traceability Information"
	}, 
	{
	"name": "ReadDTCInformation.ReportExtendedData", 
	"replybytes": "590600000000", 
	"deny_sds": [], 
	"receivebyte_dataitems": {
		"DTCExtendedData.AgingCounter": {
		"firstbyte": 8
		}, 
		"DTCExtendedDataRecordNumber": {
		"firstbyte": 7
		}, 
		"DTCExtendedData.Mileage": {
		"firstbyte": 8
		}, 
		"DTCRecord": {
		"firstbyte": 3
		}, 
		"StatusOfDTC": {
		"firstbyte": 6
		}, 
		"DTCExtendedData.DTCOccurrenceCounter": {
		"firstbyte": 8
		}
	}, 
	"sendbyte_dataitems": {
		"DTCMaskRecord": {
		"firstbyte": 3
		}
	}, 
	"minbytes": 6, 
	"sentbytes": "1906000000FF"
	}, 
	{
	"name": "StartDiagnosticSession.ExtendedDiagnostic", 
	"replybytes": "50C0", 
	"deny_sds": [], 
	"manualsend": true, 
	"minbytes": 2, 
	"sentbytes": "10C0"
	}, 
	{
	"name": "DataRead.VIN", 
	"replybytes": "6181", 
	"deny_sds": [], 
	"receivebyte_dataitems": {
		"VIN": {
		"ref": true, 
		"firstbyte": 3
		}, 
		"CRC VIN": {
		"ref": true, 
		"firstbyte": 20
		}
	}, 
	"minbytes": 21, 
	"sentbytes": "2181"
	}, 
	{
	"name": "ReadDTCInformation.ReportExtendedData.AgingCounter", 
	"replybytes": "5906000000008100", 
	"deny_sds": [], 
	"receivebyte_dataitems": {
		"DTCRecord": {
		"firstbyte": 3
		}, 
		"DTCExtendedData.AgingCounter": {
		"firstbyte": 8
		}, 
		"StatusOfDTC": {
		"firstbyte": 6
		}, 
		"DTCExtendedDataRecordNumber": {
		"firstbyte": 7
		}
	}, 
	"sendbyte_dataitems": {
		"DTCMaskRecord": {
		"firstbyte": 3
		}
	}, 
	"minbytes": 6, 
	"sentbytes": "190600000081"
	}, 
	{
	"name": "DataRead Vit ang", 
	"replybytes": "61210A00", 
	"deny_sds": [], 
	"receivebyte_dataitems": {
		"Vit ang3": {
		"ref": true, 
		"firstbyte": 11
		}, 
		"Vit ang2": {
		"ref": true, 
		"firstbyte": 9
		}, 
		"Vit ang1": {
		"ref": true, 
		"firstbyte": 7
		}, 
		"Vit ang0": {
		"ref": true, 
		"firstbyte": 5
		}, 
		"Vit ang5": {
		"ref": true, 
		"firstbyte": 15
		}, 
		"Vit ang4": {
		"ref": true, 
		"firstbyte": 13
		}
	}, 
	"minbytes": 16, 
	"sentbytes": "2121000E"
	}, 
	{
	"name": "DataWrite.HEPS tuning selection", 
	"deny_sds": [], 
	"manualsend": true, 
	"sendbyte_dataitems": {
		"HEPS Tuning Selection": {
		"firstbyte": 3
		}
	}, 
	"minbytes": 1, 
	"sentbytes": "3B0200000000000000000000000000000000000000"
	}, 
	{
	"name": "DataRead.Boost curve3", 
	"replybytes": "61210603", 
	"deny_sds": [], 
	"receivebyte_dataitems": {
		"RPM 19": {
		"ref": true, 
		"firstbyte": 5
		}, 
		"RPM 21": {
		"ref": true, 
		"firstbyte": 9
		}, 
		"RPM 20": {
		"ref": true, 
		"firstbyte": 7
		}, 
		"RPM 23": {
		"ref": true, 
		"firstbyte": 13
		}, 
		"RPM 22": {
		"ref": true, 
		"firstbyte": 11
		}, 
		"RPM 24": {
		"ref": true, 
		"firstbyte": 15
		}
	}, 
	"minbytes": 16, 
	"sentbytes": "21210003"
	}, 
	{
	"name": "ReadDTCInformation.ReportSnapshot", 
	"replybytes": "590400000000", 
	"deny_sds": [], 
	"receivebyte_dataitems": {
		"DTCRecord": {
		"firstbyte": 3
		}, 
		"StatusOfDTC": {
		"firstbyte": 6
		}
	}, 
	"sendbyte_dataitems": {
		"DTCMaskRecord": {
		"firstbyte": 3
		}
	}, 
	"minbytes": 6, 
	"sentbytes": "1904000000FF"
	}, 
	{
	"name": "DataWrite.VIN", 
	"deny_sds": [], 
	"manualsend": true, 
	"sendbyte_dataitems": {
		"VIN": {
		"firstbyte": 2
		}, 
		"CRC VIN": {
		"firstbyte": 19
		}
	}, 
	"minbytes": 1, 
	"sentbytes": "3B8100000000000000000000000000000000000000"
	}, 
	{
	"name": "DataRead.Ignition_status", 
	"replybytes": "62013100", 
	"deny_sds": [], 
	"receivebyte_dataitems": {
		"Ignition_Status": {
		"ref": true, 
		"firstbyte": 4
		}
	}, 
	"minbytes": 4, 
	"sentbytes": "220131"
	}, 
	{
	"name": "DataRead.Filtered_vehicle_speed", 
	"replybytes": "62011600", 
	"deny_sds": [], 
	"receivebyte_dataitems": {
		"Filtered_Vehicle_speed": {
		"ref": true, 
		"firstbyte": 4
		}
	}, 
	"minbytes": 4, 
	"sentbytes": "220116"
	}, 
	{
	"name": "DataWrite.Vsp", 
	"replybytes": "7B21", 
	"deny_sds": [], 
	"manualsend": true, 
	"sendbyte_dataitems": {
		"Vsp5": {
		"firstbyte": 15
		}, 
		"Vsp4": {
		"firstbyte": 13
		}, 
		"Vsp1": {
		"firstbyte": 7
		}, 
		"Vsp0": {
		"firstbyte": 5
		}, 
		"Vsp3": {
		"firstbyte": 11
		}, 
		"Vsp2": {
		"firstbyte": 9
		}
	}, 
	"minbytes": 1, 
	"sentbytes": "3B21000F000000000000000000000000"
	}, 
	{
	"name": "ReadDTCInformation.ReportExtendedData.Mileage", 
	"replybytes": "59060000000080000000", 
	"deny_sds": [], 
	"receivebyte_dataitems": {
		"DTCExtendedData.Mileage": {
		"firstbyte": 8
		}, 
		"DTCRecord": {
		"firstbyte": 3
		}, 
		"StatusOfDTC": {
		"firstbyte": 6
		}, 
		"DTCExtendedDataRecordNumber": {
		"firstbyte": 7
		}
	}, 
	"sendbyte_dataitems": {
		"DTCMaskRecord": {
		"firstbyte": 3
		}
	}, 
	"minbytes": 6, 
	"sentbytes": "190600000080"
	}, 
	{
	"name": "StartDiagnosticSession.Programming", 
	"replybytes": "5085", 
	"deny_sds": [], 
	"manualsend": true, 
	"minbytes": 2, 
	"sentbytes": "1085"
	}, 
	{
	"name": "DataRead.Intersystem multiplex network", 
	"replybytes": "6182", 
	"deny_sds": [], 
	"receivebyte_dataitems": {
		"BUS OFF parameter": {
		"ref": true, 
		"firstbyte": 5
		}, 
		"ABS_ESP absent": {
		"ref": true, 
		"firstbyte": 7
		}, 
		"ECM_absent": {
		"ref": true, 
		"firstbyte": 8
		}, 
		"MUX messaging reference": {
		"ref": true, 
		"firstbyte": 3
		}, 
		"Mute module parameter": {
		"ref": true, 
		"firstbyte": 6
		}
	}, 
	"minbytes": 8, 
	"sentbytes": "2182"
	}, 
	{
	"name": "DataRead.ECU_Temperature", 
	"replybytes": "62012E00", 
	"deny_sds": [], 
	"receivebyte_dataitems": {
		"ECU_Temperature": {
		"ref": true, 
		"firstbyte": 4
		}
	}, 
	"minbytes": 4, 
	"sentbytes": "22012E"
	}, 
	{
	"name": "DataRead.Boost curve2", 
	"replybytes": "61210602", 
	"deny_sds": [], 
	"receivebyte_dataitems": {
		"RPM 14": {
		"ref": true, 
		"firstbyte": 7
		}, 
		"RPM 15": {
		"ref": true, 
		"firstbyte": 9
		}, 
		"RPM 16": {
		"ref": true, 
		"firstbyte": 11
		}, 
		"RPM 17": {
		"ref": true, 
		"firstbyte": 13
		}, 
		"RPM 13": {
		"ref": true, 
		"firstbyte": 5
		}, 
		"RPM 18": {
		"ref": true, 
		"firstbyte": 15
		}
	}, 
	"minbytes": 16, 
	"sentbytes": "21210002"
	}, 
	{
	"name": "DataRead.Boost curve1", 
	"replybytes": "61210601", 
	"deny_sds": [], 
	"receivebyte_dataitems": {
		"RPM 10": {
		"ref": true, 
		"firstbyte": 11
		}, 
		"RPM 7": {
		"ref": true, 
		"firstbyte": 5
		}, 
		"RPM 12": {
		"ref": true, 
		"firstbyte": 15
		}, 
		"RPM 8": {
		"ref": true, 
		"firstbyte": 7
		}, 
		"RPM 9": {
		"ref": true, 
		"firstbyte": 9
		}, 
		"RPM 11": {
		"ref": true, 
		"firstbyte": 13
		}
	}, 
	"minbytes": 16, 
	"sentbytes": "21210001"
	}, 
	{
	"name": "DataRead.Boost curve0", 
	"replybytes": "61210600", 
	"deny_sds": [], 
	"receivebyte_dataitems": {
		"RPM 2": {
		"ref": true, 
		"firstbyte": 7
		}, 
		"RPM 3": {
		"ref": true, 
		"firstbyte": 9
		}, 
		"RPM 1": {
		"ref": true, 
		"firstbyte": 5
		}, 
		"RPM 6": {
		"ref": true, 
		"firstbyte": 15
		}, 
		"RPM 4": {
		"ref": true, 
		"firstbyte": 11
		}, 
		"RPM 5": {
		"ref": true, 
		"firstbyte": 13
		}
	}, 
	"minbytes": 16, 
	"sentbytes": "21210000"
	}, 
	{
	"name": "DataRead.Boost curve5", 
	"replybytes": "61210605", 
	"deny_sds": [], 
	"receivebyte_dataitems": {
		"RPM 32": {
		"ref": true, 
		"firstbyte": 7
		}, 
		"RPM 33": {
		"ref": true, 
		"firstbyte": 9
		}, 
		"RPM 31": {
		"ref": true, 
		"firstbyte": 5
		}, 
		"RPM 36": {
		"ref": true, 
		"firstbyte": 15
		}, 
		"RPM 34": {
		"ref": true, 
		"firstbyte": 11
		}, 
		"RPM 35": {
		"ref": true, 
		"firstbyte": 13
		}
	}, 
	"minbytes": 16, 
	"sentbytes": "21210005"
	}, 
	{
	"name": "DataRead.Boost curve4", 
	"replybytes": "61210604", 
	"deny_sds": [], 
	"receivebyte_dataitems": {
		"RPM 29": {
		"ref": true, 
		"firstbyte": 13
		}, 
		"RPM 28": {
		"ref": true, 
		"firstbyte": 11
		}, 
		"RPM 30": {
		"ref": true, 
		"firstbyte": 15
		}, 
		"RPM 25": {
		"ref": true, 
		"firstbyte": 5
		}, 
		"RPM 27": {
		"ref": true, 
		"firstbyte": 9
		}, 
		"RPM 26": {
		"ref": true, 
		"firstbyte": 7
		}
	}, 
	"minbytes": 16, 
	"sentbytes": "21210004"
	}, 
	{
	"name": "StartDiagnosticSession.Supplier", 
	"replybytes": "50FA", 
	"deny_sds": [], 
	"manualsend": true, 
	"minbytes": 2, 
	"sentbytes": "10FA"
	}, 
	{
	"name": "Read memory PWM", 
	"replybytes": "63", 
	"deny_sds": [], 
	"receivebyte_dataitems": {
		"Assistance_level": {
		"firstbyte": 2, 
		"endian": "Little"
		}
	}, 
	"minbytes": 3, 
	"sentbytes": "23000007F40002"
	}, 
	{
	"name": "DataRead Vsp", 
	"replybytes": "61210B00", 
	"deny_sds": [], 
	"receivebyte_dataitems": {
		"Vsp5": {
		"ref": true, 
		"firstbyte": 15
		}, 
		"Vsp4": {
		"ref": true, 
		"firstbyte": 13
		}, 
		"Vsp1": {
		"ref": true, 
		"firstbyte": 7
		}, 
		"Vsp0": {
		"ref": true, 
		"firstbyte": 5
		}, 
		"Vsp3": {
		"ref": true, 
		"firstbyte": 11
		}, 
		"Vsp2": {
		"ref": true, 
		"firstbyte": 9
		}
	}, 
	"minbytes": 16, 
	"sentbytes": "2121000F"
	}, 
	{
	"name": "DataRead.Power_ST", 
	"replybytes": "62012C00", 
	"deny_sds": [], 
	"receivebyte_dataitems": {
		"Power_ST": {
		"ref": true, 
		"firstbyte": 4
		}
	}, 
	"minbytes": 4, 
	"sentbytes": "22012C"
	}, 
	{
	"name": "Read memory consigne rotation speed", 
	"replybytes": "63", 
	"deny_sds": [], 
	"receivebyte_dataitems": {
		"Consigned_Speed_ST": {
		"firstbyte": 2, 
		"endian": "Little"
		}
	}, 
	"minbytes": 3, 
	"sentbytes": "23000007BC0002"
	}, 
	{
	"name": "DataRead.status of the system frame", 
	"replybytes": "6101", 
	"deny_sds": [], 
	"receivebyte_dataitems": {
		"Ignition_Status": {
		"bitoffset": 2, 
		"firstbyte": 18
		}, 
		"Default_vehicle_speed_mode": {
		"firstbyte": 19
		}, 
		"ECU_Temperature": {
		"firstbyte": 12
		}, 
		"Voltage_ST": {
		"firstbyte": 3
		}, 
		"Flag wheel steering angle sensor present": {
		"bitoffset": 5, 
		"firstbyte": 19
		}, 
		"GADE": {
		"bitoffset": 6, 
		"ref": true, 
		"firstbyte": 18
		}, 
		"Filtered_Vehicle_speed": {
		"firstbyte": 17
		}, 
		"Power_module_temperature": {
		"firstbyte": 13
		}, 
		"Fault_indicator_ST": {
		"firstbyte": 18
		}, 
		"Power_ST": {
		"firstbyte": 7
		}, 
		"Consigned_Speed_ST": {
		"firstbyte": 10
		}, 
		"Engine_status": {
		"bitoffset": 3, 
		"firstbyte": 18
		}, 
		"Consigned_Power_ST": {
		"firstbyte": 8
		}, 
		"Vehicle_speed": {
		"firstbyte": 15
		}, 
		"Consigned_torque_ST": {
		"ref": true, 
		"firstbyte": 9
		}, 
		"Assistance_level": {
		"firstbyte": 14
		}, 
		"Engine_stalled_function_state": {
		"bitoffset": 3, 
		"firstbyte": 19
		}, 
		"Velocity_ST": {
		"firstbyte": 5
		}, 
		"Ignition_off_delay_state": {
		"bitoffset": 1, 
		"firstbyte": 19
		}
	}, 
	"minbytes": 19, 
	"sentbytes": "2101"
	}, 
	{
	"name": "DataWrite.Vit ang", 
	"replybytes": "7B21", 
	"deny_sds": [], 
	"manualsend": true, 
	"sendbyte_dataitems": {
		"Vit ang3": {
		"firstbyte": 11
		}, 
		"Vit ang2": {
		"firstbyte": 9
		}, 
		"Vit ang1": {
		"firstbyte": 7
		}, 
		"Vit ang0": {
		"firstbyte": 5
		}, 
		"Vit ang5": {
		"firstbyte": 15
		}, 
		"Vit ang4": {
		"firstbyte": 13
		}
	}, 
	"minbytes": 1, 
	"sentbytes": "3B21000E000000000000000000000000"
	}, 
	{
	"name": "DataWrite.Boost curve1", 
	"replybytes": "7B21", 
	"deny_sds": [], 
	"manualsend": true, 
	"sendbyte_dataitems": {
		"RPM 10": {
		"firstbyte": 11
		}, 
		"RPM 7": {
		"firstbyte": 5
		}, 
		"RPM 12": {
		"firstbyte": 15
		}, 
		"RPM 8": {
		"firstbyte": 7
		}, 
		"RPM 9": {
		"firstbyte": 9
		}, 
		"RPM 11": {
		"firstbyte": 13
		}
	}, 
	"minbytes": 1, 
	"sentbytes": "3B210001000000000000000000000000"
	}, 
	{
	"name": "Read memory Vitesse v\u00e9hicule", 
	"replybytes": "63", 
	"deny_sds": [], 
	"receivebyte_dataitems": {
		"Vehicle_speed": {
		"firstbyte": 2, 
		"endian": "Little"
		}
	}, 
	"minbytes": 3, 
	"sentbytes": "230000085C0002"
	}, 
	{
	"name": "Read memory Vitesse angulaire", 
	"replybytes": "63", 
	"deny_sds": [], 
	"receivebyte_dataitems": {
		"Velocity_ST": {
		"firstbyte": 2, 
		"endian": "Little"
		}
	}, 
	"minbytes": 3, 
	"sentbytes": "230000074E0002"
	}, 
	{
	"name": "DataRead.Motor_rotation_speed", 
	"replybytes": "62011D0000", 
	"deny_sds": [], 
	"receivebyte_dataitems": {
		"Motor_rotation_speed": {
		"ref": true, 
		"firstbyte": 4
		}
	}, 
	"minbytes": 5, 
	"sentbytes": "22011D"
	}, 
	{
	"name": "ReadDTCInformation.ReportDTC", 
	"replybytes": "59020000000000", 
	"deny_sds": [], 
	"receivebyte_dataitems": {
		"DTCStatus.testFailedSinceLastClear": {
		"bitoffset": 2, 
		"firstbyte": 7
		}, 
		"DTCStatus.pendingDTC": {
		"bitoffset": 5, 
		"firstbyte": 7
		}, 
		"DTCStatus.confirmedDTC": {
		"bitoffset": 4, 
		"firstbyte": 7
		}, 
		"DTCDeviceAndFailureTypeOBD": {
		"firstbyte": 4
		}, 
		"DTCFailureType.ManufacturerOrSupplier": {
		"bitoffset": 4, 
		"firstbyte": 6
		}, 
		"DTCFailureType.Category": {
		"firstbyte": 6
		}, 
		"DTCFailureType": {
		"firstbyte": 6
		}, 
		"DTCStatus.testNotCompletedSinceLastClear": {
		"bitoffset": 3, 
		"firstbyte": 7
		}, 
		"DTCStatus.testNotCompletedThisMonitoringCycle": {
		"bitoffset": 1, 
		"firstbyte": 7
		}, 
		"DTCStatusAvailabilityMask": {
		"firstbyte": 3
		}, 
		"DTCStatus.warningIndicatorRequested": {
		"firstbyte": 7
		}, 
		"StatusOfDTC": {
		"firstbyte": 7
		}, 
		"DTCStatus.testFailedThisMonitoringCycle": {
		"bitoffset": 6, 
		"firstbyte": 7
		}, 
		"DTCStatus.testFailed": {
		"bitoffset": 7, 
		"firstbyte": 7
		}, 
		"DTCDeviceIdentifier": {
		"firstbyte": 4
		}
	}, 
	"minbytes": 3, 
	"sentbytes": "1902FF", 
	"shiftbytescount": 4
	}, 
	{
	"name": "DataRead.Engine_status", 
	"replybytes": "62050100", 
	"deny_sds": [], 
	"receivebyte_dataitems": {
		"Engine_status": {
		"bitoffset": 6, 
		"ref": true, 
		"firstbyte": 4
		}
	}, 
	"minbytes": 4, 
	"sentbytes": "220501"
	}, 
	{
	"name": "ClearDiagnosticInformation.All", 
	"deny_sds": [], 
	"minbytes": 1, 
	"sentbytes": "14FFFFFF", 
	"replybytes": "54"
	}, 
	{
	"name": "DataRead.Fault_indicator_ST", 
	"replybytes": "62011A00", 
	"deny_sds": [], 
	"receivebyte_dataitems": {
		"Fault_indicator_ST": {
		"ref": true, 
		"firstbyte": 4
		}
	}, 
	"minbytes": 4, 
	"sentbytes": "22011A"
	}, 
	{
	"deny_sds": [], 
	"minbytes": 1, 
	"sentbytes": "3E01", 
	"name": "TesterPresent.WithResponse"
	}, 
	{
	"name": "DataWrite.Boost curve5", 
	"replybytes": "7B21", 
	"deny_sds": [], 
	"manualsend": true, 
	"sendbyte_dataitems": {
		"RPM 32": {
		"firstbyte": 7
		}, 
		"RPM 33": {
		"firstbyte": 9
		}, 
		"RPM 31": {
		"firstbyte": 5
		}, 
		"RPM 36": {
		"firstbyte": 15
		}, 
		"RPM 34": {
		"firstbyte": 11
		}, 
		"RPM 35": {
		"firstbyte": 13
		}
	}, 
	"minbytes": 1, 
	"sentbytes": "3B210005000000000000000000000000"
	}, 
	{
	"name": "DataWrite.Boost curve4", 
	"replybytes": "7B21", 
	"deny_sds": [], 
	"manualsend": true, 
	"sendbyte_dataitems": {
		"RPM 29": {
		"firstbyte": 13
		}, 
		"RPM 28": {
		"firstbyte": 11
		}, 
		"RPM 30": {
		"firstbyte": 15
		}, 
		"RPM 25": {
		"firstbyte": 5
		}, 
		"RPM 27": {
		"firstbyte": 9
		}, 
		"RPM 26": {
		"firstbyte": 7
		}
	}, 
	"minbytes": 1, 
	"sentbytes": "3B210004000000000000000000000000"
	}, 
	{
	"name": "DataRead.Vehicle_speed", 
	"replybytes": "6202040000", 
	"deny_sds": [], 
	"receivebyte_dataitems": {
		"Vehicle_speed": {
		"ref": true, 
		"firstbyte": 4
		}
	}, 
	"minbytes": 5, 
	"sentbytes": "220204"
	}, 
	{
	"name": "DataWrite.Boost curve2", 
	"replybytes": "7B21", 
	"deny_sds": [], 
	"manualsend": true, 
	"sendbyte_dataitems": {
		"RPM 14": {
		"firstbyte": 7
		}, 
		"RPM 15": {
		"firstbyte": 9
		}, 
		"RPM 16": {
		"firstbyte": 11
		}, 
		"RPM 17": {
		"firstbyte": 13
		}, 
		"RPM 13": {
		"firstbyte": 5
		}, 
		"RPM 18": {
		"firstbyte": 15
		}
	}, 
	"minbytes": 1, 
	"sentbytes": "3B210002000000000000000000000000"
	}, 
	{
	"name": "Read memory rotation speed", 
	"replybytes": "63", 
	"deny_sds": [], 
	"receivebyte_dataitems": {
		"Motor_rotation_speed": {
		"firstbyte": 2, 
		"endian": "Little"
		}
	}, 
	"minbytes": 3, 
	"sentbytes": "23000008220002"
	}, 
	{
	"name": "Read memory Temperature MOS", 
	"replybytes": "63", 
	"deny_sds": [], 
	"receivebyte_dataitems": {
		"ECU_Temperature": {
		"firstbyte": 2, 
		"endian": "Little"
		}
	}, 
	"minbytes": 3, 
	"sentbytes": "23000007380002"
	}, 
	{
	"receivebyte_dataitems": {
		"HardwareNumber.BasicPartList": {
		"ref": true, 
		"firstbyte": 24
		}, 
		"DiagnosticIdentificationCode": {
		"ref": true, 
		"firstbyte": 8
		}, 
		"CalibrationNumber": {
		"ref": true, 
		"firstbyte": 21
		}, 
		"SupplierNumber.ITG": {
		"ref": true, 
		"firstbyte": 9
		}, 
		"HardwareNumber.LowerPart": {
		"ref": true, 
		"firstbyte": 12
		}, 
		"PartNumber.BasicPartList": {
		"ref": true, 
		"firstbyte": 23
		}, 
		"ManufacturerIdentificationCode": {
		"ref": true, 
		"firstbyte": 26
		}, 
		"ApprovalNumber.BasicPartList": {
		"ref": true, 
		"firstbyte": 25
		}, 
		"EditionNumber": {
		"ref": true, 
		"firstbyte": 19
		}, 
		"PartNumber.LowerPart": {
		"ref": true, 
		"firstbyte": 3
		}, 
		"SoftwareNumber": {
		"ref": true, 
		"firstbyte": 17
		}, 
		"SupplierNumber": {
		"ref": true, 
		"firstbyte": 9
		}
	}, 
	"deny_sds": [
		"nosds"
	], 
	"minbytes": 26, 
	"sentbytes": "2180", 
	"name": "DataRead.Identification.5digits"
	}, 
	{
	"name": "DataRead.Power_module_Temperature", 
	"replybytes": "62011C00", 
	"deny_sds": [], 
	"receivebyte_dataitems": {
		"Power_module_temperature": {
		"ref": true, 
		"firstbyte": 4
		}
	}, 
	"minbytes": 4, 
	"sentbytes": "22011C"
	}, 
	{
	"name": "DataWrite.Boost curve0", 
	"replybytes": "7B21", 
	"deny_sds": [], 
	"manualsend": true, 
	"sendbyte_dataitems": {
		"RPM 2": {
		"firstbyte": 7
		}, 
		"RPM 3": {
		"firstbyte": 9
		}, 
		"RPM 1": {
		"firstbyte": 5
		}, 
		"RPM 6": {
		"firstbyte": 15
		}, 
		"RPM 4": {
		"firstbyte": 11
		}, 
		"RPM 5": {
		"firstbyte": 13
		}
	}, 
	"minbytes": 1, 
	"sentbytes": "3B210000000000000000000000000000"
	}
], 
"data": {
	"DTCExtendedDataRecordNumber": {
	"lists": {
		"128": "Mileage", 
		"129": "AgingCounter", 
		"130": "DTCOccurrenceCounter"
	}
	}, 
	"RPM 16": {
	"scaled": true, 
	"bytescount": 2, 
	"step": 78125.0, 
	"divideby": 100000.0, 
	"bitscount": 16
	}, 
	"PartNumber.BasicPartList": {
	"lists": {
		"0": "N/A", 
		"1": "xxxxx"
	}
	}, 
	"Engine status default value": {
	"scaled": true, 
	"bytescount": 2, 
	"bitscount": 16
	}, 
	"Jour": {
	"byte": true
	}, 
	"HardwareNumber.BasicPartList": {
	"lists": {
		"0": "N/A", 
		"1": "47660", 
		"2": "HARDW"
	}
	}, 
	"SparePartNumber": {
	"bytesascii": true, 
	"bytescount": 10, 
	"byte": true, 
	"bitscount": 80
	}, 
	"Ramp up rising time": {
	"scaled": true, 
	"bytescount": 2, 
	"step": 1527.0, 
	"divideby": 100.0, 
	"bitscount": 16
	}, 
	"Steering speed low threshold": {
	"scaled": true, 
	"bytescount": 2, 
	"divideby": 10.0, 
	"bitscount": 16
	}, 
	"Koyo-HPI serial number": {
	"bytescount": 4, 
	"byte": true, 
	"bitscount": 32
	}, 
	"Ann\u00e9e": {
	"byte": true
	}, 
	"Velocity_ST": {
	"comment": "Steering wheel rotation speed", 
	"divideby": 10.0, 
	"bitscount": 16, 
	"scaled": true, 
	"bytescount": 2, 
	"unit": "deg/s"
	}, 
	"DTCDeviceIdentifier": {
	"bytescount": 2, 
	"bitscount": 16, 
	"lists": {
		"53248": "CAN Bus Fault", 
		"61443": "Battery Voltage", 
		"22021": "Angle sensor", 
		"22024": "HEPS_ECU_Fault", 
		"22025": "HEPS_Fault _ Hall effect", 
		"22036": "Derating"
	}
	}, 
	"DTCFailureType.Category": {
	"bitscount": 4, 
	"lists": {
		"0": "General Failure Information", 
		"1": "General Electrical Failures", 
		"2": "General Signal Failures", 
		"3": "FM (Frequency Modulated) / PWM (Pulse Width Modulated) Failures", 
		"4": "System Internal Failures", 
		"5": "System Programming Failures", 
		"6": "Algorithm Based Failures", 
		"7": "Mechanical Failures", 
		"8": "Bus Signal / Message Failures", 
		"9": "Component Failures", 
		"15": "Vehicle manufacturer / System supplier specific"
	}
	}, 
	"DTCStatus.testFailedSinceLastClear": {
	"bitscount": 1, 
	"lists": {
		"0": "No", 
		"1": "Yes"
	}
	}, 
	"BUS OFF confirmation time": {
	"scaled": true, 
	"bytescount": 2, 
	"step": 8.0, 
	"bitscount": 16
	}, 
	"VIN": {
	"bytesascii": true, 
	"bytescount": 17, 
	"byte": true, 
	"bitscount": 136, 
	"comment": "Vehicle Identification Number"
	}, 
	"DTCStatus.testNotCompletedSinceLastClear": {
	"bitscount": 1, 
	"lists": {
		"0": "No", 
		"1": "Yes"
	}
	}, 
	"Assistance_level": {
	"scaled": true, 
	"comment": "Pourcentage of assistance available", 
	"unit": "%"
	}, 
	"Ignition_off_delay_state": {
	"comment": "State of the ignition OFF delay mode", 
	"bitscount": 1, 
	"lists": {
		"0": "not running", 
		"1": "running"
	}
	}, 
	"DTCExtendedData.Mileage": {
	"scaled": true, 
	"bytescount": 3, 
	"comment": "Description of the extendedData Mileage (use by Failure Page to decode data)", 
	"bitscount": 24, 
	"unit": "km"
	}, 
	"Consigned_Power_ST": {
	"scaled": true, 
	"comment": "Value of the calculated motor current (current demand)", 
	"unit": "A", 
	"signed": true
	}, 
	"Vehicle_speed": {
	"comment": "Vehicle speed signal", 
	"divideby": 100.0, 
	"bitscount": 16, 
	"scaled": true, 
	"bytescount": 2, 
	"unit": "km/h"
	}, 
	"SessionName": {
	"lists": {
		"128": "Defaut", 
		"160": "Bureau d'\u00e9tude", 
		"192": "Apr\u00e8s vente"
	}
	}, 
	"RPM 32": {
	"scaled": true, 
	"bytescount": 2, 
	"step": 78125.0, 
	"divideby": 100000.0, 
	"bitscount": 16
	}, 
	"DTCStatus.warningIndicatorRequested": {
	"bitscount": 1, 
	"lists": {
		"0": "No", 
		"1": "Yes"
	}
	}, 
	"RPM 30": {
	"scaled": true, 
	"bytescount": 2, 
	"step": 78125.0, 
	"divideby": 100000.0, 
	"bitscount": 16
	}, 
	"RPM 31": {
	"scaled": true, 
	"bytescount": 2, 
	"step": 78125.0, 
	"divideby": 100000.0, 
	"bitscount": 16
	}, 
	"RPM 36": {
	"scaled": true, 
	"bytescount": 2, 
	"step": 78125.0, 
	"divideby": 100000.0, 
	"bitscount": 16
	}, 
	"RPM 34": {
	"scaled": true, 
	"bytescount": 2, 
	"step": 78125.0, 
	"divideby": 100000.0, 
	"bitscount": 16
	}, 
	"RPM 35": {
	"scaled": true, 
	"bytescount": 2, 
	"step": 78125.0, 
	"divideby": 100000.0, 
	"bitscount": 16
	}, 
	"DTCExtendedData.AgingCounter": {
	"scaled": true, 
	"comment": "Description of the extendedData AgingCounter (use by Failure Page to decode data)"
	}, 
	"Mois": {
	"byte": true
	}, 
	"HEPS Tuning Selection": {
	"lists": {
		"1": "tuning 1", 
		"2": "tuning 2", 
		"3": "tuning 3", 
		"4": "tuning 4", 
		"5": "tuning 5"
	}
	}, 
	"Flag wheel steering angle sensor present": {
	"comment": "Wheel angle sensor present after writing the boost curve", 
	"bitscount": 1, 
	"lists": {
		"0": "absent", 
		"1": "present"
	}
	}, 
	"CEM Number": {
	"scaled": true, 
	"bytescount": 2, 
	"bitscount": 16
	}, 
	"DTCStatusAvailabilityMask": {
	"scaled": true
	}, 
	"EditionNumber": {
	"comment": "Software version(edition) number", 
	"bytescount": 2, 
	"byte": true, 
	"bitscount": 16
	}, 
	"PartNumber.LowerPart": {
	"bytesascii": true, 
	"bytescount": 5, 
	"byte": true, 
	"bitscount": 40
	}, 
	"DTCStatus.pendingDTC": {
	"bitscount": 1, 
	"lists": {
		"0": "No", 
		"1": "Yes"
	}
	}, 
	"DTCRecord": {
	"bytescount": 3, 
	"byte": true, 
	"bitscount": 24
	}, 
	"MUX messaging reference": {
	"bytescount": 2, 
	"byte": true, 
	"bitscount": 16
	}, 
	"RPM 29": {
	"scaled": true, 
	"bytescount": 2, 
	"step": 78125.0, 
	"divideby": 100000.0, 
	"bitscount": 16
	}, 
	"RPM 28": {
	"scaled": true, 
	"bytescount": 2, 
	"step": 78125.0, 
	"divideby": 100000.0, 
	"bitscount": 16
	}, 
	"Soft ramp down falling time": {
	"scaled": true, 
	"bytescount": 2, 
	"step": 382.0, 
	"divideby": 100.0, 
	"bitscount": 16
	}, 
	"DTCStatus.testNotCompletedThisMonitoringCycle": {
	"bitscount": 1, 
	"lists": {
		"0": "No", 
		"1": "Yes"
	}
	}, 
	"RPM 21": {
	"scaled": true, 
	"bytescount": 2, 
	"step": 78125.0, 
	"divideby": 100000.0, 
	"bitscount": 16
	}, 
	"RPM 20": {
	"scaled": true, 
	"bytescount": 2, 
	"step": 78125.0, 
	"divideby": 100000.0, 
	"bitscount": 16
	}, 
	"RPM 23": {
	"scaled": true, 
	"bytescount": 2, 
	"step": 78125.0, 
	"divideby": 100000.0, 
	"bitscount": 16
	}, 
	"RPM 22": {
	"scaled": true, 
	"bytescount": 2, 
	"step": 78125.0, 
	"divideby": 100000.0, 
	"bitscount": 16
	}, 
	"RPM 25": {
	"scaled": true, 
	"bytescount": 2, 
	"step": 78125.0, 
	"divideby": 100000.0, 
	"bitscount": 16
	}, 
	"RPM 24": {
	"scaled": true, 
	"bytescount": 2, 
	"step": 78125.0, 
	"divideby": 100000.0, 
	"bitscount": 16
	}, 
	"RPM 27": {
	"scaled": true, 
	"bytescount": 2, 
	"step": 78125.0, 
	"divideby": 100000.0, 
	"bitscount": 16
	}, 
	"RPM 26": {
	"scaled": true, 
	"bytescount": 2, 
	"step": 78125.0, 
	"divideby": 100000.0, 
	"bitscount": 16
	}, 
	"Steering speed default value": {
	"scaled": true, 
	"bytescount": 2, 
	"divideby": 10.0, 
	"bitscount": 16
	}, 
	"BUS MUTE confirmation time": {
	"scaled": true, 
	"bytescount": 2, 
	"bitscount": 16
	}, 
	"ABS_ESP absent": {
	"byte": true
	}, 
	"Very soft ramp down falling time": {
	"scaled": true, 
	"bytescount": 2, 
	"step": 6818.0, 
	"bitscount": 16
	}, 
	"Steering speed high threshold": {
	"scaled": true, 
	"bytescount": 2, 
	"divideby": 10.0, 
	"bitscount": 16
	}, 
	"Invalid vehicle speed confirmation time": {
	"scaled": true, 
	"bytescount": 2, 
	"step": 8.0, 
	"bitscount": 16
	}, 
	"Power_module_temperature": {
	"scaled": true, 
	"comment": "Power module temperature measured", 
	"unit": "\u00b0C"
	}, 
	"Ignition off delay timer": {
	"scaled": true, 
	"bytescount": 2, 
	"comment": "temps arr\u00eat GEP", 
	"bitscount": 16, 
	"unit": "s."
	}, 
	"Angle speed rising slope": {
	"scaled": true, 
	"bytescount": 2, 
	"step": 125.0, 
	"divideby": 10.0, 
	"bitscount": 16
	}, 
	"SoftwareNumber": {
	"comment": "Software identification number", 
	"bytescount": 2, 
	"byte": true, 
	"bitscount": 16
	}, 
	"RPM 14": {
	"scaled": true, 
	"bytescount": 2, 
	"step": 78125.0, 
	"divideby": 100000.0, 
	"bitscount": 16
	}, 
	"RPM 15": {
	"scaled": true, 
	"bytescount": 2, 
	"step": 78125.0, 
	"divideby": 100000.0, 
	"bitscount": 16
	}, 
	"Vehicle speed falling slope": {
	"scaled": true, 
	"bytescount": 2, 
	"step": 125.0, 
	"divideby": 100.0, 
	"bitscount": 16
	}, 
	"RPM 17": {
	"scaled": true, 
	"bytescount": 2, 
	"step": 78125.0, 
	"divideby": 100000.0, 
	"bitscount": 16
	}, 
	"RPM 10": {
	"scaled": true, 
	"bytescount": 2, 
	"step": 78125.0, 
	"divideby": 100000.0, 
	"bitscount": 16
	}, 
	"RPM 11": {
	"scaled": true, 
	"bytescount": 2, 
	"step": 78125.0, 
	"divideby": 100000.0, 
	"bitscount": 16
	}, 
	"RPM 12": {
	"scaled": true, 
	"bytescount": 2, 
	"step": 78125.0, 
	"divideby": 100000.0, 
	"bitscount": 16
	}, 
	"RPM 13": {
	"scaled": true, 
	"bytescount": 2, 
	"step": 78125.0, 
	"divideby": 100000.0, 
	"bitscount": 16
	}, 
	"RPM 18": {
	"scaled": true, 
	"bytescount": 2, 
	"step": 78125.0, 
	"divideby": 100000.0, 
	"bitscount": 16
	}, 
	"RPM 19": {
	"scaled": true, 
	"bytescount": 2, 
	"step": 78125.0, 
	"divideby": 100000.0, 
	"bitscount": 16
	}, 
	"Consigned_Speed_ST": {
	"scaled": true, 
	"bytescount": 2, 
	"comment": "value of the motor rotation speed", 
	"bitscount": 16, 
	"unit": "rpm"
	}, 
	"Vit ang3": {
	"scaled": true, 
	"bytescount": 2, 
	"divideby": 10.0, 
	"bitscount": 16
	}, 
	"Vit ang2": {
	"scaled": true, 
	"bytescount": 2, 
	"divideby": 10.0, 
	"bitscount": 16
	}, 
	"Vit ang1": {
	"scaled": true, 
	"bytescount": 2, 
	"divideby": 10.0, 
	"bitscount": 16
	}, 
	"Vit ang0": {
	"scaled": true, 
	"bytescount": 2, 
	"divideby": 10.0, 
	"bitscount": 16
	}, 
	"Vit ang5": {
	"scaled": true, 
	"bytescount": 2, 
	"divideby": 10.0, 
	"bitscount": 16
	}, 
	"Vit ang4": {
	"scaled": true, 
	"bytescount": 2, 
	"divideby": 10.0, 
	"bitscount": 16
	}, 
	"Filtered_Vehicle_speed": {
	"scaled": true, 
	"comment": "Vehicle speed filtered", 
	"unit": "km/h"
	}, 
	"Motor_rotation_speed": {
	"scaled": true, 
	"bytescount": 2, 
	"bitscount": 16, 
	"unit": "rpm"
	}, 
	"BUS OFF parameter": {
	"byte": true
	}, 
	"Mute module parameter": {
	"byte": true, 
	"bytesascii": true
	}, 
	"Consigned_torque_ST": {
	"scaled": true, 
	"comment": "value of the calculated torque", 
	"unit": "N.m", 
	"signed": true
	}, 
	"ECM_absent": {
	"byte": true
	}, 
	"Voltage_ST": {
	"comment": "Battery voltage measured within ECU", 
	"divideby": 256.0, 
	"bitscount": 16, 
	"format": "0.0", 
	"scaled": true, 
	"bytescount": 2, 
	"unit": "V"
	}, 
	"DTCFailureType.ManufacturerOrSupplier": {
	"bitscount": 4
	}, 
	"CRC VIN": {
	"bytesascii": true, 
	"bytescount": 2, 
	"byte": true, 
	"bitscount": 16, 
	"comment": "Check"
	}, 
	"DTCStatus.testFailedThisMonitoringCycle": {
	"bitscount": 1, 
	"lists": {
		"0": "No", 
		"1": "Yes"
	}
	}, 
	"Engine_status": {
	"comment": "State of vehicle engine", 
	"bitscount": 2, 
	"lists": {
		"0": "engine stopped", 
		"1": "Reserved", 
		"2": "Independant running engine", 
		"3": "Running engine-driven"
	}
	}, 
	"GADE": {
	"comment": "General Applicative Diag Enable", 
	"bitscount": 2, 
	"lists": {
		"0": "Faults reports and alerts active during cranking are enabled", 
		"1": "Faults reports and alerts not related to APC are enabled", 
		"2": "Faults reports and alerts are enabled", 
		"3": "unavailable"
	}
	}, 
	"DTCMaskRecord": {
	"bytescount": 3, 
	"byte": true, 
	"bitscount": 24
	}, 
	"SupplierNumber": {
	"comment": "Supplier code (hexa)", 
	"bytescount": 3, 
	"byte": true, 
	"bitscount": 24
	}, 
	"Ignition_Status": {
	"comment": "State of ignition signal", 
	"bitscount": 1, 
	"lists": {
		"0": "Ignition is off", 
		"1": "Ignition is on"
	}
	}, 
	"Vehicle speed rising slope": {
	"scaled": true, 
	"bytescount": 2, 
	"step": 125.0, 
	"divideby": 100.0, 
	"bitscount": 16
	}, 
	"DiagnosticIdentificationCode": {
	"comment": "Diag evolution number", 
	"byte": true
	}, 
	"ECU_Temperature": {
	"scaled": true, 
	"comment": "ECU temperature measured", 
	"unit": "\u00b0C"
	}, 
	"Max speed falling slew rate": {
	"scaled": true, 
	"bytescount": 2, 
	"step": 9765.0, 
	"divideby": 100.0, 
	"bitscount": 16
	}, 
	"Fault_indicator_ST": {
	"comment": "Status of the fault lamp requested", 
	"bitscount": 2, 
	"lists": {
		"0": "No failure", 
		"1": "Minor failure", 
		"2": "Major failure", 
		"3": "Reserved"
	}
	}, 
	"Power_ST": {
	"scaled": true, 
	"comment": "Value of the motor current supplied", 
	"unit": "A", 
	"signed": true
	}, 
	"DTCFailureType": {
	"lists": {
		"0": "Device and failure type ODB codding", 
		"1": "General Electrical Failure", 
		"2": "General signal failure", 
		"3": "FM (Frequency Modulated) / PWM (Pulse Width Modulated) Failures", 
		"4": "System Internal Failures", 
		"5": "System Programming Failures", 
		"6": "Algorithm Based Failures", 
		"7": "Mechanical Failures", 
		"8": "Bus Signal / Message Failures", 
		"9": "Component Failures", 
		"17": "circuit short to ground", 
		"18": "circuit short to battery", 
		"19": "circuit open", 
		"20": "circuit short to ground or open", 
		"21": "circuit short to battery or open", 
		"22": "circuit voltage below threshold", 
		"23": "circuit voltage above threshold", 
		"24": "circuit current below threshold", 
		"25": "circuit current above threshold", 
		"26": "circuit resistance below threshold", 
		"27": "circuit resistance above threshold", 
		"28": "circuit voltage out of range", 
		"29": "circuit current out of range", 
		"30": "circuit resistance out of range", 
		"31": "circuit intermittent", 
		"33": "signal amplitude < minimum", 
		"34": "signal amplitude > maximum", 
		"35": "signal stuck low", 
		"36": "signal stuck high", 
		"37": "signal shape / waveform failure", 
		"38": "signal rate of change below threshold", 
		"39": "signal rate of change above threshold", 
		"40": "signal bias level out of range / zero adjustment failure", 
		"41": "signal signal invalid", 
		"47": "signal erratic", 
		"49": "no signal", 
		"50": "signal low time < minimum", 
		"51": "signal low time > maximum", 
		"52": "signal high time < minimum", 
		"53": "signal high time > maximum", 
		"54": "signal frequency too low", 
		"55": "signal frequency too high", 
		"56": "signal frequency incorrect", 
		"57": "incorrect has too few pulses", 
		"58": "incorrect has too many pulses", 
		"65": "general checksum failure", 
		"66": "general memory failure", 
		"67": "special memory failure", 
		"68": "data memory failure", 
		"69": "program memory failure", 
		"70": "calibration / parameter memory failure", 
		"71": "watchdog / safety \u00b5C failure", 
		"72": "supervision software failure", 
		"73": "internal electronic failure", 
		"74": "incorrect component installed", 
		"75": "over temperature", 
		"81": "not programmed", 
		"82": "not activated", 
		"83": "deactivated", 
		"84": "missing calibration", 
		"85": "not configured", 
		"97": "signal calculation failure", 
		"98": "signal compare failure", 
		"99": "circuit / component protection time-out", 
		"100": "signal plausibility failure", 
		"101": "signal has too few transitions / events", 
		"102": "signal has too many transitions / events", 
		"103": "signal incorrect after event", 
		"104": "event information", 
		"113": "actuator stuck", 
		"114": "actuator stuck open", 
		"115": "actuator stuck closed", 
		"116": "actuator slipping", 
		"117": "emergency position not reachable", 
		"118": "wrong mounting position", 
		"119": "commanded position not reachable", 
		"120": "alignment or adjustment incorrect", 
		"121": "mechanical linkage failure", 
		"122": "fluid leak or seal failure", 
		"123": "low fluid level", 
		"129": "invalid serial data received", 
		"130": "alive / sequence counter incorrect / not updated", 
		"131": "value of signal protection calculation incorrect", 
		"132": "signal below allowable range", 
		"133": "signal above allowable range", 
		"134": "signal invalid", 
		"135": "missing message", 
		"136": "bus off", 
		"143": "erratic", 
		"145": "parametric", 
		"146": "performance or incorrect operation", 
		"147": "no operation", 
		"148": "unexpected operation", 
		"149": "incorrect assembly", 
		"150": "component internal failure", 
		"151": "Component or system operation obstructed or blocked", 
		"152": "component or system over temperature"
	}
	}, 
	"ManufacturerIdentificationCode": {
	"lists": {
		"0": "Renault R1", 
		"128": "Nissan N1", 
		"130": "Nissan N3", 
		"136": "BOMC", 
		"129": "Nissan N2"
	}
	}, 
	"RPM 33": {
	"scaled": true, 
	"bytescount": 2, 
	"step": 78125.0, 
	"divideby": 100000.0, 
	"bitscount": 16
	}, 
	"StatusOfDTC": {
	"scaled": true
	}, 
	"DTCDeviceAndFailureTypeOBD": {
	"bytescount": 2, 
	"bitscount": 16
	}, 
	"SupplierNumber.ITG": {
	"comment": "Supplier ITG code", 
	"bytescount": 3, 
	"byte": true, 
	"bitscount": 24
	}, 
	"SoftWare Number": {
	"comment": "version du soft sur 2 octets", 
	"bytescount": 2, 
	"byte": true, 
	"bitscount": 16
	}, 
	"Engine_stalled_function_state": {
	"comment": "State of the engine stalled mode", 
	"bitscount": 1, 
	"lists": {
		"0": "not running", 
		"1": "running"
	}
	}, 
	"Absent vehicle speed confirmation time": {
	"scaled": true, 
	"bytescount": 2, 
	"step": 8.0, 
	"bitscount": 16
	}, 
	"Absent engine status confirmation time": {
	"scaled": true, 
	"bytescount": 2, 
	"step": 8.0, 
	"bitscount": 16
	}, 
	"DTCStatus.confirmedDTC": {
	"bitscount": 1, 
	"lists": {
		"0": "No", 
		"1": "Yes"
	}
	}, 
	"CalibrationNumber": {
	"comment": "Numero de calibration en Hexa", 
	"bytescount": 2, 
	"byte": true, 
	"bitscount": 16
	}, 
	"DTCExtendedData.DTCOccurrenceCounter": {
	"scaled": true, 
	"comment": "Description of the extendedData DTCOccurenceCounter (use by Failure Page to decode data)"
	}, 
	"Soft ramp up rising time": {
	"scaled": true, 
	"bytescount": 2, 
	"step": 1527.0, 
	"divideby": 100.0, 
	"bitscount": 16
	}, 
	"Vsp5": {
	"scaled": true, 
	"bytescount": 2, 
	"divideby": 100.0, 
	"bitscount": 16
	}, 
	"Vsp4": {
	"scaled": true, 
	"bytescount": 2, 
	"divideby": 100.0, 
	"bitscount": 16
	}, 
	"Ramp down falling rate": {
	"scaled": true, 
	"bytescount": 2, 
	"step": 10.0, 
	"bitscount": 16
	}, 
	"Vsp1": {
	"scaled": true, 
	"bytescount": 2, 
	"divideby": 100.0, 
	"bitscount": 16
	}, 
	"Vsp0": {
	"scaled": true, 
	"bytescount": 2, 
	"divideby": 100.0, 
	"bitscount": 16
	}, 
	"Vsp3": {
	"scaled": true, 
	"bytescount": 2, 
	"divideby": 100.0, 
	"bitscount": 16
	}, 
	"Vsp2": {
	"scaled": true, 
	"bytescount": 2, 
	"divideby": 100.0, 
	"bitscount": 16
	}, 
	"RPM 2": {
	"scaled": true, 
	"bytescount": 2, 
	"step": 78125.0, 
	"divideby": 100000.0, 
	"bitscount": 16
	}, 
	"RPM 3": {
	"scaled": true, 
	"bytescount": 2, 
	"step": 78125.0, 
	"divideby": 100000.0, 
	"bitscount": 16
	}, 
	"RPM 1": {
	"scaled": true, 
	"bytescount": 2, 
	"step": 78125.0, 
	"divideby": 100000.0, 
	"bitscount": 16
	}, 
	"RPM 6": {
	"scaled": true, 
	"bytescount": 2, 
	"step": 78125.0, 
	"divideby": 100000.0, 
	"bitscount": 16
	}, 
	"RPM 7": {
	"scaled": true, 
	"bytescount": 2, 
	"step": 78125.0, 
	"divideby": 100000.0, 
	"bitscount": 16
	}, 
	"RPM 4": {
	"scaled": true, 
	"bytescount": 2, 
	"step": 78125.0, 
	"divideby": 100000.0, 
	"bitscount": 16
	}, 
	"RPM 5": {
	"scaled": true, 
	"bytescount": 2, 
	"step": 78125.0, 
	"divideby": 100000.0, 
	"bitscount": 16
	}, 
	"RPM 8": {
	"scaled": true, 
	"bytescount": 2, 
	"step": 78125.0, 
	"divideby": 100000.0, 
	"bitscount": 16
	}, 
	"RPM 9": {
	"scaled": true, 
	"bytescount": 2, 
	"step": 78125.0, 
	"divideby": 100000.0, 
	"bitscount": 16
	}, 
	"Angle speed falling slope": {
	"scaled": true, 
	"bytescount": 2, 
	"step": 125.0, 
	"divideby": 10.0, 
	"bitscount": 16
	}, 
	"Default_vehicle_speed_mode": {
	"comment": "State of the default vehicle speed mode", 
	"bitscount": 1, 
	"lists": {
		"0": "not running", 
		"1": "running"
	}
	}, 
	"HardwareNumber.LowerPart": {
	"bytesascii": true, 
	"bytescount": 5, 
	"byte": true, 
	"bitscount": 40
	}, 
	"ApprovalNumber.BasicPartList": {
	"lists": {
		"0": "N/A", 
		"1": "RENO.", 
		"2": "NISS."
	}
	}, 
	"DTCStatus.testFailed": {
	"bitscount": 1, 
	"lists": {
		"0": "No", 
		"1": "Yes"
	}
	}, 
	"Vehicle speed default value": {
	"scaled": true, 
	"bytescount": 2, 
	"divideby": 100.0, 
	"bitscount": 16
	}
}
}