{
"obd": {
	"baudrate": 10400, 
	"protocol": "CAN", 
	"recv_id": "7DD", 
	"funcname": "FCAM", 
	"funcaddr": "62", 
	"send_id": "7DC"
}, 
"devices": [
	{
	"dtc": 44290, 
	"devicedata": {}, 
	"dtctype": 2, 
	"name": "Camera virgin"
	}, 
	{
	"dtc": 44292, 
	"devicedata": {}, 
	"dtctype": 2, 
	"name": "Can network"
	}, 
	{
	"dtc": 44293, 
	"devicedata": {}, 
	"dtctype": 3, 
	"name": "LDW LED"
	}, 
	{
	"dtc": 44294, 
	"devicedata": {}, 
	"dtctype": 2, 
	"name": "Camera supply"
	}, 
	{
	"dtc": 44289, 
	"devicedata": {}, 
	"dtctype": 2, 
	"name": "Camera heat"
	}, 
	{
	"dtc": 44288, 
	"devicedata": {}, 
	"dtctype": 2, 
	"name": "Camera"
	}, 
	{
	"dtc": 44291, 
	"devicedata": {}, 
	"dtctype": 0, 
	"name": "LDW switch"
	}
], 
"ecuname": "LDW_ECU_X07_X62 v2.7", 
"autoidents": [
	{
	"diagversion": "4", 
	"supplier": "AFK", 
	"version": "0000", 
	"soft": "0100"
	}, 
	{
	"diagversion": "8", 
	"supplier": "AFK", 
	"version": "0000", 
	"soft": "0200"
	}, 
	{
	"diagversion": "8", 
	"supplier": "AFK", 
	"version": "0000", 
	"soft": "0201"
	}, 
	{
	"diagversion": "8", 
	"supplier": "AFK", 
	"version": "0000", 
	"soft": "0100"
	}, 
	{
	"diagversion": "8", 
	"supplier": "AFK", 
	"version": "0000", 
	"soft": "0300"
	}, 
	{
	"diagversion": "8", 
	"supplier": "AFK", 
	"version": "0000", 
	"soft": "0202"
	}, 
	{
	"diagversion": "8", 
	"supplier": "AFK", 
	"version": "0000", 
	"soft": "0404"
	}
], 
"endian": "Big", 
"requests": [
	{
	"name": "DataWrite.Region", 
	"replybytes": "6E2062", 
	"deny_sds": [], 
	"sendbyte_dataitems": {
		"Region": {
		"firstbyte": 4
		}
	}, 
	"minbytes": 3, 
	"sentbytes": "2E206200"
	}, 
	{
	"name": "DataWrite.Windshield type", 
	"replybytes": "6E2070", 
	"deny_sds": [], 
	"manualsend": true, 
	"sendbyte_dataitems": {
		"Windshield type": {
		"firstbyte": 4
		}
	}, 
	"minbytes": 3, 
	"sentbytes": "2E207000"
	}, 
	{
	"name": "DataRead.Identification.RenaultR2", 
	"replybytes": "6180", 
	"deny_sds": [], 
	"receivebyte_dataitems": {
		"HardwareNumber.BasicPartList": {
		"ref": true, 
		"firstbyte": 24
		}, 
		"HardwareNumberLowerPart": {
		"ref": true, 
		"firstbyte": 12
		}, 
		"IndexNumber": {
		"ref": true, 
		"firstbyte": 19
		}, 
		"CalibrationNumber": {
		"ref": true, 
		"firstbyte": 21
		}, 
		"SupplierITGNumber": {
		"ref": true, 
		"firstbyte": 9
		}, 
		"SoftwareVersion": {
		"ref": true, 
		"firstbyte": 17
		}, 
		"PartNumber.BasicPartList": {
		"ref": true, 
		"firstbyte": 23
		}, 
		"ManufacturerIdentificationCode": {
		"ref": true, 
		"firstbyte": 26
		}, 
		"ApprovalNumber.BasicPartList": {
		"ref": true, 
		"firstbyte": 25
		}, 
		"DiagnosticIdentificationCode": {
		"ref": true, 
		"firstbyte": 8
		}, 
		"PartNumberLowerPart": {
		"ref": true, 
		"firstbyte": 3
		}
	}, 
	"minbytes": 26, 
	"sentbytes": "2180"
	}, 
	{
	"name": "FailuresDetect.All", 
	"replybytes": "710100", 
	"deny_sds": [], 
	"manualsend": true, 
	"receivebyte_dataitems": {
		"RoutineEntryStatus": {
		"firstbyte": 3
		}
	}, 
	"sendbyte_dataitems": {
		"RoutineEntryOption": {
		"firstbyte": 3
		}
	}, 
	"minbytes": 3, 
	"sentbytes": "310100"
	}, 
	{
	"name": "DataWrite.Distance of target from front axle center", 
	"replybytes": "6E2054", 
	"deny_sds": [], 
	"sendbyte_dataitems": {
		"Distance of target from front axle center": {
		"firstbyte": 4
		}
	}, 
	"minbytes": 3, 
	"sentbytes": "2E20540000"
	}, 
	{
	"name": "DataWrite.Vehicle width", 
	"replybytes": "6E2069", 
	"deny_sds": [], 
	"sendbyte_dataitems": {
		"Vehicle width": {
		"firstbyte": 4
		}
	}, 
	"minbytes": 3, 
	"sentbytes": "2E20690000"
	}, 
	{
	"name": "DataWrite.Distance between target", 
	"replybytes": "6E2053", 
	"deny_sds": [], 
	"manualsend": true, 
	"sendbyte_dataitems": {
		"Distance between target": {
		"firstbyte": 4
		}
	}, 
	"minbytes": 3, 
	"sentbytes": "2E20530000"
	}, 
	{
	"name": "StartDiagnosticSession", 
	"replybytes": "50C0", 
	"deny_sds": [], 
	"manualsend": true, 
	"sendbyte_dataitems": {
		"SessionName": {
		"firstbyte": 2
		}
	}, 
	"minbytes": 2, 
	"sentbytes": "10C0"
	}, 
	{
	"name": "DataRead.Vehicle width", 
	"replybytes": "622069", 
	"deny_sds": [], 
	"receivebyte_dataitems": {
		"Vehicle width": {
		"ref": true, 
		"firstbyte": 4
		}
	}, 
	"minbytes": 5, 
	"sentbytes": "222069"
	}, 
	{
	"name": "DataRead.Region", 
	"replybytes": "622062", 
	"deny_sds": [], 
	"receivebyte_dataitems": {
		"Region": {
		"firstbyte": 4
		}
	}, 
	"minbytes": 4, 
	"sentbytes": "222062"
	}, 
	{
	"name": "DataRead.Distance between target", 
	"replybytes": "622053", 
	"deny_sds": [], 
	"receivebyte_dataitems": {
		"Distance between target": {
		"ref": true, 
		"firstbyte": 4
		}
	}, 
	"minbytes": 5, 
	"sentbytes": "222053"
	}, 
	{
	"name": "DataRead.Camera position in the vehicle.X position", 
	"replybytes": "622051", 
	"deny_sds": [], 
	"receivebyte_dataitems": {
		"Camera position in the vehicle.X position": {
		"firstbyte": 4
		}
	}, 
	"minbytes": 5, 
	"sentbytes": "222051"
	}, 
	{
	"name": "DataWrite.Camera position from the ground.Z position", 
	"replybytes": "6E2052", 
	"deny_sds": [], 
	"sendbyte_dataitems": {
		"Camera position from the ground.Z position": {
		"firstbyte": 4
		}
	}, 
	"minbytes": 3, 
	"sentbytes": "2E20520000"
	}, 
	{
	"name": "DataRead.ECU internal temperature", 
	"replybytes": "622055", 
	"deny_sds": [], 
	"receivebyte_dataitems": {
		"ECU internal temperature": {
		"firstbyte": 4
		}
	}, 
	"minbytes": 4, 
	"sentbytes": "222055"
	}, 
	{
	"name": "ReadDTCInformation.ReportExtendedData", 
	"replybytes": "590600000000", 
	"deny_sds": [], 
	"receivebyte_dataitems": {
		"DTCExtendedData.AgingCounter": {
		"firstbyte": 8
		}, 
		"DTCExtendedDataRecordNumber": {
		"firstbyte": 7
		}, 
		"DTCExtendedData.Mileage": {
		"firstbyte": 8
		}, 
		"DTCRecord": {
		"firstbyte": 3
		}, 
		"StatusOfDTC": {
		"firstbyte": 6
		}, 
		"DTCExtendedData.DTCOccurrenceCounter": {
		"firstbyte": 8
		}
	}, 
	"sendbyte_dataitems": {
		"DTCMaskRecord": {
		"firstbyte": 3
		}
	}, 
	"minbytes": 6, 
	"sentbytes": "1906000000FF"
	}, 
	{
	"name": "DataRead.VIN", 
	"replybytes": "6181", 
	"deny_sds": [], 
	"receivebyte_dataitems": {
		"CRC": {
		"firstbyte": 20
		}, 
		"VIN": {
		"firstbyte": 3
		}
	}, 
	"minbytes": 21, 
	"sentbytes": "2181"
	}, 
	{
	"name": "ReadDTCInformation.ReportExtendedData.AgingCounter", 
	"replybytes": "5906000000008100", 
	"deny_sds": [], 
	"receivebyte_dataitems": {
		"DTCRecord": {
		"firstbyte": 3
		}, 
		"DTCExtendedData.AgingCounter": {
		"firstbyte": 8
		}, 
		"StatusOfDTC": {
		"firstbyte": 6
		}, 
		"DTCExtendedDataRecordNumber": {
		"firstbyte": 7
		}
	}, 
	"sendbyte_dataitems": {
		"DTCMaskRecord": {
		"firstbyte": 3
		}
	}, 
	"minbytes": 6, 
	"sentbytes": "190600000081"
	}, 
	{
	"name": "ReadDataByLocalIdentifier: Daimler ID Frame", 
	"replybytes": "61EF", 
	"deny_sds": [], 
	"receivebyte_dataitems": {
		"SoftwarePartNumberDaimler": {
		"firstbyte": 13
		}, 
		"HardwarePartNumberDaimler": {
		"firstbyte": 3
		}
	}, 
	"minbytes": 22, 
	"sentbytes": "21EF"
	}, 
	{
	"name": "DataRead.Pitch angle default value", 
	"replybytes": "622061", 
	"deny_sds": [], 
	"receivebyte_dataitems": {
		"Pitch angle default value": {
		"firstbyte": 4
		}
	}, 
	"minbytes": 5, 
	"sentbytes": "222061"
	}, 
	{
	"name": "ReadDTCInformation.ReportSnapshot", 
	"replybytes": "590400000000", 
	"deny_sds": [], 
	"receivebyte_dataitems": {
		"DTCRecord": {
		"firstbyte": 3
		}, 
		"StatusOfDTC": {
		"firstbyte": 6
		}
	}, 
	"sendbyte_dataitems": {
		"DTCMaskRecord": {
		"firstbyte": 3
		}
	}, 
	"minbytes": 6, 
	"sentbytes": "1904000000FF"
	}, 
	{
	"name": "DataRead.Pitch angle after calibration", 
	"replybytes": "622060", 
	"deny_sds": [], 
	"receivebyte_dataitems": {
		"Pitch angle after calibration": {
		"firstbyte": 4
		}
	}, 
	"minbytes": 7, 
	"sentbytes": "222060"
	}, 
	{
	"name": "DataRead.Height of the center of target from the ground", 
	"replybytes": "622057", 
	"deny_sds": [], 
	"receivebyte_dataitems": {
		"Height of the center of target from the ground": {
		"firstbyte": 4
		}
	}, 
	"minbytes": 4, 
	"sentbytes": "222057"
	}, 
	{
	"name": "DataWrite.Headlamps type", 
	"replybytes": "6E2056", 
	"deny_sds": [], 
	"sendbyte_dataitems": {
		"Headlamps type": {
		"firstbyte": 4
		}
	}, 
	"minbytes": 3, 
	"sentbytes": "2E205600"
	}, 
	{
	"name": "ClearDiagnosticInformation.All", 
	"deny_sds": [], 
	"minbytes": 1, 
	"sentbytes": "14FFFFFF", 
	"replybytes": "54"
	}, 
	{
	"name": "DataRead.Vehicle type", 
	"replybytes": "622068", 
	"deny_sds": [], 
	"receivebyte_dataitems": {
		"Vehicle type": {
		"firstbyte": 4
		}
	}, 
	"minbytes": 4, 
	"sentbytes": "222068"
	}, 
	{
	"name": "ReadDTCInformation.ReportExtendedData.Mileage", 
	"replybytes": "59060000000080000000", 
	"deny_sds": [], 
	"receivebyte_dataitems": {
		"DTCExtendedData.Mileage": {
		"firstbyte": 8
		}, 
		"DTCRecord": {
		"firstbyte": 3
		}, 
		"StatusOfDTC": {
		"firstbyte": 6
		}, 
		"DTCExtendedDataRecordNumber": {
		"firstbyte": 7
		}
	}, 
	"sendbyte_dataitems": {
		"DTCMaskRecord": {
		"firstbyte": 3
		}
	}, 
	"minbytes": 6, 
	"sentbytes": "190600000080"
	}, 
	{
	"name": "ReadDTCInformation.ReportExtendedData.DTCOccurrenceCounter", 
	"replybytes": "5906000000008200", 
	"deny_sds": [], 
	"receivebyte_dataitems": {
		"DTCRecord": {
		"firstbyte": 3
		}, 
		"StatusOfDTC": {
		"firstbyte": 6
		}, 
		"DTCExtendedData.DTCOccurrenceCounter": {
		"firstbyte": 8
		}, 
		"DTCExtendedDataRecordNumber": {
		"firstbyte": 7
		}
	}, 
	"sendbyte_dataitems": {
		"DTCMaskRecord": {
		"firstbyte": 3
		}
	}, 
	"minbytes": 6, 
	"sentbytes": "190600000082"
	}, 
	{
	"name": "StopRoutineByLocalIdentifier", 
	"replybytes": "720100", 
	"deny_sds": [], 
	"receivebyte_dataitems": {
		"RoutineExitStatus": {
		"firstbyte": 3
		}
	}, 
	"minbytes": 3, 
	"sentbytes": "320100"
	}, 
	{
	"name": "DataRead.LDW push button state", 
	"replybytes": "622058", 
	"deny_sds": [], 
	"receivebyte_dataitems": {
		"LDW push button state": {
		"firstbyte": 4
		}
	}, 
	"minbytes": 4, 
	"sentbytes": "222058"
	}, 
	{
	"name": "DataWrite.VIN", 
	"replybytes": "7B81", 
	"deny_sds": [], 
	"sendbyte_dataitems": {
		"CRC": {
		"firstbyte": 20
		}, 
		"VIN": {
		"firstbyte": 3
		}
	}, 
	"minbytes": 2, 
	"sentbytes": "3B8100000000000000000000000000000000000000"
	}, 
	{
	"name": "DataRead.Headlamps type", 
	"replybytes": "622056", 
	"deny_sds": [], 
	"receivebyte_dataitems": {
		"Headlamps type": {
		"firstbyte": 4
		}
	}, 
	"minbytes": 4, 
	"sentbytes": "222056"
	}, 
	{
	"name": "DataRead.Roll angle", 
	"replybytes": "622063", 
	"deny_sds": [], 
	"receivebyte_dataitems": {
		"Roll angle": {
		"firstbyte": 4
		}
	}, 
	"minbytes": 5, 
	"sentbytes": "222063"
	}, 
	{
	"name": "DataRead.Windshield type", 
	"replybytes": "622070", 
	"deny_sds": [], 
	"receivebyte_dataitems": {
		"Windshield type": {
		"ref": true, 
		"firstbyte": 4
		}
	}, 
	"minbytes": 4, 
	"sentbytes": "222070"
	}, 
	{
	"name": "DataRead.VehicleManufacturerSparePartNumber", 
	"replybytes": "62F187", 
	"deny_sds": [], 
	"receivebyte_dataitems": {
		"VehicleManufacturerSparePartNumber": {
		"ref": true, 
		"firstbyte": 4
		}
	}, 
	"minbytes": 13, 
	"sentbytes": "22F187"
	}, 
	{
	"name": "ECUResetHard", 
	"deny_sds": [], 
	"minbytes": 2, 
	"sentbytes": "1101", 
	"replybytes": "5101"
	}, 
	{
	"name": "StartRoutineByLocalIdentifier_PerformRoutineRequested_For_Aftersales", 
	"replybytes": "710100", 
	"deny_sds": [], 
	"manualsend": true, 
	"receivebyte_dataitems": {
		"RoutineEntryStatus": {
		"firstbyte": 3
		}
	}, 
	"minbytes": 3, 
	"sentbytes": "31010000600BB8"
	}, 
	{
	"name": "DataRead.X_offset after calibration", 
	"replybytes": "622071", 
	"deny_sds": [], 
	"receivebyte_dataitems": {
		"X_offset after calibration": {
		"firstbyte": 4
		}
	}, 
	"minbytes": 7, 
	"sentbytes": "222071"
	}, 
	{
	"name": "DataRead.Steering wheel angle", 
	"replybytes": "622064", 
	"deny_sds": [], 
	"receivebyte_dataitems": {
		"Steering wheel angle": {
		"firstbyte": 4
		}
	}, 
	"minbytes": 5, 
	"sentbytes": "222064"
	}, 
	{
	"name": "DataRead.LDW push button LED state", 
	"replybytes": "622059", 
	"deny_sds": [], 
	"receivebyte_dataitems": {
		"LDW push button LED state": {
		"ref": true, 
		"firstbyte": 4
		}
	}, 
	"minbytes": 4, 
	"sentbytes": "222059"
	}, 
	{
	"name": "DataWrite.Height of the center of target from the ground", 
	"replybytes": "6E2057", 
	"deny_sds": [], 
	"sendbyte_dataitems": {
		"Height of the center of target from the ground": {
		"firstbyte": 4
		}
	}, 
	"minbytes": 3, 
	"sentbytes": "2E205700"
	}, 
	{
	"name": "DataRead.Camera position from the ground.Z position", 
	"replybytes": "622052", 
	"deny_sds": [], 
	"receivebyte_dataitems": {
		"Camera position from the ground.Z position": {
		"firstbyte": 4
		}
	}, 
	"minbytes": 5, 
	"sentbytes": "222052"
	}, 
	{
	"name": "DataRead.Distance of target from front axle center", 
	"replybytes": "622054", 
	"deny_sds": [], 
	"receivebyte_dataitems": {
		"Distance of target from front axle center": {
		"firstbyte": 4
		}
	}, 
	"minbytes": 5, 
	"sentbytes": "222054"
	}, 
	{
	"name": "ReadDTCInformation.ReportDTC", 
	"replybytes": "59020000000000", 
	"deny_sds": [], 
	"receivebyte_dataitems": {
		"DTCStatus.testFailedSinceLastClear": {
		"bitoffset": 2, 
		"firstbyte": 7
		}, 
		"DTCStatus.confirmedDTC": {
		"bitoffset": 4, 
		"firstbyte": 7
		}, 
		"DTCDeviceAndFailureTypeOBD": {
		"firstbyte": 4
		}, 
		"DTCFailureType.ManufacturerOrSupplier": {
		"bitoffset": 4, 
		"firstbyte": 6
		}, 
		"DTCFailureType.Category": {
		"firstbyte": 6
		}, 
		"DTCFailureType": {
		"firstbyte": 6
		}, 
		"DTCStatus.testNotCompletedSinceLastClear": {
		"bitoffset": 3, 
		"firstbyte": 7
		}, 
		"DTCStatusAvailabilityMask": {
		"firstbyte": 3
		}, 
		"StatusOfDTC": {
		"firstbyte": 7
		}, 
		"DTCStatus.testFailed": {
		"bitoffset": 7, 
		"firstbyte": 7
		}, 
		"DTCDeviceIdentifier": {
		"firstbyte": 4
		}
	}, 
	"minbytes": 3, 
	"sentbytes": "190209", 
	"shiftbytescount": 4
	}, 
	{
	"name": "DataRead.Supply voltage", 
	"replybytes": "622065", 
	"deny_sds": [], 
	"receivebyte_dataitems": {
		"Supply voltage": {
		"firstbyte": 4
		}
	}, 
	"minbytes": 4, 
	"sentbytes": "222065"
	}, 
	{
	"name": "DataWrite.Vehicle type", 
	"replybytes": "6E2068", 
	"deny_sds": [], 
	"sendbyte_dataitems": {
		"Vehicle type": {
		"firstbyte": 4
		}
	}, 
	"minbytes": 3, 
	"sentbytes": "2E206800"
	}, 
	{
	"name": "StartRoutineByLocalIdentifier_Perform Routine Requested", 
	"replybytes": "710100", 
	"deny_sds": [], 
	"receivebyte_dataitems": {
		"RoutineEntryStatus": {
		"firstbyte": 3
		}
	}, 
	"sendbyte_dataitems": {
		"Distance of target from front axle center": {
		"firstbyte": 6
		}, 
		"Tolerance of height from Z": {
		"firstbyte": 4
		}, 
		"Height of the center of target from the ground": {
		"firstbyte": 5
		}
	}, 
	"minbytes": 3, 
	"sentbytes": "31010000000000"
	}, 
	{
	"name": "DataWrite.Camera position in the vehicle.X position", 
	"replybytes": "6E2051", 
	"deny_sds": [], 
	"sendbyte_dataitems": {
		"Camera position in the vehicle.X position": {
		"firstbyte": 4
		}
	}, 
	"minbytes": 3, 
	"sentbytes": "2E20510000"
	}, 
	{
	"name": "DataRead.Traceability", 
	"replybytes": "6184", 
	"deny_sds": [
		"engineering", 
		"supplier"
	], 
	"receivebyte_dataitems": {
		"Traceability supplier number": {
		"ref": true, 
		"firstbyte": 3
		}, 
		"Traceability serial number": {
		"ref": true, 
		"firstbyte": 9
		}, 
		"Traceability Month and Day of production": {
		"ref": true, 
		"firstbyte": 14
		}, 
		"Traceability year of production": {
		"ref": true, 
		"firstbyte": 6
		}, 
		"Traceability Constant value": {
		"ref": true, 
		"firstbyte": 7
		}, 
		"Traceability available for supplier needs": {
		"firstbyte": 18
		}
	}, 
	"minbytes": 22, 
	"sentbytes": "2184"
	}, 
	{
	"name": "TesterPresent.WithResponse", 
	"deny_sds": [], 
	"minbytes": 1, 
	"sentbytes": "3E01", 
	"replybytes": "7E"
	}, 
	{
	"name": "DataWrite.Camera position in the vehicle.Y position", 
	"replybytes": "6E2050", 
	"deny_sds": [], 
	"sendbyte_dataitems": {
		"Camera position in the vehicle.Y position": {
		"firstbyte": 4
		}
	}, 
	"minbytes": 3, 
	"sentbytes": "2E20500000"
	}, 
	{
	"name": "DataWrite.Tolerance of height from Z", 
	"replybytes": "6E2066", 
	"deny_sds": [], 
	"sendbyte_dataitems": {
		"Tolerance of height from Z": {
		"firstbyte": 4
		}
	}, 
	"minbytes": 3, 
	"sentbytes": "2E206600"
	}, 
	{
	"name": "DataWrite.VehicleManufacturerSparePartNumber", 
	"replybytes": "6EF187", 
	"deny_sds": [], 
	"sendbyte_dataitems": {
		"VehicleManufacturerSparePartNumber": {
		"firstbyte": 4
		}
	}, 
	"minbytes": 3, 
	"sentbytes": "2EF18700000000000000000000"
	}, 
	{
	"name": "DataRead.Camera position in the vehicle.Y position", 
	"replybytes": "622050", 
	"deny_sds": [], 
	"receivebyte_dataitems": {
		"Camera position in the vehicle.Y position": {
		"firstbyte": 4
		}
	}, 
	"minbytes": 5, 
	"sentbytes": "222050"
	}, 
	{
	"name": "DataWrite.Pitch angle default value", 
	"replybytes": "6E2061", 
	"deny_sds": [], 
	"sendbyte_dataitems": {
		"Pitch angle default value": {
		"firstbyte": 4
		}
	}, 
	"minbytes": 3, 
	"sentbytes": "2E20610000"
	}, 
	{
	"name": "DataRead.Tolerance of height from Z", 
	"replybytes": "622066", 
	"deny_sds": [], 
	"receivebyte_dataitems": {
		"Tolerance of height from Z": {
		"firstbyte": 4
		}
	}, 
	"minbytes": 4, 
	"sentbytes": "222066"
	}, 
	{
	"name": "DataRead.Vehicle speed", 
	"replybytes": "622067", 
	"deny_sds": [], 
	"receivebyte_dataitems": {
		"Vehicle speed": {
		"ref": true, 
		"firstbyte": 4
		}
	}, 
	"minbytes": 4, 
	"sentbytes": "222067"
	}, 
	{
	"name": "StartRoutineByLocalIdentifier_Status Request", 
	"replybytes": "710100", 
	"deny_sds": [], 
	"receivebyte_dataitems": {
		"RoutineEntryStatus": {
		"firstbyte": 3
		}
	}, 
	"sendbyte_dataitems": {
		"Distance of target from front axle center": {
		"firstbyte": 6
		}, 
		"Tolerance of height from Z": {
		"firstbyte": 4
		}, 
		"Height of the center of target from the ground": {
		"firstbyte": 5
		}
	}, 
	"minbytes": 3, 
	"sentbytes": "31010100000000"
	}
], 
"data": {
	"Distance of target from front axle center": {
	"scaled": true, 
	"bytescount": 2, 
	"comment": "Value between 0 and 65535mm with a resolution of 1", 
	"bitscount": 16, 
	"unit": "mm"
	}, 
	"HardwareNumberLowerPart": {
	"bytesascii": true, 
	"bytescount": 5, 
	"byte": true, 
	"bitscount": 40
	}, 
	"DiagnosticIdentificationCode": {
	"comment": "Diag evolution number", 
	"byte": true
	}, 
	"VehicleManufacturerSparePartNumber": {
	"bytesascii": true, 
	"bytescount": 10, 
	"byte": true, 
	"bitscount": 80, 
	"comment": "Vehice Spare Part  Number"
	}, 
	"DTCExtendedDataRecordNumber": {
	"lists": {
		"128": "Mileage", 
		"129": "AgingCounter", 
		"130": "DTCOccurrenceCounter"
	}
	}, 
	"DTCExtendedData.Mileage": {
	"scaled": true, 
	"bytescount": 3, 
	"comment": "Description of the extendedData Mileage (use by Failure Page to decode data)", 
	"bitscount": 24, 
	"unit": "km"
	}, 
	"RoutineEntryOption": {
	"comment": "= \"Routine\" input parameters", 
	"lists": {
		"0": "Perform routine requested", 
		"1": "Status request"
	}
	}, 
	"DTCFailureType.Category": {
	"bitscount": 4, 
	"lists": {
		"0": "General Failure Information", 
		"1": "General Electrical Failures", 
		"2": "General Signal Failures", 
		"3": "FM / PWM Failures", 
		"4": "System Internal Failures", 
		"5": "System Programming Failures", 
		"6": "Algorithm Based Failures", 
		"7": "Mechanical Failures", 
		"8": "Bus Signal / Message Failures", 
		"9": "Component Failures", 
		"15": "Vehicle manufacturer / System supplier specific"
	}
	}, 
	"DTCFailureType": {
	"lists": {
		"0": "Device and failure type ODB codding", 
		"1": "General Electrical Failure", 
		"2": "General signal failure", 
		"3": "FM / PWM Failures", 
		"4": "System Internal Failures", 
		"5": "System Programming Failures", 
		"6": "Algorithm Based Failures", 
		"7": "Mechanical Failures", 
		"8": "Bus Signal / Message Failures", 
		"9": "Component Failures", 
		"17": "circuit short to ground", 
		"18": "circuit short to battery", 
		"19": "circuit open", 
		"20": "circuit short to ground or open", 
		"21": "circuit short to battery or open", 
		"22": "circuit voltage below threshold", 
		"23": "circuit voltage above threshold", 
		"24": "circuit current below threshold", 
		"25": "circuit current above threshold", 
		"26": "circuit resistance below threshold", 
		"27": "circuit resistance above threshold", 
		"28": "circuit voltage out of range", 
		"29": "circuit current out of range", 
		"30": "circuit resistance out of range", 
		"31": "circuit intermittent", 
		"33": "signal amplitude < minimum", 
		"34": "signal amplitude > maximum", 
		"35": "signal stuck low", 
		"36": "signal stuck high", 
		"37": "signal shape / waveform failure", 
		"38": "signal rate of change below threshold", 
		"39": "signal rate of change above threshold", 
		"40": "signal bias lvl out of range/zero adjustmt failure", 
		"41": "signal signal invalid", 
		"47": "signal erratic", 
		"49": "no signal", 
		"50": "signal low time < minimum", 
		"51": "signal low time > maximum", 
		"52": "signal high time < minimum", 
		"53": "signal high time > maximum", 
		"54": "signal frequency too low", 
		"55": "signal frequency too high", 
		"56": "signal frequency incorrect", 
		"57": "incorrect has too few pulses", 
		"58": "incorrect has too many pulses", 
		"65": "general checksum failure", 
		"66": "general memory failure", 
		"67": "special memory failure", 
		"68": "data memory failure", 
		"69": "program memory failure", 
		"70": "calibration / parameter memory failure", 
		"71": "watchdog / safety \u00b5C failure", 
		"72": "supervision software failure", 
		"73": "internal electronic failure", 
		"74": "incorrect component installed", 
		"75": "over temperature", 
		"81": "not programmed", 
		"82": "not activated", 
		"83": "deactivated", 
		"84": "missing calibration", 
		"85": "not configured", 
		"97": "signal calculation failure", 
		"98": "signal compare failure", 
		"99": "circuit / component protection time-out", 
		"100": "signal plausibility failure", 
		"101": "signal has too few transitions / events", 
		"102": "signal has too many transitions / events", 
		"103": "signal incorrect after event", 
		"104": "event information", 
		"113": "actuator stuck", 
		"114": "actuator stuck open", 
		"115": "actuator stuck closed", 
		"116": "actuator slipping", 
		"117": "emergency position not reachable", 
		"118": "wrong mounting position", 
		"119": "commanded position not reachable", 
		"120": "alignment or adjustment incorrect", 
		"121": "mechanical linkage failure", 
		"122": "fluid leak or seal failure", 
		"123": "low fluid level", 
		"129": "invalid serial data received", 
		"130": "alive / sequence counter incorrect / not updated", 
		"131": "value of signal protection calculation incorrect", 
		"132": "signal below allowable range", 
		"133": "signal above allowable range", 
		"134": "signal invalid", 
		"135": "missing message", 
		"136": "bus off", 
		"143": "erratic", 
		"145": "parametric", 
		"146": "performance or incorrect operation", 
		"147": "no operation", 
		"148": "unexpected operation", 
		"149": "incorrect assembly", 
		"150": "component internal failure", 
		"151": "Component or syst operation obstructed or blocked", 
		"152": "component or system over temperature"
	}
	}, 
	"ECU internal temperature": {
	"scaled": true, 
	"comment": "Value between -40 and 86 \u00b0C with a resolution of 2", 
	"step": 2.0, 
	"unit": "\u00b0C", 
	"signed": true
	}, 
	"Camera position from the ground.Z position": {
	"scaled": true, 
	"bytescount": 2, 
	"comment": "Value between 0 and 3000 mm with a resolution of 1", 
	"bitscount": 16, 
	"unit": "mm"
	}, 
	"ManufacturerIdentificationCode": {
	"lists": {
		"0": "Renault R1", 
		"128": "Nissan N1", 
		"130": "Nissan N3", 
		"129": "Nissan N2", 
		"136": "Renault", 
		"255": "Renault R3"
	}
	}, 
	"SessionName": {
	"lists": {
		"192": "AfterMarket/Plant Session", 
		"129": "DefaultSession", 
		"133": "ProgrammingSession", 
		"134": "Supplier Session"
	}
	}, 
	"RoutineExitStatus": {
	"lists": {
		"0": "Not activated", 
		"1": "In progress", 
		"2": "Complete and OK", 
		"4": "Complete and not OK"
	}
	}, 
	"Vehicle speed": {
	"scaled": true, 
	"comment": "Value between 0 and 255 km/h with a resolution of 1", 
	"unit": "km/h"
	}, 
	"StatusOfDTC": {
	"scaled": true
	}, 
	"HardwareNumber.BasicPartList": {
	"lists": {
		"1": "285J9"
	}
	}, 
	"DTCExtendedData.AgingCounter": {
	"scaled": true, 
	"comment": "Description of the extendedData AgingCounter (use by Failure Page to decode data)"
	}, 
	"Vehicle type": {
	"comment": "Value between 0 and 5 with a resolution of 1", 
	"lists": {
		"0": "J95\u00b2 Standard", 
		"1": "J95\u00b2 Long", 
		"2": "B95\u00b2", 
		"3": "D95\u00b2", 
		"4": "K95\u00b2", 
		"5": "E95\u00b2", 
		"6": "X62"
	}
	}, 
	"CalibrationNumber": {
	"comment": "Numero de calibration en Hexa", 
	"bytescount": 2, 
	"byte": true, 
	"bitscount": 16
	}, 
	"DTCMaskRecord": {
	"bytescount": 3, 
	"byte": true, 
	"bitscount": 24
	}, 
	"Camera position in the vehicle.X position": {
	"comment": "Value between 0 and 2000 mm with a resolution of 1", 
	"bitscount": 16, 
	"signed": true, 
	"scaled": true, 
	"bytescount": 2, 
	"unit": "mm"
	}, 
	"DTCDeviceAndFailureTypeOBD": {
	"bytescount": 2, 
	"bitscount": 16
	}, 
	"Pitch angle default value": {
	"comment": "Value between -4 and 8\u00b0 with a resolution of 0.001", 
	"divideby": 1000.0, 
	"bitscount": 16, 
	"signed": true, 
	"scaled": true, 
	"bytescount": 2, 
	"unit": "\u00b0"
	}, 
	"Traceability supplier number": {
	"bytesascii": true, 
	"bytescount": 3, 
	"byte": true, 
	"bitscount": 24
	}, 
	"X_offset after calibration": {
	"comment": "Value between 170 and 190mpix with a resolution of 0.001", 
	"divideby": 1000.0, 
	"bitscount": 32, 
	"signed": true, 
	"scaled": true, 
	"bytescount": 4
	}, 
	"Windshield type": {
	"comment": "Value between 0 and 2 with a resolution of 1 (fix coded)", 
	"lists": {
		"0": "Non acoustic windshield", 
		"1": "Acoustic windshield", 
		"2": "Athermic windshield"
	}
	}, 
	"DTCStatusAvailabilityMask": {
	"scaled": true
	}, 
	"Pitch angle after calibration": {
	"comment": "Value between -4 and 8\u00b0 with a resolution of 0.0001", 
	"divideby": 10000.0, 
	"bitscount": 32, 
	"signed": true, 
	"scaled": true, 
	"bytescount": 4, 
	"unit": "\u00b0"
	}, 
	"Traceability Constant value": {
	"bytesascii": true, 
	"bytescount": 2, 
	"byte": true, 
	"bitscount": 16, 
	"comment": "Constant value"
	}, 
	"Tolerance of height from Z": {
	"scaled": true, 
	"comment": "Value between -255 and 255 mm with a resolution of 2", 
	"step": 2.0, 
	"unit": "mm", 
	"signed": true
	}, 
	"DTCFailureType.ManufacturerOrSupplier": {
	"bitscount": 4
	}, 
	"Supply voltage": {
	"scaled": true, 
	"divideby": 10.0, 
	"comment": "Value between 6 and 18 with a resolution of 0.1", 
	"unit": "V"
	}, 
	"HardwarePartNumberDaimler": {
	"bytesascii": true, 
	"bytescount": 10, 
	"byte": true, 
	"bitscount": 80, 
	"comment": "used for the double referencement"
	}, 
	"Camera position in the vehicle.Y position": {
	"comment": "Value between 0 and 2000 mm with a resolution of 1", 
	"bitscount": 16, 
	"signed": true, 
	"scaled": true, 
	"bytescount": 2, 
	"unit": "mm"
	}, 
	"DTCStatus.confirmedDTC": {
	"bitscount": 1, 
	"lists": {
		"0": "No", 
		"1": "Yes"
	}
	}, 
	"Height of the center of target from the ground": {
	"scaled": true, 
	"comment": "Value between 0 and 3825 mm with a resolution of 15", 
	"step": 15.0, 
	"unit": "mm"
	}, 
	"SoftwarePartNumberDaimler": {
	"bytesascii": true, 
	"bytescount": 10, 
	"byte": true, 
	"bitscount": 80, 
	"comment": "used for the double referencement"
	}, 
	"DTCRecord": {
	"bytescount": 3, 
	"byte": true, 
	"bitscount": 24
	}, 
	"Region": {
	"comment": "Value between 0 and 255 with a resolution of 1 (fix coded)", 
	"lists": {
		"0": "USA (Right Hand Traffic)", 
		"1": "Europe (Right Hand Traffic)", 
		"2": "Europe (Left Hand Traffic)", 
		"3": "Russia (Right Hand Traffic)", 
		"4": "Japan (Left Hand Traffic)", 
		"5": "Autralia (Left Hand Traffic)", 
		"6": "Korea (Right Hand Traffic)", 
		"7": "Other/Default (Right Hand Traffic)"
	}
	}, 
	"Headlamps type": {
	"comment": "Value between 0 and 2 with a resolution of 1", 
	"lists": {
		"0": "Halogen", 
		"1": "Xenon", 
		"2": "LED"
	}
	}, 
	"Roll angle": {
	"comment": "Value between -3 and 3 \u00b0 with a resolution of 0.001", 
	"divideby": 1000.0, 
	"bitscount": 16, 
	"signed": true, 
	"scaled": true, 
	"bytescount": 2, 
	"unit": "\u00b0"
	}, 
	"DTCDeviceIdentifier": {
	"bytescount": 2, 
	"bitscount": 16, 
	"lists": {
		"44288": "Camera", 
		"44289": "Camera heat", 
		"44290": "Camera virgin", 
		"44291": "LDW switch", 
		"44292": "Can network", 
		"44293": "LDW LED", 
		"44294": "Camera supply"
	}
	}, 
	"RoutineEntryStatus": {
	"lists": {
		"1": "In progress", 
		"2": "Complete and OK", 
		"4": "Complete and not OK"
	}
	}, 
	"DTCExtendedData.DTCOccurrenceCounter": {
	"scaled": true, 
	"comment": "Description of the extendedData DTCOccurenceCounter (use by Failure Page to decode data)"
	}, 
	"Traceability available for supplier needs": {
	"bytesascii": true, 
	"bytescount": 5, 
	"byte": true, 
	"bitscount": 40
	}, 
	"DTCStatus.testFailedSinceLastClear": {
	"bitscount": 1, 
	"lists": {
		"0": "No", 
		"1": "Yes"
	}
	}, 
	"Traceability Month and Day of production": {
	"bytesascii": true, 
	"bytescount": 4, 
	"byte": true, 
	"bitscount": 32, 
	"comment": "Month and Day of production"
	}, 
	"Distance between target": {
	"scaled": true, 
	"bytescount": 2, 
	"comment": "specific parameter for plant setup 65535mm with the resolution of 1", 
	"bitscount": 16, 
	"unit": "mm"
	}, 
	"IndexNumber": {
	"comment": "Software version(edition) number", 
	"bytescount": 2, 
	"byte": true, 
	"bitscount": 16
	}, 
	"LDW push button state": {
	"comment": "Value between 0 and 1 with a resolution of 1 (fix coded)", 
	"lists": {
		"0": "off", 
		"1": "on"
	}
	}, 
	"CRC": {
	"bytescount": 2, 
	"byte": true, 
	"bitscount": 16
	}, 
	"SupplierITGNumber": {
	"bytesascii": true, 
	"bytescount": 3, 
	"byte": true, 
	"bitscount": 24, 
	"comment": "Supplier ITG code"
	}, 
	"VIN": {
	"bytesascii": true, 
	"bytescount": 17, 
	"byte": true, 
	"bitscount": 136
	}, 
	"SoftwareVersion": {
	"comment": "Software identification number", 
	"bytescount": 2, 
	"byte": true, 
	"bitscount": 16
	}, 
	"Traceability serial number": {
	"bytesascii": true, 
	"bytescount": 5, 
	"byte": true, 
	"bitscount": 40, 
	"comment": "production umber in the week"
	}, 
	"Traceability year of production": {
	"comment": "Year of production", 
	"lists": {
		"48": "2011", 
		"49": "2012", 
		"50": "2013", 
		"51": "2014", 
		"52": "2015", 
		"53": "2016", 
		"54": "2017", 
		"55": "2018", 
		"56": "2019", 
		"57": "2020"
	}
	}, 
	"DTCStatus.testNotCompletedSinceLastClear": {
	"bitscount": 1, 
	"lists": {
		"0": "No", 
		"1": "Yes"
	}
	}, 
	"PartNumber.BasicPartList": {
	"lists": {
		"2": "284A6"
	}
	}, 
	"ApprovalNumber.BasicPartList": {
	"lists": {
		"0": "N/A"
	}
	}, 
	"Vehicle width": {
	"scaled": true, 
	"bytescount": 2, 
	"comment": "Value between 0 and 4000 mm with a resolution of 1", 
	"bitscount": 16, 
	"unit": "mm"
	}, 
	"Steering wheel angle": {
	"comment": "Value between -3276 and 3276 with a resolution of 1", 
	"bitscount": 16, 
	"signed": true, 
	"scaled": true, 
	"bytescount": 2, 
	"unit": "\u00b0"
	}, 
	"LDW push button LED state": {
	"comment": "Value between 0 and 1 with a resolution of 1 (fix coded)", 
	"lists": {
		"0": "off", 
		"1": "on"
	}
	}, 
	"PartNumberLowerPart": {
	"bytesascii": true, 
	"bytescount": 5, 
	"byte": true, 
	"bitscount": 40, 
	"comment": "5 derniers digits de la r\u00e9f\u00e9rence pi\u00e8ce"
	}, 
	"DTCStatus.testFailed": {
	"bitscount": 1, 
	"lists": {
		"0": "No", 
		"1": "Yes"
	}
	}
}
}