{
"obd": {
	"kw1": "48", 
	"kw2": "6", 
	"funcname": "Memo si\u00e8ge", 
	"protocol": "ISO8", 
	"funcaddr": "2A"
}, 
"devices": [], 
"ecuname": "MPC 56 Phase 2", 
"autoidents": [], 
"endian": "Big", 
"requests": [
	{
	"deny_sds": [
		"plant", 
		"aftersales", 
		"engineering", 
		"supplier"
	], 
	"name": "Mode \u00e9tude", 
	"sentbytes": "32"
	}, 
	{
	"receivebyte_dataitems": {
		"N\u00b0 client": {
		"ref": true, 
		"firstbyte": 7
		}, 
		"NPIE": {
		"ref": true, 
		"firstbyte": 2
		}, 
		"Signature programme": {
		"ref": true, 
		"firstbyte": 12
		}
	}, 
	"deny_sds": [
		"plant", 
		"aftersales", 
		"engineering", 
		"supplier"
	], 
	"minbytes": 13, 
	"sentbytes": "50", 
	"name": "Identification"
	}
], 
"data": {
	"N\u00b0 client": {
	"byte": true, 
	"bytesascii": true
	}, 
	"NPIE": {
	"bytescount": 5, 
	"byte": true, 
	"bitscount": 40
	}, 
	"Signature programme": {
	"scaled": true, 
	"bytescount": 2, 
	"bitscount": 16
	}
}
}