{
"obd": {
	"fastinit": false, 
	"funcname": "Injection", 
	"kw1": "D0", 
	"kw2": "8F", 
	"protocol": "KWP2000", 
	"funcaddr": "7A"
}, 
"devices": [], 
"ecuname": "MSA15 -734-716-720", 
"autoidents": [], 
"endian": "Big", 
"requests": [
	{
	"sentbytes": "3BD110", 
	"deny_sds": [
		"plant", 
		"aftersales", 
		"engineering", 
		"supplier"
	], 
	"minbytes": 2, 
	"manualsend": true, 
	"name": "IncrConsigneRalenti"
	}, 
	{
	"receivebyte_dataitems": {
		"temperature d eau": {
		"ref": true, 
		"firstbyte": 3
		}, 
		"temperature carburant": {
		"ref": true, 
		"firstbyte": 7
		}, 
		"cle de calibration 1": {
		"ref": true, 
		"firstbyte": 19
		}, 
		"debit d air frais": {
		"ref": true, 
		"firstbyte": 9
		}, 
		"pression atmospherique": {
		"ref": true, 
		"firstbyte": 13
		}, 
		"tension batterie mesuree": {
		"ref": true, 
		"firstbyte": 17
		}, 
		"cle de calibration 2": {
		"ref": true, 
		"firstbyte": 21
		}, 
		"vitesse du vehicule": {
		"ref": true, 
		"firstbyte": 15
		}, 
		"temperature d air": {
		"ref": true, 
		"firstbyte": 5
		}, 
		"debit carburant": {
		"ref": true, 
		"firstbyte": 11
		}
	}, 
	"deny_sds": [
		"plant", 
		"aftersales", 
		"engineering", 
		"supplier"
	], 
	"minbytes": 22, 
	"sentbytes": "21A8", 
	"name": "Trame 8"
	}, 
	{
	"sendbyte_dataitems": {
		"Configuration Cruise Control": {
		"ref": true, 
		"firstbyte": 3
		}
	}, 
	"deny_sds": [
		"plant", 
		"aftersales", 
		"engineering", 
		"supplier"
	], 
	"minbytes": 1, 
	"sentbytes": "3BE500", 
	"name": "ConfigCruiseControl"
	}, 
	{
	"sendbyte_dataitems": {
		"Configuration jeu de calib": {
		"ref": true, 
		"firstbyte": 3
		}
	}, 
	"deny_sds": [
		"plant", 
		"aftersales", 
		"engineering", 
		"supplier"
	], 
	"minbytes": 2, 
	"sentbytes": "3BE600", 
	"name": "ConfigCalib"
	}, 
	{
	"receivebyte_dataitems": {
		"opt2 - Climatisation": {
		"bitoffset": 6, 
		"ref": true, 
		"firstbyte": 24
		}, 
		"opt2 - Num\u00e9ro de calib": {
		"bitoffset": 1, 
		"ref": true, 
		"firstbyte": 24
		}, 
		"Type injection": {
		"bitoffset": 3, 
		"ref": true, 
		"firstbyte": 23
		}, 
		"opt2 - Thermoplongeurs": {
		"bitoffset": 4, 
		"ref": true, 
		"firstbyte": 24
		}, 
		"Type EGR": {
		"bitoffset": 6, 
		"ref": true, 
		"firstbyte": 23
		}, 
		"opt1 - Verlog": {
		"bitoffset": 5, 
		"ref": true, 
		"firstbyte": 24
		}, 
		"Nb cylindres": {
		"bitoffset": 7, 
		"ref": true, 
		"firstbyte": 23
		}, 
		"Num\u00e9ro calibration": {
		"ref": true, 
		"firstbyte": 21
		}, 
		"opt1 - Regulation vitesse": {
		"bitoffset": 4, 
		"ref": true, 
		"firstbyte": 24
		}, 
		"Num\u00e9ro hard": {
		"ref": true, 
		"firstbyte": 12
		}, 
		"Num\u00e9ro programme": {
		"ref": true, 
		"firstbyte": 17
		}, 
		"opt2 - Direction": {
		"bitoffset": 5, 
		"ref": true, 
		"firstbyte": 24
		}, 
		"opt1 - Direction": {
		"bitoffset": 3, 
		"ref": true, 
		"firstbyte": 24
		}, 
		"Num\u00e9ro fournisseur": {
		"ref": true, 
		"firstbyte": 9
		}, 
		"Type r\u00e9gulation": {
		"bitoffset": 2, 
		"ref": true, 
		"firstbyte": 23
		}, 
		"Num\u00e9ro de pi\u00e8ce": {
		"ref": true, 
		"firstbyte": 3
		}, 
		"Type Alimentation": {
		"bitoffset": 5, 
		"ref": true, 
		"firstbyte": 23
		}, 
		"opt2 - R\u00e9gulation vitesse": {
		"bitoffset": 3, 
		"ref": true, 
		"firstbyte": 24
		}, 
		"Options": {
		"ref": true, 
		"firstbyte": 24
		}, 
		"opt2 - boite": {
		"bitoffset": 7, 
		"ref": true, 
		"firstbyte": 24
		}, 
		"opt1 - Type boite": {
		"bitoffset": 6, 
		"ref": true, 
		"firstbyte": 24
		}, 
		"Num\u00e9ro version": {
		"ref": true, 
		"firstbyte": 19
		}
	}, 
	"deny_sds": [
		"plant", 
		"aftersales", 
		"engineering", 
		"supplier"
	], 
	"minbytes": 26, 
	"sentbytes": "2180", 
	"name": "Identification"
	}, 
	{
	"name": "TestStatique", 
	"deny_sds": [
		"plant", 
		"aftersales", 
		"engineering", 
		"supplier"
	], 
	"manualsend": true, 
	"sendbyte_dataitems": {
		"Commande test statique": {
		"ref": true, 
		"firstbyte": 3
		}
	}, 
	"minbytes": 3, 
	"sentbytes": "31A600"
	}, 
	{
	"name": "Pannes memorisees", 
	"deny_sds": [
		"plant", 
		"aftersales", 
		"engineering", 
		"supplier"
	], 
	"receivebyte_dataitems": {
		"Etat b": {
		"ref": true, 
		"firstbyte": 17
		}, 
		"Nbpanne": {
		"ref": true, 
		"firstbyte": 3
		}, 
		"Etat a": {
		"ref": true, 
		"firstbyte": 7
		}, 
		"Cond. env. a.5": {
		"ref": true, 
		"firstbyte": 13
		}, 
		"Cond. env. b.5": {
		"ref": true, 
		"firstbyte": 23
		}, 
		"Cond. env. b.4": {
		"ref": true, 
		"firstbyte": 22
		}, 
		"Flgpm b": {
		"ref": true, 
		"firstbyte": 14
		}, 
		"Cond. env. a.1": {
		"ref": true, 
		"firstbyte": 9
		}, 
		"Cond. env. b.1": {
		"ref": true, 
		"firstbyte": 19
		}, 
		"Cond. env. b.3": {
		"ref": true, 
		"firstbyte": 21
		}, 
		"Cond. env. b.2": {
		"ref": true, 
		"firstbyte": 20
		}, 
		"Cond. env. a.4": {
		"ref": true, 
		"firstbyte": 12
		}, 
		"Cond. env. a.2": {
		"ref": true, 
		"firstbyte": 10
		}, 
		"Cond. env. a.3": {
		"ref": true, 
		"firstbyte": 11
		}, 
		"Occurence a": {
		"ref": true, 
		"firstbyte": 8
		}, 
		"Type b": {
		"ref": true, 
		"firstbyte": 16
		}, 
		"Occurence b": {
		"ref": true, 
		"firstbyte": 18
		}, 
		"Flgpm a": {
		"ref": true, 
		"firstbyte": 4
		}, 
		"Type a": {
		"ref": true, 
		"firstbyte": 6
		}
	}, 
	"sendbyte_dataitems": {
		"Num\u00e9ro de panne": {
		"ref": true, 
		"firstbyte": 2
		}
	}, 
	"minbytes": 23, 
	"sentbytes": "21A0"
	}, 
	{
	"receivebyte_dataitems": {
		"\u00e9tat test statique": {
		"ref": true, 
		"firstbyte": 3
		}
	}, 
	"deny_sds": [
		"plant", 
		"aftersales", 
		"engineering", 
		"supplier"
	], 
	"minbytes": 3, 
	"sentbytes": "31A601", 
	"name": "StatusTestStatique"
	}, 
	{
	"receivebyte_dataitems": {
		"Electrovanne d avance": {
		"bitoffset": 2, 
		"ref": true, 
		"firstbyte": 6
		}, 
		"Relais thermoplongeur 2": {
		"bitoffset": 6, 
		"ref": true, 
		"firstbyte": 6
		}, 
		"etat de diagnostic 1 des sorties": {
		"ref": true, 
		"firstbyte": 5
		}, 
		"Relais thermoplongeur 1": {
		"ref": true, 
		"firstbyte": 5
		}, 
		"Voyant surchauffe": {
		"ref": true, 
		"firstbyte": 8
		}, 
		"Electrovanne EGR": {
		"bitoffset": 4, 
		"ref": true, 
		"firstbyte": 6
		}, 
		"Relais GEPDA": {
		"bitoffset": 6, 
		"ref": true, 
		"firstbyte": 8
		}, 
		"Relais GMV2": {
		"bitoffset": 4, 
		"ref": true, 
		"firstbyte": 8
		}, 
		"Relais GMV1": {
		"bitoffset": 2, 
		"ref": true, 
		"firstbyte": 8
		}, 
		"Autorisation climatisation": {
		"bitoffset": 6, 
		"ref": true, 
		"firstbyte": 5
		}, 
		"Stop \u00e9lectrique": {
		"bitoffset": 6, 
		"ref": true, 
		"firstbyte": 7
		}, 
		"Relais pr\u00e9-postchauffage": {
		"bitoffset": 4, 
		"ref": true, 
		"firstbyte": 5
		}, 
		"correction APV sur le regime de ralenti": {
		"ref": true, 
		"firstbyte": 3
		}, 
		"Voyant d\u00e9faut": {
		"bitoffset": 2, 
		"ref": true, 
		"firstbyte": 5
		}, 
		"Voyant pr\u00e9chauffage": {
		"ref": true, 
		"firstbyte": 6
		}, 
		"etat de diagnostic 2 des sorties": {
		"ref": true, 
		"firstbyte": 7
		}
	}, 
	"deny_sds": [
		"plant", 
		"aftersales", 
		"engineering", 
		"supplier"
	], 
	"minbytes": 8, 
	"sentbytes": "21AA", 
	"name": "Trame 10"
	}, 
	{
	"receivebyte_dataitems": {
		"commande du relais2 thermoplongeurs": {
		"ref": true, 
		"firstbyte": 21
		}, 
		"commande du relais1 thermoplongeurs": {
		"ref": true, 
		"firstbyte": 9
		}, 
		"commande RCO de l electrovanne d avance": {
		"ref": true, 
		"firstbyte": 19
		}, 
		"commande du stop electrique": {
		"ref": true, 
		"firstbyte": 13
		}, 
		"commande du relais de pre-post chauffage": {
		"ref": true, 
		"firstbyte": 7
		}, 
		"commande de la lampe diagnostic": {
		"ref": true, 
		"firstbyte": 5
		}, 
		"commande RCO de l electrovanne d EGR": {
		"ref": true, 
		"firstbyte": 17
		}, 
		"commande d autorisation de la climatisation": {
		"ref": true, 
		"firstbyte": 11
		}, 
		"commande de la lampe pre-post chauffage": {
		"ref": true, 
		"firstbyte": 3
		}, 
		"commande du relais d alimentation du calculateur": {
		"ref": true, 
		"firstbyte": 15
		}
	}, 
	"deny_sds": [
		"plant", 
		"aftersales", 
		"engineering", 
		"supplier"
	], 
	"minbytes": 22, 
	"sentbytes": "21AB", 
	"name": "Trame 11"
	}, 
	{
	"receivebyte_dataitems": {
		"consigne d avance": {
		"ref": true, 
		"firstbyte": 7
		}, 
		"consigne de debit d air pour l EGR": {
		"ref": true, 
		"firstbyte": 11
		}, 
		"mesure de la tension pompe pour le debit": {
		"ref": true, 
		"firstbyte": 5
		}, 
		"mesure du debit d air pour l EGR": {
		"ref": true, 
		"firstbyte": 13
		}, 
		"mesure de l avance": {
		"ref": true, 
		"firstbyte": 9
		}, 
		"consigne en tension pour le debit carburant": {
		"ref": true, 
		"firstbyte": 3
		}
	}, 
	"deny_sds": [
		"plant", 
		"aftersales", 
		"engineering", 
		"supplier"
	], 
	"minbytes": 14, 
	"sentbytes": "21AC", 
	"name": "Trame 12"
	}, 
	{
	"receivebyte_dataitems": {
		"regime moteur vu par la levee d aiguille": {
		"ref": true, 
		"firstbyte": 11
		}, 
		"regime moteur 2": {
		"ref": true, 
		"firstbyte": 9
		}
	}, 
	"deny_sds": [
		"plant", 
		"aftersales", 
		"engineering", 
		"supplier"
	], 
	"minbytes": 1, 
	"sentbytes": "21AD", 
	"name": "Trame 13"
	}, 
	{
	"sentbytes": "3BD120", 
	"deny_sds": [
		"plant", 
		"aftersales", 
		"engineering", 
		"supplier"
	], 
	"minbytes": 2, 
	"manualsend": true, 
	"name": "DecrConsigneRalenti"
	}, 
	{
	"receivebyte_dataitems": {
		"fboS_ND": {
		"ref": true, 
		"firstbyte": 20
		}, 
		"fboSKLI": {
		"ref": true, 
		"firstbyte": 13
		}, 
		"fboSKTF": {
		"ref": true, 
		"firstbyte": 10
		}, 
		"fboSSEK": {
		"ref": true, 
		"firstbyte": 5
		}, 
		"fboSWTF": {
		"ref": true, 
		"firstbyte": 8
		}, 
		"fboSFGG": {
		"ref": true, 
		"firstbyte": 12
		}, 
		"fboSNBF": {
		"ref": true, 
		"firstbyte": 4
		}, 
		"fboSURF": {
		"ref": true, 
		"firstbyte": 17
		}, 
		"fboSADF": {
		"ref": true, 
		"firstbyte": 11
		}, 
		"fboSDZG": {
		"ref": true, 
		"firstbyte": 3
		}, 
		"fboSDWA": {
		"ref": true, 
		"firstbyte": 19
		}, 
		"fboSLTF": {
		"ref": true, 
		"firstbyte": 9
		}, 
		"fboSPWG": {
		"ref": true, 
		"firstbyte": 6
		}, 
		"fboSSBR": {
		"ref": true, 
		"firstbyte": 18
		}, 
		"fboSLMM": {
		"ref": true, 
		"firstbyte": 7
		}, 
		"fboSUBT": {
		"ref": true, 
		"firstbyte": 16
		}, 
		"fboSBRE": {
		"ref": true, 
		"firstbyte": 14
		}, 
		"fboSKUP": {
		"ref": true, 
		"firstbyte": 15
		}
	}, 
	"deny_sds": [
		"plant", 
		"aftersales", 
		"engineering", 
		"supplier"
	], 
	"minbytes": 20, 
	"sentbytes": "21A5", 
	"name": "Flags pannes 5"
	}, 
	{
	"receivebyte_dataitems": {
		"fboSEAB": {
		"ref": true, 
		"firstbyte": 11
		}, 
		"fboSK15": {
		"ref": true, 
		"firstbyte": 9
		}, 
		"fboSDIA": {
		"ref": true, 
		"firstbyte": 5
		}, 
		"fboSHDK": {
		"ref": true, 
		"firstbyte": 13
		}, 
		"fboSGRS": {
		"ref": true, 
		"firstbyte": 7
		}, 
		"fboSARS": {
		"ref": true, 
		"firstbyte": 4
		}, 
		"fboSEEP": {
		"ref": true, 
		"firstbyte": 16
		}, 
		"fboS_ND bis": {
		"ref": true, 
		"firstbyte": 17
		}, 
		"fboSRUC": {
		"ref": true, 
		"firstbyte": 15
		}, 
		"fboSHRL": {
		"ref": true, 
		"firstbyte": 10
		}, 
		"fboSSTB": {
		"ref": true, 
		"firstbyte": 14
		}, 
		"fboSKWH": {
		"ref": true, 
		"firstbyte": 8
		}, 
		"fboSGAZ": {
		"ref": true, 
		"firstbyte": 6
		}, 
		"fboSMVS": {
		"ref": true, 
		"firstbyte": 3
		}, 
		"fboSMES": {
		"ref": true, 
		"firstbyte": 12
		}
	}, 
	"deny_sds": [
		"plant", 
		"aftersales", 
		"engineering", 
		"supplier"
	], 
	"minbytes": 17, 
	"sentbytes": "21A6", 
	"name": "Flags pannes 6"
	}, 
	{
	"receivebyte_dataitems": {
		"fboS_04 - f": {
		"ref": true, 
		"firstbyte": 8
		}, 
		"fboS_00 - pF": {
		"ref": true, 
		"firstbyte": 3
		}, 
		"fboS_06 - f": {
		"ref": true, 
		"firstbyte": 10
		}, 
		"fboS_02 - pF": {
		"ref": true, 
		"firstbyte": 5
		}, 
		"fboS_00 - f": {
		"ref": true, 
		"firstbyte": 4
		}, 
		"fboS_02 - f": {
		"ref": true, 
		"firstbyte": 6
		}, 
		"fboSEXT": {
		"ref": true, 
		"firstbyte": 11
		}, 
		"fboSGT2": {
		"ref": true, 
		"firstbyte": 15
		}, 
		"fboSFGA": {
		"ref": true, 
		"firstbyte": 16
		}, 
		"fboS_06 - pF": {
		"ref": true, 
		"firstbyte": 9
		}, 
		"fboSGER": {
		"ref": true, 
		"firstbyte": 13
		}, 
		"fboS_04 - pF": {
		"ref": true, 
		"firstbyte": 7
		}, 
		"fboSGT1": {
		"ref": true, 
		"firstbyte": 14
		}, 
		"fboSCRB": {
		"ref": true, 
		"firstbyte": 12
		}
	}, 
	"deny_sds": [
		"plant", 
		"aftersales", 
		"engineering", 
		"supplier"
	], 
	"minbytes": 16, 
	"sentbytes": "21A7", 
	"name": "Flags pannes 7"
	}, 
	{
	"receivebyte_dataitems": {
		"dsmUist_Ag": {
		"ref": true, 
		"firstbyte": 9
		}, 
		"mrmHRL_STA": {
		"ref": true, 
		"firstbyte": 15
		}, 
		"edmRSTCD": {
		"ref": true, 
		"firstbyte": 3
		}, 
		"mrmSTATUS": {
		"ref": true, 
		"firstbyte": 5
		}, 
		"anmU_REF": {
		"ref": true, 
		"firstbyte": 7
		}, 
		"mrmUso_UEB": {
		"ref": true, 
		"firstbyte": 11
		}, 
		"mrmUsoll_b": {
		"ref": true, 
		"firstbyte": 13
		}
	}, 
	"deny_sds": [
		"plant", 
		"aftersales", 
		"engineering", 
		"supplier"
	], 
	"minbytes": 16, 
	"sentbytes": "21B2", 
	"name": "Trame 18"
	}, 
	{
	"sendbyte_dataitems": {
		"Configuration direction": {
		"ref": true, 
		"firstbyte": 3
		}
	}, 
	"deny_sds": [
		"plant", 
		"aftersales", 
		"engineering", 
		"supplier"
	], 
	"minbytes": 2, 
	"sentbytes": "3BE300", 
	"name": "ConfigDirection"
	}, 
	{
	"name": "PilotageDesSorties", 
	"deny_sds": [
		"plant", 
		"aftersales", 
		"engineering", 
		"supplier"
	], 
	"manualsend": true, 
	"sendbyte_dataitems": {
		"Commande": {
		"ref": true, 
		"firstbyte": 3
		}, 
		"Nombre de cycles de commande": {
		"ref": true, 
		"firstbyte": 4
		}, 
		"Sortie a piloter": {
		"ref": true, 
		"firstbyte": 2
		}
	}, 
	"minbytes": 1, 
	"sentbytes": "30D10000"
	}, 
	{
	"receivebyte_dataitems": {
		"mrmM_EBEGR": {
		"ref": true, 
		"firstbyte": 13
		}, 
		"mrmM_EFGR": {
		"ref": true, 
		"firstbyte": 7
		}, 
		"mrmM_EPWG": {
		"ref": true, 
		"firstbyte": 5
		}, 
		"mrmM_EMOT": {
		"ref": true, 
		"firstbyte": 17
		}, 
		"mrmM_EWUM": {
		"ref": true, 
		"firstbyte": 15
		}, 
		"mrmM_ELLR": {
		"ref": true, 
		"firstbyte": 19
		}, 
		"mrmM_EXMSR": {
		"ref": true, 
		"firstbyte": 11
		}, 
		"mrmM_EWUMF": {
		"ref": true, 
		"firstbyte": 9
		}, 
		"mrmM_ESTAR": {
		"ref": true, 
		"firstbyte": 3
		}, 
		"mrmM_EKTF": {
		"ref": true, 
		"firstbyte": 21
		}
	}, 
	"deny_sds": [
		"plant", 
		"aftersales", 
		"engineering", 
		"supplier"
	], 
	"minbytes": 22, 
	"sentbytes": "21B0", 
	"name": "Trame 16"
	}, 
	{
	"receivebyte_dataitems": {
		"fgm_VzuN": {
		"ref": true, 
		"firstbyte": 7
		}, 
		"fgmBESCH": {
		"ref": true, 
		"firstbyte": 5
		}, 
		"anmPW2": {
		"ref": true, 
		"firstbyte": 17
		}, 
		"anmLM2": {
		"ref": true, 
		"firstbyte": 19
		}, 
		"mrmFG_soll": {
		"ref": true, 
		"firstbyte": 3
		}, 
		"mrmF_GANG": {
		"ref": true, 
		"firstbyte": 15
		}, 
		"gsmGS_t_VG": {
		"ref": true, 
		"firstbyte": 13
		}, 
		"sbmWTF": {
		"ref": true, 
		"firstbyte": 9
		}, 
		"gsmGS_pha": {
		"ref": true, 
		"firstbyte": 11
		}, 
		"mrmPWGPBM": {
		"ref": true, 
		"firstbyte": 21
		}
	}, 
	"deny_sds": [
		"plant", 
		"aftersales", 
		"engineering", 
		"supplier"
	], 
	"minbytes": 22, 
	"sentbytes": "21B1", 
	"name": "Trame 17"
	}, 
	{
	"sentbytes": "14FF00", 
	"deny_sds": [
		"plant", 
		"aftersales", 
		"engineering", 
		"supplier"
	], 
	"minbytes": 3, 
	"manualsend": true, 
	"name": "ReinitFlagsPannes"
	}, 
	{
	"receivebyte_dataitems": {
		"remise \u00e0 zero des pannes memorisees effectuee": {
		"bitoffset": 5, 
		"ref": true, 
		"firstbyte": 16
		}, 
		"retour diag pre-postchauffage": {
		"bitoffset": 1, 
		"ref": true, 
		"firstbyte": 14
		}, 
		"interrupteur frein redondant": {
		"bitoffset": 6, 
		"ref": true, 
		"firstbyte": 14
		}, 
		"regime de consigne pour la regulation ralenti": {
		"ref": true, 
		"firstbyte": 5
		}, 
		"interrupteur frein principal": {
		"bitoffset": 4, 
		"ref": true, 
		"firstbyte": 14
		}, 
		"tension d alimentation du capteur pedale": {
		"ref": true, 
		"firstbyte": 7
		}, 
		"etat des strategies logicielles": {
		"ref": true, 
		"firstbyte": 15
		}, 
		"switch pied leve": {
		"bitoffset": 3, 
		"ref": true, 
		"firstbyte": 14
		}, 
		"regime moteur": {
		"ref": true, 
		"firstbyte": 3
		}, 
		"antivol - etat protege - verlog 2": {
		"bitoffset": 4, 
		"ref": true, 
		"firstbyte": 16
		}, 
		"interrupteur embrayage": {
		"bitoffset": 5, 
		"ref": true, 
		"firstbyte": 14
		}, 
		"entrees digitales": {
		"ref": true, 
		"firstbyte": 13
		}, 
		"antivol - code appris": {
		"bitoffset": 6, 
		"ref": true, 
		"firstbyte": 16
		}, 
		"vitesse vue": {
		"bitoffset": 3, 
		"ref": true, 
		"firstbyte": 16
		}, 
		"+APC": {
		"ref": true, 
		"firstbyte": 14
		}, 
		"tension du potentiometre pedale": {
		"ref": true, 
		"firstbyte": 9
		}, 
		"pare brise electrique": {
		"bitoffset": 7, 
		"ref": true, 
		"firstbyte": 14
		}, 
		"Climatisation": {
		"bitoffset": 2, 
		"ref": true, 
		"firstbyte": 14
		}, 
		"potensiometre pedale": {
		"ref": true, 
		"firstbyte": 11
		}
	}, 
	"deny_sds": [
		"plant", 
		"aftersales", 
		"engineering", 
		"supplier"
	], 
	"minbytes": 20, 
	"sentbytes": "21A9", 
	"name": "Trame 9"
	}, 
	{
	"sentbytes": "10A0", 
	"deny_sds": [
		"plant", 
		"aftersales", 
		"engineering", 
		"supplier"
	], 
	"minbytes": 1, 
	"manualsend": true, 
	"name": "SessionDiagEtudes"
	}, 
	{
	"deny_sds": [
		"plant", 
		"aftersales", 
		"engineering", 
		"supplier"
	], 
	"minbytes": 1, 
	"sentbytes": "10A1", 
	"name": "Mode diagnostic"
	}, 
	{
	"sendbyte_dataitems": {
		"Configuration thermoplongeurs": {
		"ref": true, 
		"firstbyte": 3
		}
	}, 
	"deny_sds": [
		"plant", 
		"aftersales", 
		"engineering", 
		"supplier"
	], 
	"minbytes": 2, 
	"sentbytes": "3BE400", 
	"name": "ConfigThermoplongeurs"
	}, 
	{
	"sendbyte_dataitems": {
		"Configuration climatisation": {
		"ref": true, 
		"firstbyte": 3
		}
	}, 
	"deny_sds": [
		"plant", 
		"aftersales", 
		"engineering", 
		"supplier"
	], 
	"minbytes": 2, 
	"sentbytes": "3BE200", 
	"name": "ConfigClimatisation"
	}, 
	{
	"name": "StatusDesSorties", 
	"deny_sds": [
		"plant", 
		"aftersales", 
		"engineering", 
		"supplier"
	], 
	"receivebyte_dataitems": {
		"Status de la sortie": {
		"ref": true, 
		"firstbyte": 3
		}
	}, 
	"sendbyte_dataitems": {
		"Sortie a surveiller": {
		"ref": true, 
		"firstbyte": 2
		}
	}, 
	"minbytes": 3, 
	"sentbytes": "30D10100"
	}
], 
"data": {
	"fboSMES": {
	"scaled": true, 
	"format": "bin"
	}, 
	"Type EGR": {
	"bitscount": 1, 
	"lists": {
		"0": "non boucl\u00e9", 
		"1": "boucl\u00e9"
	}
	}, 
	"commande du stop electrique": {
	"divideby": 100.0, 
	"bitscount": 16, 
	"scaled": true, 
	"step": 0.01, 
	"bytescount": 2, 
	"unit": "%"
	}, 
	"Status de la sortie": {
	"lists": {
		"0": "-rien-", 
		"1": "pilotage en cours", 
		"2": "pilotage termin\u00e9", 
		"17": "arr\u00eat du pilotage"
	}
	}, 
	"mrmM_EPWG": {
	"scaled": true, 
	"bytescount": 2, 
	"step": 0.01, 
	"bitscount": 16, 
	"unit": "mg/cp"
	}, 
	"Nb cylindres": {
	"bitscount": 1, 
	"lists": {
		"0": "4 cylindres", 
		"1": "6 cylindres"
	}
	}, 
	"sbmWTF": {
	"bitscount": 16, 
	"scaled": true, 
	"step": 0.1, 
	"bytescount": 2, 
	"offset": -273.0, 
	"unit": "\u00b0C"
	}, 
	"opt2 - Num\u00e9ro de calib": {
	"bitscount": 2, 
	"lists": {
		"0": "Calib 0", 
		"1": "Calib 1", 
		"2": "Calib 2", 
		"3": "Calib 3"
	}
	}, 
	"consigne de debit d air pour l EGR": {
	"scaled": true, 
	"bytescount": 2, 
	"step": 0.1, 
	"bitscount": 16, 
	"unit": "mg/cp"
	}, 
	"Flgpm b": {
	"bytescount": 2, 
	"bitscount": 16, 
	"lists": {
		"4369": "capteur pedale - fboS_PWG", 
		"8721": "Lampe Diagnostic - fboS_DIA", 
		"8722": "Temoin Prechauffage - fboS_GAZ", 
		"4371": "Levee aiguille - fboS_NBF", 
		"8724": "relais prechauffage - fboS_GRS", 
		"17441": "microcontrolleur - fboS_RUC", 
		"4386": "Temperature d air - fboS_LTF", 
		"4387": "Temperature du carburan t- fboS_KTF", 
		"4388": "Pression atmospherique - fboS_ADF", 
		"8753": "Sortie GMV1 - fboS_GT1", 
		"4370": "Capteur regime - fboS_DZG", 
		"4402": "Capteur Vitesse - fboS_FGG", 
		"4401": "Debit d air - fboS_LMM", 
		"8754": "Sortie GMV2 - fboS_GT2", 
		"4403": "tension baterie - fboS_UBT", 
		"8756": "Sortie GEPDA - fboS_CRB", 
		"17459": "Anti-demarrage - fboS_DWA", 
		"4404": "tension reference calculateur - fboS_URF", 
		"4417": "Switch embrayage - fboS_KUP", 
		"4418": "Switch frein - fboS_BRE", 
		"4419": "+ APC - fboS_K15", 
		"4420": "Manette r\u00e9gul. vitesse - fboS_FGA", 
		"17425": "Stop electrique - fboS_EAB", 
		"4385": "Temperature d eau - fboS_WTF", 
		"8738": "Electrovanne d EGR - fboS_ARS", 
		"8723": "Relais alimentation calculateur - fboS_HRL", 
		"8739": "Sortie autorisation Climatisation - fboS_KLI", 
		"17443": "stabilisateur de tension micro. - fboS_STB", 
		"8740": "Sorties thermoplongeurs - fboS_KWH", 
		"8755": "Voyant surchauffe - fboS_GER", 
		"17442": "EEPROM - fboS_EEP", 
		"13073": "regulation d avance - fboS_SBR", 
		"4625": "R\u00e9duction externe du d\u00e9bit - fboS_EXT", 
		"17426": "Actionneur de debit - fboS_MES", 
		"17427": "Capteur de debit - fboS_HDK", 
		"8737": "Electrovanne d avance - fboS_MVS", 
		"4372": "capteur regime auxiliaire - fboS_SEK"
	}
	}, 
	"Flgpm a": {
	"bytescount": 2, 
	"bitscount": 16, 
	"lists": {
		"4369": "capteur pedale - fboS_PWG", 
		"8721": "Lampe Diagnostic - fboS_DIA", 
		"8722": "Temoin Prechauffage - fboS_GAZ", 
		"4371": "Levee aiguille - fboS_NBF", 
		"8724": "relais prechauffage - fboS_GRS", 
		"17441": "microcontrolleur - fboS_RUC", 
		"4386": "Temperature d air - fboS_LTF", 
		"4387": "Temperature du carburan t- fboS_KTF", 
		"4388": "Pression atmospherique - fboS_ADF", 
		"8753": "Sortie GMV1 - fboS_GT1", 
		"4370": "Capteur regime - fboS_DZG", 
		"4402": "Capteur Vitesse - fboS_FGG", 
		"4401": "Debit d air - fboS_LMM", 
		"8754": "Sortie GMV2 - fboS_GT2", 
		"4403": "tension baterie - fboS_UBT", 
		"8756": "Sortie GEPDA - fboS_CRB", 
		"17459": "Anti-demarrage - fboS_DWA", 
		"4404": "tension reference calculateur - fboS_URF", 
		"4417": "Switch embrayage - fboS_KUP", 
		"4418": "Switch frein - fboS_BRE", 
		"4419": "+ APC - fboS_K15", 
		"4420": "Manette r\u00e9gul. vitesse - fboS_FGA", 
		"17425": "Stop electrique - fboS_EAB", 
		"4385": "Temperature d eau - fboS_WTF", 
		"8738": "Electrovanne d EGR - fboS_ARS", 
		"8723": "Relais alimentation calculateur - fboS_HRL", 
		"8739": "Sortie autorisation Climatisation - fboS_KLI", 
		"17443": "stabilisateur de tension micro. - fboS_STB", 
		"8740": "Sorties thermoplongeurs - fboS_KWH", 
		"8755": "Voyant surchauffe - fboS_GER", 
		"17442": "EEPROM - fboS_EEP", 
		"13073": "regulation d avance - fboS_SBR", 
		"4625": "R\u00e9duction externe du d\u00e9bit - fboS_EXT", 
		"17426": "Actionneur de debit - fboS_MES", 
		"17427": "Capteur de debit - fboS_HDK", 
		"8737": "Electrovanne d avance - fboS_MVS", 
		"4372": "capteur regime auxiliaire - fboS_SEK"
	}
	}, 
	"fboSDZG": {
	"scaled": true, 
	"format": "bin"
	}, 
	"tension d alimentation du capteur pedale": {
	"divideby": 1000.0, 
	"bitscount": 16, 
	"format": "#0.000", 
	"scaled": true, 
	"step": 4.888, 
	"bytescount": 2, 
	"unit": "V"
	}, 
	"mrmM_EFGR": {
	"scaled": true, 
	"bytescount": 2, 
	"step": 0.01, 
	"bitscount": 16, 
	"unit": "mg/cp"
	}, 
	"fboSEXT": {
	"scaled": true, 
	"format": "bin"
	}, 
	"mrmSTATUS": {
	"scaled": true, 
	"bytescount": 2, 
	"bitscount": 16
	}, 
	"Electrovanne EGR": {
	"bitscount": 2, 
	"lists": {
		"0": "court-circuit \u00e0 la masse", 
		"1": "court-circuit au + BAT", 
		"2": "circuit ouvert", 
		"3": "etage de sortie OK"
	}
	}, 
	"Num\u00e9ro de panne": {
	"lists": {
		"160": "pannes 1 et 2", 
		"161": "pannes 3 et 4", 
		"162": "pannes 5 et 6", 
		"163": "pannes 7 et 8", 
		"164": "pannes 9 et 10"
	}
	}, 
	"pare brise electrique": {
	"scaled": true, 
	"bitscount": 1
	}, 
	"Occurence b": {
	"scaled": true
	}, 
	"Occurence a": {
	"scaled": true
	}, 
	"regime moteur vu par la levee d aiguille": {
	"scaled": true, 
	"bytescount": 2, 
	"bitscount": 16, 
	"unit": "tr/mn"
	}, 
	"commande du relais2 thermoplongeurs": {
	"divideby": 100.0, 
	"bitscount": 16, 
	"scaled": true, 
	"step": 0.01, 
	"bytescount": 2, 
	"unit": "%"
	}, 
	"Cond. env. b.1": {
	"scaled": true
	}, 
	"fboSNBF": {
	"scaled": true, 
	"format": "bin"
	}, 
	"fboSGT2": {
	"scaled": true, 
	"format": "bin"
	}, 
	"Voyant d\u00e9faut": {
	"bitscount": 2, 
	"lists": {
		"0": "court-circuit \u00e0 la masse", 
		"1": "court-circuit au + BAT", 
		"2": "circuit ouvert", 
		"3": "etage de sortie OK"
	}
	}, 
	"antivol - code appris": {
	"scaled": true, 
	"bitscount": 1
	}, 
	"Cond. env. b.3": {
	"scaled": true
	}, 
	"Type Alimentation": {
	"bitscount": 1, 
	"lists": {
		"0": "atmo", 
		"1": "turbo"
	}
	}, 
	"fboSHRL": {
	"scaled": true, 
	"format": "bin"
	}, 
	"Relais GMV2": {
	"bitscount": 2, 
	"lists": {
		"0": "court-circuit \u00e0 la masse", 
		"1": "court-circuit au + BAT", 
		"2": "circuit ouvert", 
		"3": "etage de sortie OK"
	}
	}, 
	"fboSEAB": {
	"scaled": true, 
	"format": "bin"
	}, 
	"fboS_00 - pF": {
	"scaled": true, 
	"format": "bin"
	}, 
	"commande de la lampe diagnostic": {
	"divideby": 100.0, 
	"bitscount": 16, 
	"scaled": true, 
	"step": 0.01, 
	"bytescount": 2, 
	"unit": "%"
	}, 
	"Voyant pr\u00e9chauffage": {
	"bitscount": 2, 
	"lists": {
		"0": "court-circuit \u00e0 la masse", 
		"1": "court-circuit au + BAT", 
		"2": "circuit ouvert", 
		"3": "etage de sortie OK"
	}
	}, 
	"Configuration Cruise Control": {
	"lists": {
		"0": "sans Cruise Control", 
		"1": "avec Cruise Control"
	}
	}, 
	"commande RCO de l electrovanne d EGR": {
	"divideby": 100.0, 
	"bitscount": 16, 
	"scaled": true, 
	"step": 0.01, 
	"bytescount": 2, 
	"unit": "%"
	}, 
	"remise \u00e0 zero des pannes memorisees effectuee": {
	"scaled": true, 
	"bitscount": 1
	}, 
	"opt2 - Climatisation": {
	"bitscount": 1, 
	"lists": {
		"0": "sans climatisation", 
		"1": "climatisation"
	}
	}, 
	"fboS_06 - f": {
	"scaled": true, 
	"format": "bin"
	}, 
	"Type injection": {
	"bitscount": 1, 
	"lists": {
		"0": "indirecte", 
		"1": "directe"
	}
	}, 
	"tension batterie mesuree": {
	"divideby": 1000.0, 
	"bitscount": 16, 
	"format": "#0.000", 
	"scaled": true, 
	"step": 20.37, 
	"bytescount": 2, 
	"unit": "V"
	}, 
	"opt1 - Verlog": {
	"bitscount": 1, 
	"lists": {
		"0": "sans Verlog", 
		"1": "Verlog"
	}
	}, 
	"fboSGAZ": {
	"scaled": true, 
	"format": "bin"
	}, 
	"fboSKWH": {
	"scaled": true, 
	"format": "bin"
	}, 
	"Configuration thermoplongeurs": {
	"lists": {
		"0": "sans thermoplongeurs", 
		"1": "avec thermoplongeurs"
	}
	}, 
	"opt1 - Regulation vitesse": {
	"bitscount": 1, 
	"lists": {
		"0": "sans r\u00e9gulation de vitesse", 
		"1": "r\u00e9gulation de vitesse"
	}
	}, 
	"Num\u00e9ro hard": {
	"bytescount": 5, 
	"byte": true, 
	"bitscount": 40
	}, 
	"mrmUso_UEB": {
	"bitscount": 16, 
	"format": "#0.000", 
	"signed": true, 
	"scaled": true, 
	"step": 1.221, 
	"bytescount": 2, 
	"unit": "mv"
	}, 
	"temperature d air": {
	"bitscount": 16, 
	"scaled": true, 
	"step": 0.1, 
	"bytescount": 2, 
	"offset": -273.0, 
	"unit": "\u00b0C"
	}, 
	"fgmBESCH": {
	"bitscount": 16, 
	"format": "#00.0", 
	"signed": true, 
	"scaled": true, 
	"step": 0.085, 
	"bytescount": 2, 
	"unit": "m/s^2"
	}, 
	"interrupteur frein redondant": {
	"scaled": true, 
	"bitscount": 1
	}, 
	"fboS_00 - f": {
	"scaled": true, 
	"format": "bin"
	}, 
	"fboSGRS": {
	"scaled": true, 
	"format": "bin"
	}, 
	"fboSARS": {
	"scaled": true, 
	"format": "bin"
	}, 
	"Relais GEPDA": {
	"bitscount": 2, 
	"lists": {
		"0": "court-cicuit \u00e0 la masse", 
		"1": "court-cicuit au + BAT", 
		"2": "circuit ouvert", 
		"3": "etage de sortie OK"
	}
	}, 
	"fboSFGA": {
	"scaled": true, 
	"format": "bin"
	}, 
	"mrmM_ELLR": {
	"scaled": true, 
	"bytescount": 2, 
	"step": 0.01, 
	"bitscount": 16, 
	"unit": "mg/cp"
	}, 
	"fboSSTB": {
	"scaled": true, 
	"format": "bin"
	}, 
	"fboSMVS": {
	"scaled": true, 
	"format": "bin"
	}, 
	"fboS_04 - pF": {
	"scaled": true, 
	"format": "bin"
	}, 
	"fboSGER": {
	"scaled": true, 
	"format": "bin"
	}, 
	"anmPW2": {
	"scaled": true, 
	"bytescount": 2, 
	"step": 4.888, 
	"bitscount": 16, 
	"unit": "mv"
	}, 
	"interrupteur frein principal": {
	"scaled": true, 
	"bitscount": 1
	}, 
	"debit d air frais": {
	"scaled": true, 
	"bytescount": 2, 
	"step": 0.1, 
	"bitscount": 16, 
	"unit": "kg/h"
	}, 
	"switch pied leve": {
	"scaled": true, 
	"bitscount": 1
	}, 
	"fboSDIA": {
	"scaled": true, 
	"format": "bin"
	}, 
	"etat de diagnostic 2 des sorties": {
	"scaled": true, 
	"bytescount": 2, 
	"bitscount": 16
	}, 
	"vitesse du vehicule": {
	"scaled": true, 
	"bytescount": 2, 
	"step": 0.01, 
	"bitscount": 16, 
	"unit": "km/h"
	}, 
	"mrmM_EWUMF": {
	"scaled": true, 
	"bytescount": 2, 
	"step": 0.01, 
	"bitscount": 16, 
	"unit": "mg/cp"
	}, 
	"opt2 - R\u00e9gulation vitesse": {
	"bitscount": 1, 
	"lists": {
		"0": "sans r\u00e9gulation de vitesse", 
		"1": "r\u00e9gulation de vitesse"
	}
	}, 
	"Configuration jeu de calib": {
	"lists": {
		"1": "jeu de calib 1", 
		"2": "jeu de calib 2", 
		"3": "jeu de calib 3"
	}
	}, 
	"Options": {
	"scaled": true, 
	"format": "bin"
	}, 
	"Nbpanne": {
	"scaled": true
	}, 
	"Configuration climatisation": {
	"lists": {
		"0": "sans climatisation", 
		"1": "avec climatisation"
	}
	}, 
	"etat des strategies logicielles": {
	"scaled": true, 
	"bytescount": 2, 
	"bitscount": 16
	}, 
	"Relais thermoplongeur 1": {
	"bitscount": 2, 
	"lists": {
		"0": "court-circuit \u00e0 la masse", 
		"1": "court-circuit au + BAT", 
		"2": "circuit ouvert", 
		"3": "etage de sortie OK"
	}
	}, 
	"Sortie a surveiller": {
	"lists": {
		"224": "Relais 1 thermoplongeur", 
		"225": "Relais 2 thermoplongeur", 
		"226": "Sortie GEPDA", 
		"230": "Voyant Surchauffe", 
		"209": "Sortie climatisation", 
		"210": "Electrovanne EGR", 
		"211": "Voyant d\u00e9faut", 
		"212": "Sortie GMV1", 
		"213": "Sortie GMV2", 
		"214": "Voyant prechauffage", 
		"216": "Actuateur d avance", 
		"217": "Relais pr\u00e9chauffage", 
		"221": "Stop electrique"
	}
	}, 
	"antivol - etat protege - verlog 2": {
	"scaled": true, 
	"bitscount": 1
	}, 
	"commande d autorisation de la climatisation": {
	"divideby": 100.0, 
	"bitscount": 16, 
	"scaled": true, 
	"step": 0.01, 
	"bytescount": 2, 
	"unit": "%"
	}, 
	"temperature carburant": {
	"bitscount": 16, 
	"scaled": true, 
	"step": 0.1, 
	"bytescount": 2, 
	"offset": -273.0, 
	"unit": "\u00b0C"
	}, 
	"\u00e9tat test statique": {
	"lists": {
		"1": "pilatage en cours", 
		"2": "pilotage termin\u00e9"
	}
	}, 
	"Configuration direction": {
	"lists": {
		"0": "sans direction assist\u00e9e", 
		"1": "avec direction assistee"
	}
	}, 
	"fgm_VzuN": {
	"scaled": true, 
	"bytescount": 2, 
	"divideby": 25600.0, 
	"bitscount": 16, 
	"format": "#0.0000"
	}, 
	"regime de consigne pour la regulation ralenti": {
	"scaled": true, 
	"bytescount": 2, 
	"bitscount": 16, 
	"unit": "tr/mn"
	}, 
	"fboSK15": {
	"scaled": true, 
	"format": "bin"
	}, 
	"fboS_02 - f": {
	"scaled": true, 
	"format": "bin"
	}, 
	"Cond. env. b.5": {
	"scaled": true
	}, 
	"Cond. env. b.4": {
	"scaled": true
	}, 
	"fboSURF": {
	"scaled": true, 
	"format": "bin"
	}, 
	"edmRSTCD": {
	"scaled": true, 
	"bytescount": 2, 
	"bitscount": 16
	}, 
	"Cond. env. b.2": {
	"scaled": true
	}, 
	"fboS_06 - pF": {
	"scaled": true, 
	"format": "bin"
	}, 
	"fboSDWA": {
	"scaled": true, 
	"format": "bin"
	}, 
	"fboSUBT": {
	"scaled": true, 
	"format": "bin"
	}, 
	"mesure du debit d air pour l EGR": {
	"scaled": true, 
	"bytescount": 2, 
	"step": 0.1, 
	"bitscount": 16, 
	"unit": "mg/cp"
	}, 
	"dsmUist_Ag": {
	"bitscount": 16, 
	"signed": true, 
	"scaled": true, 
	"step": 5.0, 
	"bytescount": 2, 
	"unit": "mv"
	}, 
	"regime moteur 2": {
	"scaled": true, 
	"bytescount": 2, 
	"bitscount": 16, 
	"unit": "tr/mn"
	}, 
	"fboSHDK": {
	"scaled": true, 
	"format": "bin"
	}, 
	"vitesse vue": {
	"scaled": true, 
	"bitscount": 1
	}, 
	"consigne en tension pour le debit carburant": {
	"divideby": 1000.0, 
	"bitscount": 16, 
	"format": "#0.000", 
	"scaled": true, 
	"step": 5.0, 
	"bytescount": 2, 
	"unit": "V"
	}, 
	"fboSLTF": {
	"scaled": true, 
	"format": "bin"
	}, 
	"fboSKUP": {
	"scaled": true, 
	"format": "bin"
	}, 
	"+APC": {
	"scaled": true, 
	"divideby": 25600.0, 
	"bitscount": 1
	}, 
	"gsmGS_t_VG": {
	"scaled": true, 
	"bytescount": 2, 
	"step": 10.0, 
	"bitscount": 16, 
	"unit": "ms"
	}, 
	"Etat b": {
	"scaled": true, 
	"format": "bin"
	}, 
	"anmLM2": {
	"scaled": true, 
	"bytescount": 2, 
	"step": 4.888, 
	"bitscount": 16, 
	"unit": "mv"
	}, 
	"fboSFGG": {
	"scaled": true, 
	"format": "bin"
	}, 
	"etat de diagnostic 1 des sorties": {
	"scaled": true, 
	"bytescount": 2, 
	"bitscount": 16
	}, 
	"commande du relais de pre-post chauffage": {
	"divideby": 100.0, 
	"bitscount": 16, 
	"scaled": true, 
	"step": 0.01, 
	"bytescount": 2, 
	"unit": "%"
	}, 
	"fboSEEP": {
	"scaled": true, 
	"format": "bin"
	}, 
	"Commande": {
	"lists": {
		"0": "commencer pilotage", 
		"17": "arreter le pilotage"
	}
	}, 
	"mrmM_EXMSR": {
	"scaled": true, 
	"bytescount": 2, 
	"step": 0.01, 
	"bitscount": 16, 
	"unit": "mg/cp"
	}, 
	"mrmM_ESTAR": {
	"scaled": true, 
	"bytescount": 2, 
	"step": 0.01, 
	"bitscount": 16, 
	"unit": "mg/cp"
	}, 
	"Climatisation": {
	"scaled": true, 
	"bitscount": 1
	}, 
	"mrmUsoll_b": {
	"scaled": true, 
	"bytescount": 2, 
	"step": 5.0, 
	"bitscount": 16, 
	"unit": "mv"
	}, 
	"mesure de la tension pompe pour le debit": {
	"divideby": 1000.0, 
	"bitscount": 16, 
	"format": "#0.000", 
	"scaled": true, 
	"step": 5.0, 
	"bytescount": 2, 
	"unit": "V"
	}, 
	"temperature d eau": {
	"bitscount": 16, 
	"scaled": true, 
	"step": 0.1, 
	"bytescount": 2, 
	"offset": -273.0, 
	"unit": "\u00b0C"
	}, 
	"Electrovanne d avance": {
	"bitscount": 2, 
	"lists": {
		"0": "court-cicuit \u00e0 la masse", 
		"1": "court-cicuit au + BAT", 
		"2": "circuit ouvert", 
		"3": "etage de sortie OK"
	}
	}, 
	"mrmFG_soll": {
	"scaled": true, 
	"bytescount": 2, 
	"step": 0.01, 
	"bitscount": 16, 
	"unit": "km/h"
	}, 
	"Sortie a piloter": {
	"lists": {
		"224": "Relais 1 thermoplongeur", 
		"225": "Relais 2 thermoplongeur", 
		"226": "Sortie GEPDA", 
		"230": "Voyant surchauffe", 
		"209": "Sortie climatisation", 
		"210": "Electrovanne EGR", 
		"211": "Voyant d\u00e9faut", 
		"212": "Sortie GMV1", 
		"213": "Sortie GMV2", 
		"214": "Voyant prechauffage", 
		"216": "Actuateur d avance", 
		"217": "Relais pr\u00e9chauffage", 
		"221": "Stop electrique"
	}
	}, 
	"opt2 - boite": {
	"bitscount": 1, 
	"lists": {
		"0": "BVM", 
		"1": "BVA"
	}
	}, 
	"debit carburant": {
	"scaled": true, 
	"bytescount": 2, 
	"step": 0.01, 
	"bitscount": 16, 
	"unit": "mg/cp"
	}, 
	"Cond. env. a.1": {
	"scaled": true
	}, 
	"opt1 - Type boite": {
	"bitscount": 1, 
	"lists": {
		"0": "BVM", 
		"1": "BVA"
	}
	}, 
	"fboSADF": {
	"scaled": true, 
	"format": "bin"
	}, 
	"fboSRUC": {
	"scaled": true, 
	"format": "bin"
	}, 
	"commande du relais d alimentation du calculateur": {
	"divideby": 100.0, 
	"bitscount": 16, 
	"scaled": true, 
	"step": 0.01, 
	"bytescount": 2, 
	"unit": "%"
	}, 
	"potensiometre pedale": {
	"divideby": 100.0, 
	"bitscount": 16, 
	"scaled": true, 
	"step": 0.01, 
	"bytescount": 2, 
	"unit": "%"
	}, 
	"retour diag pre-postchauffage": {
	"scaled": true, 
	"bitscount": 1
	}, 
	"fboS_02 - pF": {
	"scaled": true, 
	"format": "bin"
	}, 
	"opt2 - Thermoplongeurs": {
	"bitscount": 1, 
	"lists": {
		"0": "sans thermoplongeurs", 
		"1": "thermoplongeurs"
	}
	}, 
	"entrees digitales": {
	"scaled": true, 
	"bytescount": 2, 
	"bitscount": 16
	}, 
	"Num\u00e9ro calibration": {
	"bytescount": 2, 
	"byte": true, 
	"bitscount": 16
	}, 
	"Relais pr\u00e9-postchauffage": {
	"bitscount": 2, 
	"lists": {
		"0": "court-circuit \u00e0 la masse", 
		"1": "court-circuit au + BAT", 
		"2": "circuit ouvert", 
		"3": "etage de sortie OK"
	}
	}, 
	"commande de la lampe pre-post chauffage": {
	"divideby": 100.0, 
	"bitscount": 16, 
	"scaled": true, 
	"step": 0.01, 
	"bytescount": 2, 
	"unit": "%"
	}, 
	"mesure de l avance": {
	"scaled": true, 
	"bytescount": 2, 
	"step": 0.01, 
	"bitscount": 16, 
	"unit": "\u00b0V"
	}, 
	"mrmM_EKTF": {
	"bitscount": 16, 
	"signed": true, 
	"scaled": true, 
	"step": 0.01, 
	"bytescount": 2, 
	"unit": "mg/cp"
	}, 
	"interrupteur embrayage": {
	"scaled": true, 
	"bitscount": 1
	}, 
	"Num\u00e9ro programme": {
	"bytescount": 2.0, 
	"byte": true, 
	"bitscount": 10
	}, 
	"commande du relais1 thermoplongeurs": {
	"divideby": 100.0, 
	"bitscount": 16, 
	"scaled": true, 
	"step": 0.01, 
	"bytescount": 2, 
	"unit": "%"
	}, 
	"commande RCO de l electrovanne d avance": {
	"divideby": 100.0, 
	"bitscount": 16, 
	"scaled": true, 
	"step": 0.01, 
	"bytescount": 2, 
	"unit": "%"
	}, 
	"consigne d avance": {
	"scaled": true, 
	"bytescount": 2, 
	"step": 0.01, 
	"bitscount": 16, 
	"unit": "\u00b0V"
	}, 
	"fboS_ND": {
	"scaled": true, 
	"format": "bin"
	}, 
	"fboS_ND bis": {
	"scaled": true, 
	"format": "bin"
	}, 
	"Autorisation climatisation": {
	"bitscount": 2, 
	"lists": {
		"0": "court-circuit \u00e0 la masse", 
		"1": "court-circuit au + BAT", 
		"2": "circuit ouvert", 
		"3": "etage de sortie OK"
	}
	}, 
	"Stop \u00e9lectrique": {
	"bitscount": 2, 
	"lists": {
		"0": "court-cicuit \u00e0 la masse", 
		"1": "court-cicuit au + BAT", 
		"2": "circuit ouvert", 
		"3": "etage de sortie OK"
	}
	}, 
	"fboSLMM": {
	"scaled": true, 
	"format": "bin"
	}, 
	"gsmGS_pha": {
	"scaled": true, 
	"bytescount": 2, 
	"bitscount": 16
	}, 
	"anmU_REF": {
	"scaled": true, 
	"bytescount": 2, 
	"step": 4.888, 
	"bitscount": 16, 
	"unit": "mv"
	}, 
	"correction APV sur le regime de ralenti": {
	"scaled": true, 
	"bytescount": 2, 
	"bitscount": 16, 
	"unit": "tr/mn"
	}, 
	"fboSBRE": {
	"scaled": true, 
	"format": "bin"
	}, 
	"fboSCRB": {
	"scaled": true, 
	"format": "bin"
	}, 
	"opt2 - Direction": {
	"bitscount": 1, 
	"lists": {
		"0": "sans DA", 
		"1": "DA"
	}
	}, 
	"fboSKLI": {
	"scaled": true, 
	"format": "bin"
	}, 
	"Commande test statique": {
	"lists": {
		"0": "lancement pilotage", 
		"1": "demande status"
	}
	}, 
	"cle de calibration 1": {
	"scaled": true, 
	"bytescount": 2, 
	"bitscount": 16
	}, 
	"opt1 - Direction": {
	"bitscount": 1, 
	"lists": {
		"0": "sans DA", 
		"1": "DA"
	}
	}, 
	"mrmPWGPBM": {
	"divideby": 100.0, 
	"bitscount": 16, 
	"scaled": true, 
	"step": 0.01, 
	"bytescount": 2, 
	"unit": "mv"
	}, 
	"Voyant surchauffe": {
	"bitscount": 2, 
	"lists": {
		"0": "court-circuit \u00e0 la masse", 
		"1": "court-circuit au + BAT", 
		"2": "circuit ouvert", 
		"3": "etage de sortie OK"
	}
	}, 
	"Relais thermoplongeur 2": {
	"bitscount": 2, 
	"lists": {
		"0": "court-circuit \u00e0 la masse", 
		"1": "court-circuit au + BAT", 
		"2": "circuit ouvert", 
		"3": "etage de sortie OK"
	}
	}, 
	"Num\u00e9ro fournisseur": {
	"bytesascii": true, 
	"bytescount": 4, 
	"byte": true, 
	"bitscount": 32
	}, 
	"fboSSBR": {
	"scaled": true, 
	"format": "bin"
	}, 
	"mrmM_EWUM": {
	"scaled": true, 
	"bytescount": 2, 
	"step": 0.01, 
	"bitscount": 16, 
	"unit": "mg/cp"
	}, 
	"tension du potentiometre pedale": {
	"divideby": 1000.0, 
	"bitscount": 16, 
	"format": "#0.000", 
	"scaled": true, 
	"bytescount": 2, 
	"unit": "V"
	}, 
	"Nombre de cycles de commande": {
	"scaled": true
	}, 
	"fboSGT1": {
	"scaled": true, 
	"format": "bin"
	}, 
	"Type b": {
	"scaled": true, 
	"format": "bin"
	}, 
	"Type a": {
	"scaled": true, 
	"format": "bin"
	}, 
	"fboSSEK": {
	"scaled": true, 
	"format": "bin"
	}, 
	"fboS_04 - f": {
	"scaled": true, 
	"format": "bin"
	}, 
	"Etat a": {
	"scaled": true, 
	"format": "bin"
	}, 
	"fboSKTF": {
	"scaled": true, 
	"format": "bin"
	}, 
	"mrmHRL_STA": {
	"scaled": true, 
	"bytescount": 2, 
	"bitscount": 16
	}, 
	"fboSPWG": {
	"scaled": true, 
	"format": "bin"
	}, 
	"fboSWTF": {
	"scaled": true, 
	"format": "bin"
	}, 
	"regime moteur": {
	"scaled": true, 
	"bytescount": 2, 
	"bitscount": 16, 
	"unit": "tr/mn"
	}, 
	"mrmM_EMOT": {
	"scaled": true, 
	"bytescount": 2, 
	"step": 0.01, 
	"bitscount": 16, 
	"unit": "mg/cp"
	}, 
	"mrmM_EBEGR": {
	"scaled": true, 
	"bytescount": 2, 
	"step": 0.01, 
	"bitscount": 16, 
	"unit": "mg/cp"
	}, 
	"Relais GMV1": {
	"bitscount": 2, 
	"lists": {
		"0": "court-circuit \u00e0 la masse", 
		"1": "court-circuit au + BAT", 
		"2": "circuit ouvert", 
		"3": "etage de sortie OK"
	}
	}, 
	"Type r\u00e9gulation": {
	"bitscount": 1, 
	"lists": {
		"0": "d\u00e9bit m\u00e9canique", 
		"1": "d\u00e9bit \u00e9lectronique"
	}
	}, 
	"cle de calibration 2": {
	"scaled": true, 
	"bytescount": 2, 
	"bitscount": 16
	}, 
	"Num\u00e9ro version": {
	"bytescount": 2, 
	"byte": true, 
	"bitscount": 16
	}, 
	"mrmF_GANG": {
	"scaled": true, 
	"bytescount": 2, 
	"bitscount": 16
	}, 
	"Cond. env. a.2": {
	"scaled": true
	}, 
	"Cond. env. a.3": {
	"scaled": true
	}, 
	"Cond. env. a.5": {
	"scaled": true
	}, 
	"pression atmospherique": {
	"scaled": true, 
	"bytescount": 2, 
	"bitscount": 16, 
	"unit": "mb"
	}, 
	"Cond. env. a.4": {
	"scaled": true
	}, 
	"Num\u00e9ro de pi\u00e8ce": {
	"bytescount": 5, 
	"byte": true, 
	"bitscount": 40
	}
}
}