{
"obd": {
	"baudrate": 10400, 
	"protocol": "CAN", 
	"recv_id": "764", 
	"funcname": "HVAC", 
	"funcaddr": "29", 
	"send_id": "744"
}, 
"devices": [
	{
	"dtc": 42179, 
	"devicedata": {}, 
	"dtctype": 0, 
	"name": "[B24C3]Blower motor feedback"
	}, 
	{
	"dtc": 42166, 
	"devicedata": {}, 
	"dtctype": 0, 
	"name": "[B24B6]VL_CPComDiag_DC"
	}, 
	{
	"dtc": 42167, 
	"devicedata": {}, 
	"dtctype": 0, 
	"name": "[B24B7]Intake ACTR Short"
	}, 
	{
	"dtc": 42145, 
	"devicedata": {}, 
	"dtctype": 0, 
	"name": "[B24A1]VBattDiag"
	}, 
	{
	"dtc": 42160, 
	"devicedata": {}, 
	"dtctype": 0, 
	"name": "[B24B0](TBD)Heat Seat Front Left High Relay"
	}, 
	{
	"dtc": 42196, 
	"devicedata": {}, 
	"dtctype": 0, 
	"name": "[B24D4]LIN communication failure"
	}, 
	{
	"dtc": 42148, 
	"devicedata": {}, 
	"dtctype": 0, 
	"name": "[B24A4]Intake temperature sensor"
	}, 
	{
	"dtc": 42144, 
	"devicedata": {}, 
	"dtctype": 0, 
	"name": "[B24A0]EEPROM_Er"
	}, 
	{
	"dtc": 42168, 
	"devicedata": {}, 
	"dtctype": 0, 
	"name": "[B24B8]Rear Internal temperature sensor short circuit"
	}, 
	{
	"dtc": 42150, 
	"devicedata": {}, 
	"dtctype": 0, 
	"name": "[B24A6]Internal temperature"
	}, 
	{
	"dtc": 42154, 
	"devicedata": {}, 
	"dtctype": 0, 
	"name": "[B24AA]Insolation sensor"
	}, 
	{
	"dtc": 42177, 
	"devicedata": {}, 
	"dtctype": 0, 
	"name": "[B24C1]Rear Mix ACTR"
	}, 
	{
	"dtc": 42172, 
	"devicedata": {}, 
	"dtctype": 0, 
	"name": "[B24BC](TBD)Heat Seat Front Right High Relay"
	}, 
	{
	"dtc": 42164, 
	"devicedata": {}, 
	"dtctype": 0, 
	"name": "[B24B4]FrontCPComDiag_DC"
	}, 
	{
	"dtc": 42173, 
	"devicedata": {}, 
	"dtctype": 0, 
	"name": "[B24BD]Mix ACTR"
	}, 
	{
	"dtc": 42169, 
	"devicedata": {}, 
	"dtctype": 0, 
	"name": "[B24B9]door position error"
	}, 
	{
	"dtc": 42170, 
	"devicedata": {}, 
	"dtctype": 0, 
	"name": "[B24BA](TBD)Heat Seat Front Right Low Relay"
	}, 
	{
	"dtc": 42182, 
	"devicedata": {}, 
	"dtctype": 0, 
	"name": "[B24C6]Blower motor control"
	}, 
	{
	"dtc": 42171, 
	"devicedata": {}, 
	"dtctype": 0, 
	"name": "[B24BB]Mix Left ACTR"
	}, 
	{
	"dtc": 42175, 
	"devicedata": {}, 
	"dtctype": 0, 
	"name": "[B24BF]door position error"
	}, 
	{
	"dtc": 42159, 
	"devicedata": {}, 
	"dtctype": 0, 
	"name": "[B24AF](TBD)Heat Seat Front Left Low Relay"
	}, 
	{
	"dtc": 53248, 
	"devicedata": {}, 
	"dtctype": 0, 
	"name": "[U1000]CAN COMM CIRCUIT"
	}, 
	{
	"dtc": 42146, 
	"devicedata": {}, 
	"dtctype": 0, 
	"name": "[B24A2]Missing configulation"
	}, 
	{
	"dtc": 42153, 
	"devicedata": {}, 
	"dtctype": 0, 
	"name": "[B24A9]Insolation sensor"
	}, 
	{
	"dtc": 53264, 
	"devicedata": {}, 
	"dtctype": 0, 
	"name": "[U1010]CONTROL UNIT(CAN)"
	}
], 
"ecuname": "N_B02E_HVAC_UDS_20170425", 
"autoidents": [
	{
	"diagversion": "96", 
	"supplier": "1111", 
	"version": "11111111111111111111111111111111", 
	"soft": "11111111111111111111111111111111"
	}, 
	{
	"diagversion": "97", 
	"supplier": "1111", 
	"version": "11111111111111111111111111111111", 
	"soft": "11111111111111111111111111111111"
	}, 
	{
	"diagversion": "98", 
	"supplier": "1111", 
	"version": "11111111111111111111111111111111", 
	"soft": "11111111111111111111111111111111"
	}
], 
"endian": "Big", 
"requests": [
	{
	"name": "DataRead.$22120D", 
	"replybytes": "62120D0000", 
	"deny_sds": [], 
	"receivebyte_dataitems": {
		"DataRead_$22120D_#4": {
		"firstbyte": 4
		}
	}, 
	"minbytes": 5, 
	"sentbytes": "22120D"
	}, 
	{
	"name": "DataRead.systemSupplierIdentifier", 
	"replybytes": "62F18A00000000", 
	"deny_sds": [], 
	"receivebyte_dataitems": {
		"systemSupplierIdentifier": {
		"ref": true, 
		"firstbyte": 4
		}
	}, 
	"minbytes": 7, 
	"sentbytes": "22F18A"
	}, 
	{
	"name": "DataRead.VIN", 
	"replybytes": "62F1900000000000000000000000000000000000", 
	"deny_sds": [], 
	"receivebyte_dataitems": {
		"VIN": {
		"ref": true, 
		"firstbyte": 4
		}
	}, 
	"minbytes": 20, 
	"sentbytes": "22F190"
	}, 
	{
	"name": "DataRead.FFD$224032", 
	"replybytes": "62403200", 
	"deny_sds": [], 
	"receivebyte_dataitems": {
		"DataRead.FFD_$224032_#4_IS signal status": {
		"bitoffset": 7, 
		"firstbyte": 4
		}
	}, 
	"minbytes": 4, 
	"sentbytes": "224032"
	}, 
	{
	"name": "DataRead.vehicleManufacturerSparePartNumber", 
	"replybytes": "62F18700000000000000000000", 
	"deny_sds": [], 
	"receivebyte_dataitems": {
		"vehicleManufacturerSparePartNumber": {
		"ref": true, 
		"firstbyte": 4
		}
	}, 
	"minbytes": 13, 
	"sentbytes": "22F187"
	}, 
	{
	"name": "DataRead.$22F40D", 
	"replybytes": "62F40D00", 
	"deny_sds": [], 
	"receivebyte_dataitems": {
		"DataRead_$22F40D_#4_bit0_VEHICLE SPEED": {
		"firstbyte": 4
		}
	}, 
	"minbytes": 4, 
	"sentbytes": "22F40D"
	}, 
	{
	"name": "ClearDiagnosticInformation.All", 
	"replybytes": "54", 
	"deny_sds": [], 
	"manualsend": true, 
	"minbytes": 1, 
	"sentbytes": "14FFFFFF"
	}, 
	{
	"name": "DataRead.systemSupplierECUSoftwareNumber", 
	"replybytes": "62F194", 
	"deny_sds": [], 
	"receivebyte_dataitems": {
		"systemSupplierECUSoftwareNumber": {
		"ref": true, 
		"firstbyte": 4
		}
	}, 
	"minbytes": 35, 
	"sentbytes": "22F194"
	}, 
	{
	"name": "DataRead.$220C11", 
	"replybytes": "620C1100", 
	"deny_sds": [], 
	"receivebyte_dataitems": {
		"DataRead_$220C11_#4_bit0_FAN DUTY": {
		"bitoffset": 1, 
		"firstbyte": 4
		}, 
		"DataRead_$220C11_#4_bit7_FAN REQ SIG": {
		"firstbyte": 4
		}
	}, 
	"minbytes": 4, 
	"sentbytes": "220C11"
	}, 
	{
	"name": "DataRead.$220C12", 
	"replybytes": "620C1200", 
	"deny_sds": [], 
	"receivebyte_dataitems": {
		"DataRead_$220C12_#4_bit0_COMP ECV DUTY": {
		"bitoffset": 1, 
		"firstbyte": 4
		}, 
		"DataRead_$220C12_#4_bit7_COMP REQ SIG": {
		"firstbyte": 4
		}
	}, 
	"minbytes": 4, 
	"sentbytes": "220C12"
	}, 
	{
	"name": "DataRead.$220C10", 
	"replybytes": "620C1000", 
	"deny_sds": [], 
	"receivebyte_dataitems": {
		"DataRead_$220C10_#4_bit0_XM": {
		"firstbyte": 4
		}
	}, 
	"minbytes": 4, 
	"sentbytes": "220C10"
	}, 
	{
	"name": "RoutineStatus$201F_TEMP_SET_CORRECT", 
	"replybytes": "7103201F00", 
	"deny_sds": [], 
	"receivebyte_dataitems": {
		"RoutineStatusRecord": {
		"firstbyte": 5
		}
	}, 
	"minbytes": 5, 
	"sentbytes": "3103201F"
	}, 
	{
	"name": "DataRead.$221201", 
	"replybytes": "6212010000", 
	"deny_sds": [], 
	"receivebyte_dataitems": {
		"DataRead_$221201_#4": {
		"firstbyte": 4
		}
	}, 
	"minbytes": 5, 
	"sentbytes": "221201"
	}, 
	{
	"name": "DataRead.diagnosticVersion", 
	"replybytes": "62F1A000", 
	"deny_sds": [], 
	"receivebyte_dataitems": {
		"diagnosticVersion": {
		"firstbyte": 4
		}
	}, 
	"minbytes": 4, 
	"sentbytes": "22F1A0"
	}, 
	{
	"name": "DataRead.FFD$224023", 
	"replybytes": "62402300", 
	"deny_sds": [], 
	"receivebyte_dataitems": {
		"DataRead.FFD_$224023_#4_Reat Internal temperature sensor calculated value": {
		"firstbyte": 4
		}
	}, 
	"minbytes": 4, 
	"sentbytes": "224023"
	}, 
	{
	"name": "DataRead.FFD$224022", 
	"replybytes": "62402200", 
	"deny_sds": [], 
	"receivebyte_dataitems": {
		"DataRead.FFD_$224022_#4_Rear Intake temperature sensor value": {
		"firstbyte": 4
		}
	}, 
	"minbytes": 4, 
	"sentbytes": "224022"
	}, 
	{
	"name": "DataRead.FFD$224021", 
	"replybytes": "62402100", 
	"deny_sds": [], 
	"receivebyte_dataitems": {
		"DataRead.FFD_$224021_#4_Rear Internal temperature sensor value": {
		"firstbyte": 4
		}
	}, 
	"minbytes": 4, 
	"sentbytes": "224021"
	}, 
	{
	"name": "DataRead.FFD$224020", 
	"replybytes": "6240200000", 
	"deny_sds": [], 
	"receivebyte_dataitems": {
		"DataRead.FFD_$224020_#4_Intenal code": {
		"firstbyte": 4
		}
	}, 
	"minbytes": 5, 
	"sentbytes": "224020"
	}, 
	{
	"name": "DataRead.FFD$224027", 
	"replybytes": "62402700", 
	"deny_sds": [], 
	"receivebyte_dataitems": {
		"DataRead.FFD_$224027_#4_bit4_OLB_RP_LEDE_Indic": {
		"bitoffset": 4, 
		"firstbyte": 4
		}, 
		"DataRead.FFD_$224027_#4_bit3_OLB_RP_LEDD_Indic": {
		"bitoffset": 3, 
		"firstbyte": 4
		}, 
		"DataRead.FFD_$224027_#4_bit0_OLB_RP_LEDA_Indic": {
		"firstbyte": 4
		}, 
		"DataRead.FFD_$224027_#4_bit2_OLB_RP_LEDC_Indic": {
		"bitoffset": 2, 
		"firstbyte": 4
		}, 
		"DataRead.FFD_$224027_#4_bit1_OLB_RP_LEDB_Indic": {
		"bitoffset": 1, 
		"firstbyte": 4
		}
	}, 
	"minbytes": 4, 
	"sentbytes": "224027"
	}, 
	{
	"name": "DataRead.FFD$224026", 
	"replybytes": "62402600", 
	"deny_sds": [], 
	"receivebyte_dataitems": {
		"DataRead.FFD_$224026_#4_Reat Blower fan request signal": {
		"firstbyte": 4
		}
	}, 
	"minbytes": 4, 
	"sentbytes": "224026"
	}, 
	{
	"name": "DataRead.FFD$224025", 
	"replybytes": "62402500", 
	"deny_sds": [], 
	"receivebyte_dataitems": {
		"DataRead.FFD_$224025_#4_Rear XM": {
		"firstbyte": 4
		}
	}, 
	"minbytes": 4, 
	"sentbytes": "224025"
	}, 
	{
	"name": "DataRead.FFD$224024", 
	"replybytes": "62402400", 
	"deny_sds": [], 
	"receivebyte_dataitems": {
		"DataRead.FFD_$224024_#4_Rear Intake temperature sensor calculated value": {
		"firstbyte": 4
		}
	}, 
	"minbytes": 4, 
	"sentbytes": "224024"
	}, 
	{
	"name": "DataRead.FFD$224028", 
	"replybytes": "62402800", 
	"deny_sds": [], 
	"receivebyte_dataitems": {
		"DataRead.FFD_$224028_#4_bit6_Rear Blower fan DUTY or voltage": {
		"bitoffset": 1, 
		"firstbyte": 4
		}
	}, 
	"minbytes": 4, 
	"sentbytes": "224028"
	}, 
	{
	"name": "DataRead.FFD$22400D", 
	"replybytes": "62400D00", 
	"deny_sds": [], 
	"receivebyte_dataitems": {
		"DataRead.FFD_$22400D_#4_Internal temperature sensor calculated value": {
		"firstbyte": 4
		}
	}, 
	"minbytes": 4, 
	"sentbytes": "22400D"
	}, 
	{
	"name": "DataRead.FFD$22400F", 
	"replybytes": "62400F00", 
	"deny_sds": [], 
	"receivebyte_dataitems": {
		"DataRead.FFD_$22400F_#4_Intake temperature sensor calculated value": {
		"firstbyte": 4
		}
	}, 
	"minbytes": 4, 
	"sentbytes": "22400F"
	}, 
	{
	"name": "DataRead.FFD$22400A", 
	"replybytes": "62400A00", 
	"deny_sds": [], 
	"receivebyte_dataitems": {
		"DataRead.FFD_$22400A_#4_Intake temperature sensor value": {
		"firstbyte": 4
		}
	}, 
	"minbytes": 4, 
	"sentbytes": "22400A"
	}, 
	{
	"name": "DataRead.FFD$22400C", 
	"replybytes": "62400C00", 
	"deny_sds": [], 
	"receivebyte_dataitems": {
		"DataRead.FFD_$22400C_#4_External temperature sensor calculated value": {
		"firstbyte": 4
		}
	}, 
	"minbytes": 4, 
	"sentbytes": "22400C"
	}, 
	{
	"name": "DataRead.FFD$22400B", 
	"replybytes": "62400B00", 
	"deny_sds": [], 
	"receivebyte_dataitems": {
		"DataRead.FFD_$22400B_#4_Insolation sensor value": {
		"firstbyte": 4
		}
	}, 
	"minbytes": 4, 
	"sentbytes": "22400B"
	}, 
	{
	"name": "DataRead.$22130C", 
	"replybytes": "62130C00000000", 
	"deny_sds": [], 
	"receivebyte_dataitems": {
		"DataRead_$22130C_#4": {
		"firstbyte": 4
		}
	}, 
	"minbytes": 7, 
	"sentbytes": "22130C"
	}, 
	{
	"name": "CAN DIAG SUPPORT MNTR.can", 
	"replybytes": "62EF82000000000000000000000000000000000000000000000000", 
	"deny_sds": [], 
	"manualsend": true, 
	"receivebyte_dataitems": {
		"Mute.n.PAST.vcan": {
		"bitoffset": 2, 
		"firstbyte": 7
		}, 
		"HVAC.n.PRSNT.vcan": {
		"bitoffset": 1, 
		"firstbyte": 15
		}, 
		"ECM.n.PRSNT.vcan": {
		"bitoffset": 1, 
		"firstbyte": 8
		}, 
		"Mute.n.CRRNT.vcan": {
		"firstbyte": 7
		}, 
		"HVAC.n.PAST.vcan": {
		"bitoffset": 2, 
		"firstbyte": 15
		}, 
		"MUX messaging reference.-.-.vcan": {
		"firstbyte": 4
		}, 
		"HVAC.n.CRRNT.vcan": {
		"firstbyte": 15
		}, 
		"Mute.n.PRSNT.vcan": {
		"bitoffset": 1, 
		"firstbyte": 7
		}, 
		"ECM.n.PAST.vcan": {
		"bitoffset": 2, 
		"firstbyte": 8
		}, 
		"USM.n.PRSNT.vcan": {
		"bitoffset": 1, 
		"firstbyte": 27
		}, 
		"USM.n.PAST.vcan": {
		"bitoffset": 2, 
		"firstbyte": 27
		}, 
		"BCM.n.PAST.vcan": {
		"bitoffset": 2, 
		"firstbyte": 11
		}, 
		"BUSOFF DIAG.n.PAST.vcan": {
		"bitoffset": 2, 
		"firstbyte": 6
		}, 
		"BCM.n.PRSNT.vcan": {
		"bitoffset": 1, 
		"firstbyte": 11
		}, 
		"METER/CLUSTER.n.PAST.vcan": {
		"bitoffset": 2, 
		"firstbyte": 10
		}, 
		"ECM.n.CRRNT.vcan": {
		"firstbyte": 8
		}, 
		"BUSOFF DIAG.n.PRSNT.vcan": {
		"bitoffset": 1, 
		"firstbyte": 6
		}, 
		"BUSOFF DIAG.n.CRRNT.vcan": {
		"firstbyte": 6
		}, 
		"BCM.n.CRRNT.vcan": {
		"firstbyte": 11
		}, 
		"METER/CLUSTER.n.PRSNT.vcan": {
		"bitoffset": 1, 
		"firstbyte": 10
		}, 
		"USM.n.CRRNT.vcan": {
		"firstbyte": 27
		}, 
		"METER/CLUSTER.n.CRRNT.vcan": {
		"firstbyte": 10
		}
	}, 
	"minbytes": 27, 
	"sentbytes": "22EF82"
	}, 
	{
	"name": "ReadDTCInformation.ReportNumberOfDTCByStatusMask", 
	"replybytes": "5901FF000000", 
	"deny_sds": [], 
	"receivebyte_dataitems": {
		"DTCCount": {
		"firstbyte": 5
		}, 
		"DTCFormatIdentifier": {
		"firstbyte": 4
		}, 
		"DTCStatusAvailabilityMask": {
		"firstbyte": 3
		}
	}, 
	"minbytes": 6, 
	"sentbytes": "1901FF"
	}, 
	{
	"name": "DataRead.$22130D", 
	"replybytes": "62130D00000000", 
	"deny_sds": [], 
	"receivebyte_dataitems": {
		"DataRead_$22130D_#4": {
		"firstbyte": 4
		}
	}, 
	"minbytes": 7, 
	"sentbytes": "22130D"
	}, 
	{
	"name": "DataWrite.$2E0C82", 
	"replybytes": "6E0C82", 
	"deny_sds": [], 
	"sendbyte_dataitems": {
		"DataWrite_$2E0C82_#4_FRE_MEMORY_SET": {
		"firstbyte": 4
		}
	}, 
	"minbytes": 3, 
	"sentbytes": "2E0C8200"
	}, 
	{
	"name": "DataWrite.$2E0C83", 
	"replybytes": "6E0C83", 
	"deny_sds": [], 
	"sendbyte_dataitems": {
		"DataWrite_$2E0C83_#4_BLOW_SET": {
		"firstbyte": 4
		}
	}, 
	"minbytes": 3, 
	"sentbytes": "2E0C8300"
	}, 
	{
	"name": "DataWrite.$2E0C80", 
	"replybytes": "6E0C80", 
	"deny_sds": [], 
	"sendbyte_dataitems": {
		"DataWrite_$2E0C80_#4_TEMP_SET_CORRECT[degF]": {
		"firstbyte": 4
		}, 
		"DataWrite_$2E0C80_#4_TEMP_SET_CORRECT[degC]": {
		"firstbyte": 4
		}
	}, 
	"minbytes": 3, 
	"sentbytes": "2E0C8000"
	}, 
	{
	"name": "DataWrite.$2E0C81", 
	"replybytes": "6E0C81", 
	"deny_sds": [], 
	"sendbyte_dataitems": {
		"DataWrite_$2E0C81_#4_REC_MEMORY_SET": {
		"firstbyte": 4
		}
	}, 
	"minbytes": 3, 
	"sentbytes": "2E0C8100"
	}, 
	{
	"name": "DataWrite.$2E0C84", 
	"replybytes": "6E0C84", 
	"deny_sds": [], 
	"sendbyte_dataitems": {
		"DataWrite_$2E0C84_#4_TARGET EVAPORATOR TEMP UPPER LIMIT SETTING": {
		"firstbyte": 4
		}
	}, 
	"minbytes": 3, 
	"sentbytes": "2E0C8400"
	}, 
	{
	"name": "DataRead.$220C07", 
	"replybytes": "620C0700", 
	"deny_sds": [], 
	"receivebyte_dataitems": {
		"DataRead_$220C07_#4_bit0_IN-VEH  TEMP": {
		"firstbyte": 4
		}
	}, 
	"minbytes": 4, 
	"sentbytes": "220C07"
	}, 
	{
	"name": "DataRead.$220C06", 
	"replybytes": "620C0600", 
	"deny_sds": [], 
	"receivebyte_dataitems": {
		"DataRead_$220C06_#4_AMB TEMP SEN": {
		"firstbyte": 4
		}
	}, 
	"minbytes": 4, 
	"sentbytes": "220C06"
	}, 
	{
	"name": "IO_Control.start.$0CF0_ALL SEG", 
	"replybytes": "6F0CF00301", 
	"deny_sds": [], 
	"receivebyte_dataitems": {
		"OutputControlStatus": {
		"firstbyte": 5
		}
	}, 
	"sendbyte_dataitems": {
		"$0CF0_ALL SEG": {
		"firstbyte": 6
		}
	}, 
	"minbytes": 5, 
	"sentbytes": "2F0CF0030000"
	}, 
	{
	"name": "IO_Control.lStatus.$0CF0_ALL SEG", 
	"replybytes": "6F0CF00301", 
	"deny_sds": [], 
	"receivebyte_dataitems": {
		"OutputControlStatus": {
		"firstbyte": 5
		}
	}, 
	"minbytes": 5, 
	"sentbytes": "2F0CF00301"
	}, 
	{
	"name": "DataRead.$220C09", 
	"replybytes": "620C0900", 
	"deny_sds": [], 
	"receivebyte_dataitems": {
		"DataRead_$220C09_#4_bit0_SUNLOAD SEN": {
		"firstbyte": 4
		}
	}, 
	"minbytes": 4, 
	"sentbytes": "220C09"
	}, 
	{
	"name": "DataRead.$220C08", 
	"replybytes": "620C0800", 
	"deny_sds": [], 
	"receivebyte_dataitems": {
		"DataRead_$220C08_#4_bit0_INT TEMP SEN": {
		"firstbyte": 4
		}
	}, 
	"minbytes": 4, 
	"sentbytes": "220C08"
	}, 
	{
	"name": "DataRead.$22402E", 
	"replybytes": "62402E00", 
	"deny_sds": [], 
	"receivebyte_dataitems": {
		"DataRead_$22402E_#4_bit6_Set operation for when SW for CleanAirVehicle is operated": {
		"firstbyte": 4
		}
	}, 
	"minbytes": 4, 
	"sentbytes": "22402E"
	}, 
	{
	"name": "DataRead.$22402F", 
	"replybytes": "62402F00", 
	"deny_sds": [], 
	"receivebyte_dataitems": {
		"DataRead_$22402F_#4_bit6_Target evaporator temperature increase value": {
		"firstbyte": 4
		}, 
		"DataRead_$22402F_#4_TARGET EVAPORATOR TEMP UPPER LIMIT SETTING": {
		"firstbyte": 4
		}
	}, 
	"minbytes": 4, 
	"sentbytes": "22402F"
	}, 
	{
	"name": "DataRead.$22402A", 
	"replybytes": "62402A00", 
	"deny_sds": [], 
	"receivebyte_dataitems": {
		"DataRead_$22402A_#4_bit7_Set REC memory": {
		"firstbyte": 4
		}
	}, 
	"minbytes": 4, 
	"sentbytes": "22402A"
	}, 
	{
	"name": "DataRead.$22402B", 
	"replybytes": "62402B00", 
	"deny_sds": [], 
	"receivebyte_dataitems": {
		"DataRead_$22402B_#4_bit7_Set FRE memory": {
		"firstbyte": 4
		}
	}, 
	"minbytes": 4, 
	"sentbytes": "22402B"
	}, 
	{
	"name": "DataRead.$22402C", 
	"replybytes": "62402C00", 
	"deny_sds": [], 
	"receivebyte_dataitems": {
		"DataRead_$22402C_#4_bit6_Set thepresence of air distribution to DEF during D/F1 mode": {
		"firstbyte": 4
		}
	}, 
	"minbytes": 4, 
	"sentbytes": "22402C"
	}, 
	{
	"name": "DataRead.FFD$22D001", 
	"replybytes": "62D00100", 
	"deny_sds": [], 
	"receivebyte_dataitems": {
		"DataRead.FFD_$22D001_#4_BatteryVoltage": {
		"firstbyte": 4
		}
	}, 
	"minbytes": 4, 
	"sentbytes": "22D001"
	}, 
	{
	"name": "DataRead.FFD$22D003", 
	"replybytes": "62D00300", 
	"deny_sds": [], 
	"receivebyte_dataitems": {
		"DataRead.FFD_$22D003_#4_VehicleSpeed": {
		"firstbyte": 4
		}
	}, 
	"minbytes": 4, 
	"sentbytes": "22D003"
	}, 
	{
	"name": "DataRead.FFD$22D002", 
	"replybytes": "62D00200", 
	"deny_sds": [], 
	"receivebyte_dataitems": {
		"DataRead.FFD_$22D002_#4_DTC frequencly counter": {
		"firstbyte": 4
		}
	}, 
	"minbytes": 4, 
	"sentbytes": "22D002"
	}, 
	{
	"name": "IO_Control.lStop.$0CF1_HVAC TEST", 
	"replybytes": "6F0CF10301", 
	"deny_sds": [], 
	"receivebyte_dataitems": {
		"OutputControlStatus": {
		"firstbyte": 5
		}
	}, 
	"sendbyte_dataitems": {
		"$0CF0_HVAC TEST": {
		"firstbyte": 6
		}
	}, 
	"minbytes": 5, 
	"sentbytes": "2F0CF1030000"
	}, 
	{
	"name": "DataRead.$220C0E", 
	"replybytes": "620C0E00", 
	"deny_sds": [], 
	"receivebyte_dataitems": {
		"DataRead_$220C0E_#4_bit0_SUNL SEN CAL": {
		"firstbyte": 4
		}
	}, 
	"minbytes": 4, 
	"sentbytes": "220C0E"
	}, 
	{
	"name": "DataRead.$220C0D", 
	"replybytes": "620C0D00", 
	"deny_sds": [], 
	"receivebyte_dataitems": {
		"DataRead_$220C0D_#4_bit0_INT TEMP CAL": {
		"firstbyte": 4
		}
	}, 
	"minbytes": 4, 
	"sentbytes": "220C0D"
	}, 
	{
	"name": "DataRead.$220C0F", 
	"replybytes": "620C0F00", 
	"deny_sds": [], 
	"receivebyte_dataitems": {
		"DataRead_$220C0F_#4_bit0_PASS SUNL CAL": {
		"firstbyte": 4
		}
	}, 
	"minbytes": 4, 
	"sentbytes": "220C0F"
	}, 
	{
	"name": "DataRead.$220C0A", 
	"replybytes": "620C0A00", 
	"deny_sds": [], 
	"receivebyte_dataitems": {
		"DataRead_$220C0A_#4_bit0_AMB SEN CAL": {
		"firstbyte": 4
		}
	}, 
	"minbytes": 4, 
	"sentbytes": "220C0A"
	}, 
	{
	"name": "DataRead.$220C0C", 
	"replybytes": "620C0C00", 
	"deny_sds": [], 
	"receivebyte_dataitems": {
		"DataRead_$220C0C_#4_bit0_PASS IN CAL": {
		"firstbyte": 4
		}
	}, 
	"minbytes": 4, 
	"sentbytes": "220C0C"
	}, 
	{
	"name": "DataRead.$220C0B", 
	"replybytes": "620C0B00", 
	"deny_sds": [], 
	"receivebyte_dataitems": {
		"DataRead_$220C0B_#4_bit0_IN -VEH CAL": {
		"firstbyte": 4
		}
	}, 
	"minbytes": 4, 
	"sentbytes": "220C0B"
	}, 
	{
	"name": "DataRead.ECUSerialNumber", 
	"replybytes": "62F18C0000000000000000000000000000000000000000", 
	"deny_sds": [], 
	"receivebyte_dataitems": {
		"ECUSerialNumber": {
		"ref": true, 
		"firstbyte": 4
		}
	}, 
	"minbytes": 23, 
	"sentbytes": "22F18C"
	}, 
	{
	"name": "DataRead.$221302", 
	"replybytes": "62130200", 
	"deny_sds": [], 
	"receivebyte_dataitems": {
		"DataRead_$221302_#4_IGN": {
		"firstbyte": 4
		}
	}, 
	"minbytes": 4, 
	"sentbytes": "221302"
	}, 
	{
	"name": "DataRead.$221303", 
	"replybytes": "62130300", 
	"deny_sds": [], 
	"receivebyte_dataitems": {
		"DataRead_$221303_#4_Shift_p": {
		"firstbyte": 4
		}
	}, 
	"minbytes": 4, 
	"sentbytes": "221303"
	}, 
	{
	"name": "DataRead.$221301", 
	"replybytes": "62130100", 
	"deny_sds": [], 
	"receivebyte_dataitems": {
		"DataRead_$221301_#4_Numeric Data": {
		"firstbyte": 4
		}, 
		"DataRead_$221301_#4_Numeric list Data": {
		"firstbyte": 4
		}
	}, 
	"minbytes": 4, 
	"sentbytes": "221301"
	}, 
	{
	"name": "DataRead.$22F012", 
	"replybytes": "62F01200000000000000000000", 
	"deny_sds": [], 
	"receivebyte_dataitems": {
		"DataRead_$22F012_#4_Operational Reference": {
		"firstbyte": 4
		}
	}, 
	"minbytes": 13, 
	"sentbytes": "22F012"
	}, 
	{
	"name": "DataRead.systemSupplierECUSoftwareVersionNumber", 
	"replybytes": "62F1950000000000000000000000000000000000000000000000000000000000000000", 
	"deny_sds": [], 
	"receivebyte_dataitems": {
		"systemSupplierECUSoftwareVersionNumber": {
		"firstbyte": 4
		}
	}, 
	"minbytes": 35, 
	"sentbytes": "22F195"
	}, 
	{
	"name": "DataRead.FFD$22F0D0", 
	"replybytes": "62F0D0000000", 
	"deny_sds": [], 
	"receivebyte_dataitems": {
		"DataRead.FFD_$22F0D0_#4_DistanceTotalizer": {
		"firstbyte": 4
		}
	}, 
	"minbytes": 6, 
	"sentbytes": "22F0D0"
	}, 
	{
	"name": "DataRead.FFD$224005", 
	"replybytes": "62400500", 
	"deny_sds": [], 
	"receivebyte_dataitems": {
		"DataRead.FFD_$224005_#4_OLB_FP_DistDisplay": {
		"firstbyte": 4
		}
	}, 
	"minbytes": 4, 
	"sentbytes": "224005"
	}, 
	{
	"name": "DataRead.FFD$224004", 
	"replybytes": "62400400", 
	"deny_sds": [], 
	"receivebyte_dataitems": {
		"DataRead.FFD_$224004_#4_OLB_FP_LeftTempDisplay": {
		"firstbyte": 4
		}
	}, 
	"minbytes": 4, 
	"sentbytes": "224004"
	}, 
	{
	"name": "DataRead.FFD$224007", 
	"replybytes": "62400700000000", 
	"deny_sds": [], 
	"receivebyte_dataitems": {
		"DataRead.FFD_$224007_#6_bit4_OLB_FP_LEDU_Indic": {
		"bitoffset": 4, 
		"firstbyte": 6
		}, 
		"DataRead.FFD_$224007_#4_bit7_OLB_FP_LEDH_Indic": {
		"bitoffset": 7, 
		"firstbyte": 4
		}, 
		"DataRead.FFD_$224007_#4_bit3_OLB_FP_LEDD_Indic": {
		"bitoffset": 3, 
		"firstbyte": 4
		}, 
		"DataRead.FFD_$224007_#6_bit1_OLB_FP_LEDR_Indic": {
		"bitoffset": 1, 
		"firstbyte": 6
		}, 
		"DataRead.FFD_$224007_#5_bit7_OLB_FP_LEDP_Indic": {
		"bitoffset": 7, 
		"firstbyte": 5
		}, 
		"DataRead.FFD_$224007_#5_bit2_OLB_FP_LEDK_Indic": {
		"bitoffset": 2, 
		"firstbyte": 5
		}, 
		"DataRead.FFD_$224007_#5_bit4_OLB_FP_LEDM_Indic": {
		"bitoffset": 4, 
		"firstbyte": 5
		}, 
		"DataRead.FFD_$224007_#4_bit2_OLB_FP_LEDC_Indic": {
		"bitoffset": 2, 
		"firstbyte": 4
		}, 
		"DataRead.FFD_$224007_#6_bit5_OLB_FP_LEDV_Indic": {
		"bitoffset": 5, 
		"firstbyte": 6
		}, 
		"DataRead.FFD_$224007_#4_bit1_OLB_FP_LEDB_Indic": {
		"bitoffset": 1, 
		"firstbyte": 4
		}, 
		"DataRead.FFD_$224007_#4_bit6_OLB_FP_LEDG_Indic": {
		"bitoffset": 6, 
		"firstbyte": 4
		}, 
		"DataRead.FFD_$224007_#6_bit6_OLB_FP_LEDW_Indic": {
		"bitoffset": 6, 
		"firstbyte": 6
		}, 
		"DataRead.FFD_$224007_#6_bit3_OLB_FP_LEDT_Indic": {
		"bitoffset": 3, 
		"firstbyte": 6
		}, 
		"DataRead.FFD_$224007_#6_bit7_OLB_FP_LEDX_Indic": {
		"bitoffset": 7, 
		"firstbyte": 6
		}, 
		"DataRead.FFD_$224007_#7_bit1_OLB_FP_LEDZ_Indic": {
		"bitoffset": 1, 
		"firstbyte": 7
		}, 
		"DataRead.FFD_$224007_#6_bit2_OLB_FP_LEDS_Indic": {
		"bitoffset": 2, 
		"firstbyte": 6
		}, 
		"DataRead.FFD_$224007_#4_bit5_OLB_FP_LEDF_Indic": {
		"bitoffset": 5, 
		"firstbyte": 4
		}, 
		"DataRead.FFD_$224007_#5_bit0_OLB_FP_LEDI_Indic": {
		"firstbyte": 5
		}, 
		"DataRead.FFD_$224007_#5_bit6_OLB_FP_LEDO_Indic": {
		"bitoffset": 6, 
		"firstbyte": 5
		}, 
		"DataRead.FFD_$224007_#4_bit4_OLB_FP_LEDE_Indic": {
		"bitoffset": 4, 
		"firstbyte": 4
		}, 
		"DataRead.FFD_$224007_#7_bit0_OLB_FP_LEDY_Indic": {
		"firstbyte": 7
		}, 
		"DataRead.FFD_$224007_#4_bit0_OLB_FP_LEDA_Indic": {
		"firstbyte": 4
		}, 
		"DataRead.FFD_$224007_#5_bit1_OLB_FP_LEDJ_Indic": {
		"bitoffset": 1, 
		"firstbyte": 5
		}, 
		"DataRead.FFD_$224007_#6_bit0_OLB_FP_LEDQ_Indic": {
		"firstbyte": 6
		}, 
		"DataRead.FFD_$224007_#5_bit3_OLB_FP_LEDL_Indic": {
		"bitoffset": 3, 
		"firstbyte": 5
		}, 
		"DataRead.FFD_$224007_#5_bit5_OLB_FP_LEDN_Indic": {
		"bitoffset": 5, 
		"firstbyte": 5
		}
	}, 
	"minbytes": 7, 
	"sentbytes": "224007"
	}, 
	{
	"name": "DataRead.FFD$224006", 
	"replybytes": "62400600", 
	"deny_sds": [], 
	"receivebyte_dataitems": {
		"DataRead.FFD_$224006_#4_bit3_OLB_FP_BlowerLevelDisplay": {
		"firstbyte": 4
		}
	}, 
	"minbytes": 4, 
	"sentbytes": "224006"
	}, 
	{
	"name": "DataRead.FFD$224001", 
	"replybytes": "62400100", 
	"deny_sds": [], 
	"receivebyte_dataitems": {
		"DataRead.FFD_$224001_#4_OLB_Day Night Status": {
		"firstbyte": 4
		}
	}, 
	"minbytes": 4, 
	"sentbytes": "224001"
	}, 
	{
	"name": "DataRead.FFD$224003", 
	"replybytes": "62400300", 
	"deny_sds": [], 
	"receivebyte_dataitems": {
		"DataRead.FFD_$224003_#4_OLB_IgnitionState": {
		"firstbyte": 4
		}
	}, 
	"minbytes": 4, 
	"sentbytes": "224003"
	}, 
	{
	"name": "DataRead.FFD$224002", 
	"replybytes": "62400200", 
	"deny_sds": [], 
	"receivebyte_dataitems": {
		"DataRead.FFD_$224002_#4_OLB_ClearDiagInfo": {
		"firstbyte": 4
		}
	}, 
	"minbytes": 4, 
	"sentbytes": "224002"
	}, 
	{
	"name": "DataRead.FFD$224009", 
	"replybytes": "62400900", 
	"deny_sds": [], 
	"receivebyte_dataitems": {
		"DataRead.FFD_$224009_#4_Internal temperature sensor value": {
		"firstbyte": 4
		}
	}, 
	"minbytes": 4, 
	"sentbytes": "224009"
	}, 
	{
	"name": "DataRead.FFD$224008", 
	"replybytes": "62400800", 
	"deny_sds": [], 
	"receivebyte_dataitems": {
		"DataRead.FFD_$224008_#4_External temperature sensor value": {
		"firstbyte": 4
		}
	}, 
	"minbytes": 4, 
	"sentbytes": "224008"
	}, 
	{
	"name": "DataRead.$224031", 
	"replybytes": "62403100", 
	"deny_sds": [], 
	"receivebyte_dataitems": {
		"$224031_A/C Active test for line": {
		"firstbyte": 4
		}
	}, 
	"minbytes": 4, 
	"sentbytes": "224031"
	}, 
	{
	"name": "DataRead.$224030", 
	"replybytes": "62403000", 
	"deny_sds": [], 
	"receivebyte_dataitems": {
		"DataRead_$224030_#4_bit5_IS FANDOWN": {
		"bitoffset": 2, 
		"firstbyte": 4
		}, 
		"DataRead_$224030_#4_bit6_IS Intake": {
		"bitoffset": 1, 
		"firstbyte": 4
		}, 
		"DataRead_$224030_#4_bit7_IS comfort": {
		"firstbyte": 4
		}
	}, 
	"minbytes": 4, 
	"sentbytes": "224030"
	}, 
	{
	"name": "DataRead.FFD$22F467", 
	"replybytes": "62F46700", 
	"deny_sds": [], 
	"receivebyte_dataitems": {
		"DataRead.FFD_$22F467_#4_Water temperature signal": {
		"firstbyte": 4
		}
	}, 
	"minbytes": 4, 
	"sentbytes": "22F467"
	}, 
	{
	"name": "DataWrite.$2E4031", 
	"replybytes": "6E4031", 
	"deny_sds": [], 
	"sendbyte_dataitems": {
		"$224031_A/C Active test for line": {
		"firstbyte": 4
		}
	}, 
	"minbytes": 3, 
	"sentbytes": "2E403100"
	}, 
	{
	"name": "DataRead.$221312", 
	"replybytes": "62131200", 
	"deny_sds": [], 
	"receivebyte_dataitems": {
		"DataRead_$221312_#4_AAAA": {
		"firstbyte": 4
		}
	}, 
	"minbytes": 4, 
	"sentbytes": "221312"
	}, 
	{
	"name": "DataRead.vehicleManufacturerECUSoftwareNumber", 
	"replybytes": "62F18800000000000000000000", 
	"deny_sds": [], 
	"receivebyte_dataitems": {
		"vehicleManufacturerECUSoftwareNumber": {
		"firstbyte": 4
		}
	}, 
	"minbytes": 13, 
	"sentbytes": "22F188"
	}, 
	{
	"name": "DataRead.FFD$224018", 
	"replybytes": "62401800", 
	"deny_sds": [], 
	"receivebyte_dataitems": {
		"DataRead.FFD_$224018_#4_bit6_ACCompClutchDefault": {
		"bitoffset": 1, 
		"firstbyte": 4
		}
	}, 
	"minbytes": 4, 
	"sentbytes": "224018"
	}, 
	{
	"name": "ReadDTCInformation.ReportSnapshot", 
	"replybytes": "590400000000", 
	"deny_sds": [], 
	"receivebyte_dataitems": {
		"DTCRecord": {
		"firstbyte": 3
		}, 
		"StatusOfDTC": {
		"firstbyte": 6
		}
	}, 
	"sendbyte_dataitems": {
		"DTCMaskRecord": {
		"firstbyte": 3
		}
	}, 
	"minbytes": 6, 
	"sentbytes": "1904000000FF"
	}, 
	{
	"name": "DataRead.FFD$224012", 
	"replybytes": "62401200", 
	"deny_sds": [], 
	"receivebyte_dataitems": {
		"DataRead.FFD_$224012_#4_XM": {
		"firstbyte": 4
		}
	}, 
	"minbytes": 4, 
	"sentbytes": "224012"
	}, 
	{
	"name": "DataRead.FFD$224013", 
	"replybytes": "62401300", 
	"deny_sds": [], 
	"receivebyte_dataitems": {
		"DataRead.FFD_$224013_#4_Blower fan request signal": {
		"firstbyte": 4
		}
	}, 
	"minbytes": 4, 
	"sentbytes": "224013"
	}, 
	{
	"name": "DataRead.FFD$224010", 
	"replybytes": "62401000", 
	"deny_sds": [], 
	"receivebyte_dataitems": {
		"DataRead.FFD_$224010_#4_Insolation sensor calculated value": {
		"firstbyte": 4
		}
	}, 
	"minbytes": 4, 
	"sentbytes": "224010"
	}, 
	{
	"name": "DataRead.FFD$224016", 
	"replybytes": "62401600", 
	"deny_sds": [], 
	"receivebyte_dataitems": {
		"DataRead.FFD_$224016_#4_bit6_Compressor ECV DUTY": {
		"bitoffset": 1, 
		"firstbyte": 4
		}
	}, 
	"minbytes": 4, 
	"sentbytes": "224016"
	}, 
	{
	"name": "DataRead.FFD$224017", 
	"replybytes": "62401700", 
	"deny_sds": [], 
	"receivebyte_dataitems": {
		"DataRead.FFD_$224017_#4_ACCompClutchStatus": {
		"firstbyte": 4
		}
	}, 
	"minbytes": 4, 
	"sentbytes": "224017"
	}, 
	{
	"name": "DataRead.FFD$224014", 
	"replybytes": "62401400", 
	"deny_sds": [], 
	"receivebyte_dataitems": {
		"DataRead.FFD_$224014_#4_bit6_Bloor fan DUTY or voltage": {
		"bitoffset": 1, 
		"firstbyte": 4
		}
	}, 
	"minbytes": 4, 
	"sentbytes": "224014"
	}, 
	{
	"name": "DataRead.FFD$224015", 
	"replybytes": "62401500", 
	"deny_sds": [], 
	"receivebyte_dataitems": {
		"DataRead.FFD_$224015_#4_Compressor request signal": {
		"firstbyte": 4
		}
	}, 
	"minbytes": 4, 
	"sentbytes": "224015"
	}, 
	{
	"name": "ReadDTCInformation.ReportSupportedDTC", 
	"replybytes": "590AFF00000000", 
	"deny_sds": [], 
	"receivebyte_dataitems": {
		"DTCFailureType": {
		"firstbyte": 6
		}, 
		"StatusOfDTC": {
		"firstbyte": 7
		}, 
		"DTCStatusAvailabilityMask": {
		"firstbyte": 3
		}, 
		"DTCDeviceIdentifier": {
		"firstbyte": 4
		}
	}, 
	"minbytes": 3, 
	"sentbytes": "190A", 
	"shiftbytescount": 4
	}, 
	{
	"name": "DataRead.vehicleManufacturerECUHardwareNumber", 
	"replybytes": "62F191", 
	"deny_sds": [], 
	"receivebyte_dataitems": {
		"vehicleManufacturerECUHardwareNumber": {
		"ref": true, 
		"firstbyte": 4
		}
	}, 
	"minbytes": 13, 
	"sentbytes": "22F191"
	}, 
	{
	"name": "TesterPresent.WithResponse", 
	"replybytes": "7E00", 
	"deny_sds": [], 
	"manualsend": true, 
	"minbytes": 2, 
	"sentbytes": "3E00"
	}, 
	{
	"name": "DataWrite.VehicleManufacturerECUSoftwareNumber (Ref C)", 
	"replybytes": "6EF188", 
	"deny_sds": [], 
	"manualsend": true, 
	"sendbyte_dataitems": {
		"vehicleManufacturerECUSoftwareNumber": {
		"firstbyte": 4
		}
	}, 
	"minbytes": 3, 
	"sentbytes": "2EF18800000000000000000000"
	}, 
	{
	"name": "DataRead.$22400E", 
	"replybytes": "62400E00", 
	"deny_sds": [], 
	"receivebyte_dataitems": {
		"DataRead.$22400E_#4_Passenger side internal temperature sensor calculated value (8 bit)": {
		"firstbyte": 4
		}
	}, 
	"minbytes": 4, 
	"sentbytes": "22400E"
	}, 
	{
	"name": "DataRead.$224019", 
	"replybytes": "62401900", 
	"deny_sds": [], 
	"receivebyte_dataitems": {
		"DataRead_$224019_#4_Correction of set temperature value[degC]": {
		"firstbyte": 4
		}
	}, 
	"minbytes": 4, 
	"sentbytes": "224019"
	}, 
	{
	"name": "DataRead.$224011", 
	"replybytes": "62401100", 
	"deny_sds": [], 
	"receivebyte_dataitems": {
		"DataRead.$224011_#4_Passenger side insolation sensor calculated value (8 bit)": {
		"firstbyte": 4
		}
	}, 
	"minbytes": 4, 
	"sentbytes": "224011"
	}, 
	{
	"name": "DataRead.$221101", 
	"replybytes": "62110100", 
	"deny_sds": [], 
	"receivebyte_dataitems": {
		"DataRead_$221101_#4": {
		"firstbyte": 4
		}
	}, 
	"minbytes": 4, 
	"sentbytes": "221101"
	}, 
	{
	"name": "DataRead.$221102", 
	"replybytes": "62110200", 
	"deny_sds": [], 
	"receivebyte_dataitems": {
		"DataRead_$221102_#4_Engine": {
		"firstbyte": 4
		}
	}, 
	"minbytes": 4, 
	"sentbytes": "221102"
	}, 
	{
	"name": "DataRead.$221107", 
	"replybytes": "62110700", 
	"deny_sds": [], 
	"receivebyte_dataitems": {
		"DataRead_$221107_#4": {
		"firstbyte": 4
		}
	}, 
	"minbytes": 4, 
	"sentbytes": "221107"
	}, 
	{
	"name": "StartDiagnosticSession", 
	"replybytes": "5003000000000000", 
	"deny_sds": [], 
	"manualsend": true, 
	"receivebyte_dataitems": {
		"SessionParameterRecord#1[P2max]": {
		"firstbyte": 3
		}, 
		"SessionParameterRecord#2[P2*max]": {
		"firstbyte": 5
		}
	}, 
	"minbytes": 6, 
	"sentbytes": "1003"
	}, 
	{
	"name": "ReadDTCInformation.ReportExtendedData", 
	"replybytes": "59060000000000000000", 
	"deny_sds": [], 
	"receivebyte_dataitems": {
		"DTCRecord": {
		"firstbyte": 3
		}, 
		"StatusOfDTC": {
		"firstbyte": 6
		}
	}, 
	"sendbyte_dataitems": {
		"DTCMaskRecord": {
		"firstbyte": 3
		}
	}, 
	"minbytes": 6, 
	"sentbytes": "1906000000FF"
	}, 
	{
	"name": "DataRead.FFD$22F40C", 
	"replybytes": "62F40C00", 
	"deny_sds": [], 
	"receivebyte_dataitems": {
		"DataRead.FFD_$22F40C_#4_EngineRPM": {
		"firstbyte": 4
		}
	}, 
	"minbytes": 5, 
	"sentbytes": "22F40C"
	}, 
	{
	"name": "StartDiagnosticSession.ExtendedDiagSession", 
	"replybytes": "5003000000000000", 
	"deny_sds": [], 
	"manualsend": true, 
	"receivebyte_dataitems": {
		"SessionParameterRecord#1[P2max]": {
		"firstbyte": 3
		}, 
		"SessionParameterRecord#2[P2*max]": {
		"firstbyte": 5
		}
	}, 
	"minbytes": 6, 
	"sentbytes": "1003"
	}, 
	{
	"name": "ReadDTCInformation.ReportDTC", 
	"replybytes": "59020000000000", 
	"deny_sds": [], 
	"receivebyte_dataitems": {
		"DTCStatus.pendingDTC": {
		"bitoffset": 5, 
		"firstbyte": 7
		}, 
		"DTCStatus.testFailedSinceLastClear": {
		"bitoffset": 2, 
		"firstbyte": 7
		}, 
		"DTCDeviceAndFailureTypeOBD": {
		"firstbyte": 4
		}, 
		"DTCFailureType.ManufacturerOrSupplier": {
		"bitoffset": 4, 
		"firstbyte": 6
		}, 
		"DTCFailureType.Category": {
		"firstbyte": 6
		}, 
		"DTCFailureType": {
		"firstbyte": 6
		}, 
		"DTCStatus.testNotCompletedSinceLastClear": {
		"bitoffset": 3, 
		"firstbyte": 7
		}, 
		"DTCStatus.testNotCompletedThisMonitoringCycle": {
		"bitoffset": 1, 
		"firstbyte": 7
		}, 
		"DTCStatusAvailabilityMask": {
		"firstbyte": 3
		}, 
		"DTCStatus.warningIndicatorRequested": {
		"firstbyte": 7
		}, 
		"DTCStatus.confirmedDTC": {
		"bitoffset": 4, 
		"firstbyte": 7
		}, 
		"DTCStatus.testFailedThisMonitoringCycle": {
		"bitoffset": 6, 
		"firstbyte": 7
		}, 
		"DTCStatus.testFailed": {
		"bitoffset": 7, 
		"firstbyte": 7
		}, 
		"DTCDeviceIdentifier": {
		"firstbyte": 4
		}
	}, 
	"minbytes": 3, 
	"sentbytes": "19020F", 
	"shiftbytescount": 4
	}
], 
"data": {
	"DataRead_$220C11_#4_bit0_FAN DUTY": {
	"scaled": true, 
	"bitscount": 7
	}, 
	"DataRead.FFD_$224027_#4_bit0_OLB_RP_LEDA_Indic": {
	"bitscount": 1, 
	"lists": {
		"0": "OFF", 
		"1": "ON"
	}
	}, 
	"DataRead_$221301_#4_Numeric list Data": {
	"lists": {
		"255": "invalid value"
	}
	}, 
	"DataWrite_$2E0C83_#4_BLOW_SET": {
	"lists": {
		"0": "MODE1", 
		"1": "MODE2", 
		"2": "MODE3", 
		"3": "MODE4"
	}
	}, 
	"DataRead.FFD_$224008_#4_External temperature sensor value": {
	"scaled": true, 
	"unit": "degC", 
	"offset": -40.0
	}, 
	"DataRead.FFD_$224026_#4_Reat Blower fan request signal": {
	"bitscount": 1, 
	"lists": {
		"0": "OFF", 
		"1": "ON"
	}
	}, 
	"DataRead.FFD_$224001_#4_OLB_Day Night Status": {
	"bitscount": 1, 
	"lists": {
		"0": "OFF", 
		"1": "ON"
	}
	}, 
	"DataRead.FFD_$224022_#4_Rear Intake temperature sensor value": {
	"scaled": true, 
	"unit": "degC", 
	"offset": -40.0
	}, 
	"DataRead.FFD_$224007_#5_bit4_OLB_FP_LEDM_Indic": {
	"bitscount": 1, 
	"lists": {
		"0": "OFF", 
		"1": "ON"
	}
	}, 
	"DataRead.FFD_$224021_#4_Rear Internal temperature sensor value": {
	"scaled": true, 
	"unit": "degC", 
	"offset": -40.0
	}, 
	"DTCRecord": {
	"comment": "DTCASR_DTC", 
	"bytescount": 3, 
	"byte": true, 
	"bitscount": 24
	}, 
	"DataRead.FFD_$224007_#4_bit6_OLB_FP_LEDG_Indic": {
	"bitscount": 1, 
	"lists": {
		"0": "OFF", 
		"1": "ON"
	}
	}, 
	"DataRead.FFD_$224007_#6_bit6_OLB_FP_LEDW_Indic": {
	"bitscount": 1, 
	"lists": {
		"0": "OFF", 
		"1": "ON"
	}
	}, 
	"DataRead_$22402F_#4_bit6_Target evaporator temperature increase value": {
	"bitscount": 2, 
	"lists": {
		"0": "default", 
		"1": "5 degC", 
		"2": "7 degC", 
		"3": "3 degC"
	}
	}, 
	"DataRead.FFD_$224016_#4_bit6_Compressor ECV DUTY": {
	"scaled": true, 
	"bitscount": 7, 
	"unit": "%"
	}, 
	"DataRead.FFD_$224007_#7_bit0_OLB_FP_LEDY_Indic": {
	"bitscount": 1, 
	"lists": {
		"0": "OFF", 
		"1": "ON"
	}
	}, 
	"DataRead.FFD_$224003_#4_OLB_IgnitionState": {
	"bitscount": 1, 
	"lists": {
		"0": "OFF", 
		"1": "ON"
	}
	}, 
	"DataRead_$221312_#4_AAAA": {
	"scaled": true, 
	"unit": "tttt"
	}, 
	"DataRead.FFD_$224007_#4_bit2_OLB_FP_LEDC_Indic": {
	"bitscount": 1, 
	"lists": {
		"0": "OFF", 
		"1": "ON"
	}
	}, 
	"DataRead.FFD_$224007_#4_bit5_OLB_FP_LEDF_Indic": {
	"bitscount": 1, 
	"lists": {
		"0": "OFF", 
		"1": "ON"
	}
	}, 
	"BCM.n.PAST.vcan": {
	"scaled": true, 
	"comment": "CAN Monitor", 
	"step": -1.0, 
	"bitscount": 6, 
	"offset": 40.0
	}, 
	"DataRead_$220C0C_#4_bit0_PASS IN CAL": {
	"scaled": true, 
	"unit": "degC", 
	"offset": 40.0
	}, 
	"DataRead.FFD_$224005_#4_OLB_FP_DistDisplay": {
	"bitscount": 4, 
	"lists": {
		"0": "No display", 
		"1": "Feet ", 
		"2": "Aerator ", 
		"3": "Feet + Aerator ", 
		"4": "Mild flow ", 
		"5": "Feet + Mild flow ", 
		"6": "Mild flow + Feet ", 
		"7": "Feet + Aerator Mild flow ", 
		"8": "Defrost ", 
		"9": "Feet + Defrost ", 
		"10": "Aerator + Defrost ", 
		"11": "Feet + Aerator + Defrost ", 
		"12": "Mild flow + Defrost ", 
		"13": "Feet + Mild flow + Defrost ", 
		"14": "Aerator + Mild flow + Defrost ", 
		"15": "Feet + Aerator + Mild flow + Defrost "
	}
	}, 
	"DataRead.FFD_$224007_#5_bit0_OLB_FP_LEDI_Indic": {
	"bitscount": 1, 
	"lists": {
		"0": "OFF", 
		"1": "ON"
	}
	}, 
	"$224031_A/C Active test for line": {
	"lists": {
		"0": "OFF", 
		"128": "ON"
	}
	}, 
	"systemSupplierIdentifier": {
	"bytesascii": true, 
	"bytescount": 4, 
	"byte": true, 
	"bitscount": 32, 
	"comment": "Name and address information of the supplier."
	}, 
	"DataRead.FFD_$22D002_#4_DTC frequencly counter": {
	"scaled": true, 
	"bitscount": 4
	}, 
	"DataRead.FFD_$224007_#4_bit4_OLB_FP_LEDE_Indic": {
	"bitscount": 1, 
	"lists": {
		"0": "OFF", 
		"1": "ON"
	}
	}, 
	"DTCDeviceIdentifier": {
	"bytescount": 2, 
	"bitscount": 16, 
	"lists": {
		"53248": "[U1000]CAN COMM CIRCUIT", 
		"53264": "[U1010]CONTROL UNIT(CAN)", 
		"42144": "[B24A0]EEPROM_Er", 
		"42145": "[B24A1]VBattDiag", 
		"42146": "[B24A2]Missing configulation", 
		"42148": "[B24A4]Intake temperature sensor", 
		"42150": "[B24A6]Internal temperature", 
		"42153": "[B24A9]Insolation sensor", 
		"42154": "[B24AA]Insolation sensor", 
		"42159": "[B24AF](TBD)Heat Seat Front Left Low Relay", 
		"42160": "[B24B0](TBD)Heat Seat Front Left High Relay", 
		"42164": "[B24B4]FrontCPComDiag_DC", 
		"42166": "[B24B6]VL_CPComDiag_DC", 
		"42167": "[B24B7]Intake ACTR Short", 
		"42168": "[B24B8]Rear Internal temperature sensor short circuit", 
		"42169": "[B24B9]door position error", 
		"42170": "[B24BA](TBD)Heat Seat Front Right Low Relay", 
		"42171": "[B24BB]Mix Left ACTR", 
		"42172": "[B24BC](TBD)Heat Seat Front Right High Relay", 
		"42173": "[B24BD]Mix ACTR", 
		"42175": "[B24BF]door position error", 
		"42177": "[B24C1]Rear Mix ACTR", 
		"42179": "[B24C3]Blower motor feedback", 
		"42182": "[B24C6]Blower motor control", 
		"42196": "[B24D4]LIN communication failure"
	}
	}, 
	"DataRead_$220C11_#4_bit7_FAN REQ SIG": {
	"bitscount": 1, 
	"lists": {
		"0": "OFF", 
		"1": "ON"
	}
	}, 
	"DTCStatus.testFailedSinceLastClear": {
	"comment": "TFSLC", 
	"bitscount": 1, 
	"lists": {
		"0": "No", 
		"1": "Yes"
	}
	}, 
	"DataWrite_$2E0C82_#4_FRE_MEMORY_SET": {
	"lists": {
		"0": "wituout", 
		"1": "with"
	}
	}, 
	"VIN": {
	"bytesascii": true, 
	"bytescount": 17, 
	"byte": true, 
	"bitscount": 136, 
	"comment": "Vehicle Identification Number"
	}, 
	"ECM.n.PRSNT.vcan": {
	"comment": "CAN Monitor", 
	"bitscount": 1, 
	"lists": {
		"0": "OK", 
		"1": "UNKWN"
	}
	}, 
	"DataRead.FFD_$224004_#4_OLB_FP_LeftTempDisplay": {
	"lists": {
		"1": "not used ", 
		"2": "All segments displayed ", 
		"3": "not used _2nd", 
		"4": "display 0F ", 
		"5": "not used _3rd", 
		"6": "display - - (two dashes) ", 
		"7": "not used _4th", 
		"8": "display L0 ", 
		"9": "not used _5th", 
		"10": "dispay HI ", 
		"11": "not used_6th", 
		"12": "not used_7th", 
		"13": "not used_8th", 
		"14": "not used_9th", 
		"15": "not used_10th", 
		"16": "not used_11th", 
		"17": "not used_12th", 
		"18": "not used_13th", 
		"19": "not used_14th", 
		"20": "real display from 10\u2025egC to 127,5\u2025egC "
	}
	}, 
	"DataRead_$224019_#4_Correction of set temperature value[degC]": {
	"scaled": true, 
	"divideby": 2.0, 
	"unit": "degC", 
	"offset": -6.0
	}, 
	"DataRead_$22402F_#4_TARGET EVAPORATOR TEMP UPPER LIMIT SETTING": {
	"lists": {
		"0": "Initial setting", 
		"1": "Low", 
		"2": "Middle", 
		"3": "High"
	}
	}, 
	"DataRead_$221101_#4": {
	"scaled": true, 
	"unit": "degC", 
	"signed": true
	}, 
	"DataRead.FFD_$22F40C_#4_EngineRPM": {
	"scaled": true, 
	"bytescount": 2, 
	"bitscount": 16, 
	"unit": "rpm"
	}, 
	"DataRead.FFD_$224024_#4_Rear Intake temperature sensor calculated value": {
	"scaled": true, 
	"unit": "degC", 
	"offset": -40.0
	}, 
	"DataRead_$22402E_#4_bit6_Set operation for when SW for CleanAirVehicle is operated": {
	"bitscount": 2, 
	"lists": {
		"0": "Turn ON compressor", 
		"1": "Do not turn ON compressor", 
		"2": "Do not accept CAV SW operations ", 
		"3": "\"Do not turn ON compressor Do not accept CAV SW operations\" "
	}
	}, 
	"DataRead_$221107_#4": {
	"scaled": true, 
	"divideby": 100.0, 
	"unit": "%"
	}, 
	"DataRead_$221201_#4": {
	"scaled": true, 
	"bytescount": 2, 
	"bitscount": 16, 
	"unit": "V"
	}, 
	"DataRead.FFD_$224006_#4_bit3_OLB_FP_BlowerLevelDisplay": {
	"bitscount": 4, 
	"lists": {
		"0": "No display ", 
		"1": "display bars 1 ", 
		"2": "display bars 2 ", 
		"3": "display bars 3 ", 
		"4": "display bars 4 ", 
		"5": "display bars 5 ", 
		"6": "display bars 6 ", 
		"7": "display bars 7 ", 
		"9": "display bars 9 ", 
		"10": "display bars 10 ", 
		"11": "display bars 11 ", 
		"12": "display bars 12 ", 
		"13": "display bars 13 ", 
		"14": "display bars 14 ", 
		"15": "display blower OFF "
	}
	}, 
	"DTCStatus.testNotCompletedSinceLastClear": {
	"comment": "TNCSLC", 
	"bitscount": 1, 
	"lists": {
		"0": "No", 
		"1": "Yes"
	}
	}, 
	"Mute.n.PAST.vcan": {
	"scaled": true, 
	"comment": "CAN Monitor", 
	"step": -1.0, 
	"bitscount": 6, 
	"offset": 40.0
	}, 
	"USM.n.PAST.vcan": {
	"scaled": true, 
	"comment": "CAN Monitor", 
	"step": -1.0, 
	"bitscount": 6, 
	"offset": 40.0
	}, 
	"DataRead.FFD_$224002_#4_OLB_ClearDiagInfo": {
	"bitscount": 1, 
	"lists": {
		"0": "OFF", 
		"1": "ON"
	}
	}, 
	"DataRead.FFD_$224027_#4_bit3_OLB_RP_LEDD_Indic": {
	"bitscount": 1, 
	"lists": {
		"0": "OFF", 
		"1": "ON"
	}
	}, 
	"DataRead.FFD_$224007_#5_bit7_OLB_FP_LEDP_Indic": {
	"bitscount": 1, 
	"lists": {
		"0": "OFF", 
		"1": "ON"
	}
	}, 
	"Mute.n.CRRNT.vcan": {
	"comment": "CAN Monitor", 
	"bitscount": 1, 
	"lists": {
		"0": "OK", 
		"1": "UNKWN"
	}
	}, 
	"DTCStatus.warningIndicatorRequested": {
	"comment": "WIR", 
	"bitscount": 1, 
	"lists": {
		"0": "No", 
		"1": "Yes"
	}
	}, 
	"DataRead_$224030_#4_bit6_IS Intake": {
	"scaled": true, 
	"bitscount": 1
	}, 
	"DataRead.FFD_$224027_#4_bit2_OLB_RP_LEDC_Indic": {
	"bitscount": 1, 
	"lists": {
		"0": "OFF", 
		"1": "ON"
	}
	}, 
	"DataRead_$220C08_#4_bit0_INT TEMP SEN": {
	"scaled": true, 
	"unit": "degC", 
	"offset": 40.0
	}, 
	"HVAC.n.CRRNT.vcan": {
	"comment": "CAN Monitor", 
	"bitscount": 1, 
	"lists": {
		"0": "OK", 
		"1": "UNKWN"
	}
	}, 
	"DataWrite_$2E0C84_#4_TARGET EVAPORATOR TEMP UPPER LIMIT SETTING": {
	"lists": {
		"0": "Initial setting", 
		"1": "Low", 
		"2": "Middle", 
		"3": "High"
	}
	}, 
	"ECUSerialNumber": {
	"bytesascii": true, 
	"bytescount": 20, 
	"byte": true, 
	"bitscount": 160, 
	"comment": "ECU serial number"
	}, 
	"DataRead.FFD_$22D001_#4_BatteryVoltage": {
	"scaled": true, 
	"divideby": 10.0
	}, 
	"systemSupplierECUSoftwareNumber": {
	"bytesascii": true, 
	"bytescount": 32, 
	"byte": true, 
	"bitscount": 256, 
	"comment": "Software Number (Supplier)"
	}, 
	"DTCStatusAvailabilityMask": {
	"scaled": true, 
	"comment": "DTCSAM"
	}, 
	"DataRead.FFD_$224007_#6_bit7_OLB_FP_LEDX_Indic": {
	"bitscount": 1, 
	"lists": {
		"0": "OFF", 
		"1": "ON"
	}
	}, 
	"DataRead.FFD_$22400A_#4_Intake temperature sensor value": {
	"scaled": true, 
	"unit": "degC", 
	"offset": -40.0
	}, 
	"DataRead.FFD_$224027_#4_bit4_OLB_RP_LEDE_Indic": {
	"bitscount": 1, 
	"lists": {
		"0": "OFF", 
		"1": "ON"
	}
	}, 
	"$0CF0_ALL SEG": {
	"lists": {
		"0": "Off", 
		"1": "On"
	}
	}, 
	"DataRead.FFD_$224018_#4_bit6_ACCompClutchDefault": {
	"bitscount": 1, 
	"lists": {
		"0": "No default", 
		"1": "default"
	}
	}, 
	"MUX messaging reference.-.-.vcan": {
	"comment": "CAN Monitor", 
	"bytescount": 2, 
	"byte": true, 
	"bitscount": 16
	}, 
	"BUSOFF DIAG.n.PAST.vcan": {
	"scaled": true, 
	"comment": "CAN Monitor", 
	"step": -1.0, 
	"bitscount": 6, 
	"offset": 40.0
	}, 
	"SessionParameterRecord#2[P2*max]": {
	"scaled": true, 
	"bytescount": 2, 
	"step": 10.0, 
	"bitscount": 16, 
	"unit": "ms"
	}, 
	"DataRead.FFD_$22F467_#4_Water temperature signal": {
	"scaled": true, 
	"unit": "degC", 
	"offset": -40.0
	}, 
	"DataRead.FFD_$22400D_#4_Internal temperature sensor calculated value": {
	"scaled": true, 
	"unit": "degC", 
	"offset": -40.0
	}, 
	"DTCStatus.testNotCompletedThisMonitoringCycle": {
	"comment": "TNCTMC", 
	"bitscount": 1, 
	"lists": {
		"0": "No", 
		"1": "Yes"
	}
	}, 
	"METER/CLUSTER.n.CRRNT.vcan": {
	"comment": "CAN Monitor", 
	"bitscount": 1, 
	"lists": {
		"0": "OK", 
		"1": "UNKWN"
	}
	}, 
	"DataRead.FFD_$22D003_#4_VehicleSpeed": {
	"scaled": true, 
	"unit": "km/h"
	}, 
	"BUSOFF DIAG.n.CRRNT.vcan": {
	"comment": "CAN Monitor", 
	"bitscount": 1, 
	"lists": {
		"0": "OK", 
		"1": "UNKWN"
	}
	}, 
	"DataRead_$220C09_#4_bit0_SUNLOAD SEN": {
	"scaled": true, 
	"step": 5.0, 
	"unit": "W/m^2"
	}, 
	"DataRead.FFD_$224007_#6_bit2_OLB_FP_LEDS_Indic": {
	"bitscount": 1, 
	"lists": {
		"0": "OFF", 
		"1": "ON"
	}
	}, 
	"DataRead.FFD_$224007_#5_bit1_OLB_FP_LEDJ_Indic": {
	"bitscount": 1, 
	"lists": {
		"0": "OFF", 
		"1": "ON"
	}
	}, 
	"USM.n.CRRNT.vcan": {
	"comment": "CAN Monitor", 
	"bitscount": 1, 
	"lists": {
		"0": "OK", 
		"1": "UNKWN"
	}
	}, 
	"DataRead.FFD_$224025_#4_Rear XM": {
	"scaled": true, 
	"offset": -100.0
	}, 
	"ECM.n.CRRNT.vcan": {
	"comment": "CAN Monitor", 
	"bitscount": 1, 
	"lists": {
		"0": "OK", 
		"1": "UNKWN"
	}
	}, 
	"DataRead.FFD_$224009_#4_Internal temperature sensor value": {
	"scaled": true, 
	"unit": "degC", 
	"offset": -40.0
	}, 
	"SessionParameterRecord#1[P2max]": {
	"scaled": true, 
	"bytescount": 2, 
	"bitscount": 16, 
	"unit": "ms"
	}, 
	"DataRead_$220C0D_#4_bit0_INT TEMP CAL": {
	"scaled": true, 
	"unit": "degC", 
	"offset": 40.0
	}, 
	"vehicleManufacturerECUHardwareNumber": {
	"bytesascii": true, 
	"bytescount": 10, 
	"byte": true, 
	"bitscount": 80, 
	"comment": "Hardware Number"
	}, 
	"HVAC.n.PRSNT.vcan": {
	"comment": "CAN Monitor", 
	"bitscount": 1, 
	"lists": {
		"0": "OK", 
		"1": "UNKWN"
	}
	}, 
	"DTCFailureType.Category": {
	"bitscount": 4, 
	"lists": {
		"0": "General Failure Information", 
		"1": "General Electrical Failures", 
		"2": "General Signal Failures", 
		"3": "FM (Frequency Modulated) / PWM (Pulse Width Modulated) Failures", 
		"4": "System Internal Failures", 
		"5": "System Programming Failures", 
		"6": "Algorithm Based Failures", 
		"7": "Mechanical Failures", 
		"8": "Bus Signal / Message Failures", 
		"9": "Component Failures", 
		"15": "Vehicle manufacturer / System supplier specific"
	}
	}, 
	"DataRead.FFD_$224007_#6_bit1_OLB_FP_LEDR_Indic": {
	"bitscount": 1, 
	"lists": {
		"0": "OFF", 
		"1": "ON"
	}
	}, 
	"DataRead_$22F40D_#4_bit0_VEHICLE SPEED": {
	"scaled": true, 
	"unit": "km/h"
	}, 
	"DataRead.FFD_$224020_#4_Intenal code": {
	"scaled": true, 
	"bytescount": 2, 
	"bitscount": 16
	}, 
	"DataRead_$220C12_#4_bit7_COMP REQ SIG": {
	"bitscount": 1, 
	"lists": {
		"0": "OFF", 
		"1": "ON"
	}
	}, 
	"DataRead.FFD_$224012_#4_XM": {
	"scaled": true, 
	"offset": -100.0
	}, 
	"HVAC.n.PAST.vcan": {
	"scaled": true, 
	"comment": "CAN Monitor", 
	"step": -1.0, 
	"bitscount": 6, 
	"offset": 40.0
	}, 
	"DataRead.FFD_$224007_#6_bit3_OLB_FP_LEDT_Indic": {
	"bitscount": 1, 
	"lists": {
		"0": "OFF", 
		"1": "ON"
	}
	}, 
	"DTCStatus.pendingDTC": {
	"comment": "PDTC", 
	"bitscount": 1, 
	"lists": {
		"0": "No", 
		"1": "Yes"
	}
	}, 
	"DataRead.FFD_$224007_#6_bit5_OLB_FP_LEDV_Indic": {
	"bitscount": 1, 
	"lists": {
		"0": "OFF", 
		"1": "ON"
	}
	}, 
	"DataRead_$220C12_#4_bit0_COMP ECV DUTY": {
	"scaled": true, 
	"bitscount": 7, 
	"unit": "%"
	}, 
	"DataRead.FFD_$224013_#4_Blower fan request signal": {
	"bitscount": 1, 
	"lists": {
		"0": "OFF", 
		"1": "ON"
	}
	}, 
	"Mute.n.PRSNT.vcan": {
	"comment": "CAN Monitor", 
	"bitscount": 1, 
	"lists": {
		"0": "OK", 
		"1": "UNKWN"
	}
	}, 
	"DataRead_$220C0F_#4_bit0_PASS SUNL CAL": {
	"scaled": true, 
	"step": 5.0, 
	"unit": "W/m^2"
	}, 
	"DataRead.FFD_$224007_#5_bit5_OLB_FP_LEDN_Indic": {
	"bitscount": 1, 
	"lists": {
		"0": "OFF", 
		"1": "ON"
	}
	}, 
	"systemSupplierECUSoftwareVersionNumber": {
	"bytesascii": true, 
	"bytescount": 32, 
	"byte": true, 
	"bitscount": 256
	}, 
	"vehicleManufacturerECUSoftwareNumber": {
	"bytesascii": true, 
	"bytescount": 10, 
	"byte": true, 
	"bitscount": 80, 
	"comment": "Cxx_c_id1 to 10"
	}, 
	"DataRead.FFD_$224028_#4_bit6_Rear Blower fan DUTY or voltage": {
	"scaled": true, 
	"bitscount": 7, 
	"unit": "degC"
	}, 
	"DataRead_$22402A_#4_bit7_Set REC memory": {
	"bitscount": 1, 
	"lists": {
		"0": "use", 
		"1": "not use"
	}
	}, 
	"DataRead_$221302_#4_IGN": {
	"lists": {
		"0": "IGN_OFF", 
		"1": "IGN_ON"
	}
	}, 
	"DTCFailureType.ManufacturerOrSupplier": {
	"bitscount": 4
	}, 
	"BCM.n.PRSNT.vcan": {
	"comment": "CAN Monitor", 
	"bitscount": 1, 
	"lists": {
		"0": "OK", 
		"1": "UNKWN"
	}
	}, 
	"DataRead.FFD_$224023_#4_Reat Internal temperature sensor calculated value": {
	"scaled": true, 
	"unit": "degC", 
	"offset": -40.0
	}, 
	"DataRead_$221303_#4_Shift_p": {
	"lists": {
		"1": "P", 
		"2": "R", 
		"3": "N", 
		"4": "D", 
		"5": "S", 
		"6": "B"
	}
	}, 
	"DataRead.FFD_$22400F_#4_Intake temperature sensor calculated value": {
	"scaled": true, 
	"unit": "degC", 
	"offset": -40.0
	}, 
	"BUSOFF DIAG.n.PRSNT.vcan": {
	"comment": "CAN Monitor", 
	"bitscount": 1, 
	"lists": {
		"0": "OK", 
		"1": "UNKWN"
	}
	}, 
	"DataRead_$221301_#4_Numeric Data": {
	"scaled": true, 
	"unit": "mA"
	}, 
	"DTCStatus.testFailedThisMonitoringCycle": {
	"comment": "TFTMC", 
	"bitscount": 1, 
	"lists": {
		"0": "No", 
		"1": "Yes"
	}
	}, 
	"DataRead_$220C07_#4_bit0_IN-VEH  TEMP": {
	"scaled": true, 
	"unit": "degC", 
	"offset": 40.0
	}, 
	"DataRead.FFD_$224015_#4_Compressor request signal": {
	"bitscount": 1, 
	"lists": {
		"0": "OFF", 
		"1": "ON"
	}
	}, 
	"vehicleManufacturerSparePartNumber": {
	"bytesascii": true, 
	"bytescount": 10, 
	"byte": true, 
	"bitscount": 80, 
	"comment": "Ordered Part Number - This value shall contain the number of the part ordered by OEM"
	}, 
	"DataRead_$224030_#4_bit7_IS comfort": {
	"scaled": true, 
	"bitscount": 1
	}, 
	"DataRead.FFD_$224007_#4_bit0_OLB_FP_LEDA_Indic": {
	"bitscount": 1, 
	"lists": {
		"0": "OFF", 
		"1": "ON"
	}
	}, 
	"DataRead.FFD_$22400C_#4_External temperature sensor calculated value": {
	"scaled": true, 
	"unit": "degC", 
	"offset": -40.0
	}, 
	"DTCMaskRecord": {
	"comment": "DTCMREC_DTC", 
	"bytescount": 3, 
	"byte": true, 
	"bitscount": 24
	}, 
	"METER/CLUSTER.n.PRSNT.vcan": {
	"comment": "CAN Monitor", 
	"bitscount": 1, 
	"lists": {
		"0": "OK", 
		"1": "UNKWN"
	}
	}, 
	"DataWrite_$2E0C80_#4_TEMP_SET_CORRECT[degC]": {
	"scaled": true, 
	"divideby": 10.0, 
	"step": 5.0, 
	"unit": "degC", 
	"offset": -30.0
	}, 
	"DataRead.FFD_$224007_#5_bit3_OLB_FP_LEDL_Indic": {
	"bitscount": 1, 
	"lists": {
		"0": "OFF", 
		"1": "ON"
	}
	}, 
	"DTCFormatIdentifier": {
	"comment": "DTC format - Renault/Nissan use value 0 (3 bytes DTC)", 
	"lists": {
		"0": "SAE_J2012-DA_DTC", 
		"1": "ISO_14229-1_DTC", 
		"2": "SAE_J1939-73_DTC", 
		"3": "ISO_11992-4_DTC", 
		"4": "SAE_J2012-DA_WWHOBD_DTC"
	}
	}, 
	"DataRead.FFD_$224007_#6_bit4_OLB_FP_LEDU_Indic": {
	"bitscount": 1, 
	"lists": {
		"0": "OFF", 
		"1": "ON"
	}
	}, 
	"DataRead.FFD_$224014_#4_bit6_Bloor fan DUTY or voltage": {
	"scaled": true, 
	"bitscount": 7
	}, 
	"DataRead.FFD_$224007_#4_bit3_OLB_FP_LEDD_Indic": {
	"bitscount": 1, 
	"lists": {
		"0": "OFF", 
		"1": "ON"
	}
	}, 
	"$0CF0_HVAC TEST": {
	"lists": {
		"0": "Off", 
		"1": "MODE1", 
		"2": "MODE2", 
		"3": "MODE3", 
		"4": "MODE4", 
		"5": "MODE5", 
		"6": "MODE6", 
		"7": "MODE7"
	}
	}, 
	"DataWrite_$2E0C81_#4_REC_MEMORY_SET": {
	"lists": {
		"0": "wituout", 
		"1": "with"
	}
	}, 
	"DataRead.FFD_$224017_#4_ACCompClutchStatus": {
	"bitscount": 1, 
	"lists": {
		"0": "OFF", 
		"1": "ON"
	}
	}, 
	"DTCFailureType": {
	"comment": "Pending"
	}, 
	"DataRead.FFD_$224007_#5_bit2_OLB_FP_LEDK_Indic": {
	"bitscount": 1, 
	"lists": {
		"0": "OFF", 
		"1": "ON"
	}
	}, 
	"DataRead_$22120D_#4": {
	"scaled": true, 
	"bytescount": 2, 
	"bitscount": 16
	}, 
	"DataRead.FFD_$22400B_#4_Insolation sensor value": {
	"scaled": true, 
	"step": 5.0, 
	"unit": "W/m^2"
	}, 
	"StatusOfDTC": {
	"scaled": true, 
	"comment": "DTCASR_SODTC"
	}, 
	"DataRead_$224030_#4_bit5_IS FANDOWN": {
	"scaled": true, 
	"bitscount": 1
	}, 
	"OutputControlStatus": {
	"lists": {
		"1": "Running", 
		"2": "Stopped", 
		"17": "Stopped by 'Stop Control'"
	}
	}, 
	"DataRead.FFD_$224007_#4_bit1_OLB_FP_LEDB_Indic": {
	"bitscount": 1, 
	"lists": {
		"0": "OFF", 
		"1": "ON"
	}
	}, 
	"DataRead_$220C0A_#4_bit0_AMB SEN CAL": {
	"scaled": true, 
	"unit": "degC", 
	"offset": 40.0
	}, 
	"DTCDeviceAndFailureTypeOBD": {
	"bytescount": 2, 
	"bitscount": 16, 
	"lists": {
		"42144": "[B24A0]EEPROM_Er", 
		"42145": "[B24A1]VBattDiag", 
		"42146": "[B24A2]Missing configulation", 
		"42179": "[B24C3]Blower motor feedback", 
		"42148": "[B24A4]Intake temperature sensor", 
		"42150": "[B24A6]Internal temperature", 
		"42182": "[B24C6]Blower motor control", 
		"42177": "[B24C1]Rear Mix ACTR", 
		"42153": "[B24A9]Insolation sensor", 
		"42154": "[B24AA]Insolation sensor", 
		"53264": "[U1010]", 
		"53248": "[U1000]", 
		"42164": "[B24B4]FrontCPComDiag_DC", 
		"42166": "[B24B6]VL_CPComDiag_DC", 
		"42167": "[B24B7]Intake ACTR Short", 
		"42168": "[B24B8]Rear Internal temperature sensor short circuit", 
		"42169": "[B24BB]Mix Left ACTR", 
		"42173": "[B24BD]Mix ACTR", 
		"42196": "[B24D4]LIN communication failure", 
		"42175": "[B24BF]door position error"
	}
	}, 
	"ECM.n.PAST.vcan": {
	"scaled": true, 
	"comment": "CAN Monitor", 
	"step": -1.0, 
	"bitscount": 6, 
	"offset": 40.0
	}, 
	"DataRead.$22400E_#4_Passenger side internal temperature sensor calculated value (8 bit)": {
	"scaled": true, 
	"unit": "degC", 
	"offset": -40.0
	}, 
	"USM.n.PRSNT.vcan": {
	"comment": "CAN Monitor", 
	"bitscount": 1, 
	"lists": {
		"0": "OK", 
		"1": "UNKWN"
	}
	}, 
	"DataRead.FFD_$224007_#7_bit1_OLB_FP_LEDZ_Indic": {
	"bitscount": 1, 
	"lists": {
		"0": "OFF", 
		"1": "ON"
	}
	}, 
	"DataRead_$22130D_#4": {
	"bytescount": 4, 
	"byte": true, 
	"bitscount": 32
	}, 
	"DataRead_$22F012_#4_Operational Reference": {
	"bytesascii": true, 
	"bytescount": 10, 
	"byte": true, 
	"bitscount": 80
	}, 
	"DataRead_$221102_#4_Engine": {
	"scaled": true, 
	"unit": "degC", 
	"offset": -40.0
	}, 
	"DataRead_$220C0E_#4_bit0_SUNL SEN CAL": {
	"scaled": true, 
	"step": 5.0, 
	"unit": "W/m^2"
	}, 
	"DataRead.FFD_$224010_#4_Insolation sensor calculated value": {
	"scaled": true, 
	"step": 5.0, 
	"unit": "W/m^2"
	}, 
	"diagnosticVersion": {
	"byte": true, 
	"bytesascii": true
	}, 
	"DataWrite_$2E0C80_#4_TEMP_SET_CORRECT[degF]": {
	"scaled": true, 
	"unit": "degF", 
	"offset": -6.0
	}, 
	"DataRead.FFD_$224007_#4_bit7_OLB_FP_LEDH_Indic": {
	"bitscount": 1, 
	"lists": {
		"0": "OFF", 
		"1": "ON"
	}
	}, 
	"DataRead.$224011_#4_Passenger side insolation sensor calculated value (8 bit)": {
	"scaled": true, 
	"step": 5.0, 
	"unit": "W/m^2"
	}, 
	"DTCStatus.confirmedDTC": {
	"comment": "CDTC", 
	"bitscount": 1, 
	"lists": {
		"0": "No", 
		"1": "Yes"
	}
	}, 
	"DataRead_$220C06_#4_AMB TEMP SEN": {
	"scaled": true, 
	"unit": "degC", 
	"offset": 40.0
	}, 
	"METER/CLUSTER.n.PAST.vcan": {
	"scaled": true, 
	"comment": "CAN Monitor", 
	"step": -1.0, 
	"bitscount": 6, 
	"offset": 40.0
	}, 
	"DataRead.FFD_$224027_#4_bit1_OLB_RP_LEDB_Indic": {
	"bitscount": 1, 
	"lists": {
		"0": "OFF", 
		"1": "ON"
	}
	}, 
	"DTCCount": {
	"scaled": true, 
	"bytescount": 2, 
	"bitscount": 16, 
	"comment": "DTC count"
	}, 
	"DataRead_$22402C_#4_bit6_Set thepresence of air distribution to DEF during D/F1 mode": {
	"bitscount": 2, 
	"lists": {
		"0": "DEF door open when auto,  DEF door closed when manual", 
		"1": "DEF door open when auto,  DEF door open when manual", 
		"2": "DEF door closed when auto,  DEF door open when manual", 
		"3": "DEF door closed when auto,  DEF door closed when manual"
	}
	}, 
	"DataRead.FFD_$224007_#5_bit6_OLB_FP_LEDO_Indic": {
	"bitscount": 1, 
	"lists": {
		"0": "OFF", 
		"1": "ON"
	}
	}, 
	"DataRead_$22402B_#4_bit7_Set FRE memory": {
	"bitscount": 1, 
	"lists": {
		"0": "use", 
		"1": "not use"
	}
	}, 
	"BCM.n.CRRNT.vcan": {
	"comment": "CAN Monitor", 
	"bitscount": 1, 
	"lists": {
		"0": "OK", 
		"1": "UNKWN"
	}
	}, 
	"DataRead.FFD_$22F0D0_#4_DistanceTotalizer": {
	"scaled": true, 
	"bytescount": 3, 
	"bitscount": 24, 
	"unit": "Km"
	}, 
	"DataRead.FFD_$224032_#4_IS signal status": {
	"bitscount": 1, 
	"lists": {
		"0": "not supported ", 
		"1": "supported "
	}
	}, 
	"DataRead.FFD_$224007_#6_bit0_OLB_FP_LEDQ_Indic": {
	"bitscount": 1, 
	"lists": {
		"0": "OFF", 
		"1": "ON"
	}
	}, 
	"DataRead_$220C0B_#4_bit0_IN -VEH CAL": {
	"scaled": true, 
	"unit": "degC", 
	"offset": 40.0
	}, 
	"DataRead_$220C10_#4_bit0_XM": {
	"scaled": true, 
	"offset": 100.0
	}, 
	"DTCStatus.testFailed": {
	"comment": "TF", 
	"bitscount": 1, 
	"lists": {
		"0": "No", 
		"1": "Yes"
	}
	}, 
	"DataRead_$22130C_#4": {
	"bytescount": 4, 
	"byte": true, 
	"bitscount": 32
	}, 
	"RoutineStatusRecord": {
	"lists": {
		"32": "OK(Completed)", 
		"33": "NG(Completed)", 
		"34": "OK(in progress)"
	}
	}
}
}