{
"obd": {
	"baudrate": 10400, 
	"protocol": "CAN", 
	"recv_id": "768", 
	"funcname": "4WD", 
	"funcaddr": "1E", 
	"send_id": "748"
}, 
"devices": [
	{
	"dtc": 6161, 
	"devicedata": {}, 
	"dtctype": 0, 
	"name": "[P1811]BATTERY VOLTAGE"
	}, 
	{
	"dtc": 6176, 
	"devicedata": {}, 
	"dtctype": 0, 
	"name": "[P1820]ENGINE SPEED"
	}, 
	{
	"dtc": 6229, 
	"devicedata": {}, 
	"dtctype": 0, 
	"name": "[P1855]VHCL SPEED SEN-RR"
	}, 
	{
	"dtc": 6169, 
	"devicedata": {}, 
	"dtctype": 0, 
	"name": "[P1819]SHIFT ACT CIR"
	}, 
	{
	"dtc": 6146, 
	"devicedata": {}, 
	"dtctype": 0, 
	"name": "[P1802]CONTROL UNIT 1"
	}, 
	{
	"dtc": 6171, 
	"devicedata": {}, 
	"dtctype": 0, 
	"name": "[P181B]INCOMP SELF SHUT"
	}, 
	{
	"dtc": 6159, 
	"devicedata": {}, 
	"dtctype": 0, 
	"name": "[P180F]MOTOR SYSTEM"
	}, 
	{
	"dtc": 6148, 
	"devicedata": {}, 
	"dtctype": 0, 
	"name": "[P1804]CONTROL UNIT 3"
	}, 
	{
	"dtc": 6252, 
	"devicedata": {}, 
	"dtctype": 0, 
	"name": "[P186C]INCOMP RPS OFFSET LEARNING"
	}, 
	{
	"dtc": 6167, 
	"devicedata": {}, 
	"dtctype": 0, 
	"name": "[P1817]SHIFT ACTUATOR"
	}, 
	{
	"dtc": 6152, 
	"devicedata": {}, 
	"dtctype": 0, 
	"name": "[P1808]VHCL SPEED SEN-ABS"
	}, 
	{
	"dtc": 6228, 
	"devicedata": {}, 
	"dtctype": 0, 
	"name": "[P1854]VHCL SPEED SEN-FR"
	}, 
	{
	"dtc": 6164, 
	"devicedata": {}, 
	"dtctype": 0, 
	"name": "[P1814]4WD DETECT SWITCH"
	}, 
	{
	"dtc": 6250, 
	"devicedata": {}, 
	"dtctype": 0, 
	"name": "[P186A]FRONT AXLE FUNCTION"
	}, 
	{
	"dtc": 6166, 
	"devicedata": {}, 
	"dtctype": 0, 
	"name": "[P1816]T/M RANGE SENSOR A"
	}, 
	{
	"dtc": 6249, 
	"devicedata": {}, 
	"dtctype": 0, 
	"name": "[P1869]FRONT AXLE ACTR PWR SPLY RELAY"
	}, 
	{
	"dtc": 6153, 
	"devicedata": {}, 
	"dtctype": 0, 
	"name": "[P1809]CONTROL UNIT 4"
	}, 
	{
	"dtc": 6248, 
	"devicedata": {}, 
	"dtctype": 0, 
	"name": "[P1868]FRONT AXLE FUNCTION"
	}, 
	{
	"dtc": 6172, 
	"devicedata": {}, 
	"dtctype": 0, 
	"name": "[P181C]MOTOR POWER SUPPLY"
	}, 
	{
	"dtc": 6156, 
	"devicedata": {}, 
	"dtctype": 0, 
	"name": "[P180C]SEN POWER SUPPLY (5V)"
	}, 
	{
	"dtc": 6163, 
	"devicedata": {}, 
	"dtctype": 0, 
	"name": "[P1813]4WD MODE SW"
	}, 
	{
	"dtc": 6186, 
	"devicedata": {}, 
	"dtctype": 0, 
	"name": "[P182A]HI-LO POSITION SEN"
	}, 
	{
	"dtc": 6157, 
	"devicedata": {}, 
	"dtctype": 0, 
	"name": "[P180D]ROTARY POSITION SEN"
	}, 
	{
	"dtc": 6147, 
	"devicedata": {}, 
	"dtctype": 0, 
	"name": "[P1803]CONTROL UNIT 2"
	}, 
	{
	"dtc": 6151, 
	"devicedata": {}, 
	"dtctype": 0, 
	"name": "[P1807]VHCL SPEED SEN-AT"
	}, 
	{
	"dtc": 6168, 
	"devicedata": {}, 
	"dtctype": 0, 
	"name": "[P1818]SHIFT ACT POSI SW"
	}, 
	{
	"dtc": 53248, 
	"devicedata": {}, 
	"dtctype": 0, 
	"name": "[U1000]CAN COMM CIRCUIT"
	}, 
	{
	"dtc": 6251, 
	"devicedata": {}, 
	"dtctype": 0, 
	"name": "[P186B]FRONT AXLE CONTROL"
	}, 
	{
	"dtc": 6247, 
	"devicedata": {}, 
	"dtctype": 0, 
	"name": "[P1867]INCOMPLETE SHIFT"
	}, 
	{
	"dtc": 53264, 
	"devicedata": {}, 
	"dtctype": 0, 
	"name": "[U1010]CONTROL UNIT(CAN)"
	}
], 
"ecuname": "N_H60A_4WD_20170606", 
"autoidents": [
	{
	"diagversion": "0", 
	"supplier": "0001", 
	"version": "0001", 
	"soft": "0001"
	}
], 
"endian": "Big", 
"requests": [
	{
	"name": "DataWrite.$03 EPPROM_Erase", 
	"replybytes": "7B03", 
	"deny_sds": [], 
	"sendbyte_dataitems": {
		"[$3B$03#3] EEPROM_Erase": {
		"firstbyte": 3
		}
	}, 
	"minbytes": 2, 
	"sentbytes": "3B0300"
	}, 
	{
	"name": "ReadDTCInformation.ReportExtendedData.Mileage", 
	"replybytes": "590600000000", 
	"deny_sds": [], 
	"sendbyte_dataitems": {
		"DTCMaskRecord": {
		"firstbyte": 3
		}
	}, 
	"minbytes": 6, 
	"sentbytes": "190600000080"
	}, 
	{
	"name": "NissanIdentification", 
	"replybytes": "6183000000000000000000000000000000000000000000000000", 
	"deny_sds": [], 
	"receivebyte_dataitems": {
		"N.DiagnosticIdentificationCode": {
		"firstbyte": 8
		}, 
		"N.SparePartsNumberSuffix": {
		"firstbyte": 8
		}, 
		"N1.SupplierNumber2": {
		"firstbyte": 10
		}, 
		"N.ManufacturerIdentificationCode": {
		"firstbyte": 26
		}, 
		"N.CalibrationNumber": {
		"firstbyte": 21
		}, 
		"N.SparePartsNumber": {
		"firstbyte": 3
		}, 
		"N.OtherSystemFeatures": {
		"firstbyte": 23
		}, 
		"N.EditionNumber": {
		"firstbyte": 19
		}, 
		"N.HardwareNumber": {
		"firstbyte": 12
		}, 
		"N.SoftwareNumber": {
		"firstbyte": 17
		}, 
		"N1.SupplierNumber1": {
		"firstbyte": 9
		}
	}, 
	"minbytes": 26, 
	"sentbytes": "2183"
	}, 
	{
	"name": "Supported Lid for WDBLID(00)", 
	"replybytes": "7B0000000000", 
	"deny_sds": [
		"nosds", 
		"aftersales"
	], 
	"receivebyte_dataitems": {
		"LID$14": {
		"bitoffset": 3, 
		"firstbyte": 5
		}, 
		"LID$15": {
		"bitoffset": 4, 
		"firstbyte": 5
		}, 
		"LID$16": {
		"bitoffset": 5, 
		"firstbyte": 5
		}, 
		"LID$17": {
		"bitoffset": 6, 
		"firstbyte": 5
		}, 
		"LID$10": {
		"bitoffset": 7, 
		"firstbyte": 4
		}, 
		"LID$11": {
		"firstbyte": 5
		}, 
		"LID$12": {
		"bitoffset": 1, 
		"firstbyte": 5
		}, 
		"LID$13": {
		"bitoffset": 2, 
		"firstbyte": 5
		}, 
		"LID$18": {
		"bitoffset": 7, 
		"firstbyte": 5
		}, 
		"LID$19": {
		"firstbyte": 6
		}, 
		"LID$0C": {
		"bitoffset": 3, 
		"firstbyte": 4
		}, 
		"LID$0B": {
		"bitoffset": 2, 
		"firstbyte": 4
		}, 
		"LID$0A": {
		"bitoffset": 1, 
		"firstbyte": 4
		}, 
		"LID$0F": {
		"bitoffset": 6, 
		"firstbyte": 4
		}, 
		"LID$0E": {
		"bitoffset": 5, 
		"firstbyte": 4
		}, 
		"LID$0D": {
		"bitoffset": 4, 
		"firstbyte": 4
		}, 
		"LID$03": {
		"bitoffset": 2, 
		"firstbyte": 3
		}, 
		"LID$02": {
		"bitoffset": 1, 
		"firstbyte": 3
		}, 
		"LID$01": {
		"firstbyte": 3
		}, 
		"LID$07": {
		"bitoffset": 6, 
		"firstbyte": 3
		}, 
		"LID$06": {
		"bitoffset": 5, 
		"firstbyte": 3
		}, 
		"LID$05": {
		"bitoffset": 4, 
		"firstbyte": 3
		}, 
		"LID$04": {
		"bitoffset": 3, 
		"firstbyte": 3
		}, 
		"LID$09": {
		"firstbyte": 4
		}, 
		"LID$08": {
		"bitoffset": 7, 
		"firstbyte": 3
		}, 
		"LID$1D": {
		"bitoffset": 4, 
		"firstbyte": 6
		}, 
		"LID$1E": {
		"bitoffset": 5, 
		"firstbyte": 6
		}, 
		"LID$1F": {
		"bitoffset": 6, 
		"firstbyte": 6
		}, 
		"LID$1A": {
		"bitoffset": 1, 
		"firstbyte": 6
		}, 
		"LID$1B": {
		"bitoffset": 2, 
		"firstbyte": 6
		}, 
		"LID$1C": {
		"bitoffset": 3, 
		"firstbyte": 6
		}, 
		"LID$20": {
		"bitoffset": 7, 
		"firstbyte": 6
		}
	}, 
	"minbytes": 6, 
	"sentbytes": "3B00"
	}, 
	{
	"name": "ReadDTCInformation.ReportExtendedData", 
	"replybytes": "590600000000", 
	"deny_sds": [], 
	"receivebyte_dataitems": {
		"DTCExtendedData.AgingCounter": {
		"firstbyte": 8
		}, 
		"DTCExtendedDataRecordNumber": {
		"firstbyte": 7
		}, 
		"DTCExtendedData.Mileage": {
		"firstbyte": 8
		}, 
		"DTCRecord": {
		"firstbyte": 3
		}, 
		"StatusOfDTC": {
		"firstbyte": 6
		}, 
		"DTCExtendedData.DTCOccurrenceCounter": {
		"firstbyte": 8
		}
	}, 
	"sendbyte_dataitems": {
		"DTCMaskRecord": {
		"firstbyte": 3
		}
	}, 
	"minbytes": 6, 
	"sentbytes": "1906000000FF"
	}, 
	{
	"name": "ReadDTCInformation.ReportDTC", 
	"replybytes": "59020000000000", 
	"deny_sds": [], 
	"receivebyte_dataitems": {
		"DTCStatus.testFailedSinceLastClear": {
		"bitoffset": 2, 
		"firstbyte": 7
		}, 
		"DTCStatus.pendingDTC": {
		"bitoffset": 5, 
		"firstbyte": 7
		}, 
		"DTCStatus.confirmedDTC": {
		"bitoffset": 4, 
		"firstbyte": 7
		}, 
		"DTCDeviceAndFailureTypeOBD": {
		"firstbyte": 4
		}, 
		"DTCFailureType.ManufacturerOrSupplier": {
		"bitoffset": 4, 
		"firstbyte": 6
		}, 
		"DTCFailureType.Category": {
		"firstbyte": 6
		}, 
		"DTCFailureType": {
		"firstbyte": 6
		}, 
		"DTCStatus.testNotCompletedSinceLastClear": {
		"bitoffset": 3, 
		"firstbyte": 7
		}, 
		"DTCStatus.testNotCompletedThisMonitoringCycle": {
		"bitoffset": 1, 
		"firstbyte": 7
		}, 
		"DTCStatusAvailabilityMask": {
		"firstbyte": 3
		}, 
		"DTCStatus.warningIndicatorRequested": {
		"firstbyte": 7
		}, 
		"StatusOfDTC": {
		"firstbyte": 7
		}, 
		"DTCStatus.testFailedThisMonitoringCycle": {
		"bitoffset": 6, 
		"firstbyte": 7
		}, 
		"DTCStatus.testFailed": {
		"bitoffset": 7, 
		"firstbyte": 7
		}, 
		"DTCDeviceIdentifier": {
		"firstbyte": 4
		}
	}, 
	"minbytes": 3, 
	"sentbytes": "1902FF", 
	"shiftbytescount": 4
	}, 
	{
	"name": "ReadDTCInformation.ReportExtendedData.AgingCounter", 
	"replybytes": "590600000000", 
	"deny_sds": [], 
	"sendbyte_dataitems": {
		"DTCMaskRecord": {
		"firstbyte": 3
		}
	}, 
	"minbytes": 6, 
	"sentbytes": "190600000081"
	}, 
	{
	"name": "ReadDTCInformation.ReportExtendedData.DTCOccurrenceCounter", 
	"replybytes": "590600000000", 
	"deny_sds": [], 
	"sendbyte_dataitems": {
		"DTCMaskRecord": {
		"firstbyte": 3
		}
	}, 
	"minbytes": 6, 
	"sentbytes": "190600000082"
	}, 
	{
	"sendbyte_dataitems": {
		"MEMADD": {
		"firstbyte": 2
		}, 
		"MEMSIZE": {
		"firstbyte": 6
		}
	}, 
	"deny_sds": [], 
	"minbytes": 7, 
	"sentbytes": "23000000000000", 
	"name": "ReadMemoryByAddress"
	}, 
	{
	"name": "DataRead_$01", 
	"replybytes": "6101000000000000000000000000000000000000", 
	"deny_sds": [], 
	"receivebyte_dataitems": {
		"DataRead_$01_#017_bit0_COMPR VHCL SPEED": {
		"firstbyte": 17
		}, 
		"DataRead_$01_#006_bit0_4L SWITCH": {
		"bitoffset": 7, 
		"firstbyte": 6
		}, 
		"DataRead_$01_#018_bit0_VHCL/S SEN-FR": {
		"firstbyte": 18
		}, 
		"DataRead_$01_#010_bit0_MOTOR DRIVE A": {
		"bitoffset": 4, 
		"firstbyte": 10
		}, 
		"DataRead_$01_#016_bit1_FRONT AXLE ACTR PWR RLY": {
		"bitoffset": 6, 
		"firstbyte": 16
		}, 
		"DataRead_$01_#009_bit3_4WD FAIL LAMP": {
		"bitoffset": 4, 
		"firstbyte": 9
		}, 
		"DataRead_$01_#007_bit4_SLCT LVR POSI": {
		"bitoffset": 1, 
		"firstbyte": 7
		}, 
		"DataRead_$01_#014_bit0_ROTARY POSITION SENSOR": {
		"firstbyte": 14
		}, 
		"DataRead_$01_#010_bit4_MOTOR DRIVE B": {
		"firstbyte": 10
		}, 
		"DataRead_$01_#015_bit0_AT R SPEED": {
		"firstbyte": 15
		}, 
		"DataRead_$01_#007_bit1_MT N SW": {
		"bitoffset": 6, 
		"firstbyte": 7
		}, 
		"DataRead_$01_#011_bit0_FLUID TEMP SE": {
		"firstbyte": 11
		}, 
		"DataRead_$01_#013_bit0_MOTOR POWER SUP": {
		"firstbyte": 13
		}, 
		"DataRead_$01_#008_bit4_RANGE SENSOR 1": {
		"bitoffset": 3, 
		"firstbyte": 8
		}, 
		"DataRead_$01_#016_bit2_FRONT AXLE SW": {
		"bitoffset": 5, 
		"firstbyte": 16
		}, 
		"DataRead_$01_#006_bit1_4H SWITCH": {
		"bitoffset": 6, 
		"firstbyte": 6
		}, 
		"DataRead_$01_#009_bit0_4WD MODE IND": {
		"bitoffset": 5, 
		"firstbyte": 9
		}, 
		"DataRead_$01_#009_bit4_ATP IND": {
		"bitoffset": 3, 
		"firstbyte": 9
		}, 
		"DataRead_$01_#008_bit2_MODE SENSOR": {
		"bitoffset": 5, 
		"firstbyte": 8
		}, 
		"DataRead_$01_#007_bit0_IGN SW": {
		"bitoffset": 7, 
		"firstbyte": 7
		}, 
		"DataRead_$01_#016_bit0_FRONT AXLE SLEEVE SW": {
		"bitoffset": 7, 
		"firstbyte": 16
		}, 
		"DataRead_$01_#006_bit2_2WD SWITCH": {
		"bitoffset": 5, 
		"firstbyte": 6
		}, 
		"DataRead_$01_#008_bit3_RANGE SENSOR 2": {
		"bitoffset": 4, 
		"firstbyte": 8
		}, 
		"DataRead_$01_#020_bit0_ENGINE SPEED SIG": {
		"firstbyte": 20
		}, 
		"DataRead_$01_#006_bit3_4WD MODE": {
		"bitoffset": 2, 
		"firstbyte": 6
		}, 
		"DataRead_$01_#012_bit0_C/U POWER SUP": {
		"firstbyte": 12
		}, 
		"DataRead_$01_#007_bit2_BRAKE SWITCH": {
		"bitoffset": 5, 
		"firstbyte": 7
		}, 
		"DataRead_$01_#019_bit0_VHCL/S SEN-RR": {
		"firstbyte": 19
		}, 
		"DataRead_$01_#016_bit3_FRONT AXLE CONTROL": {
		"bitoffset": 4, 
		"firstbyte": 16
		}
	}, 
	"minbytes": 20, 
	"sentbytes": "2101"
	}, 
	{
	"name": "TesterPresent.WithResponse", 
	"replybytes": "7E", 
	"deny_sds": [], 
	"manualsend": true, 
	"minbytes": 1, 
	"sentbytes": "3E01"
	}, 
	{
	"name": "CAN DIAG SUPPORT MNTR.can", 
	"replybytes": "6182000000000000000000000000000000000000000000000000000000000000000000000000000000000000000000000000000000000000000000000000", 
	"deny_sds": [], 
	"receivebyte_dataitems": {
		"STRG.n.PAST.vcan": {
		"bitoffset": 2, 
		"firstbyte": 20
		}, 
		"BUSOFF DIAG.n.PRSNT.vcan": {
		"bitoffset": 1, 
		"firstbyte": 5
		}, 
		"MUX messaging reference.-.-.vcan": {
		"firstbyte": 3
		}, 
		"TRANSMIT DIAG.n.PAST.vcan": {
		"bitoffset": 2, 
		"firstbyte": 6
		}, 
		"BUSOFF DIAG.n.PAST.vcan": {
		"bitoffset": 2, 
		"firstbyte": 5
		}, 
		"TRANSMIT DIAG.n.CRRNT.vcan": {
		"firstbyte": 6
		}, 
		"ABS.n.PAST.vcan": {
		"bitoffset": 2, 
		"firstbyte": 8
		}, 
		"ECM.n.CRRNT.vcan": {
		"firstbyte": 7
		}, 
		"STRG.n.CRRNT.vcan": {
		"firstbyte": 20
		}, 
		"TCM.n.PRSNT.vcan": {
		"bitoffset": 1, 
		"firstbyte": 15
		}, 
		"ABS.n.CRRNT.vcan": {
		"firstbyte": 8
		}, 
		"ECM.n.PRSNT.vcan": {
		"bitoffset": 1, 
		"firstbyte": 7
		}, 
		"STRG.n.PRSNT.vcan": {
		"bitoffset": 1, 
		"firstbyte": 20
		}, 
		"BUSOFF DIAG.n.CRRNT.vcan": {
		"firstbyte": 5
		}, 
		"TCM.n.CRRNT.vcan": {
		"firstbyte": 15
		}, 
		"TRANSMIT DIAG.n.PRSNT.vcan": {
		"bitoffset": 1, 
		"firstbyte": 6
		}, 
		"ABS.n.PRSNT.vcan": {
		"bitoffset": 1, 
		"firstbyte": 8
		}, 
		"ECM.n.PAST.vcan": {
		"bitoffset": 2, 
		"firstbyte": 7
		}, 
		"TCM.n.PAST.vcan": {
		"bitoffset": 2, 
		"firstbyte": 15
		}
	}, 
	"minbytes": 62, 
	"sentbytes": "2182"
	}, 
	{
	"name": "DataWrite.$01 RPS_Offset_Erase", 
	"replybytes": "7B01", 
	"deny_sds": [], 
	"sendbyte_dataitems": {
		"[$3B$01#3] RPS_Offset_Erase": {
		"firstbyte": 3
		}
	}, 
	"minbytes": 2, 
	"sentbytes": "3B0100"
	}, 
	{
	"name": "StartDiagnosticSession", 
	"replybytes": "50C0", 
	"deny_sds": [], 
	"manualsend": true, 
	"sendbyte_dataitems": {
		"SessionName": {
		"firstbyte": 2
		}
	}, 
	"minbytes": 2, 
	"sentbytes": "10C0"
	}, 
	{
	"name": "DataRead_$1A", 
	"replybytes": "611A000000000000000000000000000000000000000000", 
	"deny_sds": [], 
	"receivebyte_dataitems": {
		"DataRead_$1A_#007_bit6_(TBD)MT Nutral SW": {
		"bitoffset": 1, 
		"firstbyte": 7
		}, 
		"DataRead_$1A_#016_bit4_(TBD)Front Axle Control": {
		"bitoffset": 3, 
		"firstbyte": 16
		}, 
		"DataRead_$1A_#006_bit7_4L SW": {
		"firstbyte": 6
		}, 
		"DataRead_$1A_#007_bit5_BRAKESW": {
		"bitoffset": 2, 
		"firstbyte": 7
		}, 
		"DataRead_$1A_#020_bit0_ENGINE SPEED SIG": {
		"firstbyte": 20
		}, 
		"DataRead_$1A_#017_bit0_COMPR VHCL SPEED": {
		"firstbyte": 17
		}, 
		"DataRead_$1A_#022_bit7_irregular tire flag": {
		"firstbyte": 22
		}, 
		"DataRead_$1A_#022_bit4_2-4WD inter lock states flag": {
		"bitoffset": 3, 
		"firstbyte": 22
		}, 
		"DataRead_$1A_#009_bit5_(TBD)4WDmode indicator": {
		"firstbyte": 9
		}, 
		"DataRead_$1A_#012_bit0_(TBD)TFCU POWER": {
		"firstbyte": 12
		}, 
		"DataRead_$1A_#022_bit6_RPS offset study flag": {
		"bitoffset": 1, 
		"firstbyte": 22
		}, 
		"DataRead_$1A_#011_bit0_(TBD)Oil temp sen": {
		"firstbyte": 11
		}, 
		"DataRead_$1A_#010_bit4_(TBD)Motor drive A": {
		"firstbyte": 10
		}, 
		"DataRead_$1A_#009_bit3_ATP IND": {
		"bitoffset": 4, 
		"firstbyte": 9
		}, 
		"DataRead_$1A_#018_bit0_VHCL/S SEN-FR": {
		"firstbyte": 18
		}, 
		"DataRead_$1A_#008_bit3_(TBD)Range sen 1 (B-C)": {
		"bitoffset": 4, 
		"firstbyte": 8
		}, 
		"DataRead_$1A_#015_bit0_(TBD)AT Rr turning speed": {
		"firstbyte": 15
		}, 
		"DataRead_$1A_#013_bit0_(TBD)MOTOR POWER": {
		"firstbyte": 13
		}, 
		"DataRead_$1A_#021_bit4_GPCan": {
		"firstbyte": 21
		}, 
		"DataRead_$1A_#010_bit0_(TBD)Motor drive B": {
		"bitoffset": 4, 
		"firstbyte": 10
		}, 
		"DataRead_$1A_#006_bit5_2WD SW": {
		"bitoffset": 2, 
		"firstbyte": 6
		}, 
		"DataRead_$1A_#016_bit7_(TBD)Front Axle Sleeve Switch": {
		"firstbyte": 16
		}, 
		"DataRead_$1A_#016_bit6_(TBD)ADD power supply RLY CONT": {
		"bitoffset": 1, 
		"firstbyte": 16
		}, 
		"DataRead_$1A_#016_bit5_(TBD)Front Axle Switch": {
		"bitoffset": 2, 
		"firstbyte": 16
		}, 
		"DataRead_$1A_#009_bit4_4WD FAIL LAMP": {
		"bitoffset": 3, 
		"firstbyte": 9
		}, 
		"DataRead_$1A_#008_bit4_(TBD)Range sen 2 (A-C)": {
		"bitoffset": 3, 
		"firstbyte": 8
		}, 
		"DataRead_$1A_#007_bit7_IGN SW": {
		"firstbyte": 7
		}, 
		"DataRead_$1A_#008_bit5_(TBD)Mode sen (B-C)": {
		"bitoffset": 2, 
		"firstbyte": 8
		}, 
		"DataRead_$1A_#022_bit5_H-L interlock states flug": {
		"bitoffset": 2, 
		"firstbyte": 22
		}, 
		"DataRead_$1A_#014_bit0_(TBD)Rail Posi sen": {
		"firstbyte": 14
		}, 
		"DataRead_$1A_#019_bit0_VHCL/S SEN-RR": {
		"firstbyte": 19
		}, 
		"DataRead_$1A_#023_bit0_motor fever temparature": {
		"firstbyte": 23
		}, 
		"DataRead_$1A_#006_bit2_(TBD)Actual mode": {
		"bitoffset": 3, 
		"firstbyte": 6
		}, 
		"DataRead_$1A_#021_bit0_NEXTGPCan": {
		"bitoffset": 4, 
		"firstbyte": 21
		}, 
		"DataRead_$1A_#007_bit1_SLCT LVR POSI": {
		"bitoffset": 4, 
		"firstbyte": 7
		}, 
		"DataRead_$1A_#006_bit6_4H SW": {
		"bitoffset": 1, 
		"firstbyte": 6
		}
	}, 
	"minbytes": 23, 
	"sentbytes": "211A"
	}, 
	{
	"name": "ClearDiagnosticinformation.All", 
	"replybytes": "54", 
	"deny_sds": [], 
	"manualsend": true, 
	"minbytes": 1, 
	"sentbytes": "14FFFFFF"
	}, 
	{
	"name": "StartDiagnosticSession.DefaultSession", 
	"replybytes": "5081", 
	"deny_sds": [], 
	"manualsend": true, 
	"minbytes": 2, 
	"sentbytes": "1081"
	}
], 
"data": {
	"DTCExtendedDataRecordNumber": {
	"lists": {
		"128": "Mileage", 
		"129": "AgingCounter", 
		"130": "DTCOccurrenceCounter"
	}
	}, 
	"DataRead_$1A_#016_bit4_(TBD)Front Axle Control": {
	"bitscount": 1, 
	"lists": {
		"0": "OFF", 
		"1": "ON"
	}
	}, 
	"DataRead_$1A_#006_bit7_4L SW": {
	"bitscount": 1, 
	"lists": {
		"0": "OFF", 
		"1": "ON"
	}
	}, 
	"DataRead_$1A_#007_bit5_BRAKESW": {
	"bitscount": 1, 
	"lists": {
		"0": "OFF", 
		"1": "ON"
	}
	}, 
	"N.ManufacturerIdentificationCode": {
	"lists": {
		"128": "N1", 
		"129": "N2", 
		"130": "N3"
	}
	}, 
	"LID$14": {
	"bitscount": 1, 
	"lists": {
		"0": "not supported", 
		"1": "supported"
	}
	}, 
	"LID$15": {
	"bitscount": 1, 
	"lists": {
		"0": "not supported", 
		"1": "supported"
	}
	}, 
	"LID$16": {
	"bitscount": 1, 
	"lists": {
		"0": "not supported", 
		"1": "supported"
	}
	}, 
	"LID$17": {
	"bitscount": 1, 
	"lists": {
		"0": "not supported", 
		"1": "supported"
	}
	}, 
	"LID$10": {
	"bitscount": 1, 
	"lists": {
		"0": "not supported", 
		"1": "supported"
	}
	}, 
	"LID$11": {
	"bitscount": 1, 
	"lists": {
		"0": "not supported", 
		"1": "supported"
	}
	}, 
	"DataRead_$1A_#022_bit7_irregular tire flag": {
	"bitscount": 1, 
	"lists": {
		"0": "OFF", 
		"1": "ON"
	}
	}, 
	"LID$13": {
	"bitscount": 1, 
	"lists": {
		"0": "not supported", 
		"1": "supported"
	}
	}, 
	"LID$18": {
	"bitscount": 1, 
	"lists": {
		"0": "not supported", 
		"1": "supported"
	}
	}, 
	"LID$19": {
	"bitscount": 1, 
	"lists": {
		"0": "not supported", 
		"1": "supported"
	}
	}, 
	"LID$0C": {
	"bitscount": 1, 
	"lists": {
		"0": "not supported", 
		"1": "supported"
	}
	}, 
	"LID$0B": {
	"bitscount": 1, 
	"lists": {
		"0": "not supported", 
		"1": "supported"
	}
	}, 
	"LID$0A": {
	"bitscount": 1, 
	"lists": {
		"0": "not supported", 
		"1": "supported"
	}
	}, 
	"LID$0F": {
	"bitscount": 1, 
	"lists": {
		"0": "not supported", 
		"1": "supported"
	}
	}, 
	"LID$0E": {
	"bitscount": 1, 
	"lists": {
		"0": "not supported", 
		"1": "supported"
	}
	}, 
	"LID$0D": {
	"bitscount": 1, 
	"lists": {
		"0": "not supported", 
		"1": "supported"
	}
	}, 
	"N.HardwareNumber": {
	"bytescount": 5, 
	"byte": true, 
	"bitscount": 40
	}, 
	"N.DiagnosticIdentificationCode": {
	"lists": {
		"0": "####"
	}
	}, 
	"DataRead_$01_#008_bit4_RANGE SENSOR 1": {
	"bitscount": 1, 
	"lists": {
		"0": "off", 
		"1": "On"
	}
	}, 
	"LID$03": {
	"bitscount": 1, 
	"lists": {
		"0": "not supported", 
		"1": "supported"
	}
	}, 
	"LID$02": {
	"bitscount": 1, 
	"lists": {
		"0": "not supported", 
		"1": "supported"
	}
	}, 
	"LID$01": {
	"bitscount": 1, 
	"lists": {
		"0": "not supported", 
		"1": "supported"
	}
	}, 
	"LID$07": {
	"bitscount": 1, 
	"lists": {
		"0": "not supported", 
		"1": "supported"
	}
	}, 
	"LID$06": {
	"bitscount": 1, 
	"lists": {
		"0": "not supported", 
		"1": "supported"
	}
	}, 
	"LID$05": {
	"bitscount": 1, 
	"lists": {
		"0": "not supported", 
		"1": "supported"
	}
	}, 
	"LID$04": {
	"bitscount": 1, 
	"lists": {
		"0": "not supported", 
		"1": "supported"
	}
	}, 
	"LID$09": {
	"bitscount": 1, 
	"lists": {
		"0": "not supported", 
		"1": "supported"
	}
	}, 
	"LID$08": {
	"bitscount": 1, 
	"lists": {
		"0": "not supported", 
		"1": "supported"
	}
	}, 
	"DataRead_$01_#015_bit0_AT R SPEED": {
	"scaled": true, 
	"unit": "km/h"
	}, 
	"DTCDeviceIdentifier": {
	"bytescount": 2, 
	"bitscount": 16, 
	"lists": {
		"53248": "[U1000]CAN COMM CIRCUIT", 
		"6146": "[P1802]CONTROL UNIT 1", 
		"6147": "[P1803]CONTROL UNIT 2", 
		"6148": "[P1804]CONTROL UNIT 3", 
		"6151": "[P1807]VHCL SPEED SEN-AT", 
		"6152": "[P1808]VHCL SPEED SEN-ABS", 
		"6153": "[P1809]CONTROL UNIT 4", 
		"6156": "[P180C]SEN POWER SUPPLY (5V)", 
		"6157": "[P180D]ROTARY POSITION SEN", 
		"6159": "[P180F]MOTOR SYSTEM", 
		"53264": "[U1010]CONTROL UNIT(CAN)", 
		"6161": "[P1811]BATTERY VOLTAGE", 
		"6163": "[P1813]4WD MODE SW", 
		"6164": "[P1814]4WD DETECT SWITCH", 
		"6166": "[P1816]T/M RANGE SENSOR A", 
		"6167": "[P1817]SHIFT ACTUATOR", 
		"6168": "[P1818]SHIFT ACT POSI SW", 
		"6169": "[P1819]SHIFT ACT CIR", 
		"6171": "[P181B]INCOMP SELF SHUT", 
		"6172": "[P181C]MOTOR POWER SUPPLY", 
		"6176": "[P1820]ENGINE SPEED", 
		"6186": "[P182A]HI-LO POSITION SEN", 
		"6228": "[P1854]VHCL SPEED SEN-FR", 
		"6229": "[P1855]VHCL SPEED SEN-RR", 
		"6247": "[P1867]INCOMPLETE SHIFT", 
		"6248": "[P1868]FRONT AXLE FUNCTION", 
		"6249": "[P1869]FRONT AXLE ACTR PWR SPLY RELAY", 
		"6250": "[P186A]FRONT AXLE FUNCTION", 
		"6251": "[P186B]FRONT AXLE CONTROL", 
		"6252": "[P186C]INCOMP RPS OFFSET LEARNING"
	}
	}, 
	"LID$1D": {
	"bitscount": 1, 
	"lists": {
		"0": "not supported", 
		"1": "supported"
	}
	}, 
	"LID$1E": {
	"bitscount": 1, 
	"lists": {
		"0": "not supported", 
		"1": "supported"
	}
	}, 
	"LID$1F": {
	"bitscount": 1, 
	"lists": {
		"0": "not supported", 
		"1": "supported"
	}
	}, 
	"LID$1A": {
	"bitscount": 1, 
	"lists": {
		"0": "not supported", 
		"1": "supported"
	}
	}, 
	"LID$1B": {
	"bitscount": 1, 
	"lists": {
		"0": "not supported", 
		"1": "supported"
	}
	}, 
	"LID$1C": {
	"bitscount": 1, 
	"lists": {
		"0": "not supported", 
		"1": "supported"
	}
	}, 
	"DataRead_$1A_#006_bit2_(TBD)Actual mode": {
	"bitscount": 3, 
	"lists": {
		"0": "BOTNG", 
		"1": "SWTNG", 
		"2": "2WD", 
		"3": "-", 
		"4": "4Lo", 
		"5": "LOCK"
	}
	}, 
	"DataRead_$1A_#014_bit0_(TBD)Rail Posi sen": {
	"scaled": true, 
	"unit": "%"
	}, 
	"ECM.n.PRSNT.vcan": {
	"comment": "CAN Monitor", 
	"bitscount": 1, 
	"lists": {
		"0": "OK", 
		"1": "UNKWN"
	}
	}, 
	"DTCStatus.testNotCompletedSinceLastClear": {
	"comment": "TNCSLC", 
	"bitscount": 1, 
	"lists": {
		"0": "No", 
		"1": "Yes"
	}
	}, 
	"MEMSIZE": {
	"comment": "Memory Size", 
	"bytescount": 2, 
	"byte": true, 
	"bitscount": 16
	}, 
	"DataRead_$1A_#007_bit1_SLCT LVR POSI": {
	"bitscount": 3, 
	"lists": {
		"0": "D", 
		"1": "N", 
		"2": "R", 
		"3": "-", 
		"4": "P"
	}
	}, 
	"N.EditionNumber": {
	"bytescount": 2, 
	"byte": true, 
	"bitscount": 16
	}, 
	"DTCExtendedData.Mileage": {
	"scaled": true, 
	"bytescount": 3, 
	"comment": "Description of the extendedData Mileage (use by Failure Page to decode data)", 
	"bitscount": 24, 
	"unit": "km"
	}, 
	"TRANSMIT DIAG.n.PRSNT.vcan": {
	"comment": "CAN Monitor", 
	"bitscount": 1, 
	"lists": {
		"0": "OK", 
		"1": "UNKWN"
	}
	}, 
	"SessionName": {
	"comment": "for Start diagnostic session", 
	"lists": {
		"192": "ExtendedDiagSession", 
		"129": "DefaultSession", 
		"133": "ProgrammingSession", 
		"134": "DevelopmentSession"
	}
	}, 
	"DTCStatus.warningIndicatorRequested": {
	"comment": "WIR", 
	"bitscount": 1, 
	"lists": {
		"0": "No", 
		"1": "Yes"
	}
	}, 
	"DataRead_$1A_#012_bit0_(TBD)TFCU POWER": {
	"scaled": true, 
	"divideby": 1000000000.0, 
	"unit": "V"
	}, 
	"TCM.n.PRSNT.vcan": {
	"comment": "CAN Monitor", 
	"bitscount": 1, 
	"lists": {
		"0": "OK", 
		"1": "UNKWN"
	}
	}, 
	"DataRead_$1A_#022_bit6_RPS offset study flag": {
	"bitscount": 1, 
	"lists": {
		"0": "OFF", 
		"1": "ON"
	}
	}, 
	"DTCExtendedData.AgingCounter": {
	"scaled": true, 
	"comment": "Description of the extendedData AgingCounter (use by Failure Page to decode data)"
	}, 
	"DataRead_$01_#009_bit3_4WD FAIL LAMP": {
	"bitscount": 1, 
	"lists": {
		"0": "off", 
		"1": "On"
	}
	}, 
	"DataRead_$01_#007_bit4_SLCT LVR POSI": {
	"bitscount": 3, 
	"lists": {
		"0": "D", 
		"1": "N", 
		"2": "R", 
		"3": "-", 
		"4": "P"
	}
	}, 
	"[$3B$03#3] EEPROM_Erase": {
	"lists": {
		"0": "Erase"
	}
	}, 
	"DataRead_$01_#014_bit0_ROTARY POSITION SENSOR": {
	"scaled": true, 
	"unit": "%"
	}, 
	"DTCStatus.testFailedSinceLastClear": {
	"comment": "TFSLC", 
	"bitscount": 1, 
	"lists": {
		"0": "No", 
		"1": "Yes"
	}
	}, 
	"DTCStatusAvailabilityMask": {
	"scaled": true, 
	"comment": "DTCSAM"
	}, 
	"BUSOFF DIAG.n.PAST.vcan": {
	"scaled": true, 
	"comment": "CAN Monitor", 
	"bitscount": 6, 
	"offset": 40.0
	}, 
	"DataRead_$01_#010_bit0_MOTOR DRIVE A": {
	"bitscount": 4, 
	"lists": {
		"0": "Hi", 
		"1": "Low", 
		"2": "PWM"
	}
	}, 
	"MUX messaging reference.-.-.vcan": {
	"comment": "CAN Monitor", 
	"bytescount": 2, 
	"byte": true, 
	"bitscount": 16
	}, 
	"DTCRecord": {
	"comment": "DTCASR_DTC", 
	"bytescount": 3, 
	"byte": true, 
	"bitscount": 24
	}, 
	"DataRead_$1A_#010_bit0_(TBD)Motor drive B": {
	"bitscount": 4, 
	"lists": {
		"0": "HI", 
		"1": "LO", 
		"2": "PWM"
	}
	}, 
	"DataRead_$01_#016_bit1_FRONT AXLE ACTR PWR RLY": {
	"bitscount": 1, 
	"lists": {
		"0": "off", 
		"1": "On"
	}
	}, 
	"DataRead_$1A_#016_bit6_(TBD)ADD power supply RLY CONT": {
	"bitscount": 1, 
	"lists": {
		"0": "OFF", 
		"1": "ON"
	}
	}, 
	"DTCStatus.testNotCompletedThisMonitoringCycle": {
	"comment": "TNCTMC", 
	"bitscount": 1, 
	"lists": {
		"0": "No", 
		"1": "Yes"
	}
	}, 
	"TCM.n.PAST.vcan": {
	"scaled": true, 
	"comment": "CAN Monitor", 
	"bitscount": 6, 
	"offset": 40.0
	}, 
	"DataRead_$01_#008_bit2_MODE SENSOR": {
	"bitscount": 1, 
	"lists": {
		"0": "off", 
		"1": "On"
	}
	}, 
	"N.SoftwareNumber": {
	"bytescount": 2, 
	"byte": true, 
	"bitscount": 16
	}, 
	"DataRead_$1A_#008_bit4_(TBD)Range sen 2 (A-C)": {
	"bitscount": 1, 
	"lists": {
		"0": "OFF", 
		"1": "ON"
	}
	}, 
	"DataRead_$1A_#015_bit0_(TBD)AT Rr turning speed": {
	"scaled": true, 
	"unit": "km/h"
	}, 
	"DataRead_$01_#008_bit3_RANGE SENSOR 2": {
	"bitscount": 1, 
	"lists": {
		"0": "off", 
		"1": "On"
	}
	}, 
	"DataRead_$1A_#017_bit0_COMPR VHCL SPEED": {
	"scaled": true, 
	"unit": "km/h"
	}, 
	"DataRead_$1A_#023_bit0_motor fever temparature": {
	"scaled": true, 
	"unit": "degC", 
	"offset": -40.0
	}, 
	"DataRead_$01_#007_bit2_BRAKE SWITCH": {
	"bitscount": 1, 
	"lists": {
		"0": "off", 
		"1": "On"
	}
	}, 
	"DataRead_$01_#016_bit3_FRONT AXLE CONTROL": {
	"bitscount": 1, 
	"lists": {
		"0": "off", 
		"1": "On"
	}
	}, 
	"STRG.n.PAST.vcan": {
	"scaled": true, 
	"comment": "CAN Monitor", 
	"bitscount": 6, 
	"offset": 40.0
	}, 
	"DTCFailureType.Category": {
	"bitscount": 4, 
	"lists": {
		"0": "General Failure Information", 
		"1": "General Electrical Failures", 
		"2": "General Signal Failures", 
		"3": "FM (Frequency Modulated) / PWM (Pulse Width Modulated) Failures", 
		"4": "System Internal Failures", 
		"5": "System Programming Failures", 
		"6": "Algorithm Based Failures", 
		"7": "Mechanical Failures", 
		"8": "Bus Signal / Message Failures", 
		"9": "Component Failures", 
		"15": "Vehicle manufacturer / System supplier specific"
	}
	}, 
	"LID$12": {
	"bitscount": 1, 
	"lists": {
		"0": "not supported", 
		"1": "supported"
	}
	}, 
	"N.OtherSystemFeatures": {
	"bytescount": 3, 
	"byte": true, 
	"bitscount": 24
	}, 
	"DataRead_$1A_#022_bit4_2-4WD inter lock states flag": {
	"bitscount": 1, 
	"lists": {
		"0": "OFF", 
		"1": "ON"
	}
	}, 
	"N.SparePartsNumberSuffix": {
	"lists": {
		"0": "41650"
	}
	}, 
	"DTCStatus.pendingDTC": {
	"comment": "PDTC", 
	"bitscount": 1, 
	"lists": {
		"0": "No", 
		"1": "Yes"
	}
	}, 
	"TRANSMIT DIAG.n.PAST.vcan": {
	"scaled": true, 
	"comment": "CAN Monitor", 
	"bitscount": 6, 
	"offset": 40.0
	}, 
	"DataRead_$01_#016_bit0_FRONT AXLE SLEEVE SW": {
	"bitscount": 1, 
	"lists": {
		"0": "off", 
		"1": "On"
	}
	}, 
	"BUSOFF DIAG.n.CRRNT.vcan": {
	"comment": "CAN Monitor", 
	"bitscount": 1, 
	"lists": {
		"0": "OK", 
		"1": "UNKWN"
	}
	}, 
	"N.SparePartsNumber": {
	"bytesascii": true, 
	"bytescount": 5, 
	"byte": true, 
	"bitscount": 40
	}, 
	"ABS.n.CRRNT.vcan": {
	"comment": "CAN Monitor", 
	"bitscount": 1, 
	"lists": {
		"0": "OK", 
		"1": "UNKWN"
	}
	}, 
	"STRG.n.PRSNT.vcan": {
	"comment": "CAN Monitor", 
	"bitscount": 1, 
	"lists": {
		"0": "OK", 
		"1": "UNKWN"
	}
	}, 
	"DataRead_$01_#007_bit1_MT N SW": {
	"bitscount": 1, 
	"lists": {
		"0": "off", 
		"1": "On"
	}
	}, 
	"DataRead_$01_#013_bit0_MOTOR POWER SUP": {
	"scaled": true, 
	"divideby": 100000000.0, 
	"unit": "V"
	}, 
	"DataRead_$1A_#013_bit0_(TBD)MOTOR POWER": {
	"scaled": true, 
	"divideby": 1000000000.0, 
	"unit": "V"
	}, 
	"DTCFailureType.ManufacturerOrSupplier": {
	"bitscount": 4
	}, 
	"DataRead_$01_#010_bit4_MOTOR DRIVE B": {
	"bitscount": 4, 
	"lists": {
		"0": "Hi", 
		"1": "Low", 
		"2": "PWM"
	}
	}, 
	"DataRead_$01_#006_bit1_4H SWITCH": {
	"bitscount": 1, 
	"lists": {
		"0": "off", 
		"1": "On"
	}
	}, 
	"DataRead_$01_#009_bit0_4WD MODE IND": {
	"bitscount": 3, 
	"lists": {
		"0": "-", 
		"1": "LOCK", 
		"2": "2WD", 
		"3": "4L"
	}
	}, 
	"DataRead_$01_#009_bit4_ATP IND": {
	"bitscount": 1, 
	"lists": {
		"0": "off", 
		"1": "On"
	}
	}, 
	"BUSOFF DIAG.n.PRSNT.vcan": {
	"comment": "CAN Monitor", 
	"bitscount": 1, 
	"lists": {
		"0": "OK", 
		"1": "UNKWN"
	}
	}, 
	"DataRead_$1A_#009_bit3_ATP IND": {
	"bitscount": 1, 
	"lists": {
		"0": "OFF", 
		"1": "ON"
	}
	}, 
	"DTCStatus.testFailedThisMonitoringCycle": {
	"comment": "TFTMC", 
	"bitscount": 1, 
	"lists": {
		"0": "No", 
		"1": "Yes"
	}
	}, 
	"DataRead_$1A_#007_bit7_IGN SW": {
	"bitscount": 1, 
	"lists": {
		"0": "OFF", 
		"1": "ON"
	}
	}, 
	"DataRead_$01_#006_bit2_2WD SWITCH": {
	"bitscount": 1, 
	"lists": {
		"0": "off", 
		"1": "On"
	}
	}, 
	"DTCFailureType": {
	"lists": {
		"0": "Device and failure type ODB codding", 
		"1": "General Electrical Failure", 
		"2": "General signal failure", 
		"3": "FM (Frequency Modulated) / PWM (Pulse Width Modulated) Failures", 
		"4": "System Internal Failures", 
		"5": "System Programming Failures", 
		"6": "Algorithm Based Failures", 
		"7": "Mechanical Failures", 
		"8": "Bus Signal / Message Failures", 
		"9": "Component Failures", 
		"17": "circuit short to ground", 
		"18": "circuit short to battery", 
		"19": "circuit open", 
		"20": "circuit short to ground or open", 
		"21": "circuit short to battery or open", 
		"22": "circuit voltage below threshold", 
		"23": "circuit voltage above threshold", 
		"24": "circuit current below threshold", 
		"25": "circuit current above threshold", 
		"26": "circuit resistance below threshold", 
		"27": "circuit resistance above threshold", 
		"28": "circuit voltage out of range", 
		"29": "circuit current out of range", 
		"30": "circuit resistance out of range", 
		"31": "circuit intermittent", 
		"33": "signal amplitude < minimum", 
		"34": "signal amplitude > maximum", 
		"35": "signal stuck low", 
		"36": "signal stuck high", 
		"37": "signal shape / waveform failure", 
		"38": "signal rate of change below threshold", 
		"39": "signal rate of change above threshold", 
		"40": "signal bias level out of range / zero adjustment failure", 
		"41": "signal signal invalid", 
		"47": "signal erratic", 
		"49": "no signal", 
		"50": "signal low time < minimum", 
		"51": "signal low time > maximum", 
		"52": "signal high time < minimum", 
		"53": "signal high time > maximum", 
		"54": "signal frequency too low", 
		"55": "signal frequency too high", 
		"56": "signal frequency incorrect", 
		"57": "incorrect has too few pulses", 
		"58": "incorrect has too many pulses", 
		"65": "general checksum failure", 
		"66": "general memory failure", 
		"67": "special memory failure", 
		"68": "data memory failure", 
		"69": "program memory failure", 
		"70": "calibration / parameter memory failure", 
		"71": "watchdog / safety ?C failure", 
		"72": "supervision software failure", 
		"73": "internal electronic failure", 
		"74": "incorrect component installed", 
		"75": "over temperature", 
		"81": "not programmed", 
		"82": "not activated", 
		"83": "deactivated", 
		"84": "missing calibration", 
		"85": "not configured", 
		"97": "signal calculation failure", 
		"98": "signal compare failure", 
		"99": "circuit / component protection time-out", 
		"100": "signal plausibility failure", 
		"101": "signal has too few transitions / events", 
		"102": "signal has too many transitions / events", 
		"103": "signal incorrect after event", 
		"104": "event information", 
		"113": "actuator stuck", 
		"114": "actuator stuck open", 
		"115": "actuator stuck closed", 
		"116": "actuator slipping", 
		"117": "emergency position not reachable", 
		"118": "wrong mounting position", 
		"119": "commanded position not reachable", 
		"120": "alignment or adjustment incorrect", 
		"121": "mechanical linkage failure", 
		"122": "fluid leak or seal failure", 
		"123": "low fluid level", 
		"129": "invalid serial data received", 
		"130": "alive / sequence counter incorrect / not updated", 
		"131": "value of signal protection calculation incorrect", 
		"132": "signal below allowable range", 
		"133": "signal above allowable range", 
		"134": "signal invalid", 
		"135": "missing message", 
		"136": "bus off", 
		"143": "erratic", 
		"145": "parametric", 
		"146": "performance or incorrect operation", 
		"147": "no operation", 
		"148": "unexpected operation", 
		"149": "incorrect assembly", 
		"150": "component internal failure", 
		"151": "Component or system operation obstructed or blocked", 
		"152": "component or system over temperature"
	}
	}, 
	"DataRead_$01_#012_bit0_C/U POWER SUP": {
	"scaled": true, 
	"divideby": 100000000.0, 
	"unit": "V"
	}, 
	"DataRead_$01_#020_bit0_ENGINE SPEED SIG": {
	"scaled": true, 
	"unit": "rpm"
	}, 
	"DTCMaskRecord": {
	"comment": "DTCMREC_DTC", 
	"bytescount": 3, 
	"byte": true, 
	"bitscount": 24
	}, 
	"LID$20": {
	"bitscount": 1, 
	"lists": {
		"0": "not supported", 
		"1": "supported"
	}
	}, 
	"DataRead_$1A_#021_bit0_NEXTGPCan": {
	"bitscount": 4, 
	"lists": {
		"0": "MT", 
		"1": "1", 
		"2": "2", 
		"3": "3", 
		"4": "4", 
		"5": "5", 
		"6": "6", 
		"7": "7", 
		"10": "P or N", 
		"15": "error"
	}
	}, 
	"DataRead_$1A_#007_bit6_(TBD)MT Nutral SW": {
	"bitscount": 1, 
	"lists": {
		"0": "OFF", 
		"1": "ON"
	}
	}, 
	"TRANSMIT DIAG.n.CRRNT.vcan": {
	"comment": "CAN Monitor", 
	"bitscount": 1, 
	"lists": {
		"0": "OK", 
		"1": "UNKWN"
	}
	}, 
	"DataRead_$1A_#020_bit0_ENGINE SPEED SIG": {
	"scaled": true, 
	"unit": "rpm"
	}, 
	"DataRead_$01_#017_bit0_COMPR VHCL SPEED": {
	"scaled": true, 
	"unit": "km/h"
	}, 
	"DataRead_$01_#006_bit0_4L SWITCH": {
	"bitscount": 1, 
	"lists": {
		"0": "off", 
		"1": "On"
	}
	}, 
	"DataRead_$1A_#009_bit5_(TBD)4WDmode indicator": {
	"bitscount": 3, 
	"lists": {
		"0": "-", 
		"1": "LOCK", 
		"2": "2WD", 
		"3": "4Lo"
	}
	}, 
	"[$3B$01#3] RPS_Offset_Erase": {
	"lists": {
		"0": "Erase"
	}
	}, 
	"N1.SupplierNumber2": {
	"bytescount": 2, 
	"byte": true, 
	"bitscount": 16
	}, 
	"N1.SupplierNumber1": {
	"byte": true, 
	"bytesascii": true
	}, 
	"DataRead_$1A_#011_bit0_(TBD)Oil temp sen": {
	"scaled": true, 
	"divideby": 100000000.0, 
	"unit": "V"
	}, 
	"StatusOfDTC": {
	"scaled": true, 
	"comment": "DTCASR_SODTC"
	}, 
	"DataRead_$1A_#010_bit4_(TBD)Motor drive A": {
	"bitscount": 4, 
	"lists": {
		"0": "HI", 
		"1": "LO", 
		"2": "PWM"
	}
	}, 
	"DTCDeviceAndFailureTypeOBD": {
	"bytescount": 2, 
	"bitscount": 16
	}, 
	"ECM.n.PAST.vcan": {
	"scaled": true, 
	"comment": "CAN Monitor", 
	"bitscount": 6, 
	"offset": 40.0
	}, 
	"STRG.n.CRRNT.vcan": {
	"comment": "CAN Monitor", 
	"bitscount": 1, 
	"lists": {
		"0": "OK", 
		"1": "UNKWN"
	}
	}, 
	"DataRead_$1A_#018_bit0_VHCL/S SEN-FR": {
	"scaled": true, 
	"unit": "km/h"
	}, 
	"DataRead_$1A_#008_bit3_(TBD)Range sen 1 (B-C)": {
	"bitscount": 1, 
	"lists": {
		"0": "OFF", 
		"1": "ON"
	}
	}, 
	"DataRead_$01_#011_bit0_FLUID TEMP SE": {
	"scaled": true, 
	"divideby": 100000000.0, 
	"unit": "V"
	}, 
	"DataRead_$01_#016_bit2_FRONT AXLE SW": {
	"bitscount": 1, 
	"lists": {
		"0": "off", 
		"1": "On"
	}
	}, 
	"DTCStatus.confirmedDTC": {
	"comment": "CDTC", 
	"bitscount": 1, 
	"lists": {
		"0": "No", 
		"1": "Yes"
	}
	}, 
	"DataRead_$1A_#021_bit4_GPCan": {
	"bitscount": 4, 
	"lists": {
		"0": "MT", 
		"1": "1", 
		"2": "2", 
		"3": "3", 
		"4": "4", 
		"5": "5", 
		"6": "6", 
		"7": "7", 
		"10": "P or N", 
		"14": "error"
	}
	}, 
	"DataRead_$1A_#006_bit5_2WD SW": {
	"bitscount": 1, 
	"lists": {
		"0": "OFF", 
		"1": "ON"
	}
	}, 
	"MEMADD": {
	"comment": "Memory Address", 
	"bytescount": 4, 
	"byte": true, 
	"bitscount": 32
	}, 
	"DataRead_$1A_#016_bit7_(TBD)Front Axle Sleeve Switch": {
	"bitscount": 1, 
	"lists": {
		"0": "OFF", 
		"1": "ON"
	}
	}, 
	"ECM.n.CRRNT.vcan": {
	"comment": "CAN Monitor", 
	"bitscount": 1, 
	"lists": {
		"0": "OK", 
		"1": "UNKWN"
	}
	}, 
	"TCM.n.CRRNT.vcan": {
	"comment": "CAN Monitor", 
	"bitscount": 1, 
	"lists": {
		"0": "OK", 
		"1": "UNKWN"
	}
	}, 
	"DataRead_$01_#018_bit0_VHCL/S SEN-FR": {
	"scaled": true, 
	"unit": "km/h"
	}, 
	"DataRead_$01_#007_bit0_IGN SW": {
	"bitscount": 1, 
	"lists": {
		"0": "off", 
		"1": "On"
	}
	}, 
	"DataRead_$1A_#009_bit4_4WD FAIL LAMP": {
	"bitscount": 1, 
	"lists": {
		"0": "OFF", 
		"1": "ON"
	}
	}, 
	"DTCExtendedData.DTCOccurrenceCounter": {
	"scaled": true, 
	"comment": "Description of the extendedData DTCOccurenceCounter (use by Failure Page to decode data)"
	}, 
	"DataRead_$1A_#008_bit5_(TBD)Mode sen (B-C)": {
	"bitscount": 1, 
	"lists": {
		"0": "OFF", 
		"1": "ON"
	}
	}, 
	"DataRead_$1A_#022_bit5_H-L interlock states flug": {
	"bitscount": 1, 
	"lists": {
		"0": "OFF", 
		"1": "ON"
	}
	}, 
	"DataRead_$01_#006_bit3_4WD MODE": {
	"bitscount": 3, 
	"lists": {
		"0": "BOTNG", 
		"1": "SWTNG", 
		"2": "2WD", 
		"3": "-", 
		"4": "4L", 
		"5": "LOCK"
	}
	}, 
	"DataRead_$1A_#019_bit0_VHCL/S SEN-RR": {
	"scaled": true, 
	"unit": "km/h"
	}, 
	"N.CalibrationNumber": {
	"bytescount": 2, 
	"byte": true, 
	"bitscount": 16
	}, 
	"DataRead_$01_#019_bit0_VHCL/S SEN-RR": {
	"scaled": true, 
	"unit": "km/h"
	}, 
	"ABS.n.PAST.vcan": {
	"scaled": true, 
	"comment": "CAN Monitor", 
	"bitscount": 6, 
	"offset": 40.0
	}, 
	"DataRead_$1A_#016_bit5_(TBD)Front Axle Switch": {
	"bitscount": 1, 
	"lists": {
		"0": "OFF", 
		"1": "ON"
	}
	}, 
	"DTCStatus.testFailed": {
	"comment": "TF", 
	"bitscount": 1, 
	"lists": {
		"0": "No", 
		"1": "Yes"
	}
	}, 
	"ABS.n.PRSNT.vcan": {
	"comment": "CAN Monitor", 
	"bitscount": 1, 
	"lists": {
		"0": "OK", 
		"1": "UNKWN"
	}
	}, 
	"DataRead_$1A_#006_bit6_4H SW": {
	"bitscount": 1, 
	"lists": {
		"0": "OFF", 
		"1": "ON"
	}
	}
}
}