{
"obd": {
	"baudrate": 10400, 
	"protocol": "CAN", 
	"recv_id": "735", 
	"funcname": "RADAR", 
	"funcaddr": "2B", 
	"send_id": "723"
}, 
"devices": [
	{
	"dtc": 20663, 
	"devicedata": {}, 
	"dtctype": 0, 
	"name": "[C10B7]YAW RATE SENSOR"
	}, 
	{
	"dtc": 23120, 
	"devicedata": {}, 
	"dtctype": 0, 
	"name": "[C1A50]ADAS MALFUNCTION"
	}, 
	{
	"dtc": 50216, 
	"devicedata": {}, 
	"dtctype": 0, 
	"name": "[U0428]STRG SEN CAN CIR2"
	}, 
	{
	"dtc": 53264, 
	"devicedata": {}, 
	"dtctype": 0, 
	"name": "[U1010]CONTROL UNIT (CAN)"
	}, 
	{
	"dtc": 23097, 
	"devicedata": {}, 
	"dtctype": 0, 
	"name": "[C1A39]STRG SEN CIR"
	}, 
	{
	"dtc": 49441, 
	"devicedata": {}, 
	"dtctype": 0, 
	"name": "[U0121]VDC CAN CIR2"
	}, 
	{
	"dtc": 50197, 
	"devicedata": {}, 
	"dtctype": 0, 
	"name": "[U0415]VDC CAN CIR1"
	}, 
	{
	"dtc": 49446, 
	"devicedata": {}, 
	"dtctype": 0, 
	"name": "[U0126]STRG SEN CAN CIR1"
	}, 
	{
	"dtc": 23064, 
	"devicedata": {}, 
	"dtctype": 0, 
	"name": "[C1A18]AIMING_INCMP"
	}, 
	{
	"dtc": 23063, 
	"devicedata": {}, 
	"dtctype": 0, 
	"name": "[C1A17]CONTROL UNIT"
	}, 
	{
	"dtc": 23052, 
	"devicedata": {}, 
	"dtctype": 0, 
	"name": "[C1A0C]ADAS MSG COUNTER"
	}, 
	{
	"dtc": 23073, 
	"devicedata": {}, 
	"dtctype": 0, 
	"name": "[C1A21]UNIT HIGH TEMP"
	}, 
	{
	"dtc": 23075, 
	"devicedata": {}, 
	"dtctype": 0, 
	"name": "[C1A23]UNIT_LOW_TEMP"
	}, 
	{
	"dtc": 53248, 
	"devicedata": {}, 
	"dtctype": 0, 
	"name": "[U1000]CAN COMM CIRCUIT"
	}, 
	{
	"dtc": 23062, 
	"devicedata": {}, 
	"dtctype": 0, 
	"name": "[C1A16]RADAR_STAIN"
	}, 
	{
	"dtc": 23041, 
	"devicedata": {}, 
	"dtctype": 0, 
	"name": "[C1A01]POWER SUPPLY CIRCUIT"
	}, 
	{
	"dtc": 23043, 
	"devicedata": {}, 
	"dtctype": 0, 
	"name": "[C1A03]VHCL SPEED SE CIRC"
	}, 
	{
	"dtc": 23044, 
	"devicedata": {}, 
	"dtctype": 0, 
	"name": "[C1A04]ABS/TCS/VDC CIRC"
	}, 
	{
	"dtc": 23058, 
	"devicedata": {}, 
	"dtctype": 0, 
	"name": "[C1A12]BEAM_OFFCNTR"
	}
], 
"ecuname": "N_B02E_RADAR_UDS_PT_20161123", 
"autoidents": [
	{
	"diagversion": "16", 
	"supplier": "0001", 
	"version": "11111111111111111111111111111111", 
	"soft": "11111111111111111111111111111111"
	}
], 
"endian": "Big", 
"requests": [
	{
	"name": "DataRead.$220107", 
	"replybytes": "6201070000", 
	"deny_sds": [], 
	"receivebyte_dataitems": {
		"DataRead_$220107_#004_bit0_DISTANCE": {
		"firstbyte": 4
		}
	}, 
	"minbytes": 5, 
	"sentbytes": "220107"
	}, 
	{
	"name": "DataRead.$220106", 
	"replybytes": "6201060000", 
	"deny_sds": [], 
	"receivebyte_dataitems": {
		"DataRead_$220106_#004_bit0_VHCL SPD RL": {
		"firstbyte": 4
		}
	}, 
	"minbytes": 5, 
	"sentbytes": "220106"
	}, 
	{
	"name": "DataRead.$220105", 
	"replybytes": "6201050000", 
	"deny_sds": [], 
	"receivebyte_dataitems": {
		"DataRead_$220105_#004_bit0_VHCL SPD RR": {
		"firstbyte": 4
		}
	}, 
	"minbytes": 5, 
	"sentbytes": "220105"
	}, 
	{
	"name": "DataRead.$220104", 
	"replybytes": "6201040000", 
	"deny_sds": [], 
	"receivebyte_dataitems": {
		"DataRead_$220104_#004_bit0_VHCL SPD FL": {
		"firstbyte": 4
		}
	}, 
	"minbytes": 5, 
	"sentbytes": "220104"
	}, 
	{
	"name": "DataRead.$220103", 
	"replybytes": "6201030000", 
	"deny_sds": [], 
	"receivebyte_dataitems": {
		"DataRead_$220103_#004_bit0_VHCL SPD FR": {
		"firstbyte": 4
		}
	}, 
	"minbytes": 5, 
	"sentbytes": "220103"
	}, 
	{
	"name": "DataRead.$220102", 
	"replybytes": "62010200", 
	"deny_sds": [], 
	"receivebyte_dataitems": {
		"DataRead_$220102_#004_bit0_PWR SUP MONI": {
		"firstbyte": 4
		}
	}, 
	"minbytes": 4, 
	"sentbytes": "220102"
	}, 
	{
	"name": "DataRead.$220101", 
	"replybytes": "6201010000", 
	"deny_sds": [], 
	"receivebyte_dataitems": {
		"DataRead_$220101_#004_bit0_YAW RATE": {
		"firstbyte": 4
		}
	}, 
	"minbytes": 5, 
	"sentbytes": "220101"
	}, 
	{
	"name": "DataRead.$220100", 
	"replybytes": "62010000", 
	"deny_sds": [], 
	"receivebyte_dataitems": {
		"DataRead_$220100_#004_bit0_VHCL SPEED SE": {
		"firstbyte": 4
		}
	}, 
	"minbytes": 4, 
	"sentbytes": "220100"
	}, 
	{
	"name": "DataRead.$220109", 
	"replybytes": "6201090000", 
	"deny_sds": [], 
	"receivebyte_dataitems": {
		"DataRead_$220109_#004_bit6_Radar Failsafes 2": {
		"bitoffset": 1, 
		"firstbyte": 4
		}, 
		"DataRead_$220109_#005_bit7_Radar direction": {
		"firstbyte": 5
		}, 
		"DataRead_$220109_#004_bit7_Radar Failsafes 1": {
		"firstbyte": 4
		}, 
		"DataRead_$220109_#004_bit5_Radar Failsafes 3": {
		"bitoffset": 2, 
		"firstbyte": 4
		}
	}, 
	"minbytes": 5, 
	"sentbytes": "220109"
	}, 
	{
	"name": "DataRead.$220108", 
	"replybytes": "6201080000", 
	"deny_sds": [], 
	"receivebyte_dataitems": {
		"DataRead_$220108_#004_bit0_RELATIVE SPD": {
		"firstbyte": 4
		}
	}, 
	"minbytes": 5, 
	"sentbytes": "220108"
	}, 
	{
	"name": "DataRead.vehicleManufacturerSparePartNumber_N", 
	"replybytes": "62F1A100000000000000000000", 
	"deny_sds": [], 
	"receivebyte_dataitems": {
		"vehicleManufacturerSparePartNumber_N": {
		"firstbyte": 4
		}
	}, 
	"minbytes": 13, 
	"sentbytes": "22F1A1"
	}, 
	{
	"name": "CAN DIAG SUPPORT MNTR.can", 
	"replybytes": "62EF82000000000000000000000000000000000000000000000000", 
	"deny_sds": [], 
	"receivebyte_dataitems": {
		"STRG.n.PAST.vcan": {
		"bitoffset": 2, 
		"firstbyte": 21
		}, 
		"VDC-TCS-ABS.n.PAST.vcan": {
		"bitoffset": 2, 
		"firstbyte": 9
		}, 
		"TRANSMIT DIAG.n.CRRNT.vcan": {
		"firstbyte": 7
		}, 
		"IPDM ER.n.PAST.vcan": {
		"bitoffset": 2, 
		"firstbyte": 27
		}, 
		"TRANSMIT DIAG.n.PRSNT.vcan": {
		"bitoffset": 1, 
		"firstbyte": 7
		}, 
		"VDC-TCS-ABS.n.CRRNT.vcan": {
		"firstbyte": 9
		}, 
		"BCM.n.PAST.vcan": {
		"bitoffset": 2, 
		"firstbyte": 11
		}, 
		"IPDM ER.n.CRRNT.vcan": {
		"firstbyte": 27
		}, 
		"TRANSMIT DIAG.n.PAST.vcan": {
		"bitoffset": 2, 
		"firstbyte": 7
		}, 
		"STRG.n.CRRNT.vcan": {
		"firstbyte": 21
		}, 
		"IPDM ER.n.PRSNT.vcan": {
		"bitoffset": 1, 
		"firstbyte": 27
		}, 
		"ACC.n.PRSNT.vcan": {
		"bitoffset": 1, 
		"firstbyte": 14
		}, 
		"STRG.n.PRSNT.vcan": {
		"bitoffset": 1, 
		"firstbyte": 21
		}, 
		"METER/M&A.n.CRRNT.vcan": {
		"firstbyte": 10
		}, 
		"ACC.n.PAST.vcan": {
		"bitoffset": 2, 
		"firstbyte": 14
		}, 
		"MUX messaging reference.-.-.vcan": {
		"firstbyte": 4
		}, 
		"BUSOFF DIAG.n.PAST.vcan": {
		"bitoffset": 2, 
		"firstbyte": 6
		}, 
		"BCM.n.PRSNT.vcan": {
		"bitoffset": 1, 
		"firstbyte": 11
		}, 
		"METER/M&A.n.PRSNT.vcan": {
		"bitoffset": 1, 
		"firstbyte": 10
		}, 
		"BUSOFF DIAG.n.PRSNT.vcan": {
		"bitoffset": 1, 
		"firstbyte": 6
		}, 
		"BUSOFF DIAG.n.CRRNT.vcan": {
		"firstbyte": 6
		}, 
		"BCM.n.CRRNT.vcan": {
		"firstbyte": 11
		}, 
		"METER/M&A.n.PAST.vcan": {
		"bitoffset": 2, 
		"firstbyte": 10
		}, 
		"ACC.n.CRRNT.vcan": {
		"firstbyte": 14
		}, 
		"VDC-TCS-ABS.n.PRSNT.vcan": {
		"bitoffset": 1, 
		"firstbyte": 9
		}
	}, 
	"minbytes": 27, 
	"sentbytes": "22EF82"
	}, 
	{
	"name": "ReadDTCInformation.ReportNumberOfDTCByStatusMask", 
	"replybytes": "5901FF000000", 
	"deny_sds": [], 
	"receivebyte_dataitems": {
		"DTCCount": {
		"firstbyte": 5
		}, 
		"DTCFormatIdentifier": {
		"firstbyte": 4
		}, 
		"DTCStatusAvailabilityMask": {
		"firstbyte": 3
		}
	}, 
	"minbytes": 6, 
	"sentbytes": "1901FF"
	}, 
	{
	"name": "StartDiagnosticSession", 
	"replybytes": "5000", 
	"deny_sds": [], 
	"manualsend": true, 
	"sendbyte_dataitems": {
		"SessionName": {
		"firstbyte": 2
		}
	}, 
	"minbytes": 2, 
	"sentbytes": "1000"
	}, 
	{
	"name": "DataRead.systemSupplierIdentifier", 
	"replybytes": "62F18A00000000", 
	"deny_sds": [], 
	"receivebyte_dataitems": {
		"systemSupplierIdentifier": {
		"firstbyte": 4
		}
	}, 
	"minbytes": 7, 
	"sentbytes": "22F18A"
	}, 
	{
	"name": "ReadDTCInformation.ReportExtendedData", 
	"replybytes": "59060000000000000000", 
	"deny_sds": [], 
	"receivebyte_dataitems": {
		"DTCExtendedData.AgingCounter": {
		"firstbyte": 8
		}, 
		"DTCExtendedDataRecordNumber": {
		"firstbyte": 7
		}, 
		"DTCExtendedData.Mileage": {
		"firstbyte": 8
		}, 
		"DTCRecord": {
		"firstbyte": 3
		}, 
		"StatusOfDTC": {
		"firstbyte": 6
		}, 
		"DTCExtendedData.DTCOccurrenceCounter": {
		"firstbyte": 8
		}
	}, 
	"sendbyte_dataitems": {
		"DTCMaskRecord": {
		"firstbyte": 3
		}
	}, 
	"minbytes": 6, 
	"sentbytes": "1906000000FF"
	}, 
	{
	"name": "DataRead.$220204", 
	"replybytes": "62020400", 
	"deny_sds": [], 
	"receivebyte_dataitems": {
		"DataRead_$220204_#004_bit0_Status for Alignment": {
		"firstbyte": 4
		}
	}, 
	"minbytes": 4, 
	"sentbytes": "220204"
	}, 
	{
	"name": "DataRead.$220205", 
	"replybytes": "62020500", 
	"deny_sds": [], 
	"receivebyte_dataitems": {
		"DataRead_$220205_#004_bit0_Status of radar in Alignment": {
		"firstbyte": 4
		}
	}, 
	"minbytes": 4, 
	"sentbytes": "220205"
	}, 
	{
	"name": "DataRead.$220206", 
	"replybytes": "62020600", 
	"deny_sds": [], 
	"receivebyte_dataitems": {
		"DataRead_$220206_#004_bit0_Error content": {
		"firstbyte": 4
		}
	}, 
	"minbytes": 4, 
	"sentbytes": "220206"
	}, 
	{
	"name": "DataRead.vehicleManufacturerECUSoftwareNumber", 
	"replybytes": "62F18800000000000000000000", 
	"deny_sds": [], 
	"receivebyte_dataitems": {
		"vehicleManufacturerECUSoftwareNumber": {
		"firstbyte": 4
		}
	}, 
	"minbytes": 13, 
	"sentbytes": "22F188"
	}, 
	{
	"name": "DataRead.$220200", 
	"replybytes": "6202000000", 
	"deny_sds": [], 
	"receivebyte_dataitems": {
		"DataRead_$220200_#004_bit0_Holizontal displacement value in when EOL alignment": {
		"firstbyte": 4
		}
	}, 
	"minbytes": 5, 
	"sentbytes": "220200"
	}, 
	{
	"name": "DataRead.$220201", 
	"replybytes": "6202010000", 
	"deny_sds": [], 
	"receivebyte_dataitems": {
		"DataRead_$220201_#004_bit0_Vertical displacement value in when EOL alignment": {
		"firstbyte": 4
		}
	}, 
	"minbytes": 5, 
	"sentbytes": "220201"
	}, 
	{
	"name": "DataRead.$220202", 
	"replybytes": "6202020000", 
	"deny_sds": [], 
	"receivebyte_dataitems": {
		"DataRead_$220202_#004_bit0_Holizontal Alignment value on EEPROM current": {
		"firstbyte": 4
		}
	}, 
	"minbytes": 5, 
	"sentbytes": "220202"
	}, 
	{
	"name": "DataRead.$220203", 
	"replybytes": "6202030000", 
	"deny_sds": [], 
	"receivebyte_dataitems": {
		"DataRead_$220203_#004_bit0_Vrtical Alignment value on EEPROM current": {
		"firstbyte": 4
		}
	}, 
	"minbytes": 5, 
	"sentbytes": "220203"
	}, 
	{
	"name": "DataRead.vehicleManufacturerSparePartNumber", 
	"replybytes": "62F18700000000000000000000", 
	"deny_sds": [], 
	"receivebyte_dataitems": {
		"vehicleManufacturerSparePartNumber": {
		"firstbyte": 4
		}
	}, 
	"minbytes": 13, 
	"sentbytes": "22F187"
	}, 
	{
	"name": "TesterPresent.WithResponse", 
	"replybytes": "7E", 
	"deny_sds": [], 
	"manualsend": true, 
	"minbytes": 1, 
	"sentbytes": "3E00"
	}, 
	{
	"name": "ReadDTCInformation.ReportSnapshot", 
	"replybytes": "590400000000", 
	"deny_sds": [], 
	"receivebyte_dataitems": {
		"DTCRecord": {
		"firstbyte": 3
		}, 
		"StatusOfDTC": {
		"firstbyte": 6
		}
	}, 
	"sendbyte_dataitems": {
		"DTCMaskRecord": {
		"firstbyte": 3
		}
	}, 
	"minbytes": 6, 
	"sentbytes": "1904000000FF"
	}, 
	{
	"name": "ClearDiagnosticInformation.All", 
	"replybytes": "54", 
	"deny_sds": [], 
	"manualsend": true, 
	"minbytes": 1, 
	"sentbytes": "14FFFFFF"
	}, 
	{
	"name": "DataRead.systemSupplierECUSoftwareNumber", 
	"replybytes": "62F1940000000000000000000000000000000000000000000000000000000000000000", 
	"deny_sds": [], 
	"receivebyte_dataitems": {
		"systemSupplierECUSoftwareNumber": {
		"firstbyte": 4
		}
	}, 
	"minbytes": 35, 
	"sentbytes": "22F194"
	}, 
	{
	"name": "DataRead$F012_Operationnal reference", 
	"replybytes": "62F01200000000000000000000", 
	"deny_sds": [], 
	"receivebyte_dataitems": {
		"DataRead$F012_Operationnal reference": {
		"firstbyte": 4
		}
	}, 
	"minbytes": 13, 
	"sentbytes": "22F012"
	}, 
	{
	"name": "ReadDTCInformation.ReportExtendedData.Mileage", 
	"replybytes": "5906", 
	"deny_sds": [], 
	"sendbyte_dataitems": {
		"DTCMaskRecord": {
		"firstbyte": 3
		}
	}, 
	"minbytes": 2, 
	"sentbytes": "190600000080"
	}, 
	{
	"name": "ReadDTCInformation.ReportExtendedData.DTCOccurrenceCounter", 
	"replybytes": "5906", 
	"deny_sds": [], 
	"sendbyte_dataitems": {
		"DTCMaskRecord": {
		"firstbyte": 3
		}
	}, 
	"minbytes": 2, 
	"sentbytes": "190600000082"
	}, 
	{
	"name": "DataRead.$220110", 
	"replybytes": "6201100000", 
	"deny_sds": [], 
	"receivebyte_dataitems": {
		"DataRead_$220110_#004_bit0_Steering wheel angle": {
		"firstbyte": 4
		}
	}, 
	"minbytes": 5, 
	"sentbytes": "220110"
	}, 
	{
	"name": "DataRead.$220111", 
	"replybytes": "62011100", 
	"deny_sds": [], 
	"receivebyte_dataitems": {
		"DataRead_$220111_#004_bit0_Steerring angle speed": {
		"firstbyte": 4
		}
	}, 
	"minbytes": 4, 
	"sentbytes": "220111"
	}, 
	{
	"name": "ReadDTCInformation.ReportSupportedDTC", 
	"replybytes": "590AFF00000000", 
	"deny_sds": [], 
	"receivebyte_dataitems": {
		"DTCFailureType": {
		"firstbyte": 6
		}, 
		"StatusOfDTC": {
		"firstbyte": 7
		}, 
		"DTCStatusAvailabilityMask": {
		"firstbyte": 3
		}, 
		"DTCDeviceIdentifier": {
		"firstbyte": 4
		}
	}, 
	"minbytes": 3, 
	"sentbytes": "190A", 
	"shiftbytescount": 4
	}, 
	{
	"name": "DataRead.ECUSerialNumber", 
	"replybytes": "62F18C0000000000000000000000000000000000000000", 
	"deny_sds": [], 
	"receivebyte_dataitems": {
		"ECUSerialNumber": {
		"firstbyte": 4
		}
	}, 
	"minbytes": 23, 
	"sentbytes": "22F18C"
	}, 
	{
	"name": "DataRead.FFD$221000", 
	"replybytes": "62100000000000000000000000000000", 
	"deny_sds": [], 
	"receivebyte_dataitems": {
		"DataRead.FFD_$221000_#007_bit0_ODO/TRIP METER": {
		"firstbyte": 7
		}, 
		"DataRead.FFD_$221000_#010_bit0_Radar Error Code": {
		"firstbyte": 10
		}, 
		"DataRead.FFD_$221000_#004_bit0_DTC Code": {
		"firstbyte": 4
		}, 
		"DataRead.FFD_$221000_#012_bit0_Distance to Vehicle": {
		"firstbyte": 12
		}, 
		"DataRead.FFD_$221000_#013_bit0_Relative Speed": {
		"firstbyte": 13
		}, 
		"DataRead.FFD_$221000_#016_bit0_Vehicle Speed": {
		"firstbyte": 16
		}, 
		"DataRead.FFD_$221000_#014_bit0_Yawrate": {
		"firstbyte": 14
		}
	}, 
	"minbytes": 16, 
	"sentbytes": "221000"
	}, 
	{
	"name": "StartDiagnosticSession.DefaultSession", 
	"replybytes": "5001000000000000", 
	"deny_sds": [], 
	"manualsend": true, 
	"receivebyte_dataitems": {
		"SessionParameterRecord#1[P2max]": {
		"firstbyte": 3
		}, 
		"SessionParameterRecord#2[P2*max]": {
		"firstbyte": 5
		}
	}, 
	"minbytes": 6, 
	"sentbytes": "1001"
	}, 
	{
	"name": "StartDiagnosticSession.ProgrammingSession", 
	"replybytes": "5002000000000000", 
	"deny_sds": [], 
	"manualsend": true, 
	"receivebyte_dataitems": {
		"SessionParameterRecord#1[P2max]": {
		"firstbyte": 3
		}, 
		"SessionParameterRecord#2[P2*max]": {
		"firstbyte": 5
		}
	}, 
	"minbytes": 6, 
	"sentbytes": "1002"
	}, 
	{
	"name": "StartDiagnosticSession.ExtendedDiagSession", 
	"replybytes": "5003000000000000", 
	"deny_sds": [], 
	"manualsend": true, 
	"receivebyte_dataitems": {
		"SessionParameterRecord#1[P2max]": {
		"firstbyte": 3
		}, 
		"SessionParameterRecord#2[P2*max]": {
		"firstbyte": 5
		}
	}, 
	"minbytes": 6, 
	"sentbytes": "1003"
	}, 
	{
	"name": "DataRead.systemSupplierECUSoftwareVersionNumber", 
	"replybytes": "62F1950000000000000000000000000000000000000000000000000000000000000000", 
	"deny_sds": [], 
	"receivebyte_dataitems": {
		"systemSupplierECUSoftwareVersionNumber": {
		"firstbyte": 4
		}
	}, 
	"minbytes": 35, 
	"sentbytes": "22F195"
	}, 
	{
	"name": "ReadDTCInformation.ReportDTC", 
	"replybytes": "59020000000000", 
	"deny_sds": [], 
	"receivebyte_dataitems": {
		"DTCStatus.pendingDTC": {
		"bitoffset": 5, 
		"firstbyte": 7
		}, 
		"DTCStatus.testFailedSinceLastClear": {
		"bitoffset": 2, 
		"firstbyte": 7
		}, 
		"DTCDeviceAndFailureTypeOBD": {
		"firstbyte": 4
		}, 
		"DTCFailureType.ManufacturerOrSupplier": {
		"bitoffset": 4, 
		"firstbyte": 6
		}, 
		"DTCFailureType.Category": {
		"firstbyte": 6
		}, 
		"DTCFailureType": {
		"firstbyte": 6
		}, 
		"DTCStatus.testNotCompletedSinceLastClear": {
		"bitoffset": 3, 
		"firstbyte": 7
		}, 
		"DTCStatus.testNotCompletedThisMonitoringCycle": {
		"bitoffset": 1, 
		"firstbyte": 7
		}, 
		"DTCStatusAvailabilityMask": {
		"firstbyte": 3
		}, 
		"DTCStatus.warningIndicatorRequested": {
		"firstbyte": 7
		}, 
		"DTCStatus.confirmedDTC": {
		"bitoffset": 4, 
		"firstbyte": 7
		}, 
		"DTCStatus.testFailedThisMonitoringCycle": {
		"bitoffset": 6, 
		"firstbyte": 7
		}, 
		"DTCStatus.testFailed": {
		"bitoffset": 7, 
		"firstbyte": 7
		}, 
		"DTCDeviceIdentifier": {
		"firstbyte": 4
		}
	}, 
	"minbytes": 3, 
	"sentbytes": "19020F", 
	"shiftbytescount": 4
	}, 
	{
	"name": "DataRead.diagnosticVersion", 
	"replybytes": "62F1A000", 
	"deny_sds": [], 
	"receivebyte_dataitems": {
		"diagnosticVersion": {
		"firstbyte": 4
		}
	}, 
	"minbytes": 4, 
	"sentbytes": "22F1A0"
	}, 
	{
	"name": "DataRead.vehicleManufacturerECUHardwareNumber", 
	"replybytes": "62F19100000000000000000000", 
	"deny_sds": [], 
	"receivebyte_dataitems": {
		"vehicleManufacturerECUHardwareNumber": {
		"firstbyte": 4
		}
	}, 
	"minbytes": 13, 
	"sentbytes": "22F191"
	}, 
	{
	"name": "DataRead.$22010F", 
	"replybytes": "62010F0000", 
	"deny_sds": [], 
	"receivebyte_dataitems": {
		"DataRead_$22010F_#004_bit0_Vertical Alignment value in EOL": {
		"firstbyte": 4
		}
	}, 
	"minbytes": 5, 
	"sentbytes": "22010F"
	}, 
	{
	"name": "DataRead.$22010E", 
	"replybytes": "62010E0000", 
	"deny_sds": [], 
	"receivebyte_dataitems": {
		"DataRead_$22010E_#004_bit0_Holizontal Alignment value in EOL": {
		"firstbyte": 4
		}
	}, 
	"minbytes": 5, 
	"sentbytes": "22010E"
	}, 
	{
	"name": "DataRead.$22010D", 
	"replybytes": "62010D0000", 
	"deny_sds": [], 
	"receivebyte_dataitems": {
		"DataRead_$22010D_#004_bit0_U/D ADJUST": {
		"firstbyte": 4
		}
	}, 
	"minbytes": 5, 
	"sentbytes": "22010D"
	}, 
	{
	"name": "DataRead.$22010C", 
	"replybytes": "62010C0000", 
	"deny_sds": [], 
	"receivebyte_dataitems": {
		"DataRead_$22010C_#004_bit0_L/R ADJUST": {
		"firstbyte": 4
		}
	}, 
	"minbytes": 5, 
	"sentbytes": "22010C"
	}, 
	{
	"name": "DataRead.$22010B", 
	"replybytes": "62010B00", 
	"deny_sds": [], 
	"receivebyte_dataitems": {
		"DataRead_$22010B_#004_bit0_RADAR HEIGHT": {
		"firstbyte": 4
		}
	}, 
	"minbytes": 4, 
	"sentbytes": "22010B"
	}, 
	{
	"name": "DataRead.$22010A", 
	"replybytes": "62010A00", 
	"deny_sds": [], 
	"receivebyte_dataitems": {
		"DataRead_$22010A_#004_bit0_RADAR OFFSET": {
		"firstbyte": 4
		}
	}, 
	"minbytes": 4, 
	"sentbytes": "22010A"
	}, 
	{
	"name": "DataRead.VIN", 
	"replybytes": "62F1900000000000000000000000000000000000", 
	"deny_sds": [], 
	"receivebyte_dataitems": {
		"VIN": {
		"firstbyte": 4
		}
	}, 
	"minbytes": 20, 
	"sentbytes": "22F190"
	}, 
	{
	"name": "ReadDTCInformation.ReportExtendedData.AgingCounter", 
	"replybytes": "5906", 
	"deny_sds": [], 
	"sendbyte_dataitems": {
		"DTCMaskRecord": {
		"firstbyte": 3
		}
	}, 
	"minbytes": 2, 
	"sentbytes": "190600000081"
	}
], 
"data": {
	"DTCExtendedDataRecordNumber": {
	"lists": {
		"128": "Mileage", 
		"129": "AgingCounter", 
		"130": "DTCOccurrenceCounter"
	}
	}, 
	"DataRead.FFD_$221000_#010_bit0_Radar Error Code": {
	"scaled": true, 
	"bytescount": 2, 
	"bitscount": 16
	}, 
	"vehicleManufacturerSparePartNumber_N": {
	"bytesascii": true, 
	"bytescount": 10, 
	"byte": true, 
	"bitscount": 80
	}, 
	"DataRead_$22010C_#004_bit0_L/R ADJUST": {
	"divideby": 100.0, 
	"bitscount": 16, 
	"signed": true, 
	"scaled": true, 
	"bytescount": 2, 
	"unit": "deg"
	}, 
	"DataRead_$22010F_#004_bit0_Vertical Alignment value in EOL": {
	"divideby": 100.0, 
	"bitscount": 16, 
	"signed": true, 
	"scaled": true, 
	"bytescount": 2, 
	"unit": "deg"
	}, 
	"DataRead_$220201_#004_bit0_Vertical displacement value in when EOL alignment": {
	"divideby": 100.0, 
	"bitscount": 16, 
	"signed": true, 
	"scaled": true, 
	"bytescount": 2, 
	"unit": "deg"
	}, 
	"vehicleManufacturerECUSoftwareNumber": {
	"bytesascii": true, 
	"bytescount": 10, 
	"byte": true, 
	"bitscount": 80
	}, 
	"DataRead_$220202_#004_bit0_Holizontal Alignment value on EEPROM current": {
	"divideby": 100.0, 
	"bitscount": 16, 
	"signed": true, 
	"scaled": true, 
	"bytescount": 2, 
	"unit": "deg"
	}, 
	"DataRead_$22010A_#004_bit0_RADAR OFFSET": {
	"scaled": true, 
	"divideby": 100.0, 
	"unit": "m", 
	"signed": true
	}, 
	"BCM.n.PAST.vcan": {
	"scaled": true, 
	"comment": "CAN Monitor", 
	"step": -1.0, 
	"bitscount": 6, 
	"offset": 40.0
	}, 
	"METER/M&A.n.PRSNT.vcan": {
	"comment": "CAN Monitor", 
	"bitscount": 1, 
	"lists": {
		"0": "OK", 
		"1": "UNKWN"
	}
	}, 
	"DataRead_$220109_#004_bit5_Radar Failsafes 3": {
	"bitscount": 1, 
	"lists": {
		"0": "Alignment complete NG", 
		"1": "Alignment complete OK"
	}
	}, 
	"systemSupplierIdentifier": {
	"bytesascii": true, 
	"bytescount": 4, 
	"byte": true, 
	"bitscount": 32
	}, 
	"DTCDeviceIdentifier": {
	"bytescount": 2, 
	"bitscount": 16, 
	"lists": {
		"53248": "[U1000]CAN COMM CIRCUIT", 
		"23041": "[C1A01]POWER SUPPLY CIRCUIT", 
		"23075": "[C1A23]UNIT_LOW_TEMP", 
		"23044": "[C1A04]ABS/TCS/VDC CIRC", 
		"49446": "[U0126]STRG SEN CAN CIR1", 
		"23073": "[C1A21]UNIT HIGH TEMP", 
		"50216": "[U0428]STRG SEN CAN CIR2", 
		"23063": "[C1A17]CONTROL UNIT", 
		"23052": "[C1A0C]ADAS MSG COUNTER", 
		"49441": "[U0121]VDC CAN CIR2", 
		"23120": "[C1A50]ADAS MALFUNCTION", 
		"23058": "[C1A12]BEAM_OFFCNTR", 
		"23043": "[C1A03]VHCL SPEED SE CIRC", 
		"50197": "[U0415]VDC CAN CIR1", 
		"23062": "[C1A16]RADAR_STAIN", 
		"20663": "[C10B7]YAW RATE SENSOR", 
		"23064": "[C1A18]AIMING_INCMP", 
		"23097": "[C1A39]STRG SEN CIR", 
		"53264": "[U1010]CONTROL UNIT (CAN)"
	}
	}, 
	"DTCFailureType.Category": {
	"bitscount": 4, 
	"lists": {
		"0": "General Failure Information", 
		"1": "General Electrical Failures", 
		"2": "General Signal Failures", 
		"3": "FM (Frequency Modulated) / PWM (Pulse Width Modulated) Failures", 
		"4": "System Internal Failures", 
		"5": "System Programming Failures", 
		"6": "Algorithm Based Failures", 
		"7": "Mechanical Failures", 
		"8": "Bus Signal / Message Failures", 
		"9": "Component Failures", 
		"15": "Vehicle manufacturer / System supplier specific"
	}
	}, 
	"DTCStatus.testFailedSinceLastClear": {
	"comment": "TFSLC", 
	"bitscount": 1, 
	"lists": {
		"0": "No", 
		"1": "Yes"
	}
	}, 
	"VIN": {
	"bytesascii": true, 
	"bytescount": 17, 
	"byte": true, 
	"bitscount": 136
	}, 
	"DataRead_$220205_#004_bit0_Status of radar in Alignment": {
	"lists": {
		"0": "Initializing for alignment", 
		"1": "Alignment in progress", 
		"2": "Alignment complete"
	}
	}, 
	"DTCStatus.testNotCompletedSinceLastClear": {
	"comment": "TNCSLC", 
	"bitscount": 1, 
	"lists": {
		"0": "No", 
		"1": "Yes"
	}
	}, 
	"VDC-TCS-ABS.n.PAST.vcan": {
	"scaled": true, 
	"comment": "CAN Monitor", 
	"step": -1.0, 
	"bitscount": 6, 
	"offset": 40.0
	}, 
	"DTCExtendedData.Mileage": {
	"scaled": true, 
	"bytescount": 3, 
	"comment": "Description of the extendedData Mileage (use by Failure Page to decode data)", 
	"bitscount": 24, 
	"unit": "km"
	}, 
	"DataRead.FFD_$221000_#012_bit0_Distance to Vehicle": {
	"scaled": true, 
	"unit": "m"
	}, 
	"TRANSMIT DIAG.n.PRSNT.vcan": {
	"comment": "CAN Monitor", 
	"bitscount": 1, 
	"lists": {
		"0": "OK", 
		"1": "UNKWN"
	}
	}, 
	"SessionName": {
	"comment": "for Start diagnostic session", 
	"lists": {
		"192": "ExtendedDiagSession", 
		"129": "DefaultSession"
	}
	}, 
	"DataRead_$220100_#004_bit0_VHCL SPEED SE": {
	"scaled": true, 
	"unit": "km/h"
	}, 
	"DTCStatus.warningIndicatorRequested": {
	"comment": "WIR", 
	"bitscount": 1, 
	"lists": {
		"0": "No", 
		"1": "Yes"
	}
	}, 
	"DTCExtendedData.AgingCounter": {
	"scaled": true, 
	"comment": "Description of the extendedData AgingCounter (use by Failure Page to decode data)"
	}, 
	"DataRead.FFD_$221000_#007_bit0_ODO/TRIP METER": {
	"divideby": 1000.0, 
	"bitscount": 24, 
	"scaled": true, 
	"step": 100.0, 
	"bytescount": 3, 
	"unit": "Km"
	}, 
	"ECUSerialNumber": {
	"bytesascii": true, 
	"bytescount": 20, 
	"byte": true, 
	"bitscount": 160
	}, 
	"DataRead_$220203_#004_bit0_Vrtical Alignment value on EEPROM current": {
	"divideby": 100.0, 
	"bitscount": 16, 
	"signed": true, 
	"scaled": true, 
	"bytescount": 2, 
	"unit": "deg"
	}, 
	"DataRead$F18A_SystemSupplierNumber": {
	"bytesascii": true, 
	"bytescount": 64, 
	"byte": true, 
	"bitscount": 512
	}, 
	"DataRead_$220103_#004_bit0_VHCL SPD FR": {
	"divideby": 100000.0, 
	"bitscount": 16, 
	"scaled": true, 
	"step": 4166.0, 
	"bytescount": 2, 
	"unit": "rpm"
	}, 
	"systemSupplierECUSoftwareNumber": {
	"bytesascii": true, 
	"bytescount": 32, 
	"byte": true, 
	"bitscount": 256
	}, 
	"DTCStatusAvailabilityMask": {
	"scaled": true, 
	"comment": "DTCSAM"
	}, 
	"BUSOFF DIAG.n.PAST.vcan": {
	"scaled": true, 
	"comment": "CAN Monitor", 
	"step": -1.0, 
	"bitscount": 6, 
	"offset": 40.0
	}, 
	"DataRead.FFD_$221000_#016_bit0_Vehicle Speed": {
	"scaled": true, 
	"unit": "km/h"
	}, 
	"DataRead_$220109_#005_bit7_Radar direction": {
	"bitscount": 1, 
	"lists": {
		"0": "Connector is left side (see from the driver sheet)", 
		"1": "Connector is right side(see from the driver sheet)"
	}
	}, 
	"MUX messaging reference.-.-.vcan": {
	"comment": "CAN Monitor", 
	"bytescount": 2, 
	"byte": true, 
	"bitscount": 16
	}, 
	"DataRead_$220102_#004_bit0_PWR SUP MONI": {
	"scaled": true, 
	"divideby": 10.0, 
	"unit": "V"
	}, 
	"DTCRecord": {
	"comment": "DTCASR_DTC", 
	"bytescount": 3, 
	"byte": true, 
	"bitscount": 24
	}, 
	"DTCStatus.testNotCompletedThisMonitoringCycle": {
	"comment": "TNCTMC", 
	"bitscount": 1, 
	"lists": {
		"0": "No", 
		"1": "Yes"
	}
	}, 
	"DataRead_$220104_#004_bit0_VHCL SPD FL": {
	"divideby": 100000.0, 
	"bitscount": 16, 
	"scaled": true, 
	"step": 4166.0, 
	"bytescount": 2, 
	"unit": "rpm"
	}, 
	"BUSOFF DIAG.n.CRRNT.vcan": {
	"comment": "CAN Monitor", 
	"bitscount": 1, 
	"lists": {
		"0": "OK", 
		"1": "UNKWN"
	}
	}, 
	"IPDM ER.n.CRRNT.vcan": {
	"comment": "CAN Monitor", 
	"bitscount": 1, 
	"lists": {
		"0": "OK", 
		"1": "UNKWN"
	}
	}, 
	"DataRead_$220204_#004_bit0_Status for Alignment": {
	"lists": {
		"0": "Alignment condition set", 
		"1": "Alignment condition not ready(Vehicle is moving)", 
		"2": "Alignment condition not ready(System failure detected)", 
		"3": "Alignment condition not ready (System failure detected and Vehicle moving)"
	}
	}, 
	"DataRead.FFD_$221000_#004_bit0_DTC Code": {
	"scaled": true, 
	"bytescount": 3, 
	"bitscount": 24
	}, 
	"SessionParameterRecord#1[P2max]": {
	"scaled": true, 
	"bytescount": 2, 
	"bitscount": 16, 
	"unit": "ms"
	}, 
	"DataRead_$22010B_#004_bit0_RADAR HEIGHT": {
	"scaled": true, 
	"divideby": 100.0, 
	"unit": "m"
	}, 
	"DataRead.FFD_$221000_#014_bit0_Yawrate": {
	"divideby": 1000.0, 
	"bitscount": 16, 
	"scaled": true, 
	"step": 100.0, 
	"bytescount": 2, 
	"unit": "deg/s"
	}, 
	"STRG.n.PAST.vcan": {
	"scaled": true, 
	"comment": "CAN Monitor", 
	"step": -1.0, 
	"bitscount": 6, 
	"offset": 40.0
	}, 
	"vehicleManufacturerECUHardwareNumber": {
	"bytesascii": true, 
	"bytescount": 10, 
	"byte": true, 
	"bitscount": 80
	}, 
	"IPDM ER.n.PAST.vcan": {
	"scaled": true, 
	"comment": "CAN Monitor", 
	"step": -1.0, 
	"bitscount": 6, 
	"offset": 40.0
	}, 
	"DataRead_$220108_#004_bit0_RELATIVE SPD": {
	"divideby": 10.0, 
	"bitscount": 16, 
	"signed": true, 
	"scaled": true, 
	"bytescount": 2, 
	"unit": "m/s"
	}, 
	"DataRead_$220109_#004_bit6_Radar Failsafes 2": {
	"bitscount": 1, 
	"lists": {
		"0": "Radar blocked condition is NG", 
		"1": "Radar blocked condition is OK"
	}
	}, 
	"DTCStatus.pendingDTC": {
	"comment": "PDTC", 
	"bitscount": 1, 
	"lists": {
		"0": "No", 
		"1": "Yes"
	}
	}, 
	"DataRead_$220107_#004_bit0_DISTANCE": {
	"scaled": true, 
	"bytescount": 2, 
	"divideby": 10.0, 
	"bitscount": 16, 
	"unit": "m"
	}, 
	"TRANSMIT DIAG.n.PAST.vcan": {
	"scaled": true, 
	"comment": "CAN Monitor", 
	"step": -1.0, 
	"bitscount": 6, 
	"offset": 40.0
	}, 
	"diagnosticVersion": {
	"byte": true
	}, 
	"DataRead$F18C_ECUSerialNumberDataIdentifier": {
	"bytesascii": true, 
	"bytescount": 20, 
	"byte": true, 
	"bitscount": 160
	}, 
	"systemSupplierECUSoftwareVersionNumber": {
	"bytesascii": true, 
	"bytescount": 32, 
	"byte": true, 
	"bitscount": 256
	}, 
	"DataRead.FFD_$221000_#013_bit0_Relative Speed": {
	"scaled": true, 
	"unit": "m/s"
	}, 
	"STRG.n.PRSNT.vcan": {
	"comment": "CAN Monitor", 
	"bitscount": 1, 
	"lists": {
		"0": "OK", 
		"1": "UNKWN"
	}
	}, 
	"DataRead_$22010D_#004_bit0_U/D ADJUST": {
	"divideby": 100.0, 
	"bitscount": 16, 
	"signed": true, 
	"scaled": true, 
	"bytescount": 2, 
	"unit": "deg"
	}, 
	"DataRead_$220109_#004_bit7_Radar Failsafes 1": {
	"bitscount": 1, 
	"lists": {
		"0": "unit temperature is NG", 
		"1": "unit temperature is OK"
	}
	}, 
	"DTCFailureType.ManufacturerOrSupplier": {
	"bitscount": 4
	}, 
	"BCM.n.PRSNT.vcan": {
	"comment": "CAN Monitor", 
	"bitscount": 1, 
	"lists": {
		"0": "OK", 
		"1": "UNKWN"
	}
	}, 
	"IPDM ER.n.PRSNT.vcan": {
	"comment": "CAN Monitor", 
	"bitscount": 1, 
	"lists": {
		"0": "OK", 
		"1": "UNKWN"
	}
	}, 
	"BUSOFF DIAG.n.PRSNT.vcan": {
	"comment": "CAN Monitor", 
	"bitscount": 1, 
	"lists": {
		"0": "OK", 
		"1": "UNKWN"
	}
	}, 
	"DTCStatus.testFailedThisMonitoringCycle": {
	"comment": "TFTMC", 
	"bitscount": 1, 
	"lists": {
		"0": "No", 
		"1": "Yes"
	}
	}, 
	"DataRead_$220111_#004_bit0_Steerring angle speed": {
	"scaled": true, 
	"step": 4.0, 
	"unit": "deg/s"
	}, 
	"vehicleManufacturerSparePartNumber": {
	"bytesascii": true, 
	"bytescount": 10, 
	"byte": true, 
	"bitscount": 80
	}, 
	"DTCMaskRecord": {
	"comment": "DTCMREC_DTC", 
	"bytescount": 3, 
	"byte": true, 
	"bitscount": 24
	}, 
	"DataRead$F012_Operationnal reference": {
	"bytesascii": true, 
	"bytescount": 10, 
	"byte": true, 
	"bitscount": 80
	}, 
	"SessionParameterRecord#2[P2*max]": {
	"scaled": true, 
	"bytescount": 2, 
	"step": 10.0, 
	"bitscount": 16, 
	"unit": "ms"
	}, 
	"VDC-TCS-ABS.n.PRSNT.vcan": {
	"comment": "CAN Monitor", 
	"bitscount": 1, 
	"lists": {
		"0": "OK", 
		"1": "UNKWN"
	}
	}, 
	"DTCFormatIdentifier": {
	"comment": "DTC format - Renault/Nissan use value 0 (3 bytes DTC)", 
	"lists": {
		"0": "SAE_J2012-DA_DTC", 
		"1": "ISO_14229-1_DTC", 
		"2": "SAE_J1939-73_DTC", 
		"3": "ISO_11992-4_DTC", 
		"4": "SAE_J2012-DA_WWHOBD_DTC"
	}
	}, 
	"DataRead_$220110_#004_bit0_Steering wheel angle": {
	"divideby": 10.0, 
	"bitscount": 16, 
	"signed": true, 
	"scaled": true, 
	"bytescount": 2, 
	"unit": "deg"
	}, 
	"DataRead_$220106_#004_bit0_VHCL SPD RL": {
	"divideby": 100000.0, 
	"bitscount": 16, 
	"scaled": true, 
	"step": 4166.0, 
	"bytescount": 2, 
	"unit": "rpm"
	}, 
	"ACC.n.PRSNT.vcan": {
	"comment": "CAN Monitor", 
	"bitscount": 1, 
	"lists": {
		"0": "OK", 
		"1": "UNKWN"
	}
	}, 
	"TRANSMIT DIAG.n.CRRNT.vcan": {
	"comment": "CAN Monitor", 
	"bitscount": 1, 
	"lists": {
		"0": "OK", 
		"1": "UNKWN"
	}
	}, 
	"DTCFailureType": {
	"comment": "Pending", 
	"lists": {
		"0": "Device and failure type ODB codding", 
		"1": "General Electrical Failure", 
		"2": "General signal failure", 
		"3": "FM (Frequency Modulated) / PWM (Pulse Width Modulated) Failures", 
		"4": "System Internal Failures", 
		"5": "System Programming Failures", 
		"6": "Algorithm Based Failures", 
		"7": "Mechanical Failures", 
		"8": "Bus Signal / Message Failures", 
		"9": "Component Failures", 
		"17": "circuit short to ground", 
		"18": "circuit short to battery", 
		"19": "circuit open", 
		"20": "circuit short to ground or open", 
		"21": "circuit short to battery or open", 
		"22": "circuit voltage below threshold", 
		"23": "circuit voltage above threshold", 
		"24": "circuit current below threshold", 
		"25": "circuit current above threshold", 
		"26": "circuit resistance below threshold", 
		"27": "circuit resistance above threshold", 
		"28": "circuit voltage out of range", 
		"29": "circuit current out of range", 
		"30": "circuit resistance out of range", 
		"31": "circuit intermittent", 
		"33": "signal amplitude < minimum", 
		"34": "signal amplitude > maximum", 
		"35": "signal stuck low", 
		"36": "signal stuck high", 
		"37": "signal shape / waveform failure", 
		"38": "signal rate of change below threshold", 
		"39": "signal rate of change above threshold", 
		"40": "signal bias level out of range / zero adjustment failure", 
		"41": "signal signal invalid", 
		"47": "signal erratic", 
		"49": "no signal", 
		"50": "signal low time < minimum", 
		"51": "signal low time > maximum", 
		"52": "signal high time < minimum", 
		"53": "signal high time > maximum", 
		"54": "signal frequency too low", 
		"55": "signal frequency too high", 
		"56": "signal frequency incorrect", 
		"57": "incorrect has too few pulses", 
		"58": "incorrect has too many pulses", 
		"65": "general checksum failure", 
		"66": "general memory failure", 
		"67": "special memory failure", 
		"68": "data memory failure", 
		"69": "program memory failure", 
		"70": "calibration / parameter memory failure", 
		"71": "watchdog / safety \u03bcC failure", 
		"72": "supervision software failure", 
		"73": "internal electronic failure", 
		"74": "incorrect component installed", 
		"75": "over temperature", 
		"81": "not programmed", 
		"82": "not activated", 
		"83": "deactivated", 
		"84": "missing calibration", 
		"85": "not configured", 
		"97": "signal calculation failure", 
		"98": "signal compare failure", 
		"99": "circuit / component protection time-out", 
		"100": "signal plausibility failure", 
		"101": "signal has too few transitions / events", 
		"102": "signal has too many transitions / events", 
		"103": "signal incorrect after event", 
		"104": "event information", 
		"113": "actuator stuck", 
		"114": "actuator stuck open", 
		"115": "actuator stuck closed", 
		"116": "actuator slipping", 
		"117": "emergency position not reachable", 
		"118": "wrong mounting position", 
		"119": "commanded position not reachable", 
		"120": "alignment or adjustment incorrect", 
		"121": "mechanical linkage failure", 
		"122": "fluid leak or seal failure", 
		"123": "low fluid level", 
		"129": "invalid serial data received", 
		"130": "alive / sequence counter incorrect / not updated", 
		"131": "value of signal protection calculation incorrect", 
		"132": "signal below allowable range", 
		"133": "signal above allowable range", 
		"134": "signal invalid", 
		"135": "missing message", 
		"136": "bus off", 
		"143": "erratic", 
		"145": "parametric", 
		"146": "performance or incorrect operation", 
		"147": "no operation", 
		"148": "unexpected operation", 
		"149": "incorrect assembly", 
		"150": "component internal failure", 
		"151": "Component or system operation obstructed or blocked", 
		"152": "component or system over temperature"
	}
	}, 
	"DataRead_$22010E_#004_bit0_Holizontal Alignment value in EOL": {
	"divideby": 100.0, 
	"bitscount": 16, 
	"signed": true, 
	"scaled": true, 
	"bytescount": 2, 
	"unit": "deg"
	}, 
	"VDC-TCS-ABS.n.CRRNT.vcan": {
	"comment": "CAN Monitor", 
	"bitscount": 1, 
	"lists": {
		"0": "OK", 
		"1": "UNKWN"
	}
	}, 
	"StatusOfDTC": {
	"scaled": true, 
	"comment": "DTCASR_SODTC"
	}, 
	"DataRead$F191_VehicleManufacturerECUHardwareNumber": {
	"bytesascii": true, 
	"bytescount": 10, 
	"byte": true, 
	"bitscount": 80
	}, 
	"DTCDeviceAndFailureTypeOBD": {
	"bytescount": 2, 
	"bitscount": 16
	}, 
	"STRG.n.CRRNT.vcan": {
	"comment": "CAN Monitor", 
	"bitscount": 1, 
	"lists": {
		"0": "OK", 
		"1": "UNKWN"
	}
	}, 
	"ACC.n.PAST.vcan": {
	"scaled": true, 
	"comment": "CAN Monitor", 
	"step": -1.0, 
	"bitscount": 6, 
	"offset": 40.0
	}, 
	"DataRead_$220105_#004_bit0_VHCL SPD RR": {
	"divideby": 100000.0, 
	"bitscount": 16, 
	"scaled": true, 
	"step": 4166.0, 
	"bytescount": 2, 
	"unit": "rpm"
	}, 
	"DTCStatus.confirmedDTC": {
	"comment": "CDTC", 
	"bitscount": 1, 
	"lists": {
		"0": "No", 
		"1": "Yes"
	}
	}, 
	"METER/M&A.n.CRRNT.vcan": {
	"comment": "CAN Monitor", 
	"bitscount": 1, 
	"lists": {
		"0": "OK", 
		"1": "UNKWN"
	}
	}, 
	"DataRead$F195_SystemSupplierECUSoftwareVersionNumber": {
	"bytesascii": true, 
	"bytescount": 32, 
	"byte": true, 
	"bitscount": 256
	}, 
	"DTCCount": {
	"scaled": true, 
	"bytescount": 2, 
	"bitscount": 16, 
	"comment": "DTC count"
	}, 
	"DataRead_$220200_#004_bit0_Holizontal displacement value in when EOL alignment": {
	"divideby": 100.0, 
	"bitscount": 16, 
	"signed": true, 
	"scaled": true, 
	"bytescount": 2, 
	"unit": "deg"
	}, 
	"DataRead$F1A0_VDIAG": {
	"byte": true
	}, 
	"DTCExtendedData.DTCOccurrenceCounter": {
	"scaled": true, 
	"comment": "Description of the extendedData DTCOccurenceCounter (use by Failure Page to decode data)"
	}, 
	"DataRead_$220206_#004_bit0_Error content": {
	"lists": {
		"0": "Target undetected(00h)", 
		"1": "Target undetected(01h)", 
		"2": "Target setting offset in holizontal direction", 
		"3": "Target setting offset in vertical direction", 
		"4": "EEPROM writing error", 
		"5": "Hardware defect", 
		"6": "EOL setup incorrect", 
		"7": "SW bug"
	}
	}, 
	"BCM.n.CRRNT.vcan": {
	"comment": "CAN Monitor", 
	"bitscount": 1, 
	"lists": {
		"0": "OK", 
		"1": "UNKWN"
	}
	}, 
	"METER/M&A.n.PAST.vcan": {
	"scaled": true, 
	"comment": "CAN Monitor", 
	"step": -1.0, 
	"bitscount": 6, 
	"offset": 40.0
	}, 
	"ACC.n.CRRNT.vcan": {
	"comment": "CAN Monitor", 
	"bitscount": 1, 
	"lists": {
		"0": "OK", 
		"1": "UNKWN"
	}
	}, 
	"DataRead_$220101_#004_bit0_YAW RATE": {
	"divideby": 10.0, 
	"bitscount": 16, 
	"signed": true, 
	"scaled": true, 
	"bytescount": 2, 
	"unit": "deg/s"
	}, 
	"DTCStatus.testFailed": {
	"comment": "TF", 
	"bitscount": 1, 
	"lists": {
		"0": "No", 
		"1": "Yes"
	}
	}
}
}