{
"obd": {
	"baudrate": 10400, 
	"protocol": "CAN", 
	"recv_id": "73E", 
	"funcname": "SOW_left", 
	"funcaddr": "63", 
	"send_id": "73D"
}, 
"devices": [
	{
	"dtc": 57710, 
	"devicedata": {}, 
	"dtctype": 0, 
	"name": "[U216E]DiagMUxDTC(BSWR)"
	}, 
	{
	"dtc": 24071, 
	"devicedata": {}, 
	"dtctype": 0, 
	"name": "[C1E07]Message Counter Failure ADAS($4ED, 6G_$XXX)"
	}, 
	{
	"dtc": 24070, 
	"devicedata": {}, 
	"dtctype": 0, 
	"name": "[C1E06]Message Counter Failure ADAS($3D0, 6G_$XXX)"
	}, 
	{
	"dtc": 56097, 
	"devicedata": {}, 
	"dtctype": 0, 
	"name": "[U1B21]Check Sum Failure ADAS($3D0, 6G_$XXX)"
	}, 
	{
	"dtc": 57684, 
	"devicedata": {}, 
	"dtctype": 0, 
	"name": "[U2154]DiagMUxDTC(IVI)"
	}, 
	{
	"dtc": 24082, 
	"devicedata": {}, 
	"dtctype": 0, 
	"name": "[C1E12]HMI short circuit failure"
	}, 
	{
	"dtc": 57672, 
	"devicedata": {}, 
	"dtctype": 0, 
	"name": "[U2148]DiagMUxDTC(VDC)"
	}, 
	{
	"dtc": 24067, 
	"devicedata": {}, 
	"dtctype": 0, 
	"name": "[C1E03]Message Counter Failure VDC ($292, 6G_$XXX)"
	}, 
	{
	"dtc": 24069, 
	"devicedata": {}, 
	"dtctype": 0, 
	"name": "[C1E05]Message Counter Failure ADAS($27A, 6G_$XXX)"
	}, 
	{
	"dtc": 56098, 
	"devicedata": {}, 
	"dtctype": 0, 
	"name": "[U1B22]Check Sum Failure ADAS($4ED, 6G_$XXX)"
	}, 
	{
	"dtc": 57678, 
	"devicedata": {}, 
	"dtctype": 0, 
	"name": "[U214E]DiagMUxDTC(METER)"
	}, 
	{
	"dtc": 54049, 
	"devicedata": {}, 
	"dtctype": 0, 
	"name": "[U1321]CONFIG Incomplete"
	}, 
	{
	"dtc": 57679, 
	"devicedata": {}, 
	"dtctype": 0, 
	"name": "[U214F]DiagMUxDTC(BCM)"
	}, 
	{
	"dtc": 57665, 
	"devicedata": {}, 
	"dtctype": 0, 
	"name": "[U2141]DiagMUxDTC(ATCU)"
	}, 
	{
	"dtc": 24073, 
	"devicedata": {}, 
	"dtctype": 0, 
	"name": "[C1E09]Message Counter Failure SOW Right ($3F3, 6G_$XXX)"
	}, 
	{
	"dtc": 57682, 
	"devicedata": {}, 
	"dtctype": 0, 
	"name": "[U2152]DiagMUxDTC(ADAS)"
	}, 
	{
	"dtc": 56099, 
	"devicedata": {}, 
	"dtctype": 0, 
	"name": "[U1B23]Check Sum Failure SOW Right ($3F3, 6G_$XXX)"
	}, 
	{
	"dtc": 24080, 
	"devicedata": {}, 
	"dtctype": 0, 
	"name": "[C1E10]SOW Right Unit Failure(SOW Left Judge)"
	}, 
	{
	"dtc": 56096, 
	"devicedata": {}, 
	"dtctype": 0, 
	"name": "[U1B20]Check Sum Failure ADAS($27A, 6G_$XXX)"
	}, 
	{
	"dtc": 24081, 
	"devicedata": {}, 
	"dtctype": 0, 
	"name": "[C1E11]SOW RADAR STAIN"
	}, 
	{
	"dtc": 24064, 
	"devicedata": {}, 
	"dtctype": 0, 
	"name": "[C1E00]SOW RADAR FAILURE"
	}, 
	{
	"dtc": 57691, 
	"devicedata": {}, 
	"dtctype": 0, 
	"name": "[U215B]DiagMUxDTC(USM)"
	}
], 
"ecuname": "N_L21B_SOW-L_UDS_20170324", 
"autoidents": [
	{
	"diagversion": "16", 
	"supplier": "4106", 
	"version": "00000000000000000000000000000002", 
	"soft": "01234567890123456789012345678901"
	}
], 
"endian": "Big", 
"requests": [
	{
	"name": "StartDiagnosticSession.Default", 
	"replybytes": "5001", 
	"deny_sds": [], 
	"manualsend": true, 
	"minbytes": 2, 
	"sentbytes": "1001"
	}, 
	{
	"name": "DataRead.vehicleManufacturerECUSoftwareNumber", 
	"replybytes": "62F18800000000000000000000", 
	"deny_sds": [], 
	"receivebyte_dataitems": {
		"vehicleManufacturerECUSoftwareNumber": {
		"firstbyte": 4
		}
	}, 
	"minbytes": 13, 
	"sentbytes": "22F188"
	}, 
	{
	"name": "StartDiagnosticSession.Programming", 
	"replybytes": "5002", 
	"deny_sds": [], 
	"manualsend": true, 
	"minbytes": 2, 
	"sentbytes": "1002"
	}, 
	{
	"name": "DataRead.vehicleManufacturerSparePartNumber_N", 
	"replybytes": "62F1A100000000000000000000", 
	"deny_sds": [], 
	"receivebyte_dataitems": {
		"vehicleManufacturerSparePartNumber_N": {
		"firstbyte": 4
		}
	}, 
	"minbytes": 13, 
	"sentbytes": "22F1A1"
	}, 
	{
	"name": "ReadDTCInformation.ReportNumberOfDTCByStatusMask", 
	"replybytes": "5901FF000000", 
	"deny_sds": [], 
	"receivebyte_dataitems": {
		"DTCCount": {
		"firstbyte": 5
		}, 
		"DTCFormatIdentifier": {
		"firstbyte": 4
		}, 
		"DTCStatusAvailabilityMask": {
		"firstbyte": 3
		}
	}, 
	"minbytes": 6, 
	"sentbytes": "1901FF"
	}, 
	{
	"name": "DataRead.systemSupplierIdentifier", 
	"replybytes": "62F18A00000000", 
	"deny_sds": [], 
	"receivebyte_dataitems": {
		"systemSupplierIdentifier": {
		"firstbyte": 4
		}
	}, 
	"minbytes": 7, 
	"sentbytes": "22F18A"
	}, 
	{
	"name": "ReadDTCInformation.ReportExtendedData", 
	"replybytes": "59060000000000000000", 
	"deny_sds": [], 
	"receivebyte_dataitems": {
		"DTCRecord": {
		"firstbyte": 3
		}, 
		"StatusOfDTC": {
		"firstbyte": 6
		}
	}, 
	"sendbyte_dataitems": {
		"DTCMaskRecord": {
		"firstbyte": 3
		}
	}, 
	"minbytes": 10, 
	"sentbytes": "1906000000FF"
	}, 
	{
	"name": "StartDiagnosticSession.ExtendedDiagnostic", 
	"replybytes": "5003", 
	"deny_sds": [], 
	"manualsend": true, 
	"minbytes": 2, 
	"sentbytes": "1003"
	}, 
	{
	"name": "DataRead.VIN", 
	"replybytes": "62F1900000000000000000000000000000000000", 
	"deny_sds": [], 
	"receivebyte_dataitems": {
		"VIN": {
		"firstbyte": 4
		}
	}, 
	"minbytes": 20, 
	"sentbytes": "22F190"
	}, 
	{
	"name": "ReadDTCInformation.ReportExtendedData.AgingCounter", 
	"replybytes": "5906", 
	"deny_sds": [], 
	"sendbyte_dataitems": {
		"DTCMaskRecord": {
		"firstbyte": 3
		}
	}, 
	"minbytes": 2, 
	"sentbytes": "190600000081"
	}, 
	{
	"name": "DataRead.vehicleManufacturerSparePartNumber", 
	"replybytes": "62F18700000000000000000000", 
	"deny_sds": [], 
	"receivebyte_dataitems": {
		"vehicleManufacturerSparePartNumber": {
		"firstbyte": 4
		}
	}, 
	"minbytes": 13, 
	"sentbytes": "22F187"
	}, 
	{
	"name": "ReadDTCInformation.ReportSnapshot", 
	"replybytes": "590400000000", 
	"deny_sds": [], 
	"receivebyte_dataitems": {
		"DTCRecord": {
		"firstbyte": 3
		}, 
		"StatusOfDTC": {
		"firstbyte": 6
		}
	}, 
	"sendbyte_dataitems": {
		"DTCMaskRecord": {
		"firstbyte": 3
		}
	}, 
	"minbytes": 6, 
	"sentbytes": "1904000000FF"
	}, 
	{
	"name": "ClearDiagnosticInformation.All", 
	"deny_sds": [], 
	"minbytes": 1, 
	"sentbytes": "14FFFFFF", 
	"replybytes": "54"
	}, 
	{
	"name": "DataRead.systemSupplierECUSoftwareNumber", 
	"replybytes": "62F1940000000000000000000000000000000000000000000000000000000000000000", 
	"deny_sds": [], 
	"receivebyte_dataitems": {
		"systemSupplierECUSoftwareNumber": {
		"firstbyte": 4
		}
	}, 
	"minbytes": 35, 
	"sentbytes": "22F194"
	}, 
	{
	"name": "ReadDTCInformation.ReportExtendedData.Mileage", 
	"replybytes": "5906", 
	"deny_sds": [], 
	"sendbyte_dataitems": {
		"DTCMaskRecord": {
		"firstbyte": 3
		}
	}, 
	"minbytes": 2, 
	"sentbytes": "190600000080"
	}, 
	{
	"name": "ReadDTCInformation.ReportExtendedData.DTCOccurrenceCounter", 
	"replybytes": "5906", 
	"deny_sds": [], 
	"sendbyte_dataitems": {
		"DTCMaskRecord": {
		"firstbyte": 3
		}
	}, 
	"minbytes": 2, 
	"sentbytes": "190600000082"
	}, 
	{
	"name": "DataRead.ECUSerialNumber", 
	"replybytes": "62F18C0000000000000000000000000000000000000000", 
	"deny_sds": [], 
	"receivebyte_dataitems": {
		"ECUSerialNumber": {
		"firstbyte": 4
		}
	}, 
	"minbytes": 23, 
	"sentbytes": "22F18C"
	}, 
	{
	"name": "ReadDTCInformation.ReportSupportedDTC", 
	"replybytes": "590AFF00000000", 
	"deny_sds": [], 
	"receivebyte_dataitems": {
		"DTCFailureType": {
		"firstbyte": 6
		}, 
		"StatusOfDTC": {
		"firstbyte": 7
		}, 
		"DTCStatusAvailabilityMask": {
		"firstbyte": 3
		}, 
		"DTCDeviceIdentifier": {
		"firstbyte": 4
		}
	}, 
	"minbytes": 3, 
	"sentbytes": "190A", 
	"shiftbytescount": 4
	}, 
	{
	"name": "DataRead.systemSupplierECUSoftwareVersionNumber", 
	"replybytes": "62F1950000000000000000000000000000000000000000000000000000000000000000", 
	"deny_sds": [], 
	"receivebyte_dataitems": {
		"systemSupplierECUSoftwareVersionNumber": {
		"firstbyte": 4
		}
	}, 
	"minbytes": 35, 
	"sentbytes": "22F195"
	}, 
	{
	"name": "ReadDTCInformation.ReportDTC", 
	"replybytes": "59020000000000", 
	"deny_sds": [], 
	"receivebyte_dataitems": {
		"DTCStatus.pendingDTC": {
		"bitoffset": 5, 
		"firstbyte": 7
		}, 
		"DTCStatus.testFailedSinceLastClear": {
		"bitoffset": 2, 
		"firstbyte": 7
		}, 
		"DTCDeviceAndFailureTypeOBD": {
		"firstbyte": 4
		}, 
		"DTCFailureType.ManufacturerOrSupplier": {
		"bitoffset": 4, 
		"firstbyte": 6
		}, 
		"DTCFailureType.Category": {
		"firstbyte": 6
		}, 
		"DTCFailureType": {
		"firstbyte": 6
		}, 
		"DTCStatus.testNotCompletedSinceLastClear": {
		"bitoffset": 3, 
		"firstbyte": 7
		}, 
		"DTCStatus.testNotCompletedThisMonitoringCycle": {
		"bitoffset": 1, 
		"firstbyte": 7
		}, 
		"DTCStatusAvailabilityMask": {
		"firstbyte": 3
		}, 
		"DTCStatus.warningIndicatorRequested": {
		"firstbyte": 7
		}, 
		"DTCStatus.confirmedDTC": {
		"bitoffset": 4, 
		"firstbyte": 7
		}, 
		"DTCStatus.testFailedThisMonitoringCycle": {
		"bitoffset": 6, 
		"firstbyte": 7
		}, 
		"DTCStatus.testFailed": {
		"bitoffset": 7, 
		"firstbyte": 7
		}, 
		"DTCDeviceIdentifier": {
		"firstbyte": 4
		}
	}, 
	"minbytes": 3, 
	"sentbytes": "1902FF", 
	"shiftbytescount": 4
	}, 
	{
	"name": "DataRead.diagnosticVersion", 
	"replybytes": "62F1A000", 
	"deny_sds": [], 
	"receivebyte_dataitems": {
		"diagnosticVersion": {
		"firstbyte": 4
		}
	}, 
	"minbytes": 4, 
	"sentbytes": "22F1A0"
	}, 
	{
	"name": "DataRead.vehicleManufacturerECUHardwareNumber", 
	"replybytes": "62F19100000000000000000000", 
	"deny_sds": [], 
	"receivebyte_dataitems": {
		"vehicleManufacturerECUHardwareNumber": {
		"firstbyte": 4
		}
	}, 
	"minbytes": 13, 
	"sentbytes": "22F191"
	}, 
	{
	"name": "TesterPresent.WithResponse", 
	"deny_sds": [], 
	"minbytes": 1, 
	"sentbytes": "3E00", 
	"replybytes": "7E"
	}
], 
"data": {
	"vehicleManufacturerECUHardwareNumber": {
	"bytesascii": true, 
	"bytescount": 10, 
	"byte": true, 
	"bitscount": 80
	}, 
	"DTCFailureType.Category": {
	"bitscount": 4, 
	"lists": {
		"0": "General Failure Information", 
		"1": "General Electrical Failures", 
		"2": "General Signal Failures", 
		"3": "FM / PWM (Pulse Width Modulated) Failures", 
		"4": "System Internal Failures", 
		"5": "System Programming Failures", 
		"6": "Algorithm Based Failures", 
		"7": "Mechanical Failures", 
		"8": "Bus Signal / Message Failures", 
		"9": "Component Failures", 
		"15": "Vehicle manufacturer / System supplier specific"
	}
	}, 
	"DTCFailureType": {
	"lists": {
		"0": "Device and failure type ODB codding", 
		"1": "General Electrical Failure", 
		"2": "General signal failure", 
		"3": "FM / PWM (Pulse Width Modulated) Failures", 
		"4": "System Internal Failures", 
		"5": "System Programming Failures", 
		"6": "Algorithm Based Failures", 
		"7": "Mechanical Failures", 
		"8": "Bus Signal / Message Failures", 
		"9": "Component Failures", 
		"17": "circuit short to ground", 
		"18": "circuit short to battery", 
		"19": "circuit open", 
		"20": "circuit short to ground or open", 
		"21": "circuit short to battery or open", 
		"22": "circuit voltage below threshold", 
		"23": "circuit voltage above threshold", 
		"24": "circuit current below threshold", 
		"25": "circuit current above threshold", 
		"26": "circuit resistance below threshold", 
		"27": "circuit resistance above threshold", 
		"28": "circuit voltage out of range", 
		"29": "circuit current out of range", 
		"30": "circuit resistance out of range", 
		"31": "circuit intermittent", 
		"33": "signal amplitude < minimum", 
		"34": "signal amplitude > maximum", 
		"35": "signal stuck low", 
		"36": "signal stuck high", 
		"37": "signal shape / waveform failure", 
		"38": "signal rate of change below threshold", 
		"39": "signal rate of change above threshold", 
		"40": "signal bias level out of range / zero adj. failure", 
		"41": "signal signal invalid", 
		"47": "signal erratic", 
		"49": "no signal", 
		"50": "signal low time < minimum", 
		"51": "signal low time > maximum", 
		"52": "signal high time < minimum", 
		"53": "signal high time > maximum", 
		"54": "signal frequency too low", 
		"55": "signal frequency too high", 
		"56": "signal frequency incorrect", 
		"57": "incorrect has too few pulses", 
		"58": "incorrect has too many pulses", 
		"65": "general checksum failure", 
		"66": "general memory failure", 
		"67": "special memory failure", 
		"68": "data memory failure", 
		"69": "program memory failure", 
		"70": "calibration / parameter memory failure", 
		"71": "watchdog / safety \u03bcC failure", 
		"72": "supervision software failure", 
		"73": "internal electronic failure", 
		"74": "incorrect component installed", 
		"75": "over temperature", 
		"81": "not programmed", 
		"82": "not activated", 
		"83": "deactivated", 
		"84": "missing calibration", 
		"85": "not configured", 
		"97": "signal calculation failure", 
		"98": "signal compare failure", 
		"99": "circuit / component protection time-out", 
		"100": "signal plausibility failure", 
		"101": "signal has too few transitions / events", 
		"102": "signal has too many transitions / events", 
		"103": "signal incorrect after event", 
		"104": "event information", 
		"113": "actuator stuck", 
		"114": "actuator stuck open", 
		"115": "actuator stuck closed", 
		"116": "actuator slipping", 
		"117": "emergency position not reachable", 
		"118": "wrong mounting position", 
		"119": "commanded position not reachable", 
		"120": "alignment or adjustment incorrect", 
		"121": "mechanical linkage failure", 
		"122": "fluid leak or seal failure", 
		"123": "low fluid level", 
		"129": "invalid serial data received", 
		"130": "alive / sequence counter incorrect / not updated", 
		"131": "value of signal protection calculation incorrect", 
		"132": "signal below allowable range", 
		"133": "signal above allowable range", 
		"134": "signal invalid", 
		"135": "missing message", 
		"136": "bus off", 
		"143": "erratic", 
		"145": "parametric", 
		"146": "performance or incorrect operation", 
		"147": "no operation", 
		"148": "unexpected operation", 
		"149": "incorrect assembly", 
		"150": "component internal failure", 
		"151": "Component or sys. operation obstructed or blocked", 
		"152": "component or system over temperature"
	}
	}, 
	"vehicleManufacturerSparePartNumber_N": {
	"bytesascii": true, 
	"bytescount": 10, 
	"byte": true, 
	"bitscount": 80
	}, 
	"SessionName": {
	"comment": "Diagnostic session values. See documentation for more information.", 
	"lists": {
		"1": "DefaultSession", 
		"2": "ProgrammingSession", 
		"3": "ExtendedDiagnosticSession", 
		"4": "SafetySystemDiagnosticSession"
	}
	}, 
	"DTCStatus.warningIndicatorRequested": {
	"bitscount": 1, 
	"lists": {
		"0": "No", 
		"1": "Yes"
	}
	}, 
	"StatusOfDTC": {
	"scaled": true
	}, 
	"DTCStatus.pendingDTC": {
	"bitscount": 1, 
	"lists": {
		"0": "No", 
		"1": "Yes"
	}
	}, 
	"DTCDeviceAndFailureTypeOBD": {
	"bytescount": 2, 
	"bitscount": 16, 
	"lists": {
		"42496": "Empty-Unit Failure"
	}
	}, 
	"diagnosticVersion": {
	"byte": true
	}, 
	"ECUSerialNumber": {
	"bytesascii": true, 
	"bytescount": 20, 
	"byte": true, 
	"bitscount": 160
	}, 
	"systemSupplierECUSoftwareVersionNumber": {
	"bytesascii": true, 
	"bytescount": 32, 
	"byte": true, 
	"bitscount": 256
	}, 
	"systemSupplierECUSoftwareNumber": {
	"bytesascii": true, 
	"bytescount": 32, 
	"byte": true, 
	"bitscount": 256
	}, 
	"vehicleManufacturerECUSoftwareNumber": {
	"bytesascii": true, 
	"bytescount": 10, 
	"byte": true, 
	"bitscount": 80
	}, 
	"DTCStatusAvailabilityMask": {
	"scaled": true
	}, 
	"DTCStatus.confirmedDTC": {
	"bitscount": 1, 
	"lists": {
		"0": "No", 
		"1": "Yes"
	}
	}, 
	"DTCRecord": {
	"bytescount": 3, 
	"byte": true, 
	"bitscount": 24
	}, 
	"DTCFailureType.ManufacturerOrSupplier": {
	"bitscount": 4
	}, 
	"DTCCount": {
	"scaled": true, 
	"bytescount": 2, 
	"bitscount": 16, 
	"comment": "DTC count"
	}, 
	"DTCStatus.testNotCompletedThisMonitoringCycle": {
	"bitscount": 1, 
	"lists": {
		"0": "No", 
		"1": "Yes"
	}
	}, 
	"systemSupplierIdentifier": {
	"bytesascii": true, 
	"bytescount": 4, 
	"byte": true, 
	"bitscount": 32
	}, 
	"DTCStatus.testFailedThisMonitoringCycle": {
	"bitscount": 1, 
	"lists": {
		"0": "No", 
		"1": "Yes"
	}
	}, 
	"DTCDeviceIdentifier": {
	"bytescount": 2, 
	"bitscount": 16, 
	"lists": {
		"24064": "[C1E00]SOW RADAR FAILURE", 
		"24067": "[C1E03]Message Counter Failure VDC ($292, 6G_$XXX)", 
		"24069": "[C1E05]Message Counter Failure ADAS($27A, 6G_$XXX)", 
		"24070": "[C1E06]Message Counter Failure ADAS($3D0, 6G_$XXX)", 
		"24071": "[C1E07]Message Counter Failure ADAS($4ED, 6G_$XXX)", 
		"24073": "[C1E09]Message Counter Failure SOW Right ($3F3, 6G_$XXX)", 
		"24080": "[C1E10]SOW Right Unit Failure(SOW Left Judge)", 
		"24081": "[C1E11]SOW RADAR STAIN", 
		"24082": "[C1E12]HMI short circuit failure", 
		"56096": "[U1B20]Check Sum Failure ADAS($27A, 6G_$XXX)", 
		"56097": "[U1B21]Check Sum Failure ADAS($3D0, 6G_$XXX)", 
		"56098": "[U1B22]Check Sum Failure ADAS($4ED, 6G_$XXX)", 
		"56099": "[U1B23]Check Sum Failure SOW Right ($3F3, 6G_$XXX)", 
		"57665": "[U2141]DiagMUxDTC(ATCU)", 
		"54049": "[U1321]CONFIG Incomplete", 
		"57672": "[U2148]DiagMUxDTC(VDC)", 
		"57678": "[U214E]DiagMUxDTC(METER)", 
		"57679": "[U214F]DiagMUxDTC(BCM)", 
		"57682": "[U2152]DiagMUxDTC(ADAS)", 
		"57684": "[U2154]DiagMUxDTC(IVI)", 
		"57691": "[U215B]DiagMUxDTC(USM)", 
		"57710": "[U216E]DiagMUxDTC(BSWR)"
	}
	}, 
	"DTCStatus.testFailedSinceLastClear": {
	"bitscount": 1, 
	"lists": {
		"0": "No", 
		"1": "Yes"
	}
	}, 
	"vehicleManufacturerSparePartNumber": {
	"bytesascii": true, 
	"bytescount": 10, 
	"byte": true, 
	"bitscount": 80
	}, 
	"VIN": {
	"bytesascii": true, 
	"bytescount": 17, 
	"byte": true, 
	"bitscount": 136
	}, 
	"DTCMaskRecord": {
	"bytescount": 3, 
	"byte": true, 
	"bitscount": 24
	}, 
	"DTCStatus.testNotCompletedSinceLastClear": {
	"bitscount": 1, 
	"lists": {
		"0": "No", 
		"1": "Yes"
	}
	}, 
	"DTCFormatIdentifier": {
	"comment": "DTC format - Renault/Nissan use value 0 (3 bytes DTC)", 
	"lists": {
		"0": "SAE_J2012-DA_DTC", 
		"1": "ISO_14229-1_DTC", 
		"2": "SAE_J1939-73_DTC", 
		"3": "ISO_11992-4_DTC", 
		"4": "SAE_J2012-DA_WWHOBD_DTC"
	}
	}, 
	"DTCStatus.testFailed": {
	"bitscount": 1, 
	"lists": {
		"0": "No", 
		"1": "Yes"
	}
	}
}
}