{
"obd": {
	"baudrate": 10400, 
	"protocol": "CAN", 
	"recv_id": "7E9", 
	"funcname": "TCM", 
	"funcaddr": "6E", 
	"send_id": "7E1"
}, 
"devices": [
	{
	"dtc": 6007, 
	"devicedata": {}, 
	"dtctype": 0, 
	"name": "STEP_MOTR_CIRC"
	}, 
	{
	"dtc": 1840, 
	"devicedata": {}, 
	"dtctype": 0, 
	"name": "BELT_DAMG"
	}, 
	{
	"dtc": 1860, 
	"devicedata": {}, 
	"dtctype": 0, 
	"name": "A/T_TCC_S/V_FNCTN"
	}, 
	{
	"dtc": 2152, 
	"devicedata": {}, 
	"dtctype": 0, 
	"name": "SEC/PRESS_DOWN"
	}, 
	{
	"dtc": 5922, 
	"devicedata": {}, 
	"dtctype": 0, 
	"name": "ESTM_VEH_SPD_SIG"
	}, 
	{
	"dtc": 1912, 
	"devicedata": {}, 
	"dtctype": 0, 
	"name": "PRS_CNT_SOL/B_CIRC"
	}, 
	{
	"dtc": 2113, 
	"devicedata": {}, 
	"dtctype": 0, 
	"name": "PRESS_SEN/FNCTN"
	}, 
	{
	"dtc": 5893, 
	"devicedata": {}, 
	"dtctype": 0, 
	"name": "TP_SEN/CIRC_A/T"
	}, 
	{
	"dtc": 53248, 
	"devicedata": {}, 
	"dtctype": 0, 
	"name": "CAN_COMM_CIRCUIT"
	}, 
	{
	"dtc": 5926, 
	"devicedata": {}, 
	"dtctype": 0, 
	"name": "ELEC_TH_CONTROL"
	}, 
	{
	"dtc": 2086, 
	"devicedata": {}, 
	"dtctype": 0, 
	"name": "MANUAL_MODE_SWITCH"
	}, 
	{
	"dtc": 1813, 
	"devicedata": {}, 
	"dtctype": 0, 
	"name": "INPUT_SPD_SEN/CIRC"
	}, 
	{
	"dtc": 1829, 
	"devicedata": {}, 
	"dtctype": 0, 
	"name": "ENGINE_SPEED_SIG"
	}, 
	{
	"dtc": 53264, 
	"devicedata": {}, 
	"dtctype": 0, 
	"name": "CONTROL_UNIT(CAN)"
	}, 
	{
	"dtc": 1862, 
	"devicedata": {}, 
	"dtctype": 0, 
	"name": "PRS_CNT_SOL/A_FCTN"
	}, 
	{
	"dtc": 5957, 
	"devicedata": {}, 
	"dtctype": 0, 
	"name": "L/PRESS_CONTROL"
	}, 
	{
	"dtc": 1910, 
	"devicedata": {}, 
	"dtctype": 0, 
	"name": "PRS_CNT_SOL/B_FCTN"
	}, 
	{
	"dtc": 1795, 
	"devicedata": {}, 
	"dtctype": 0, 
	"name": "BRAKE_SW/CIRC"
	}, 
	{
	"dtc": 1808, 
	"devicedata": {}, 
	"dtctype": 0, 
	"name": "ATF_TEMP_SEN/CIRC"
	}, 
	{
	"dtc": 1557, 
	"devicedata": {}, 
	"dtctype": 0, 
	"name": "STARTER_RELAY_CIRC"
	}, 
	{
	"dtc": 1856, 
	"devicedata": {}, 
	"dtctype": 0, 
	"name": "TCC_SOLENOID/CIRC"
	}, 
	{
	"dtc": 1861, 
	"devicedata": {}, 
	"dtctype": 0, 
	"name": "L/PRESS_SOL/CIRC"
	}, 
	{
	"dtc": 5889, 
	"devicedata": {}, 
	"dtctype": 0, 
	"name": "TCM_POWER_SUPPLY"
	}, 
	{
	"dtc": 5923, 
	"devicedata": {}, 
	"dtctype": 0, 
	"name": "CVT_SPD_SEN/FNCTN"
	}, 
	{
	"dtc": 1601, 
	"devicedata": {}, 
	"dtctype": 0, 
	"name": "SEN_REF_POWER_CIRC"
	}, 
	{
	"dtc": 1797, 
	"devicedata": {}, 
	"dtctype": 0, 
	"name": "PNP_SW/CIRC"
	}, 
	{
	"dtc": 5952, 
	"devicedata": {}, 
	"dtctype": 0, 
	"name": "LU-SLCT_SOL/CIRC"
	}, 
	{
	"dtc": 2112, 
	"devicedata": {}, 
	"dtctype": 0, 
	"name": "TR_PRS_SENS/A_CIRC"
	}, 
	{
	"dtc": 6008, 
	"devicedata": {}, 
	"dtctype": 0, 
	"name": "STEP_MOTR/FNC"
	}, 
	{
	"dtc": 2117, 
	"devicedata": {}, 
	"dtctype": 0, 
	"name": "TR_PRS_SENS/B_CIRC"
	}, 
	{
	"dtc": 1824, 
	"devicedata": {}, 
	"dtctype": 0, 
	"name": "VEH_SPD_SEN/CIR_AT"
	}
], 
"ecuname": "N_P32M_TCM_FK(CVT)_20080312", 
"autoidents": [
	{
	"diagversion": "2", 
	"supplier": "A64", 
	"version": "0000", 
	"soft": "0000"
	}
], 
"endian": "Big", 
"requests": [
	{
	"name": "DataWrite.ENG BREAK ADJ(01)", 
	"deny_sds": [], 
	"minbytes": 2, 
	"sentbytes": "3B0101", 
	"replybytes": "7B01"
	}, 
	{
	"name": "ClearDTC", 
	"deny_sds": [], 
	"minbytes": 3, 
	"sentbytes": "14FF00", 
	"replybytes": "54FF00"
	}, 
	{
	"name": "Suppoted RDBLID(21-40)", 
	"deny_sds": [], 
	"minbytes": 6, 
	"sentbytes": "2120", 
	"replybytes": "612000000000"
	}, 
	{
	"name": "CAN DIAG SUPPORT MNTR.can", 
	"replybytes": "6182000000000000000000000000000000000000000000000000000000000000000000000000000000000000", 
	"deny_sds": [], 
	"receivebyte_dataitems": {
		"TRANSMIT DIAG.n.CRRNT.vcan": {
		"firstbyte": 6
		}, 
		"BCM/SEC.n.PAST.vcan": {
		"bitoffset": 2, 
		"firstbyte": 10
		}, 
		"VDC/TCS/ABS.n.PAST.vcan": {
		"bitoffset": 2, 
		"firstbyte": 8
		}, 
		"ECM.n.PRSNT.vcan": {
		"bitoffset": 1, 
		"firstbyte": 7
		}, 
		"TRANSMIT DIAG.n.PRSNT.vcan": {
		"bitoffset": 1, 
		"firstbyte": 6
		}, 
		"ICC.n.PAST.vcan": {
		"bitoffset": 2, 
		"firstbyte": 13
		}, 
		"VDC/TCS/ABS.n.PRSNT.vcan": {
		"bitoffset": 1, 
		"firstbyte": 8
		}, 
		"BCM/SEC.n.CRRNT.vcan": {
		"firstbyte": 10
		}, 
		"TRANSMIT DIAG.n.PAST.vcan": {
		"bitoffset": 2, 
		"firstbyte": 6
		}, 
		"ECM.n.PAST.vcan": {
		"bitoffset": 2, 
		"firstbyte": 7
		}, 
		"VDC/TCS/ABS.n.CRRNT.vcan": {
		"firstbyte": 8
		}, 
		"e4WD.n.PAST.vcan": {
		"bitoffset": 2, 
		"firstbyte": 36
		}, 
		"BUSOFF DIAG.n.PAST.vcan": {
		"bitoffset": 2, 
		"firstbyte": 5
		}, 
		"MUX messaging reference.-.-.vcan": {
		"firstbyte": 3
		}, 
		"METER/M&A.n.CRRNT.vcan": {
		"firstbyte": 9
		}, 
		"BCM/SEC.n.PRSNT.vcan": {
		"bitoffset": 1, 
		"firstbyte": 10
		}, 
		"IPDM E/R.n.CRRNT.vcan": {
		"firstbyte": 26
		}, 
		"METER/M&A.n.PRSNT.vcan": {
		"bitoffset": 1, 
		"firstbyte": 9
		}, 
		"ECM.n.CRRNT.vcan": {
		"firstbyte": 7
		}, 
		"BUSOFF DIAG.n.PRSNT.vcan": {
		"bitoffset": 1, 
		"firstbyte": 5
		}, 
		"4WD.n.CRRNT.vcan": {
		"firstbyte": 44
		}, 
		"e4WD.n.CRRNT.vcan": {
		"firstbyte": 36
		}, 
		"BUSOFF DIAG.n.CRRNT.vcan": {
		"firstbyte": 5
		}, 
		"ICC.n.PRSNT.vcan": {
		"bitoffset": 1, 
		"firstbyte": 13
		}, 
		"METER/M&A.n.PAST.vcan": {
		"bitoffset": 2, 
		"firstbyte": 9
		}, 
		"4WD.n.PAST.vcan": {
		"bitoffset": 2, 
		"firstbyte": 44
		}, 
		"ICC.n.CRRNT.vcan": {
		"firstbyte": 13
		}, 
		"4WD.n.PRSNT.vcan": {
		"bitoffset": 1, 
		"firstbyte": 44
		}, 
		"IPDM E/R.n.PAST.vcan": {
		"bitoffset": 2, 
		"firstbyte": 26
		}, 
		"IPDM E/R.n.PRSNT.vcan": {
		"bitoffset": 1, 
		"firstbyte": 26
		}, 
		"e4WD.n.PRSNT.vcan": {
		"bitoffset": 1, 
		"firstbyte": 36
		}
	}, 
	"minbytes": 44, 
	"sentbytes": "2182"
	}, 
	{
	"name": "TesterPresent.WithoutResponse", 
	"replybytes": "7E", 
	"deny_sds": [], 
	"manualsend": true, 
	"minbytes": 1, 
	"sentbytes": "3E02"
	}, 
	{
	"name": "StartDiagnosticSession", 
	"replybytes": "5000", 
	"deny_sds": [], 
	"manualsend": true, 
	"sendbyte_dataitems": {
		"SessionName": {
		"firstbyte": 2
		}
	}, 
	"minbytes": 2, 
	"sentbytes": "10C0"
	}, 
	{
	"name": "DataWrite.ENG BREAK ADJ(03)", 
	"deny_sds": [], 
	"minbytes": 2, 
	"sentbytes": "3B0103", 
	"replybytes": "7B01"
	}, 
	{
	"name": "StartDiagnosticSession.After-SalesSession", 
	"replybytes": "50C0", 
	"deny_sds": [], 
	"manualsend": true, 
	"minbytes": 2, 
	"sentbytes": "10C0"
	}, 
	{
	"name": "StartDiagnosticSession.DevelopmentSession", 
	"replybytes": "5086", 
	"deny_sds": [], 
	"manualsend": true, 
	"minbytes": 2, 
	"sentbytes": "1086"
	}, 
	{
	"name": "DataRead.CALIB_DATA_READ_OUT", 
	"replybytes": "6102000000000000000000000000000000000000000000000000000000000000000000000000", 
	"deny_sds": [], 
	"receivebyte_dataitems": {
		"MAP_NO_PL": {
		"firstbyte": 28
		}, 
		"OFFSET_SEC": {
		"firstbyte": 25
		}, 
		"GAIN_LU": {
		"firstbyte": 15
		}, 
		"GAIN_SL": {
		"firstbyte": 33
		}, 
		"MAP_NO_LU": {
		"firstbyte": 27
		}, 
		"OFFSET2_SL": {
		"firstbyte": 38
		}, 
		"OFFSET2_LU": {
		"firstbyte": 30
		}, 
		"UNIT_CLB_ID6": {
		"firstbyte": 13
		}, 
		"UNIT_CLB_ID4": {
		"firstbyte": 9
		}, 
		"UNIT_CLB_ID5": {
		"firstbyte": 11
		}, 
		"UNIT_CLB_ID2": {
		"firstbyte": 5
		}, 
		"UNIT_CLB_ID3": {
		"firstbyte": 7
		}, 
		"UNIT_CLB_ID1": {
		"firstbyte": 3
		}, 
		"GAIN_PL": {
		"firstbyte": 17
		}, 
		"OFFSET_SL": {
		"firstbyte": 35
		}, 
		"OFFSET_LU": {
		"firstbyte": 21
		}, 
		"OFFSET2_PL": {
		"firstbyte": 31
		}, 
		"GAIN_SEC": {
		"firstbyte": 19
		}, 
		"MAP_NO_SL": {
		"firstbyte": 37
		}, 
		"MAP_NO_SEC": {
		"firstbyte": 29
		}, 
		"OFFSET2_SEC": {
		"firstbyte": 32
		}, 
		"OFFSET_PL": {
		"firstbyte": 23
		}
	}, 
	"minbytes": 38, 
	"sentbytes": "2102"
	}, 
	{
	"name": "Supported WDBLID(01-20)", 
	"deny_sds": [], 
	"minbytes": 6, 
	"sentbytes": "3B00", 
	"replybytes": "7B0000000000"
	}, 
	{
	"name": "NissanIdentification", 
	"replybytes": "6183000000000000000000000000000000000000000000000000", 
	"deny_sds": [], 
	"receivebyte_dataitems": {
		"N.DiagnosticIdentificationCode": {
		"firstbyte": 8
		}, 
		"N.SparePartsNumberSuffix": {
		"firstbyte": 8
		}, 
		"N1.SupplierNumber2": {
		"firstbyte": 10
		}, 
		"N.ManufacturerIdentificationCode": {
		"firstbyte": 26
		}, 
		"N.CalibrationNumber": {
		"firstbyte": 21
		}, 
		"N.SparePartsNumber": {
		"firstbyte": 3
		}, 
		"N.OtherSystemFeatures": {
		"firstbyte": 23
		}, 
		"N.EditionNumber": {
		"firstbyte": 19
		}, 
		"N.HardwareNumber": {
		"firstbyte": 12
		}, 
		"N.SoftwareNumber": {
		"firstbyte": 17
		}, 
		"N1.SupplierNumber1": {
		"firstbyte": 9
		}
	}, 
	"minbytes": 26, 
	"sentbytes": "2183"
	}, 
	{
	"name": "DataWrite.ENG BREAK ADJ(00)", 
	"deny_sds": [], 
	"minbytes": 2, 
	"sentbytes": "3B0100", 
	"replybytes": "7B01"
	}, 
	{
	"name": "DataRead.All", 
	"replybytes": "61010000000000000000000000000000000000000000000000000000000000000000000000000000000000000000000000000000000000000000000000000000000000000000", 
	"deny_sds": [], 
	"receivebyte_dataitems": {
		"MMODE": {
		"bitoffset": 7, 
		"firstbyte": 57
		}, 
		"ATF_TEMP": {
		"firstbyte": 32
		}, 
		"D_RANGE_SW": {
		"firstbyte": 56
		}, 
		"CURSFT": {
		"firstbyte": 69
		}, 
		"SFT_TVO": {
		"firstbyte": 24
		}, 
		"INDDRNG": {
		"bitoffset": 4, 
		"firstbyte": 60
		}, 
		"INDNRNG": {
		"bitoffset": 5, 
		"firstbyte": 60
		}, 
		"BRAKESW": {
		"bitoffset": 4, 
		"firstbyte": 56
		}, 
		"STRTR_RLY_MON": {
		"bitoffset": 6, 
		"firstbyte": 64
		}, 
		"ATF_TEMP_SEN": {
		"firstbyte": 11
		}, 
		"LUSEL_SOL_OUT": {
		"bitoffset": 3, 
		"firstbyte": 63
		}, 
		"L_REQ_REV": {
		"firstbyte": 42
		}, 
		"PLCMOD": {
		"firstbyte": 67
		}, 
		"TH_V_OPEN": {
		"firstbyte": 22
		}, 
		"ACC_PEDAL_OPEN": {
		"firstbyte": 21
		}, 
		"LINE_PRS": {
		"firstbyte": 38
		}, 
		"DGEAR_RATIO": {
		"firstbyte": 34
		}, 
		"DSTM_STEP": {
		"firstbyte": 35
		}, 
		"TGT_SEC_PRESS": {
		"firstbyte": 39
		}, 
		"VENG_TRQ": {
		"firstbyte": 27
		}, 
		"N_RANGE_SW": {
		"bitoffset": 1, 
		"firstbyte": 56
		}, 
		"NONMMODE": {
		"bitoffset": 6, 
		"firstbyte": 57
		}, 
		"ISOLT3": {
		"firstbyte": 47
		}, 
		"ISOLT2": {
		"firstbyte": 45
		}, 
		"ISOLT1": {
		"firstbyte": 43
		}, 
		"STM_STEP": {
		"firstbyte": 36
		}, 
		"R_RANGE_SW": {
		"bitoffset": 2, 
		"firstbyte": 56
		}, 
		"GEAR_RATIO": {
		"firstbyte": 19
		}, 
		"FULL_SW": {
		"bitoffset": 6, 
		"firstbyte": 56
		}, 
		"PRI_SPEED": {
		"firstbyte": 15
		}, 
		"L_RANGE_SW": {
		"bitoffset": 5, 
		"firstbyte": 56
		}, 
		"RANGE": {
		"firstbyte": 65
		}, 
		"PRI_HYDR_SEN": {
		"firstbyte": 10
		}, 
		"INDPRNG": {
		"bitoffset": 7, 
		"firstbyte": 60
		}, 
		"SMCOIL_D": {
		"bitoffset": 4, 
		"firstbyte": 62
		}, 
		"SMCOIL_A": {
		"bitoffset": 7, 
		"firstbyte": 62
		}, 
		"SMCOIL_B": {
		"bitoffset": 6, 
		"firstbyte": 62
		}, 
		"SMCOIL_C": {
		"bitoffset": 5, 
		"firstbyte": 62
		}, 
		"VEHICLE_SPEED": {
		"firstbyte": 13
		}, 
		"SPORT_MODE_SW": {
		"firstbyte": 57
		}, 
		"IDLE_SW": {
		"bitoffset": 7, 
		"firstbyte": 56
		}, 
		"ENG_TRQ_PTD": {
		"firstbyte": 26
		}, 
		"PRI_TRQ": {
		"firstbyte": 28
		}, 
		"SPORT_MODE_IND": {
		"bitoffset": 3, 
		"firstbyte": 61
		}, 
		"VDCFAIL_SIN": {
		"firstbyte": 58
		}, 
		"MMODE_IND": {
		"bitoffset": 4, 
		"firstbyte": 61
		}, 
		"PRI_SPEED_SEN": {
		"firstbyte": 7
		}, 
		"VSP_SENSOR": {
		"firstbyte": 5
		}, 
		"STRTR_RLY_OUT": {
		"bitoffset": 7, 
		"firstbyte": 63
		}, 
		"ACC_ON": {
		"bitoffset": 3, 
		"firstbyte": 59
		}, 
		"ENG_TRQ_ACT": {
		"firstbyte": 25
		}, 
		"SEC_PRESS": {
		"firstbyte": 30
		}, 
		"ESTM_VSP_SIG": {
		"firstbyte": 6
		}, 
		"DOWNLVR": {
		"bitoffset": 4, 
		"firstbyte": 57
		}, 
		"STRUPSW": {
		"bitoffset": 3, 
		"firstbyte": 57
		}, 
		"VIGN_SEN": {
		"firstbyte": 12
		}, 
		"LUSEL_SOL_MON": {
		"bitoffset": 3, 
		"firstbyte": 64
		}, 
		"STRDWNSW": {
		"bitoffset": 2, 
		"firstbyte": 57
		}, 
		"TCS_ON1": {
		"bitoffset": 4, 
		"firstbyte": 58
		}, 
		"SEC_HYDR_SEN": {
		"firstbyte": 9
		}, 
		"TCS_ON2": {
		"bitoffset": 5, 
		"firstbyte": 58
		}, 
		"SOLMON3": {
		"firstbyte": 53
		}, 
		"SOLMON2": {
		"firstbyte": 51
		}, 
		"SOLMON1": {
		"firstbyte": 49
		}, 
		"ENG_SPEED_SIG": {
		"firstbyte": 8
		}, 
		"TRQ_RTO": {
		"firstbyte": 29
		}, 
		"G_SPEED": {
		"firstbyte": 20
		}, 
		"ACC_ON1": {
		"bitoffset": 5, 
		"firstbyte": 59
		}, 
		"TCS_ON": {
		"bitoffset": 3, 
		"firstbyte": 58
		}, 
		"PRI_PRESS": {
		"firstbyte": 31
		}, 
		"SEC_SPEED": {
		"firstbyte": 16
		}, 
		"INDRRNG": {
		"bitoffset": 6, 
		"firstbyte": 60
		}, 
		"P_RANGE_SW": {
		"bitoffset": 3, 
		"firstbyte": 56
		}, 
		"DSR_REV": {
		"firstbyte": 33
		}, 
		"ABS_ON": {
		"bitoffset": 7, 
		"firstbyte": 58
		}, 
		"M_GEAR_POS": {
		"firstbyte": 66
		}, 
		"SFT_VSP": {
		"firstbyte": 14
		}, 
		"INDLRNG": {
		"bitoffset": 2, 
		"firstbyte": 60
		}, 
		"SLIP_REV": {
		"firstbyte": 18
		}, 
		"REQ_TRQ": {
		"firstbyte": 41
		}, 
		"REQ_TRQ_D": {
		"firstbyte": 40
		}, 
		"UPLVR": {
		"bitoffset": 5, 
		"firstbyte": 57
		}, 
		"VDC_ON": {
		"bitoffset": 1, 
		"firstbyte": 58
		}, 
		"PTD_APO": {
		"firstbyte": 23
		}, 
		"CVT_LAMP": {
		"bitoffset": 2, 
		"firstbyte": 61
		}, 
		"ENG_SPEED": {
		"firstbyte": 17
		}, 
		"REV_LAMP": {
		"bitoffset": 6, 
		"firstbyte": 63
		}, 
		"LU_PRS": {
		"firstbyte": 37
		}
	}, 
	"minbytes": 70, 
	"sentbytes": "2101"
	}, 
	{
	"name": "DataRead.ATF_DATA_READ_OUT", 
	"deny_sds": [], 
	"minbytes": 6, 
	"sentbytes": "2103", 
	"replybytes": "610300000000"
	}, 
	{
	"name": "DataWrite.ENG BREAK ADJ(04)", 
	"deny_sds": [], 
	"minbytes": 2, 
	"sentbytes": "3B0104", 
	"replybytes": "7B01"
	}, 
	{
	"name": "DataWrite.ENG BREAK ADJ(02)", 
	"deny_sds": [], 
	"minbytes": 2, 
	"sentbytes": "3B0102", 
	"replybytes": "7B01"
	}, 
	{
	"name": "StartDiagnosticSession.DefaultSession", 
	"replybytes": "5081", 
	"deny_sds": [], 
	"manualsend": true, 
	"minbytes": 2, 
	"sentbytes": "1081"
	}, 
	{
	"name": "StartDiagnosticSession.ProgrammingSession", 
	"replybytes": "5085", 
	"deny_sds": [], 
	"manualsend": true, 
	"minbytes": 2, 
	"sentbytes": "1085"
	}, 
	{
	"name": "Supported RDBLID(01-20)", 
	"deny_sds": [], 
	"minbytes": 6, 
	"sentbytes": "2100", 
	"replybytes": "610000000000"
	}, 
	{
	"name": "TesterPresent.WithResponse", 
	"replybytes": "7E", 
	"deny_sds": [], 
	"manualsend": true, 
	"minbytes": 1, 
	"sentbytes": "3E01"
	}, 
	{
	"name": "ReadDTC", 
	"replybytes": "5700000000", 
	"deny_sds": [], 
	"manualsend": true, 
	"receivebyte_dataitems": {
		"Type Of Fault": {
		"firstbyte": 5
		}, 
		"FirstDTC": {
		"firstbyte": 3
		}, 
		"Specific Fault": {
		"bitoffset": 1, 
		"firstbyte": 5
		}, 
		"NDTC": {
		"firstbyte": 2
		}
	}, 
	"sendbyte_dataitems": {
		"MoreDTC": {
		"firstbyte": 3
		}
	}, 
	"minbytes": 2, 
	"sentbytes": "17FF00", 
	"shiftbytescount": 3
	}, 
	{
	"name": "DataWrite.ATF_DATA_CLEAR", 
	"deny_sds": [], 
	"minbytes": 2, 
	"sentbytes": "3B0200000000", 
	"replybytes": "7B02"
	}
], 
"data": {
	"MMODE": {
	"bitscount": 1, 
	"lists": {
		"0": "OFF", 
		"1": "ON"
	}
	}, 
	"OFFSET_SEC": {
	"scaled": true, 
	"bytescount": 2, 
	"bitscount": 16, 
	"signed": true
	}, 
	"BCM/SEC.n.PAST.vcan": {
	"scaled": true, 
	"comment": "CAN Monitor", 
	"step": -1.0, 
	"bitscount": 6, 
	"offset": 40.0
	}, 
	"N.ManufacturerIdentificationCode": {
	"lists": {
		"128": "N1"
	}
	}, 
	"ATF_TEMP": {
	"scaled": true
	}, 
	"ECM.n.PRSNT.vcan": {
	"comment": "CAN Monitor", 
	"bitscount": 1, 
	"lists": {
		"0": "OK", 
		"1": "UNKWN"
	}
	}, 
	"OFFSET2_SL": {
	"scaled": true, 
	"signed": true
	}, 
	"D_RANGE_SW": {
	"bitscount": 1, 
	"lists": {
		"0": "OFF", 
		"1": "ON"
	}
	}, 
	"N.EditionNumber": {
	"bytescount": 2, 
	"byte": true, 
	"bitscount": 16
	}, 
	"CURSFT": {
	"lists": {
		"1": "1", 
		"2": "2", 
		"3": "3", 
		"4": "4", 
		"5": "5", 
		"6": "6", 
		"7": "7", 
		"8": "8", 
		"9": "9", 
		"10": "10"
	}
	}, 
	"UNIT_CLB_ID6": {
	"scaled": true, 
	"bytescount": 2, 
	"bitscount": 16
	}, 
	"UNIT_CLB_ID4": {
	"scaled": true, 
	"bytescount": 2, 
	"bitscount": 16
	}, 
	"UNIT_CLB_ID5": {
	"scaled": true, 
	"bytescount": 2, 
	"bitscount": 16
	}, 
	"UNIT_CLB_ID2": {
	"scaled": true, 
	"bytescount": 2, 
	"bitscount": 16
	}, 
	"UNIT_CLB_ID3": {
	"scaled": true, 
	"bytescount": 2, 
	"bitscount": 16
	}, 
	"UNIT_CLB_ID1": {
	"scaled": true, 
	"bytescount": 2, 
	"bitscount": 16
	}, 
	"ESTM_VSP_SIG": {
	"scaled": true, 
	"unit": "km/h"
	}, 
	"SFT_TVO": {
	"scaled": true, 
	"divideby": 255.0, 
	"step": 8.0, 
	"unit": "/8"
	}, 
	"GAIN_PL": {
	"scaled": true, 
	"bytescount": 2, 
	"bitscount": 16, 
	"signed": true
	}, 
	"INDDRNG": {
	"bitscount": 1, 
	"lists": {
		"0": "OFF", 
		"1": "ON"
	}
	}, 
	"PRI_TRQ": {
	"scaled": true, 
	"divideby": 10.0, 
	"step": 64.0, 
	"unit": "Nm", 
	"signed": true
	}, 
	"N.DiagnosticIdentificationCode": {
	"byte": true
	}, 
	"INDNRNG": {
	"bitscount": 1, 
	"lists": {
		"0": "OFF", 
		"1": "ON"
	}
	}, 
	"BCM/SEC.n.PRSNT.vcan": {
	"comment": "CAN Monitor", 
	"bitscount": 1, 
	"lists": {
		"0": "OK", 
		"1": "UNKWN"
	}
	}, 
	"MAP_NO_SL": {
	"scaled": true
	}, 
	"BRAKESW": {
	"bitscount": 1, 
	"lists": {
		"0": "OFF", 
		"1": "ON"
	}
	}, 
	"STRTR_RLY_MON": {
	"bitscount": 1, 
	"lists": {
		"0": "OFF", 
		"1": "ON"
	}
	}, 
	"ATF_TEMP_SEN": {
	"scaled": true, 
	"divideby": 510.0, 
	"step": 5.0, 
	"unit": "V"
	}, 
	"LUSEL_SOL_OUT": {
	"bitscount": 1, 
	"lists": {
		"0": "OFF", 
		"1": "ON"
	}
	}, 
	"4WD.n.PRSNT.vcan": {
	"comment": "CAN Monitor", 
	"bitscount": 1, 
	"lists": {
		"0": "OK", 
		"1": "UNKWN"
	}
	}, 
	"ICC.n.PRSNT.vcan": {
	"comment": "CAN Monitor", 
	"bitscount": 1, 
	"lists": {
		"0": "OK", 
		"1": "UNKWN"
	}
	}, 
	"e4WD.n.PRSNT.vcan": {
	"comment": "CAN Monitor", 
	"bitscount": 1, 
	"lists": {
		"0": "OK", 
		"1": "UNKWN"
	}
	}, 
	"L_REQ_REV": {
	"scaled": true, 
	"step": 50.0, 
	"unit": "rpm"
	}, 
	"PLCMOD": {
	"lists": {
		"1": "1", 
		"2": "2", 
		"3": "3", 
		"4": "4", 
		"5": "5", 
		"6": "6", 
		"7": "7", 
		"8": "8", 
		"9": "9", 
		"10": "10"
	}
	}, 
	"TH_V_OPEN": {
	"scaled": true, 
	"divideby": 255.0, 
	"step": 8.0, 
	"unit": "/8"
	}, 
	"ICC.n.CRRNT.vcan": {
	"comment": "CAN Monitor", 
	"bitscount": 1, 
	"lists": {
		"0": "OK", 
		"1": "UNKWN"
	}
	}, 
	"ACC_PEDAL_OPEN": {
	"scaled": true, 
	"divideby": 255.0, 
	"step": 8.0, 
	"unit": "/8"
	}, 
	"LINE_PRS": {
	"scaled": true, 
	"divideby": 1000.0, 
	"step": 25.0, 
	"unit": "MPa"
	}, 
	"OFFSET2_SEC": {
	"scaled": true, 
	"signed": true
	}, 
	"DGEAR_RATIO": {
	"scaled": true, 
	"divideby": 100.0
	}, 
	"DSTM_STEP": {
	"scaled": true, 
	"unit": "step", 
	"signed": true, 
	"offset": -30.0
	}, 
	"VDCFAIL_SIN": {
	"bitscount": 1, 
	"lists": {
		"0": "OFF", 
		"1": "ON"
	}
	}, 
	"TGT_SEC_PRESS": {
	"scaled": true, 
	"divideby": 1000.0, 
	"step": 25.0, 
	"unit": "MPa"
	}, 
	"N.SparePartsNumberSuffix": {
	"lists": {
		"0": "31036"
	}
	}, 
	"VENG_TRQ": {
	"scaled": true, 
	"divideby": 10.0, 
	"step": 64.0, 
	"unit": "Nm", 
	"signed": true
	}, 
	"N_RANGE_SW": {
	"bitscount": 1, 
	"lists": {
		"0": "OFF", 
		"1": "ON"
	}
	}, 
	"MAP_NO_LU": {
	"scaled": true
	}, 
	"NONMMODE": {
	"bitscount": 1, 
	"lists": {
		"0": "OFF", 
		"1": "ON"
	}
	}, 
	"TRANSMIT DIAG.n.PRSNT.vcan": {
	"comment": "CAN Monitor", 
	"bitscount": 1, 
	"lists": {
		"0": "OK", 
		"1": "UNKWN"
	}
	}, 
	"SessionName": {
	"comment": "for Start diagnostic session", 
	"lists": {
		"192": "After-SalesSession", 
		"129": "DefaultSession", 
		"133": "ProgrammingSession", 
		"134": "DevelopmentSession"
	}
	}, 
	"OFFSET2_LU": {
	"scaled": true, 
	"signed": true
	}, 
	"TCS_ON": {
	"bitscount": 1, 
	"lists": {
		"0": "OFF", 
		"1": "ON"
	}
	}, 
	"ISOLT2": {
	"scaled": true, 
	"bytescount": 2, 
	"divideby": 1000.0, 
	"bitscount": 16, 
	"unit": "A"
	}, 
	"ISOLT1": {
	"scaled": true, 
	"bytescount": 2, 
	"divideby": 1000.0, 
	"bitscount": 16, 
	"unit": "A"
	}, 
	"MoreDTC": {
	"scaled": true, 
	"signed": true
	}, 
	"STM_STEP": {
	"scaled": true, 
	"unit": "step", 
	"signed": true, 
	"offset": -30.0
	}, 
	"R_RANGE_SW": {
	"bitscount": 1, 
	"lists": {
		"0": "OFF", 
		"1": "ON"
	}
	}, 
	"GEAR_RATIO": {
	"scaled": true, 
	"divideby": 100.0
	}, 
	"VDC/TCS/ABS.n.CRRNT.vcan": {
	"comment": "CAN Monitor", 
	"bitscount": 1, 
	"lists": {
		"0": "OK", 
		"1": "UNKWN"
	}
	}, 
	"VIGN_SEN": {
	"scaled": true, 
	"divideby": 255.0, 
	"step": 20.0
	}, 
	"FULL_SW": {
	"bitscount": 1, 
	"lists": {
		"0": "OFF", 
		"1": "ON"
	}
	}, 
	"REQ_TRQ": {
	"scaled": true, 
	"step": 2.0, 
	"unit": "Nm", 
	"signed": true, 
	"offset": -100.0
	}, 
	"DSR_REV": {
	"scaled": true, 
	"step": 32.0, 
	"unit": "rpm"
	}, 
	"REV_LAMP": {
	"bitscount": 1, 
	"lists": {
		"0": "OFF", 
		"1": "ON"
	}
	}, 
	"OFFSET_SL": {
	"scaled": true, 
	"bytescount": 2, 
	"bitscount": 16, 
	"signed": true
	}, 
	"ICC.n.PAST.vcan": {
	"scaled": true, 
	"comment": "CAN Monitor", 
	"step": -1.0, 
	"bitscount": 6, 
	"offset": 40.0
	}, 
	"OFFSET_LU": {
	"scaled": true, 
	"bytescount": 2, 
	"bitscount": 16, 
	"signed": true
	}, 
	"MUX messaging reference.-.-.vcan": {
	"comment": "CAN Monitor", 
	"bytescount": 2, 
	"byte": true, 
	"bitscount": 16
	}, 
	"BUSOFF DIAG.n.PAST.vcan": {
	"scaled": true, 
	"comment": "CAN Monitor", 
	"step": -1.0, 
	"bitscount": 6, 
	"offset": 40.0
	}, 
	"PRI_SPEED": {
	"scaled": true, 
	"step": 32.0, 
	"unit": "rpm"
	}, 
	"L_RANGE_SW": {
	"bitscount": 1, 
	"lists": {
		"0": "OFF", 
		"1": "ON"
	}
	}, 
	"IPDM E/R.n.CRRNT.vcan": {
	"comment": "CAN Monitor", 
	"bitscount": 1, 
	"lists": {
		"0": "OK", 
		"1": "UNKWN"
	}
	}, 
	"RANGE": {
	"lists": {
		"0": "D", 
		"1": "S", 
		"2": "L", 
		"3": "NP", 
		"4": "R"
	}
	}, 
	"FirstDTC": {
	"bytescount": 2, 
	"bitscount": 16, 
	"lists": {
		"53248": "CAN_COMM_CIRCUIT", 
		"1856": "TCC_SOLENOID/CIRC", 
		"1795": "BRAKE_SW/CIRC", 
		"1797": "PNP_SW/CIRC", 
		"1601": "SEN_REF_POWER_CIRC", 
		"1808": "ATF_TEMP_SEN/CIRC", 
		"1813": "INPUT_SPD_SEN/CIRC", 
		"5957": "L/PRESS_CONTROL", 
		"1824": "VEH_SPD_SEN/CIR_AT", 
		"5922": "ESTM_VEH_SPD_SIG", 
		"5923": "CVT_SPD_SEN/FNCTN", 
		"1829": "ENGINE_SPEED_SIG", 
		"2086": "MANUAL_MODE_SWITCH", 
		"1840": "BELT_DAMG", 
		"2112": "TR_PRS_SENS/A_CIRC", 
		"2113": "PRESS_SEN/FNCTN", 
		"1860": "A/T_TCC_S/V_FNCTN", 
		"1861": "L/PRESS_SOL/CIRC", 
		"1862": "PRS_CNT_SOL/A_FCTN", 
		"1912": "PRS_CNT_SOL/B_CIRC", 
		"5893": "TP_SEN/CIRC_A/T", 
		"5889": "TCM_POWER_SUPPLY", 
		"2117": "TR_PRS_SENS/B_CIRC", 
		"5952": "LU-SLCT_SOL/CIRC", 
		"53264": "CONTROL_UNIT(CAN)", 
		"5926": "ELEC_TH_CONTROL", 
		"2152": "SEC/PRESS_DOWN", 
		"1910": "PRS_CNT_SOL/B_FCTN", 
		"6007": "STEP_MOTR_CIRC", 
		"6008": "STEP_MOTR/FNC", 
		"1557": "STARTER_RELAY_CIRC"
	}
	}, 
	"PRI_HYDR_SEN": {
	"scaled": true, 
	"divideby": 255.0, 
	"step": 5.0, 
	"unit": "V"
	}, 
	"INDPRNG": {
	"bitscount": 1, 
	"lists": {
		"0": "OFF", 
		"1": "ON"
	}
	}, 
	"N.SoftwareNumber": {
	"bytescount": 2, 
	"byte": true, 
	"bitscount": 16
	}, 
	"BUSOFF DIAG.n.CRRNT.vcan": {
	"comment": "CAN Monitor", 
	"bitscount": 1, 
	"lists": {
		"0": "OK", 
		"1": "UNKWN"
	}
	}, 
	"Type Of Fault": {
	"bitscount": 1, 
	"lists": {
		"0": "Standard", 
		"1": "Specific"
	}
	}, 
	"MAP_NO_SEC": {
	"scaled": true
	}, 
	"SMCOIL_D": {
	"bitscount": 1, 
	"lists": {
		"0": "OFF", 
		"1": "ON"
	}
	}, 
	"BCM/SEC.n.CRRNT.vcan": {
	"comment": "CAN Monitor", 
	"bitscount": 1, 
	"lists": {
		"0": "OK", 
		"1": "UNKWN"
	}
	}, 
	"SMCOIL_A": {
	"bitscount": 1, 
	"lists": {
		"0": "OFF", 
		"1": "ON"
	}
	}, 
	"PRI_PRESS": {
	"scaled": true, 
	"divideby": 1000.0, 
	"step": 25.0, 
	"unit": "MPa"
	}, 
	"SMCOIL_C": {
	"bitscount": 1, 
	"lists": {
		"0": "OFF", 
		"1": "ON"
	}
	}, 
	"VEHICLE_SPEED": {
	"scaled": true, 
	"unit": "km/h"
	}, 
	"SPORT_MODE_SW": {
	"bitscount": 1, 
	"lists": {
		"0": "OFF", 
		"1": "ON"
	}
	}, 
	"IDLE_SW": {
	"bitscount": 1, 
	"lists": {
		"0": "OFF", 
		"1": "ON"
	}
	}, 
	"ENG_TRQ_PTD": {
	"scaled": true, 
	"divideby": 10.0, 
	"step": 64.0, 
	"unit": "Nm", 
	"signed": true
	}, 
	"GAIN_LU": {
	"scaled": true, 
	"bytescount": 2, 
	"bitscount": 16, 
	"signed": true
	}, 
	"GAIN_SL": {
	"scaled": true, 
	"bytescount": 2, 
	"bitscount": 16, 
	"signed": true
	}, 
	"SPORT_MODE_IND": {
	"bitscount": 1, 
	"lists": {
		"0": "OFF", 
		"1": "ON"
	}
	}, 
	"N.OtherSystemFeatures": {
	"bytescount": 3, 
	"byte": true, 
	"bitscount": 24
	}, 
	"MMODE_IND": {
	"bitscount": 1, 
	"lists": {
		"0": "OFF", 
		"1": "ON"
	}
	}, 
	"PRI_SPEED_SEN": {
	"scaled": true, 
	"step": 32.0, 
	"unit": "rpm"
	}, 
	"VDC/TCS/ABS.n.PRSNT.vcan": {
	"comment": "CAN Monitor", 
	"bitscount": 1, 
	"lists": {
		"0": "OK", 
		"1": "UNKWN"
	}
	}, 
	"VSP_SENSOR": {
	"scaled": true, 
	"unit": "km/h"
	}, 
	"TRANSMIT DIAG.n.PAST.vcan": {
	"scaled": true, 
	"comment": "CAN Monitor", 
	"step": -1.0, 
	"bitscount": 6, 
	"offset": 40.0
	}, 
	"STRTR_RLY_OUT": {
	"bitscount": 1, 
	"lists": {
		"0": "OFF", 
		"1": "ON"
	}
	}, 
	"ACC_ON": {
	"bitscount": 1, 
	"lists": {
		"0": "OFF", 
		"1": "ON"
	}
	}, 
	"ENG_TRQ_ACT": {
	"scaled": true, 
	"divideby": 10.0, 
	"step": 64.0, 
	"unit": "Nm", 
	"signed": true
	}, 
	"SEC_PRESS": {
	"scaled": true, 
	"divideby": 1000.0, 
	"step": 25.0, 
	"unit": "MPa"
	}, 
	"N.SparePartsNumber": {
	"bytesascii": true, 
	"bytescount": 5, 
	"byte": true, 
	"bitscount": 40
	}, 
	"INDRRNG": {
	"bitscount": 1, 
	"lists": {
		"0": "OFF", 
		"1": "ON"
	}
	}, 
	"DOWNLVR": {
	"bitscount": 1, 
	"lists": {
		"0": "OFF", 
		"1": "ON"
	}
	}, 
	"GAIN_SEC": {
	"scaled": true, 
	"bytescount": 2, 
	"bitscount": 16, 
	"signed": true
	}, 
	"IPDM E/R.n.PRSNT.vcan": {
	"comment": "CAN Monitor", 
	"bitscount": 1, 
	"lists": {
		"0": "OK", 
		"1": "UNKWN"
	}
	}, 
	"BUSOFF DIAG.n.PRSNT.vcan": {
	"comment": "CAN Monitor", 
	"bitscount": 1, 
	"lists": {
		"0": "OK", 
		"1": "UNKWN"
	}
	}, 
	"STRUPSW": {
	"bitscount": 1, 
	"lists": {
		"0": "OFF", 
		"1": "ON"
	}
	}, 
	"4WD.n.PAST.vcan": {
	"scaled": true, 
	"comment": "CAN Monitor", 
	"step": -1.0, 
	"bitscount": 6, 
	"offset": 40.0
	}, 
	"N.HardwareNumber": {
	"bytescount": 5, 
	"byte": true, 
	"bitscount": 40
	}, 
	"e4WD.n.CRRNT.vcan": {
	"comment": "CAN Monitor", 
	"bitscount": 1, 
	"lists": {
		"0": "OK", 
		"1": "UNKWN"
	}
	}, 
	"REQ_TRQ_D": {
	"scaled": true, 
	"step": 2.0, 
	"unit": "Nm", 
	"signed": true, 
	"offset": -100.0
	}, 
	"STRDWNSW": {
	"bitscount": 1, 
	"lists": {
		"0": "OFF", 
		"1": "ON"
	}
	}, 
	"TCS_ON1": {
	"bitscount": 1, 
	"lists": {
		"0": "OFF", 
		"1": "ON"
	}
	}, 
	"SEC_HYDR_SEN": {
	"scaled": true, 
	"divideby": 255.0, 
	"step": 5.0, 
	"unit": "V"
	}, 
	"TCS_ON2": {
	"bitscount": 1, 
	"lists": {
		"0": "OFF", 
		"1": "ON"
	}
	}, 
	"SOLMON3": {
	"scaled": true, 
	"bytescount": 2, 
	"divideby": 1000.0, 
	"bitscount": 16, 
	"unit": "A"
	}, 
	"SOLMON2": {
	"scaled": true, 
	"bytescount": 2, 
	"divideby": 1000.0, 
	"bitscount": 16, 
	"unit": "A"
	}, 
	"SOLMON1": {
	"scaled": true, 
	"bytescount": 2, 
	"divideby": 1000.0, 
	"bitscount": 16, 
	"unit": "A"
	}, 
	"ENG_SPEED_SIG": {
	"scaled": true, 
	"step": 32.0, 
	"unit": "rpm"
	}, 
	"Specific Fault": {
	"comment": "Nissan standard", 
	"bitscount": 7, 
	"lists": {
		"0": "0", 
		"1": "1", 
		"2": "2", 
		"3": "3", 
		"4": "4", 
		"5": "5", 
		"6": "6", 
		"7": "7", 
		"8": "8", 
		"9": "9", 
		"10": "10", 
		"11": "11", 
		"12": "12", 
		"13": "13", 
		"14": "14", 
		"15": "15", 
		"16": "16", 
		"17": "17", 
		"18": "18", 
		"19": "19", 
		"20": "20", 
		"21": "21", 
		"22": "22", 
		"23": "23", 
		"24": "24", 
		"25": "25", 
		"26": "26", 
		"27": "27", 
		"28": "28", 
		"29": "29", 
		"30": "30", 
		"31": "31", 
		"32": "32", 
		"33": "33", 
		"34": "34", 
		"35": "35", 
		"36": "36", 
		"37": "37", 
		"38": "38", 
		"39": "39", 
		"40": "40", 
		"41": "41", 
		"42": "42", 
		"43": "43", 
		"44": "44", 
		"45": "45", 
		"46": "46", 
		"47": "47", 
		"48": "48", 
		"49": "49", 
		"50": "50", 
		"51": "51", 
		"52": "52", 
		"53": "53", 
		"54": "54", 
		"55": "55", 
		"56": "56", 
		"57": "57", 
		"58": "58", 
		"59": "59", 
		"60": "60", 
		"61": "61", 
		"62": "62", 
		"63": "63", 
		"64": "64", 
		"65": "65", 
		"66": "66", 
		"67": "67", 
		"68": "68", 
		"69": "69", 
		"70": "70", 
		"71": "71", 
		"72": "72", 
		"73": "73", 
		"74": "74", 
		"75": "75", 
		"76": "76", 
		"77": "77", 
		"78": "78", 
		"79": "79", 
		"80": "80", 
		"81": "81", 
		"82": "82", 
		"83": "83", 
		"84": "84", 
		"85": "85", 
		"86": "86", 
		"87": "87", 
		"88": "88", 
		"89": "89", 
		"90": "90", 
		"91": "91", 
		"92": "92", 
		"93": "93", 
		"94": "94", 
		"95": "95", 
		"96": "96", 
		"97": "97", 
		"98": "98", 
		"99": "99", 
		"100": "100", 
		"101": "101", 
		"102": "102", 
		"103": "103", 
		"104": "104", 
		"105": "105", 
		"106": "106", 
		"107": "107", 
		"108": "108", 
		"109": "109", 
		"110": "110", 
		"111": "111", 
		"112": "Current failure present", 
		"113": "Historical failure memorized"
	}
	}, 
	"TRQ_RTO": {
	"scaled": true, 
	"divideby": 64.0
	}, 
	"MAP_NO_PL": {
	"scaled": true
	}, 
	"G_SPEED": {
	"scaled": true, 
	"divideby": 1000.0, 
	"step": 31.0, 
	"unit": "G", 
	"signed": true
	}, 
	"TRANSMIT DIAG.n.CRRNT.vcan": {
	"comment": "CAN Monitor", 
	"bitscount": 1, 
	"lists": {
		"0": "OK", 
		"1": "UNKWN"
	}
	}, 
	"VDC/TCS/ABS.n.PAST.vcan": {
	"scaled": true, 
	"comment": "CAN Monitor", 
	"step": -1.0, 
	"bitscount": 6, 
	"offset": 40.0
	}, 
	"ACC_ON1": {
	"bitscount": 1, 
	"lists": {
		"0": "OFF", 
		"1": "ON"
	}
	}, 
	"ISOLT3": {
	"scaled": true, 
	"bytescount": 2, 
	"divideby": 1000.0, 
	"bitscount": 16, 
	"unit": "A"
	}, 
	"SMCOIL_B": {
	"bitscount": 1, 
	"lists": {
		"0": "OFF", 
		"1": "ON"
	}
	}, 
	"N1.SupplierNumber2": {
	"bytescount": 2, 
	"byte": true, 
	"bitscount": 16
	}, 
	"N1.SupplierNumber1": {
	"byte": true, 
	"bytesascii": true
	}, 
	"ECM.n.PAST.vcan": {
	"scaled": true, 
	"comment": "CAN Monitor", 
	"step": -1.0, 
	"bitscount": 6, 
	"offset": 40.0
	}, 
	"CVT_LAMP": {
	"bitscount": 1, 
	"lists": {
		"0": "OFF", 
		"1": "ON"
	}
	}, 
	"e4WD.n.PAST.vcan": {
	"scaled": true, 
	"comment": "CAN Monitor", 
	"step": -1.0, 
	"bitscount": 6, 
	"offset": 40.0
	}, 
	"METER/M&A.n.CRRNT.vcan": {
	"comment": "CAN Monitor", 
	"bitscount": 1, 
	"lists": {
		"0": "OK", 
		"1": "UNKWN"
	}
	}, 
	"OFFSET2_PL": {
	"scaled": true, 
	"signed": true
	}, 
	"ABS_ON": {
	"bitscount": 1, 
	"lists": {
		"0": "OFF", 
		"1": "ON"
	}
	}, 
	"IPDM E/R.n.PAST.vcan": {
	"scaled": true, 
	"comment": "CAN Monitor", 
	"step": -1.0, 
	"bitscount": 6, 
	"offset": 40.0
	}, 
	"ECM.n.CRRNT.vcan": {
	"comment": "CAN Monitor", 
	"bitscount": 1, 
	"lists": {
		"0": "OK", 
		"1": "UNKWN"
	}
	}, 
	"4WD.n.CRRNT.vcan": {
	"comment": "CAN Monitor", 
	"bitscount": 1, 
	"lists": {
		"0": "OK", 
		"1": "UNKWN"
	}
	}, 
	"NDTC": {
	"scaled": true
	}, 
	"SFT_VSP": {
	"scaled": true, 
	"unit": "km/h"
	}, 
	"INDLRNG": {
	"bitscount": 1, 
	"lists": {
		"0": "OFF", 
		"1": "ON"
	}
	}, 
	"SLIP_REV": {
	"scaled": true, 
	"unit": "rpm", 
	"signed": true
	}, 
	"METER/M&A.n.PAST.vcan": {
	"scaled": true, 
	"comment": "CAN Monitor", 
	"step": -1.0, 
	"bitscount": 6, 
	"offset": 40.0
	}, 
	"LUSEL_SOL_MON": {
	"bitscount": 1, 
	"lists": {
		"0": "OFF", 
		"1": "ON"
	}
	}, 
	"UPLVR": {
	"bitscount": 1, 
	"lists": {
		"0": "OFF", 
		"1": "ON"
	}
	}, 
	"VDC_ON": {
	"bitscount": 1, 
	"lists": {
		"0": "OFF", 
		"1": "ON"
	}
	}, 
	"PTD_APO": {
	"scaled": true, 
	"divideby": 255.0, 
	"step": 100.0, 
	"unit": "%"
	}, 
	"N.CalibrationNumber": {
	"bytescount": 2, 
	"byte": true, 
	"bitscount": 16
	}, 
	"SEC_SPEED": {
	"scaled": true, 
	"step": 64.0, 
	"unit": "rpm"
	}, 
	"METER/M&A.n.PRSNT.vcan": {
	"comment": "CAN Monitor", 
	"bitscount": 1, 
	"lists": {
		"0": "OK", 
		"1": "UNKWN"
	}
	}, 
	"ENG_SPEED": {
	"scaled": true, 
	"step": 32.0, 
	"unit": "rpm"
	}, 
	"M_GEAR_POS": {
	"lists": {
		"1": "1", 
		"2": "2", 
		"3": "3", 
		"4": "4", 
		"5": "5", 
		"6": "6", 
		"7": "7", 
		"8": "8"
	}
	}, 
	"OFFSET_PL": {
	"scaled": true, 
	"bytescount": 2, 
	"bitscount": 16, 
	"signed": true
	}, 
	"P_RANGE_SW": {
	"bitscount": 1, 
	"lists": {
		"0": "OFF", 
		"1": "ON"
	}
	}, 
	"LU_PRS": {
	"scaled": true, 
	"divideby": 100.0, 
	"unit": "MPa", 
	"signed": true
	}
}
}