{
"obd": {
	"baudrate": 10400, 
	"protocol": "CAN", 
	"recv_id": "767", 
	"funcname": "Navigation", 
	"funcaddr": "58", 
	"send_id": "747"
}, 
"devices": [
	{
	"dtc": 37728, 
	"devicedata": {}, 
	"dtctype": 2, 
	"name": "SD Card"
	}, 
	{
	"dtc": 37693, 
	"devicedata": {}, 
	"dtctype": 0, 
	"name": "Aux_IN_right"
	}, 
	{
	"dtc": 37691, 
	"devicedata": {}, 
	"dtctype": 3, 
	"name": "Nav Info line"
	}, 
	{
	"dtc": 37677, 
	"devicedata": {}, 
	"dtctype": 3, 
	"name": "Audio output right"
	}, 
	{
	"dtc": 37743, 
	"devicedata": {}, 
	"dtctype": 4, 
	"name": "Rear Camera"
	}, 
	{
	"dtc": 37761, 
	"devicedata": {}, 
	"dtctype": 2, 
	"name": "GSM internal failure"
	}, 
	{
	"dtc": 37742, 
	"devicedata": {}, 
	"dtctype": 4, 
	"name": "Rear Cam Controller"
	}, 
	{
	"dtc": 37689, 
	"devicedata": {}, 
	"dtctype": 0, 
	"name": "CVBS In Line"
	}, 
	{
	"dtc": 37676, 
	"devicedata": {}, 
	"dtctype": 3, 
	"name": "Audio output left"
	}, 
	{
	"dtc": 37692, 
	"devicedata": {}, 
	"dtctype": 0, 
	"name": "Aux_IN_left"
	}, 
	{
	"dtc": 37682, 
	"devicedata": {}, 
	"dtctype": 0, 
	"name": "Aux input"
	}, 
	{
	"dtc": 37701, 
	"devicedata": {}, 
	"dtctype": 2, 
	"name": "Gyro module"
	}, 
	{
	"dtc": 37714, 
	"devicedata": {}, 
	"dtctype": 2, 
	"name": "ECU temp"
	}, 
	{
	"dtc": 37697, 
	"devicedata": {}, 
	"dtctype": 2, 
	"name": "Data"
	}, 
	{
	"dtc": 37634, 
	"devicedata": {}, 
	"dtctype": 3, 
	"name": "GSM antenna"
	}, 
	{
	"dtc": 37668, 
	"devicedata": {}, 
	"dtctype": 3, 
	"name": "GPS antenna"
	}
], 
"ecuname": "NFA2 V1.3", 
"autoidents": [
	{
	"diagversion": "72", 
	"supplier": "329", 
	"version": "3CFF", 
	"soft": "3CFF"
	}
], 
"endian": "Big", 
"requests": [
	{
	"name": "DataRead.Use restriction", 
	"replybytes": "626C2900", 
	"deny_sds": [], 
	"receivebyte_dataitems": {
		"Use restriction": {
		"ref": true, 
		"firstbyte": 4
		}
	}, 
	"minbytes": 4, 
	"sentbytes": "226C29"
	}, 
	{
	"name": "DataRead.System configuration.bits", 
	"replybytes": "626C330000", 
	"deny_sds": [], 
	"receivebyte_dataitems": {
		"System configuration.bits.Dynamic Guidelines present": {
		"bitoffset": 2, 
		"ref": true, 
		"firstbyte": 5
		}, 
		"System configuration.bits.Input configuration": {
		"bitoffset": 6, 
		"ref": true, 
		"firstbyte": 5
		}, 
		"System configuration.bits.Rear Cam present": {
		"bitoffset": 1, 
		"ref": true, 
		"firstbyte": 5
		}, 
		"System configuration.bits.Light sensor present": {
		"ref": true, 
		"firstbyte": 5
		}, 
		"System configuration.bits.GPSExtAntenna": {
		"bitoffset": 4, 
		"ref": true, 
		"firstbyte": 5
		}, 
		"System configuration.bits.Central command": {
		"bitoffset": 5, 
		"ref": true, 
		"firstbyte": 5
		}, 
		"System configuration.bits.Fixed Guidelines present": {
		"bitoffset": 3, 
		"ref": true, 
		"firstbyte": 5
		}, 
		"System configuration.bits.RadioType": {
		"ref": true, 
		"firstbyte": 4
		}
	}, 
	"minbytes": 5, 
	"sentbytes": "226C33"
	}, 
	{
	"name": "DataRead.Distance display", 
	"replybytes": "626C2F00", 
	"deny_sds": [], 
	"receivebyte_dataitems": {
		"Distance display": {
		"ref": true, 
		"firstbyte": 4
		}
	}, 
	"minbytes": 4, 
	"sentbytes": "226C2F"
	}, 
	{
	"receivebyte_dataitems": {
		"HardwareNumber.BasicPartList": {
		"ref": true, 
		"firstbyte": 24
		}, 
		"DiagnosticIdentificationCode": {
		"ref": true, 
		"firstbyte": 8
		}, 
		"CalibrationNumber": {
		"ref": true, 
		"firstbyte": 21
		}, 
		"SupplierNumber.ITG": {
		"ref": true, 
		"firstbyte": 9
		}, 
		"HardwareNumber.LowerPart": {
		"ref": true, 
		"firstbyte": 12
		}, 
		"PartNumber.BasicPartList": {
		"ref": true, 
		"firstbyte": 23
		}, 
		"ManufacturerIdentificationCode": {
		"ref": true, 
		"firstbyte": 26
		}, 
		"ApprovalNumber.BasicPartList": {
		"ref": true, 
		"firstbyte": 25
		}, 
		"EditionNumber": {
		"ref": true, 
		"firstbyte": 19
		}, 
		"PartNumber.LowerPart": {
		"ref": true, 
		"firstbyte": 3
		}, 
		"SoftwareNumber": {
		"ref": true, 
		"firstbyte": 17
		}
	}, 
	"deny_sds": [], 
	"minbytes": 26, 
	"sentbytes": "2180", 
	"name": "DataRead.Identification.RenaultR2"
	}, 
	{
	"name": "DataWrite.Distance display", 
	"replybytes": "6E6C2F", 
	"deny_sds": [], 
	"manualsend": true, 
	"sendbyte_dataitems": {
		"Distance display": {
		"firstbyte": 4
		}
	}, 
	"minbytes": 3, 
	"sentbytes": "2E6C2F00"
	}, 
	{
	"name": "ECUReset", 
	"replybytes": "5141", 
	"deny_sds": [
		"nosds", 
		"engineering", 
		"supplier"
	], 
	"receivebyte_dataitems": {
		"ECUR: reset type (R)": {
		"firstbyte": 2
		}
	}, 
	"sendbyte_dataitems": {
		"ECUR: reset type (S)": {
		"firstbyte": 2
		}
	}, 
	"minbytes": 2, 
	"sentbytes": "1100"
	}, 
	{
	"name": "OutputControl.Start.GPSDisplay", 
	"replybytes": "703500", 
	"deny_sds": [], 
	"manualsend": true, 
	"receivebyte_dataitems": {
		"Output Control Status": {
		"firstbyte": 3
		}
	}, 
	"minbytes": 3, 
	"sentbytes": "303520"
	}, 
	{
	"name": "OutputControl.Stop.DisplayWhite", 
	"replybytes": "702102", 
	"deny_sds": [], 
	"manualsend": true, 
	"receivebyte_dataitems": {
		"Output Control Status": {
		"firstbyte": 3
		}
	}, 
	"minbytes": 3, 
	"sentbytes": "30211103"
	}, 
	{
	"name": "ReadDataByLocalIdentifier: CANM network management", 
	"replybytes": "6185", 
	"deny_sds": [], 
	"receivebyte_dataitems": {
		"RDBLID: CANMMUX: Rear Cam counter": {
		"bitoffset": 2, 
		"firstbyte": 15
		}, 
		"RDBLID: CANMMUX: Bus Off": {
		"ref": true, 
		"firstbyte": 5
		}, 
		"RDBLID: CANMMUX: navigation": {
		"ref": true, 
		"firstbyte": 7
		}, 
		"RDBLID: CANMMUX: navigation counter": {
		"bitoffset": 2, 
		"ref": true, 
		"firstbyte": 7
		}, 
		"RDBLID: CANMMUX: Bus Mute Counter": {
		"bitoffset": 2, 
		"ref": true, 
		"firstbyte": 6
		}, 
		"RDBLID: CANMMUX: Bus Off Counter": {
		"bitoffset": 2, 
		"ref": true, 
		"firstbyte": 5
		}, 
		"RDBLID: CANMMUX: Ref Messagerie": {
		"ref": true, 
		"firstbyte": 3
		}, 
		"RDBLID: CANMMUX: Audio": {
		"firstbyte": 12
		}, 
		"RDBLID: CANMMUX: CSW": {
		"firstbyte": 8
		}, 
		"RDBLID: CANMMUX: Rear Cam": {
		"firstbyte": 15
		}, 
		"RDBLID: CANMMUX: Audio counter": {
		"bitoffset": 2, 
		"firstbyte": 12
		}, 
		"RDBLID: CANMMUX: CSW counter": {
		"bitoffset": 2, 
		"firstbyte": 8
		}, 
		"RDBLID: CANMMUX: A2/A3/BIC counter": {
		"bitoffset": 2, 
		"firstbyte": 20
		}, 
		"RDBLID: CANMMUX: Bus Mute": {
		"ref": true, 
		"firstbyte": 6
		}, 
		"RDBLID: CANMMUX: A2/A3/BIC": {
		"firstbyte": 20
		}
	}, 
	"minbytes": 62, 
	"sentbytes": "2185"
	}, 
	{
	"name": "DataRead.Temperature display", 
	"replybytes": "626C0900", 
	"deny_sds": [], 
	"receivebyte_dataitems": {
		"Temperature display": {
		"ref": true, 
		"firstbyte": 4
		}
	}, 
	"minbytes": 4, 
	"sentbytes": "226C09"
	}, 
	{
	"name": "OutputControl.Start.RearCamRight", 
	"replybytes": "700700", 
	"deny_sds": [], 
	"manualsend": true, 
	"receivebyte_dataitems": {
		"Output Control Status": {
		"firstbyte": 3
		}
	}, 
	"minbytes": 3, 
	"sentbytes": "30070010"
	}, 
	{
	"name": "OutputControl.Start.RearCamRotateLeft", 
	"replybytes": "700700", 
	"deny_sds": [], 
	"manualsend": true, 
	"receivebyte_dataitems": {
		"Output Control Status": {
		"firstbyte": 3
		}
	}, 
	"minbytes": 3, 
	"sentbytes": "30070001"
	}, 
	{
	"name": "DataWrite.Picture contrast", 
	"replybytes": "6E6C46", 
	"deny_sds": [], 
	"sendbyte_dataitems": {
		"Picture contrast": {
		"firstbyte": 4
		}
	}, 
	"minbytes": 3, 
	"sentbytes": "2E6C4680"
	}, 
	{
	"name": "OutputControl.Start.GuideVoiceTone", 
	"replybytes": "703300", 
	"deny_sds": [], 
	"manualsend": true, 
	"receivebyte_dataitems": {
		"Output Control Status": {
		"firstbyte": 3
		}
	}, 
	"minbytes": 3, 
	"sentbytes": "303320"
	}, 
	{
	"name": "StartDiagnosticSession", 
	"deny_sds": [], 
	"manualsend": true, 
	"sendbyte_dataitems": {
		"Session Name": {
		"firstbyte": 2
		}
	}, 
	"minbytes": 1, 
	"sentbytes": "1081"
	}, 
	{
	"name": "DataRead.Fitting angle", 
	"replybytes": "626C2300", 
	"deny_sds": [], 
	"receivebyte_dataitems": {
		"Fitting angle": {
		"ref": true, 
		"firstbyte": 4
		}
	}, 
	"minbytes": 4, 
	"sentbytes": "226C23"
	}, 
	{
	"name": "DataRead.vehicle speed", 
	"replybytes": "6265020000", 
	"deny_sds": [], 
	"receivebyte_dataitems": {
		"vehicle speed": {
		"ref": true, 
		"firstbyte": 4
		}
	}, 
	"minbytes": 5, 
	"sentbytes": "226502"
	}, 
	{
	"name": "OutputControl.Start.DisplayBlack", 
	"replybytes": "702101", 
	"deny_sds": [], 
	"manualsend": true, 
	"receivebyte_dataitems": {
		"Output Control Status": {
		"firstbyte": 3
		}
	}, 
	"minbytes": 3, 
	"sentbytes": "30212004"
	}, 
	{
	"name": "DataRead.Battery level", 
	"replybytes": "62650100", 
	"deny_sds": [], 
	"receivebyte_dataitems": {
		"Battery level": {
		"ref": true, 
		"firstbyte": 4
		}
	}, 
	"minbytes": 4, 
	"sentbytes": "226501"
	}, 
	{
	"name": "DataRead.Car maker", 
	"replybytes": "626C1400", 
	"deny_sds": [], 
	"receivebyte_dataitems": {
		"Car maker": {
		"ref": true, 
		"firstbyte": 4
		}
	}, 
	"minbytes": 4, 
	"sentbytes": "226C14"
	}, 
	{
	"name": "OutputControl", 
	"replybytes": "700000", 
	"deny_sds": [], 
	"receivebyte_dataitems": {
		"Output Control Status": {
		"firstbyte": 3
		}
	}, 
	"sendbyte_dataitems": {
		"Output Control Command": {
		"firstbyte": 3
		}, 
		"Output Temporary Control List": {
		"firstbyte": 2
		}, 
		"Output Permanent Control List": {
		"firstbyte": 2
		}
	}, 
	"minbytes": 3, 
	"sentbytes": "30000000"
	}, 
	{
	"name": "ReadDTCInformation.ReportExtendedData", 
	"replybytes": "590600000000", 
	"deny_sds": [], 
	"receivebyte_dataitems": {
		"DTCStatus.pendingDTC": {
		"bitoffset": 5, 
		"firstbyte": 6
		}, 
		"DTCStatus.testFailedSinceLastClear": {
		"bitoffset": 2, 
		"firstbyte": 6
		}, 
		"DTCExtendedDataRecordNumber": {
		"firstbyte": 7
		}, 
		"DTCRecord": {
		"firstbyte": 3
		}, 
		"DTCStatus.testNotCompletedSinceLastClear": {
		"bitoffset": 3, 
		"firstbyte": 6
		}, 
		"DTCStatus.testNotCompletedThisMonitoringCycle": {
		"bitoffset": 1, 
		"firstbyte": 6
		}, 
		"DTCExtendedData.Mileage": {
		"firstbyte": 8
		}, 
		"DTCStatus.warningIndicatorRequested": {
		"firstbyte": 6
		}, 
		"StatusOfDTC": {
		"firstbyte": 6
		}, 
		"DTCStatus.testFailedThisMonitoringCycle": {
		"bitoffset": 6, 
		"firstbyte": 6
		}, 
		"DTCStatus.testFailed": {
		"bitoffset": 7, 
		"firstbyte": 6
		}, 
		"DTCStatus.confirmedDTC": {
		"bitoffset": 4, 
		"firstbyte": 6
		}
	}, 
	"sendbyte_dataitems": {
		"DTCMaskRecord": {
		"firstbyte": 3
		}
	}, 
	"minbytes": 6, 
	"sentbytes": "1906000000FF"
	}, 
	{
	"name": "DataRead.GSM antenna diagnostic inhibition", 
	"replybytes": "626C5A", 
	"deny_sds": [], 
	"receivebyte_dataitems": {
		"GSM antenna diagnostic inhibition.GSM antenna SCG diagnostic inhibition": {
		"bitoffset": 6, 
		"ref": true, 
		"firstbyte": 4
		}, 
		"GSM antenna diagnostic inhibition.GSM antenna OL diagnostic inhibition": {
		"bitoffset": 7, 
		"ref": true, 
		"firstbyte": 4
		}, 
		"GSM antenna diagnostic inhibition.GSM antenna SCS diagnostic inhibition": {
		"bitoffset": 5, 
		"ref": true, 
		"firstbyte": 4
		}
	}, 
	"minbytes": 4, 
	"sentbytes": "226C5A"
	}, 
	{
	"name": "OutputControl.Start.Availability", 
	"deny_sds": [], 
	"manualsend": true, 
	"sendbyte_dataitems": {
		"IOControl: Availibility": {
		"firstbyte": 2
		}
	}, 
	"minbytes": 1, 
	"sentbytes": "3000"
	}, 
	{
	"name": "DataRead.Brightness", 
	"replybytes": "626C4A00", 
	"deny_sds": [], 
	"receivebyte_dataitems": {
		"Brightness": {
		"ref": true, 
		"firstbyte": 4
		}
	}, 
	"minbytes": 4, 
	"sentbytes": "226C4A"
	}, 
	{
	"name": "OutputControl.Start.RearCamCancel", 
	"replybytes": "700700", 
	"deny_sds": [], 
	"manualsend": true, 
	"receivebyte_dataitems": {
		"Output Control Status": {
		"firstbyte": 3
		}
	}, 
	"minbytes": 3, 
	"sentbytes": "30070040"
	}, 
	{
	"name": "OutputControl.Start.BlueToothScan", 
	"replybytes": "703400", 
	"deny_sds": [], 
	"manualsend": true, 
	"receivebyte_dataitems": {
		"Output Control Status": {
		"firstbyte": 3
		}
	}, 
	"minbytes": 3, 
	"sentbytes": "303420"
	}, 
	{
	"name": "OutputControl.Start.DisplayWhite", 
	"replybytes": "702101", 
	"deny_sds": [], 
	"manualsend": true, 
	"receivebyte_dataitems": {
		"Output Control Status": {
		"firstbyte": 3
		}
	}, 
	"minbytes": 3, 
	"sentbytes": "30212003"
	}, 
	{
	"name": "DataRead.PartReference", 
	"replybytes": "62F187", 
	"deny_sds": [], 
	"receivebyte_dataitems": {
		"PartReference": {
		"firstbyte": 4
		}
	}, 
	"minbytes": 13, 
	"sentbytes": "22F187"
	}, 
	{
	"name": "OutputControl.Start.RearCamLeft", 
	"replybytes": "700700", 
	"deny_sds": [], 
	"manualsend": true, 
	"receivebyte_dataitems": {
		"Output Control Status": {
		"firstbyte": 3
		}
	}, 
	"minbytes": 3, 
	"sentbytes": "3007000C"
	}, 
	{
	"receivebyte_dataitems": {
		"LID: VIN: C.R.C.": {
		"ref": true, 
		"firstbyte": 20
		}, 
		"LID: VIN: V.I.N.": {
		"ref": true, 
		"firstbyte": 3
		}
	}, 
	"deny_sds": [
		"nosds"
	], 
	"minbytes": 21, 
	"sentbytes": "2181", 
	"name": "ReadDataByLocalIdentifier: VIN"
	}, 
	{
	"name": "DataWrite.Use restriction", 
	"replybytes": "6E6C29", 
	"deny_sds": [], 
	"sendbyte_dataitems": {
		"Use restriction": {
		"firstbyte": 4
		}
	}, 
	"minbytes": 3, 
	"sentbytes": "2E6C2900"
	}, 
	{
	"name": "OutputControl.Start.RearCamUp", 
	"replybytes": "700700", 
	"deny_sds": [], 
	"manualsend": true, 
	"receivebyte_dataitems": {
		"Output Control Status": {
		"firstbyte": 3
		}
	}, 
	"minbytes": 3, 
	"sentbytes": "30070004"
	}, 
	{
	"name": "OutputControl.Status.BlueToothScan", 
	"replybytes": "703400", 
	"deny_sds": [], 
	"manualsend": true, 
	"receivebyte_dataitems": {
		"Output Control Status": {
		"firstbyte": 3
		}
	}, 
	"minbytes": 3, 
	"sentbytes": "303401"
	}, 
	{
	"name": "ClearDiagnosticInformation.All", 
	"deny_sds": [], 
	"minbytes": 1, 
	"sentbytes": "14FFFFFF", 
	"replybytes": "54"
	}, 
	{
	"name": "ReadDTCInformation.ReportExtendedData.Mileage", 
	"replybytes": "59060000000080000000", 
	"deny_sds": [], 
	"receivebyte_dataitems": {
		"DTCExtendedData.Mileage": {
		"firstbyte": 8
		}, 
		"DTCRecord": {
		"firstbyte": 3
		}, 
		"StatusOfDTC": {
		"firstbyte": 6
		}, 
		"DTCExtendedDataRecordNumber": {
		"firstbyte": 7
		}
	}, 
	"sendbyte_dataitems": {
		"DTCMaskRecord": {
		"firstbyte": 3
		}
	}, 
	"minbytes": 6, 
	"sentbytes": "190600000080"
	}, 
	{
	"name": "DataWrite.Picture hue", 
	"replybytes": "6E6C49", 
	"deny_sds": [], 
	"sendbyte_dataitems": {
		"Picture hue": {
		"firstbyte": 4
		}
	}, 
	"minbytes": 3, 
	"sentbytes": "2E6C4980"
	}, 
	{
	"name": "ReadDTCInformation.ReportDTCMask", 
	"replybytes": "59020000000000", 
	"deny_sds": [], 
	"receivebyte_dataitems": {
		"DTCStatus.pendingDTC": {
		"bitoffset": 5, 
		"firstbyte": 7
		}, 
		"DTCStatus.confirmedDTC": {
		"bitoffset": 4, 
		"firstbyte": 7
		}, 
		"DTCDeviceAndFailureTypeOBD": {
		"firstbyte": 4
		}, 
		"DTCFailureType.ManufacturerOrSupplier": {
		"bitoffset": 4, 
		"firstbyte": 6
		}, 
		"DTCFailureType.Category": {
		"firstbyte": 6
		}, 
		"DTCFailureType": {
		"firstbyte": 6
		}, 
		"DTCStatus.testNotCompletedSinceLastClear": {
		"bitoffset": 3, 
		"firstbyte": 7
		}, 
		"DTCStatus.testNotCompletedThisMonitoringCycle": {
		"bitoffset": 1, 
		"firstbyte": 7
		}, 
		"DTCStatusAvailabilityMask": {
		"firstbyte": 3
		}, 
		"DTCStatus.warningIndicatorRequested": {
		"firstbyte": 7
		}, 
		"StatusOfDTC": {
		"firstbyte": 7
		}, 
		"DTCStatus.testFailedThisMonitoringCycle": {
		"bitoffset": 6, 
		"firstbyte": 7
		}, 
		"DTCStatus.testFailed": {
		"bitoffset": 7, 
		"firstbyte": 7
		}, 
		"DTCStatus.testFailedSinceLastClear": {
		"bitoffset": 2, 
		"firstbyte": 7
		}
	}, 
	"sendbyte_dataitems": {
		"DTCIStatus.confirmedDTC": {
		"bitoffset": 4, 
		"firstbyte": 3
		}, 
		"DTCIStatus.testFailed": {
		"bitoffset": 7, 
		"firstbyte": 3
		}, 
		"DTCIStatus.testNotCompletedSinceLastClear": {
		"bitoffset": 3, 
		"firstbyte": 3
		}, 
		"DTCIStatus.testFailedSinceLastClear": {
		"bitoffset": 2, 
		"firstbyte": 3
		}
	}, 
	"minbytes": 7, 
	"sentbytes": "190200"
	}, 
	{
	"name": "DataRead.Picture saturation", 
	"replybytes": "626C4800", 
	"deny_sds": [], 
	"receivebyte_dataitems": {
		"Picture saturation": {
		"ref": true, 
		"firstbyte": 4
		}
	}, 
	"minbytes": 4, 
	"sentbytes": "226C48"
	}, 
	{
	"name": "OutputControl.Disable.RearView", 
	"replybytes": "700802", 
	"deny_sds": [], 
	"manualsend": true, 
	"receivebyte_dataitems": {
		"Output Control Status": {
		"firstbyte": 3
		}
	}, 
	"minbytes": 3, 
	"sentbytes": "30080000"
	}, 
	{
	"name": "DataWrite.Car maker", 
	"replybytes": "6E6C14", 
	"deny_sds": [], 
	"sendbyte_dataitems": {
		"Car maker": {
		"firstbyte": 4
		}
	}, 
	"minbytes": 3, 
	"sentbytes": "2E6C1400"
	}, 
	{
	"name": "DataRead.LastAfterSalesOperationDate", 
	"replybytes": "626C01000000", 
	"deny_sds": [], 
	"receivebyte_dataitems": {
		"LastAfterSalesOperationDate.Day": {
		"ref": true, 
		"firstbyte": 4
		}, 
		"LastAfterSalesOperationDate.Month": {
		"ref": true, 
		"firstbyte": 5
		}, 
		"LastAfterSalesOperationDate.Year": {
		"ref": true, 
		"firstbyte": 6
		}
	}, 
	"minbytes": 6, 
	"sentbytes": "226C01"
	}, 
	{
	"name": "ECUReset.configuration", 
	"deny_sds": [
		"nosds", 
		"engineering", 
		"supplier"
	], 
	"minbytes": 2, 
	"sentbytes": "1140", 
	"replybytes": "5140"
	}, 
	{
	"name": "OutputControl.Start.RearCamDown", 
	"replybytes": "700700", 
	"deny_sds": [], 
	"manualsend": true, 
	"receivebyte_dataitems": {
		"Output Control Status": {
		"firstbyte": 3
		}
	}, 
	"minbytes": 3, 
	"sentbytes": "30070008"
	}, 
	{
	"name": "DataRead.Kit AssemblyReference", 
	"replybytes": "62F18E", 
	"deny_sds": [], 
	"receivebyte_dataitems": {
		"Kit AssemblyReference": {
		"firstbyte": 4
		}
	}, 
	"minbytes": 13, 
	"sentbytes": "22F18E"
	}, 
	{
	"name": "DataRead.Time display", 
	"replybytes": "626C0A00", 
	"deny_sds": [], 
	"receivebyte_dataitems": {
		"Time display": {
		"ref": true, 
		"firstbyte": 4
		}
	}, 
	"minbytes": 4, 
	"sentbytes": "226C0A"
	}, 
	{
	"name": "WriteDataByLocalId.VIN", 
	"replybytes": "7B81", 
	"deny_sds": [
		"nosds"
	], 
	"sendbyte_dataitems": {
		"LID: VIN: C.R.C.": {
		"firstbyte": 20
		}, 
		"LID: VIN: V.I.N.": {
		"firstbyte": 3
		}
	}, 
	"minbytes": 2, 
	"sentbytes": "3B8100000000000000000000000000000000000000"
	}, 
	{
	"name": "OutputControl.Start.RearCamValidate", 
	"replybytes": "700700", 
	"deny_sds": [], 
	"manualsend": true, 
	"receivebyte_dataitems": {
		"Output Control Status": {
		"firstbyte": 3
		}
	}, 
	"minbytes": 3, 
	"sentbytes": "30070020"
	}, 
	{
	"name": "DataWrite.Connectivity", 
	"replybytes": "6E6C5B", 
	"deny_sds": [], 
	"manualsend": true, 
	"sendbyte_dataitems": {
		"Connectivity": {
		"bitoffset": 5, 
		"firstbyte": 4
		}
	}, 
	"minbytes": 3, 
	"sentbytes": "2E6C5B03"
	}, 
	{
	"name": "OutputControl.Enable.RearView", 
	"replybytes": "700801", 
	"deny_sds": [], 
	"manualsend": true, 
	"receivebyte_dataitems": {
		"Output Control Status": {
		"firstbyte": 3
		}
	}, 
	"minbytes": 3, 
	"sentbytes": "30080010"
	}, 
	{
	"name": "DataWrite.LastAfterSalesOperationDate", 
	"replybytes": "6E6C01", 
	"deny_sds": [], 
	"sendbyte_dataitems": {
		"LastAfterSalesOperationDate.Day": {
		"firstbyte": 4
		}, 
		"LastAfterSalesOperationDate.Month": {
		"firstbyte": 5
		}, 
		"LastAfterSalesOperationDate.Year": {
		"firstbyte": 6
		}
	}, 
	"minbytes": 3, 
	"sentbytes": "2E6C01010108"
	}, 
	{
	"name": "OutputControl.Start.RearCamRotateRight", 
	"replybytes": "700700", 
	"deny_sds": [], 
	"manualsend": true, 
	"receivebyte_dataitems": {
		"Output Control Status": {
		"firstbyte": 3
		}
	}, 
	"minbytes": 3, 
	"sentbytes": "30070002"
	}, 
	{
	"name": "OutputControl.Status.DisplayWhite", 
	"replybytes": "702101", 
	"deny_sds": [], 
	"manualsend": true, 
	"receivebyte_dataitems": {
		"Output Control Status": {
		"firstbyte": 3
		}
	}, 
	"minbytes": 3, 
	"sentbytes": "30210103"
	}, 
	{
	"name": "DataWrite.Temperature display", 
	"replybytes": "6E6C09", 
	"deny_sds": [], 
	"manualsend": true, 
	"sendbyte_dataitems": {
		"Temperature display": {
		"firstbyte": 4
		}
	}, 
	"minbytes": 3, 
	"sentbytes": "2E6C0900"
	}, 
	{
	"name": "DataWrite.Picture saturation", 
	"replybytes": "6E6C48", 
	"deny_sds": [], 
	"manualsend": true, 
	"sendbyte_dataitems": {
		"Picture saturation": {
		"firstbyte": 4
		}
	}, 
	"minbytes": 3, 
	"sentbytes": "2E6C4880"
	}, 
	{
	"name": "OutputControl.Stop.GPSDisplay", 
	"replybytes": "703500", 
	"deny_sds": [], 
	"manualsend": true, 
	"receivebyte_dataitems": {
		"Output Control Status": {
		"firstbyte": 3
		}
	}, 
	"minbytes": 3, 
	"sentbytes": "303511"
	}, 
	{
	"name": "OutputControl.Stop.DisplayBlack", 
	"replybytes": "702102", 
	"deny_sds": [], 
	"manualsend": true, 
	"receivebyte_dataitems": {
		"Output Control Status": {
		"firstbyte": 3
		}
	}, 
	"minbytes": 3, 
	"sentbytes": "30211104"
	}, 
	{
	"name": "ECUReset.soft", 
	"deny_sds": [
		"nosds", 
		"engineering", 
		"supplier"
	], 
	"minbytes": 2, 
	"sentbytes": "1103", 
	"replybytes": "5103"
	}, 
	{
	"name": "DataRead.Radio display", 
	"replybytes": "626C4700", 
	"deny_sds": [], 
	"receivebyte_dataitems": {
		"Radio display": {
		"ref": true, 
		"firstbyte": 4
		}
	}, 
	"minbytes": 4, 
	"sentbytes": "226C47"
	}, 
	{
	"name": "OutputControl.Status.GPSDisplay", 
	"replybytes": "703500", 
	"deny_sds": [], 
	"manualsend": true, 
	"receivebyte_dataitems": {
		"Output Control Status": {
		"firstbyte": 3
		}
	}, 
	"minbytes": 3, 
	"sentbytes": "303501"
	}, 
	{
	"name": "DataWrite.System configuration.bits", 
	"replybytes": "6E6C33", 
	"deny_sds": [], 
	"manualsend": true, 
	"sendbyte_dataitems": {
		"System configuration.bits.Dynamic Guidelines present": {
		"bitoffset": 2, 
		"firstbyte": 5
		}, 
		"System configuration.bits.Input configuration": {
		"bitoffset": 6, 
		"firstbyte": 5
		}, 
		"System configuration.bits.Rear Cam present": {
		"bitoffset": 1, 
		"firstbyte": 5
		}, 
		"System configuration.bits.Light sensor present": {
		"firstbyte": 5
		}, 
		"System configuration.bits.GPSExtAntenna": {
		"bitoffset": 4, 
		"firstbyte": 5
		}, 
		"System configuration.bits.Central command": {
		"bitoffset": 5, 
		"firstbyte": 5
		}, 
		"System configuration.bits.Fixed Guidelines present": {
		"bitoffset": 3, 
		"firstbyte": 5
		}, 
		"System configuration.bits.RadioType": {
		"firstbyte": 4
		}
	}, 
	"minbytes": 3, 
	"sentbytes": "2E6C330000"
	}, 
	{
	"name": "ReadDTCInformation.ReportDTC", 
	"replybytes": "59020000000000", 
	"deny_sds": [], 
	"receivebyte_dataitems": {
		"DTCStatus.testFailedSinceLastClear": {
		"bitoffset": 2, 
		"firstbyte": 7
		}, 
		"DTCStatus.pendingDTC": {
		"bitoffset": 5, 
		"firstbyte": 7
		}, 
		"DTCStatus.confirmedDTC": {
		"bitoffset": 4, 
		"firstbyte": 7
		}, 
		"DTCDeviceAndFailureTypeOBD": {
		"firstbyte": 4
		}, 
		"DTCFailureType.ManufacturerOrSupplier": {
		"bitoffset": 4, 
		"firstbyte": 6
		}, 
		"DTCFailureType.Category": {
		"firstbyte": 6
		}, 
		"DTCFailureType": {
		"firstbyte": 6
		}, 
		"DTCStatus.testNotCompletedSinceLastClear": {
		"bitoffset": 3, 
		"firstbyte": 7
		}, 
		"DTCStatus.testNotCompletedThisMonitoringCycle": {
		"bitoffset": 1, 
		"firstbyte": 7
		}, 
		"DTCStatusAvailabilityMask": {
		"firstbyte": 3
		}, 
		"DTCStatus.warningIndicatorRequested": {
		"firstbyte": 7
		}, 
		"StatusOfDTC": {
		"firstbyte": 7
		}, 
		"DTCStatus.testFailedThisMonitoringCycle": {
		"bitoffset": 6, 
		"firstbyte": 7
		}, 
		"DTCStatus.testFailed": {
		"bitoffset": 7, 
		"firstbyte": 7
		}, 
		"DTCDeviceIdentifier": {
		"firstbyte": 4
		}
	}, 
	"minbytes": 3, 
	"sentbytes": "1902FF", 
	"shiftbytescount": 4
	}, 
	{
	"name": "DataWrite.Brightness", 
	"replybytes": "6E6C4A", 
	"deny_sds": [], 
	"manualsend": true, 
	"sendbyte_dataitems": {
		"Brightness": {
		"firstbyte": 4
		}
	}, 
	"minbytes": 3, 
	"sentbytes": "2E6C4A00"
	}, 
	{
	"name": "DataRead.Picture contrast", 
	"replybytes": "626C4600", 
	"deny_sds": [], 
	"receivebyte_dataitems": {
		"Picture contrast": {
		"firstbyte": 4
		}
	}, 
	"minbytes": 4, 
	"sentbytes": "226C46"
	}, 
	{
	"name": "DataWrite.Fitting angle", 
	"replybytes": "6E6C23", 
	"deny_sds": [], 
	"sendbyte_dataitems": {
		"Fitting angle": {
		"firstbyte": 4
		}
	}, 
	"minbytes": 3, 
	"sentbytes": "2E6C235A"
	}, 
	{
	"name": "DataRead.Connectivity", 
	"replybytes": "626C5B", 
	"deny_sds": [], 
	"receivebyte_dataitems": {
		"Connectivity": {
		"bitoffset": 5, 
		"ref": true, 
		"firstbyte": 4
		}
	}, 
	"minbytes": 4, 
	"sentbytes": "226C5B"
	}, 
	{
	"name": "ECUReset.hard", 
	"deny_sds": [
		"nosds", 
		"engineering", 
		"supplier"
	], 
	"minbytes": 2, 
	"sentbytes": "1101", 
	"replybytes": "5101"
	}, 
	{
	"name": "OutputControl.Stop.BlueToothScan", 
	"replybytes": "703400", 
	"deny_sds": [], 
	"manualsend": true, 
	"receivebyte_dataitems": {
		"Output Control Status": {
		"firstbyte": 3
		}
	}, 
	"minbytes": 3, 
	"sentbytes": "303411"
	}, 
	{
	"name": "DataWrite.GSM antenna diagnostic inhibition", 
	"replybytes": "6E6C5A", 
	"deny_sds": [], 
	"manualsend": true, 
	"sendbyte_dataitems": {
		"GSM antenna diagnostic inhibition.GSM antenna SCG diagnostic inhibition": {
		"bitoffset": 6, 
		"firstbyte": 4
		}, 
		"GSM antenna diagnostic inhibition.GSM antenna OL diagnostic inhibition": {
		"bitoffset": 7, 
		"firstbyte": 4
		}, 
		"GSM antenna diagnostic inhibition.GSM antenna SCS diagnostic inhibition": {
		"bitoffset": 5, 
		"firstbyte": 4
		}
	}, 
	"minbytes": 3, 
	"sentbytes": "2E6C5A00"
	}, 
	{
	"name": "DataRead.Picture hue", 
	"replybytes": "626C4900", 
	"deny_sds": [], 
	"receivebyte_dataitems": {
		"Picture hue": {
		"firstbyte": 4
		}
	}, 
	"minbytes": 4, 
	"sentbytes": "226C49"
	}, 
	{
	"deny_sds": [], 
	"minbytes": 1, 
	"sentbytes": "3E01", 
	"name": "TesterPresent.WithResponse"
	}, 
	{
	"sentbytes": "10C0", 
	"deny_sds": [], 
	"minbytes": 1, 
	"manualsend": true, 
	"name": "StartAfterSalesSession"
	}, 
	{
	"name": "OutputControl.Stop.GuideVoiceTone", 
	"replybytes": "703300", 
	"deny_sds": [], 
	"manualsend": true, 
	"receivebyte_dataitems": {
		"Output Control Status": {
		"firstbyte": 3
		}
	}, 
	"minbytes": 3, 
	"sentbytes": "303311"
	}, 
	{
	"name": "DataWrite.Radio display", 
	"replybytes": "6E6C47", 
	"deny_sds": [], 
	"manualsend": true, 
	"sendbyte_dataitems": {
		"Radio display": {
		"firstbyte": 4
		}
	}, 
	"minbytes": 3, 
	"sentbytes": "2E6C4700"
	}, 
	{
	"name": "DataWrite.Time display", 
	"replybytes": "6E6C0A", 
	"deny_sds": [], 
	"manualsend": true, 
	"sendbyte_dataitems": {
		"Time display": {
		"firstbyte": 4
		}
	}, 
	"minbytes": 3, 
	"sentbytes": "2E6C0A00"
	}, 
	{
	"name": "ReadDataByLocalIdentifier: traceability", 
	"replybytes": "6184", 
	"deny_sds": [
		"nosds", 
		"engineering", 
		"supplier"
	], 
	"receivebyte_dataitems": {
		"RDBLID: traceability serial number": {
		"ref": true, 
		"firstbyte": 6
		}, 
		"RDBLID: traceability supplier number (ITG)": {
		"ref": true, 
		"firstbyte": 3
		}
	}, 
	"minbytes": 22, 
	"sentbytes": "2184"
	}, 
	{
	"name": "OutputControl.Status.DisplayBlack", 
	"replybytes": "702102", 
	"deny_sds": [], 
	"manualsend": true, 
	"receivebyte_dataitems": {
		"Output Control Status": {
		"firstbyte": 3
		}
	}, 
	"minbytes": 3, 
	"sentbytes": "30210104"
	}, 
	{
	"name": "OutputControl.Status.GuideVoiceTone", 
	"replybytes": "703300", 
	"deny_sds": [], 
	"manualsend": true, 
	"receivebyte_dataitems": {
		"Output Control Status": {
		"firstbyte": 3
		}
	}, 
	"minbytes": 3, 
	"sentbytes": "303301"
	}
], 
"data": {
	"System configuration.bits.Dynamic Guidelines present": {
	"comment": "Rear Camera configuration", 
	"bitscount": 1, 
	"lists": {
		"0": "No Dynamic Guidelines", 
		"1": "Dynamic Guidelines present"
	}
	}, 
	"System configuration.bits.Rear Cam present": {
	"comment": "Rear Camera configuration", 
	"bitscount": 1, 
	"lists": {
		"0": "No Rear Cam", 
		"1": "Rear Cam present"
	}
	}, 
	"DTCExtendedDataRecordNumber": {
	"lists": {
		"128": "Mileage", 
		"255": "All"
	}
	}, 
	"PartNumber.BasicPartList": {
	"lists": {
		"0": "N/A", 
		"1": "25915", 
		"2": "25920"
	}
	}, 
	"RDBLID: CANMMUX: Bus Off Counter": {
	"bitscount": 6, 
	"lists": {
		"0": "0", 
		"1": "1", 
		"2": "2", 
		"3": "3", 
		"4": "4", 
		"5": "5", 
		"6": "6", 
		"7": "7", 
		"8": "8", 
		"9": "9", 
		"10": "10", 
		"11": "11", 
		"12": "12", 
		"13": "13", 
		"14": "14", 
		"15": "15", 
		"16": "16", 
		"17": "17", 
		"18": "18", 
		"19": "19", 
		"20": "20", 
		"21": "21", 
		"22": "22", 
		"23": "23", 
		"24": "24", 
		"25": "25", 
		"26": "26", 
		"27": "27", 
		"28": "28", 
		"29": "29", 
		"30": "30", 
		"31": "31", 
		"32": "32", 
		"33": "33", 
		"34": "34", 
		"35": "35", 
		"36": "36", 
		"37": "37", 
		"38": "38", 
		"39": "39", 
		"40": "40", 
		"63": "No Checked"
	}
	}, 
	"RDBLID: CANMMUX: Bus Mute": {
	"bitscount": 2, 
	"lists": {
		"0": "Present", 
		"2": "Missing", 
		"3": "Missing Confirmed"
	}
	}, 
	"HardwareNumber.BasicPartList": {
	"lists": {
		"0": "N/A", 
		"1": "25915"
	}
	}, 
	"Radio display": {
	"comment": "Radio display", 
	"lists": {
		"0": "No radio display", 
		"1": "Radio display"
	}
	}, 
	"Car maker": {
	"comment": "Car maker", 
	"lists": {
		"0": "Renault", 
		"1": "Nissan", 
		"2": "Opel", 
		"3": "Dacia", 
		"4": "Renault Samsung Motors", 
		"5": "Vauxhall", 
		"6": "Holden", 
		"7": "Datsun", 
		"8": "Mack", 
		"9": "GVW", 
		"10": "Lada", 
		"11": "Renault trucks", 
		"12": "Chevrolet", 
		"13": "GMC", 
		"14": "GME", 
		"15": "Isuzu", 
		"16": "White GMC", 
		"17": "Bedford", 
		"18": "Renault Sport", 
		"20": "Renault (Simple)", 
		"21": "Renault GP", 
		"22": "Renault 4-Control", 
		"23": "Bose Sound", 
		"24": "Renault TomTom", 
		"25": "Renault TomTom LIVE", 
		"26": "TomTom"
	}
	}, 
	"Output Control Command": {
	"lists": {
		"0": "Start Temporary", 
		"1": "Status", 
		"17": "Stop", 
		"32": "Start Permanent"
	}
	}, 
	"Temperature display": {
	"comment": "Temperature display activation", 
	"lists": {
		"0": "No temp display", 
		"1": "Temp display in \u00b0C"
	}
	}, 
	"Picture saturation": {
	"scaled": true
	}, 
	"RDBLID: CANMMUX: Bus Off": {
	"bitscount": 2, 
	"lists": {
		"0": "Present", 
		"2": "Missing", 
		"3": "Missing Confirmed"
	}
	}, 
	"RDBLID: CANMMUX: Audio counter": {
	"bitscount": 6, 
	"lists": {
		"0": "0", 
		"1": "1", 
		"2": "2", 
		"3": "3", 
		"4": "4", 
		"5": "5", 
		"6": "6", 
		"7": "7", 
		"8": "8", 
		"9": "9", 
		"10": "10", 
		"11": "11", 
		"12": "12", 
		"13": "13", 
		"14": "14", 
		"15": "15", 
		"16": "16", 
		"17": "17", 
		"18": "18", 
		"19": "19", 
		"20": "20", 
		"21": "21", 
		"22": "22", 
		"23": "23", 
		"24": "24", 
		"25": "25", 
		"26": "26", 
		"27": "27", 
		"28": "28", 
		"29": "29", 
		"30": "30", 
		"31": "31", 
		"32": "32", 
		"33": "33", 
		"34": "34", 
		"35": "35", 
		"36": "36", 
		"37": "37", 
		"38": "38", 
		"39": "39", 
		"40": "40", 
		"63": "No Checked"
	}
	}, 
	"DTCDeviceIdentifier": {
	"bytescount": 2, 
	"bitscount": 16, 
	"lists": {
		"37728": "SD Card", 
		"37697": "Data", 
		"37634": "GSM antenna", 
		"37691": "Nav Info line", 
		"37668": "GPS antenna", 
		"37701": "Gyro module", 
		"37761": "GSM internal failure", 
		"37676": "Audio output left", 
		"37677": "Audio output right", 
		"37742": "Rear Cam Controller", 
		"37743": "Rear Camera", 
		"37714": "ECU temp", 
		"37689": "CVBS In Line", 
		"37682": "Aux input", 
		"37692": "Aux_IN_left", 
		"37693": "Aux_IN_right"
	}
	}, 
	"DTCStatus.testFailedSinceLastClear": {
	"bitscount": 1, 
	"lists": {
		"0": "No", 
		"1": "Yes"
	}
	}, 
	"DTCIStatus.testNotCompletedSinceLastClear": {
	"bitscount": 1, 
	"lists": {
		"0": "No", 
		"1": "Yes"
	}
	}, 
	"Output Control Status": {
	"comment": "Front display test card status", 
	"lists": {
		"1": "Running", 
		"2": "Stopped", 
		"18": "problem in the test"
	}
	}, 
	"Fitting angle": {
	"scaled": true, 
	"comment": "fitting angle", 
	"unit": "degrees", 
	"offset": -90.0
	}, 
	"DTCStatus.testNotCompletedSinceLastClear": {
	"bitscount": 1, 
	"lists": {
		"0": "No", 
		"1": "Yes"
	}
	}, 
	"GSM antenna diagnostic inhibition.GSM antenna OL diagnostic inhibition": {
	"comment": "Configuration of the diagnostic of GSM antenna", 
	"bitscount": 1, 
	"lists": {
		"0": "Enable diagnostic OL", 
		"1": "Disable diagnostic OL"
	}
	}, 
	"GSM antenna diagnostic inhibition.GSM antenna SCG diagnostic inhibition": {
	"comment": "Configuration of the diagnostic of GSM antenna", 
	"bitscount": 1, 
	"lists": {
		"0": "Enable diagnostic SCG", 
		"1": "Disable diagnostic SCG"
	}
	}, 
	"DTCExtendedData.Mileage": {
	"scaled": true, 
	"bytescount": 3, 
	"comment": "Description of the extendedData Mileage (use by Failure Page to decode data)", 
	"bitscount": 24, 
	"unit": "km"
	}, 
	"Use restriction": {
	"comment": "Use restriction", 
	"lists": {
		"0": "not restricted use", 
		"1": "restricted use"
	}
	}, 
	"RDBLID: CANMMUX: CSW counter": {
	"comment": "CSW ECU fault counter", 
	"bitscount": 6, 
	"lists": {
		"0": "0", 
		"1": "1", 
		"2": "2", 
		"3": "3", 
		"4": "4", 
		"5": "5", 
		"6": "6", 
		"7": "7", 
		"8": "8", 
		"9": "9", 
		"10": "10", 
		"11": "11", 
		"12": "12", 
		"13": "13", 
		"14": "14", 
		"15": "15", 
		"16": "16", 
		"17": "17", 
		"18": "18", 
		"19": "19", 
		"20": "20", 
		"21": "21", 
		"22": "22", 
		"23": "23", 
		"24": "24", 
		"25": "25", 
		"26": "26", 
		"27": "27", 
		"28": "28", 
		"29": "29", 
		"30": "30", 
		"31": "31", 
		"32": "32", 
		"33": "33", 
		"34": "34", 
		"35": "35", 
		"36": "36", 
		"37": "37", 
		"38": "38", 
		"39": "39", 
		"40": "40", 
		"63": "No Checked"
	}
	}, 
	"DTCStatus.warningIndicatorRequested": {
	"bitscount": 1, 
	"lists": {
		"0": "No", 
		"1": "Yes"
	}
	}, 
	"Picture hue": {
	"scaled": true
	}, 
	"Session Name": {
	"comment": "type of diagnostic session to be activated", 
	"lists": {
		"192": "After sales, development & factory session", 
		"129": "Default session"
	}
	}, 
	"System configuration.bits.Light sensor present": {
	"comment": "Light sensor management", 
	"bitscount": 1, 
	"lists": {
		"0": "DayNightStatusForBacklight_MM use", 
		"1": "LightSensorStatus_MM use"
	}
	}, 
	"DTCStatusAvailabilityMask": {
	"scaled": true
	}, 
	"EditionNumber": {
	"comment": "Software version(edition) number", 
	"bytescount": 2, 
	"byte": true, 
	"bitscount": 16
	}, 
	"PartNumber.LowerPart": {
	"bytesascii": true, 
	"bytescount": 5, 
	"byte": true, 
	"bitscount": 40
	}, 
	"Output Permanent Control List": {
	"comment": "IOControl tests list", 
	"lists": {
		"33": "Display check", 
		"51": "Guide Voice Tone", 
		"52": "BlueTooth Scan", 
		"53": "GPS screen display"
	}
	}, 
	"LastAfterSalesOperationDate.Month": {
	"comment": "Last after sales operation month", 
	"byte": true
	}, 
	"Brightness": {
	"scaled": true, 
	"signed": true
	}, 
	"DTCRecord": {
	"bytescount": 3, 
	"byte": true, 
	"bitscount": 24
	}, 
	"DTCStatus.testNotCompletedThisMonitoringCycle": {
	"bitscount": 1, 
	"lists": {
		"0": "No", 
		"1": "Yes"
	}
	}, 
	"System configuration.bits.Fixed Guidelines present": {
	"comment": "Fixed Guidelines conf", 
	"bitscount": 1, 
	"lists": {
		"0": "No fixed guidelines", 
		"1": "Fixed Guidelines present"
	}
	}, 
	"Output Temporary Control List": {
	"comment": "IOControl tests list", 
	"lists": {
		"8": "Rear Cam Activation", 
		"7": "Rear Cam Configuration"
	}
	}, 
	"GSM antenna diagnostic inhibition.GSM antenna SCS diagnostic inhibition": {
	"comment": "Configuration of the diagnostic of GSM antenna", 
	"bitscount": 1, 
	"lists": {
		"0": "Enable diagnostic SCS", 
		"1": "Disable diagnostic SCS"
	}
	}, 
	"LID: VIN: C.R.C.": {
	"comment": "key code confirming the validity of the VIN, written at Renault factory", 
	"bytescount": 2, 
	"byte": true, 
	"bitscount": 16
	}, 
	"SoftwareNumber": {
	"comment": "Software identification number", 
	"bytescount": 2, 
	"byte": true, 
	"bitscount": 16
	}, 
	"System configuration.bits.Input configuration": {
	"comment": "Input configuration", 
	"bitscount": 2, 
	"lists": {
		"0": "No CBox, No Aux_IN", 
		"1": "No CBox, Aux_IN fitted", 
		"2": "reserved", 
		"3": "CBox fitted, Aux_IN fitted"
	}
	}, 
	"DTCFailureType.Category": {
	"bitscount": 4, 
	"lists": {
		"0": "General Failure Information", 
		"1": "General Electrical Failures", 
		"2": "General Signal Failures", 
		"3": "FM (Frequency Modulated) / PWM (Pulse Width Modulated) Failures", 
		"4": "System Internal Failures", 
		"5": "System Programming Failures", 
		"6": "Algorithm Based Failures", 
		"7": "Mechanical Failures", 
		"8": "Bus Signal / Message Failures", 
		"9": "Component Failures", 
		"15": "Vehicle manufacturer / System supplier specific"
	}
	}, 
	"Time display": {
	"comment": "Time display activation", 
	"lists": {
		"0": "No time displayed", 
		"1": "Time displayed in 12H format", 
		"2": "Time displayed in 24H format"
	}
	}, 
	"DTCStatus.pendingDTC": {
	"bitscount": 1, 
	"lists": {
		"0": "No", 
		"1": "Yes"
	}
	}, 
	"Distance display": {
	"comment": "Distance unit display", 
	"lists": {
		"0": "Distance in Km", 
		"1": "Distance in Miles"
	}
	}, 
	"Connectivity": {
	"comment": "Configuration of the activation of Connectivity", 
	"bitscount": 3, 
	"lists": {
		"0": "No connectivity - Device not capable", 
		"1": "Device capable but no GSM antenna connected", 
		"3": "Connectivity activated"
	}
	}, 
	"RDBLID: CANMMUX: Rear Cam": {
	"comment": "Rear Camera ECU status", 
	"bitscount": 2, 
	"lists": {
		"0": "present", 
		"2": "missing", 
		"3": "missing confirmed"
	}
	}, 
	"Kit AssemblyReference": {
	"bytesascii": true, 
	"bytescount": 10, 
	"byte": true, 
	"bitscount": 80, 
	"comment": "Kit assembly reference (identical to part number)"
	}, 
	"DTCFailureType.ManufacturerOrSupplier": {
	"bitscount": 4
	}, 
	"System configuration.bits.Central command": {
	"comment": "Central switch presence", 
	"bitscount": 1, 
	"lists": {
		"0": "No Central command", 
		"1": "Central command present"
	}
	}, 
	"RDBLID: CANMMUX: navigation": {
	"comment": "navigation ECU status (0 expected)", 
	"bitscount": 2, 
	"lists": {
		"0": "present", 
		"2": "missing", 
		"3": "missing confirmed"
	}
	}, 
	"RDBLID: CANMMUX: A2/A3/BIC counter": {
	"comment": "this ECU fault counter = 00", 
	"bitscount": 6, 
	"lists": {
		"0": "0", 
		"1": "1", 
		"2": "2", 
		"3": "3", 
		"4": "4", 
		"5": "5", 
		"6": "6", 
		"7": "7", 
		"8": "8", 
		"9": "9", 
		"10": "10", 
		"11": "11", 
		"12": "12", 
		"13": "13", 
		"14": "14", 
		"15": "15", 
		"16": "16", 
		"17": "17", 
		"18": "18", 
		"19": "19", 
		"20": "20", 
		"21": "21", 
		"22": "22", 
		"23": "23", 
		"24": "24", 
		"25": "25", 
		"26": "26", 
		"27": "27", 
		"28": "28", 
		"29": "29", 
		"30": "30", 
		"31": "31", 
		"32": "32", 
		"33": "33", 
		"34": "34", 
		"35": "35", 
		"36": "36", 
		"37": "37", 
		"38": "38", 
		"39": "39", 
		"40": "40", 
		"63": "No Checked"
	}
	}, 
	"DTCStatus.testFailedThisMonitoringCycle": {
	"bitscount": 1, 
	"lists": {
		"0": "No", 
		"1": "Yes"
	}
	}, 
	"DTCIStatus.confirmedDTC": {
	"bitscount": 1, 
	"lists": {
		"0": "No", 
		"1": "Yes"
	}
	}, 
	"RDBLID: CANMMUX: Bus Mute Counter": {
	"bitscount": 6, 
	"lists": {
		"0": "0", 
		"1": "1", 
		"2": "2", 
		"3": "3", 
		"4": "4", 
		"5": "5", 
		"6": "6", 
		"7": "7", 
		"8": "8", 
		"9": "9", 
		"10": "10", 
		"11": "11", 
		"12": "12", 
		"13": "13", 
		"14": "14", 
		"15": "15", 
		"16": "16", 
		"17": "17", 
		"18": "18", 
		"19": "19", 
		"20": "20", 
		"21": "21", 
		"22": "22", 
		"23": "23", 
		"24": "24", 
		"25": "25", 
		"26": "26", 
		"27": "27", 
		"28": "28", 
		"29": "29", 
		"30": "30", 
		"31": "31", 
		"32": "32", 
		"33": "33", 
		"34": "34", 
		"35": "35", 
		"36": "36", 
		"37": "37", 
		"38": "38", 
		"39": "39", 
		"40": "40", 
		"63": "No Checked"
	}
	}, 
	"RDBLID: traceability supplier number (ITG)": {
	"bytesascii": true, 
	"bytescount": 3, 
	"byte": true, 
	"bitscount": 24, 
	"comment": "329"
	}, 
	"RDBLID: CANMMUX: Ref Messagerie": {
	"bytescount": 2, 
	"byte": true, 
	"bitscount": 16
	}, 
	"DTCMaskRecord": {
	"bytescount": 3, 
	"byte": true, 
	"bitscount": 24
	}, 
	"System configuration.bits.RadioType": {
	"comment": "analog input type", 
	"lists": {
		"0": "R1_08 Radio", 
		"1": "R2_08 Radio", 
		"2": "First Radio", 
		"3": "reserved3", 
		"4": "reserved4", 
		"5": "reserved5", 
		"6": "reserved6", 
		"7": "reserved7", 
		"8": "reserved8", 
		"9": "reserved9", 
		"10": "reservedA", 
		"11": "reservedB", 
		"12": "reservedC", 
		"246": "reservedF6", 
		"247": "reservedF7", 
		"248": "reservedF8", 
		"249": "reservedF9", 
		"250": "reservedFA", 
		"251": "reservedFB", 
		"252": "reservedFC", 
		"253": "reservedFD", 
		"254": "reservedFE", 
		"255": "reservedFF"
	}
	}, 
	"ECUR: reset type (R)": {
	"comment": "Type of reset asked by the tool", 
	"lists": {
		"64": "Configuration reset", 
		"1": "Hard reset", 
		"3": "Soft reset"
	}
	}, 
	"RDBLID: CANMMUX: Rear Cam counter": {
	"comment": "Rear Camera ECU fault counter (0 expected)", 
	"bitscount": 6, 
	"lists": {
		"0": "0", 
		"1": "1", 
		"2": "2", 
		"3": "3", 
		"4": "4", 
		"5": "5", 
		"6": "6", 
		"7": "7", 
		"8": "8", 
		"9": "9", 
		"10": "10", 
		"11": "11", 
		"12": "12", 
		"13": "13", 
		"14": "14", 
		"15": "15", 
		"16": "16", 
		"17": "17", 
		"18": "18", 
		"19": "19", 
		"20": "20", 
		"21": "21", 
		"22": "22", 
		"23": "23", 
		"24": "24", 
		"25": "25", 
		"26": "26", 
		"27": "27", 
		"28": "28", 
		"29": "29", 
		"30": "30", 
		"31": "31", 
		"32": "32", 
		"33": "33", 
		"34": "34", 
		"35": "35", 
		"36": "36", 
		"37": "37", 
		"38": "38", 
		"39": "39", 
		"40": "40", 
		"63": "No Checked"
	}
	}, 
	"DiagnosticIdentificationCode": {
	"comment": "Diag evolution number", 
	"byte": true
	}, 
	"DTCFailureType": {
	"lists": {
		"0": "Device and failure type ODB codding", 
		"1": "General Electrical Failure", 
		"2": "General signal failure", 
		"3": "FM (Frequency Modulated) / PWM (Pulse Width Modulated) Failures", 
		"4": "System Internal Failures", 
		"5": "System Programming Failures", 
		"6": "Algorithm Based Failures", 
		"7": "Mechanical Failures", 
		"8": "Bus Signal / Message Failures", 
		"9": "Component Failures", 
		"17": "circuit short to ground", 
		"18": "circuit short to battery", 
		"19": "circuit open", 
		"20": "circuit short to ground or open", 
		"21": "circuit short to battery or open", 
		"22": "circuit voltage below threshold", 
		"23": "circuit voltage above threshold", 
		"24": "circuit current below threshold", 
		"25": "circuit current above threshold", 
		"26": "circuit resistance below threshold", 
		"27": "circuit resistance above threshold", 
		"28": "circuit voltage out of range", 
		"29": "circuit current out of range", 
		"30": "circuit resistance out of range", 
		"31": "circuit intermittent", 
		"33": "signal amplitude < minimum", 
		"34": "signal amplitude > maximum", 
		"35": "signal stuck low", 
		"36": "signal stuck high", 
		"37": "signal shape / waveform failure", 
		"38": "signal rate of change below threshold", 
		"39": "signal rate of change above threshold", 
		"40": "signal bias level out of range / zero adjustment failure", 
		"41": "signal signal invalid", 
		"47": "signal erratic", 
		"49": "no signal", 
		"50": "signal low time < minimum", 
		"51": "signal low time > maximum", 
		"52": "signal high time < minimum", 
		"53": "signal high time > maximum", 
		"54": "signal frequency too low", 
		"55": "signal frequency too high", 
		"56": "signal frequency incorrect", 
		"57": "incorrect has too few pulses", 
		"58": "incorrect has too many pulses", 
		"65": "general checksum failure", 
		"66": "general memory failure", 
		"67": "special memory failure", 
		"68": "data memory failure", 
		"69": "program memory failure", 
		"70": "calibration / parameter memory failure", 
		"71": "watchdog / safety \u00b5C failure", 
		"72": "supervision software failure", 
		"73": "internal electronic failure", 
		"74": "incorrect component installed", 
		"75": "over temperature", 
		"81": "not programmed", 
		"82": "not activated", 
		"83": "deactivated", 
		"84": "missing calibration", 
		"85": "not configured", 
		"97": "signal calculation failure", 
		"98": "signal compare failure", 
		"99": "circuit / component protection time-out", 
		"100": "signal plausibility failure", 
		"101": "signal has too few transitions / events", 
		"102": "signal has too many transitions / events", 
		"103": "signal incorrect after event", 
		"104": "event information", 
		"113": "actuator stuck", 
		"114": "actuator stuck open", 
		"115": "actuator stuck closed", 
		"116": "actuator slipping", 
		"117": "emergency position not reachable", 
		"118": "wrong mounting position", 
		"119": "commanded position not reachable", 
		"120": "alignment or adjustment incorrect", 
		"121": "mechanical linkage failure", 
		"122": "fluid leak or seal failure", 
		"123": "low fluid level", 
		"129": "invalid serial data received", 
		"130": "alive / sequence counter incorrect / not updated", 
		"131": "value of signal protection calculation incorrect", 
		"132": "signal below allowable range", 
		"133": "signal above allowable range", 
		"134": "signal invalid", 
		"135": "missing message", 
		"136": "bus off", 
		"143": "erratic", 
		"145": "parametric", 
		"146": "performance or incorrect operation", 
		"147": "no operation", 
		"148": "unexpected operation", 
		"149": "incorrect assembly", 
		"150": "component internal failure", 
		"151": "Component or system operation obstructed or blocked", 
		"152": "component or system over temperature"
	}
	}, 
	"ManufacturerIdentificationCode": {
	"lists": {
		"0": "Renault R1", 
		"128": "Nissan N1", 
		"130": "Nissan N3", 
		"129": "Nissan N2", 
		"136": "5DIGITS", 
		"255": "Renault R3"
	}
	}, 
	"StatusOfDTC": {
	"scaled": true
	}, 
	"RDBLID: CANMMUX: A2/A3/BIC": {
	"bitscount": 2, 
	"lists": {
		"0": "present", 
		"2": "missing", 
		"3": "missing confirmed"
	}
	}, 
	"Battery level": {
	"scaled": true, 
	"divideby": 5.0, 
	"comment": "Battery level", 
	"unit": "V", 
	"format": "#00.0"
	}, 
	"RDBLID: traceability serial number": {
	"bytesascii": true, 
	"bytescount": 12, 
	"byte": true, 
	"bitscount": 96, 
	"comment": "production umber in the week"
	}, 
	"vehicle speed": {
	"comment": "vehicle speed", 
	"divideby": 100.0, 
	"bitscount": 16, 
	"format": "#00.0", 
	"scaled": true, 
	"bytescount": 2, 
	"unit": "Km/H"
	}, 
	"DTCDeviceAndFailureTypeOBD": {
	"bytescount": 2, 
	"bitscount": 16
	}, 
	"LastAfterSalesOperationDate.Year": {
	"comment": "Last after sales opertion year", 
	"byte": true
	}, 
	"SupplierNumber.ITG": {
	"bytesascii": true, 
	"bytescount": 3, 
	"byte": true, 
	"bitscount": 24, 
	"comment": "Supplier ITG code"
	}, 
	"LastAfterSalesOperationDate.Day": {
	"comment": "Last after sales opertion day", 
	"byte": true
	}, 
	"RDBLID: CANMMUX: CSW": {
	"bitscount": 2, 
	"lists": {
		"0": "present", 
		"2": "missing", 
		"3": "missing confirmed"
	}
	}, 
	"ECUR: reset type (S)": {
	"comment": "Type of reset asked by the tool", 
	"lists": {
		"64": "Configuration reset", 
		"1": "Hard reset", 
		"3": "Soft reset"
	}
	}, 
	"DTCStatus.confirmedDTC": {
	"bitscount": 1, 
	"lists": {
		"0": "No", 
		"1": "Yes"
	}
	}, 
	"CalibrationNumber": {
	"comment": "Numero de calibration en Hexa", 
	"bytescount": 2, 
	"byte": true, 
	"bitscount": 16
	}, 
	"RDBLID: CANMMUX: navigation counter": {
	"comment": "Navigation ECU fault counter (0 expected)", 
	"bitscount": 6, 
	"lists": {
		"0": "0", 
		"1": "1", 
		"2": "2", 
		"3": "3", 
		"4": "4", 
		"5": "5", 
		"6": "6", 
		"7": "7", 
		"8": "8", 
		"9": "9", 
		"10": "10", 
		"11": "11", 
		"12": "12", 
		"13": "13", 
		"14": "14", 
		"15": "15", 
		"16": "16", 
		"17": "17", 
		"18": "18", 
		"19": "19", 
		"20": "20", 
		"21": "21", 
		"22": "22", 
		"23": "23", 
		"24": "24", 
		"25": "25", 
		"26": "26", 
		"27": "27", 
		"28": "28", 
		"29": "29", 
		"30": "30", 
		"31": "31", 
		"32": "32", 
		"33": "33", 
		"34": "34", 
		"35": "35", 
		"36": "36", 
		"37": "37", 
		"38": "38", 
		"39": "39", 
		"40": "40", 
		"63": "No Checked"
	}
	}, 
	"DTCIStatus.testFailed": {
	"bitscount": 1, 
	"lists": {
		"0": "No", 
		"1": "Yes"
	}
	}, 
	"System configuration.bits.GPSExtAntenna": {
	"comment": "GPSExtAntenna presence", 
	"bitscount": 1, 
	"lists": {
		"0": "No GPS ext antenna", 
		"1": "GPS ext antenna"
	}
	}, 
	"PartReference": {
	"bytesascii": true, 
	"bytescount": 10, 
	"byte": true, 
	"bitscount": 80, 
	"comment": "Part number"
	}, 
	"Picture contrast": {
	"scaled": true
	}, 
	"IOControl: Availibility": {
	"comment": "Request for availibility", 
	"lists": {
		"0": "Request for availibility LID from 0 to 19", 
		"32": "Request for availibility LID from 21 to 39"
	}
	}, 
	"LID: VIN: V.I.N.": {
	"bytesascii": true, 
	"bytescount": 17, 
	"byte": true, 
	"bitscount": 136, 
	"comment": "Serial number of the car, written at Renault factory"
	}, 
	"HardwareNumber.LowerPart": {
	"bytesascii": true, 
	"bytescount": 5, 
	"byte": true, 
	"bitscount": 40
	}, 
	"ApprovalNumber.BasicPartList": {
	"lists": {
		"0": "N/A"
	}
	}, 
	"DTCIStatus.testFailedSinceLastClear": {
	"bitscount": 1, 
	"lists": {
		"0": "No", 
		"1": "Yes"
	}
	}, 
	"DTCStatus.testFailed": {
	"bitscount": 1, 
	"lists": {
		"0": "No", 
		"1": "Yes"
	}
	}, 
	"RDBLID: CANMMUX: Audio": {
	"bitscount": 2, 
	"lists": {
		"0": "present", 
		"2": "missing", 
		"3": "missing confirmed"
	}
	}
}
}