{
"obd": {
	"baudrate": 10400, 
	"protocol": "CAN", 
	"recv_id": "736", 
	"funcname": "LDCM", 
	"funcaddr": "F7", 
	"send_id": "716"
}, 
"devices": [
	{
	"dtc": 43377, 
	"devicedata": {}, 
	"dtctype": 2, 
	"name": "REAR SLIDE LEARNING FAILED"
	}, 
	{
	"dtc": 43303, 
	"devicedata": {}, 
	"dtctype": 3, 
	"name": "POWER/MOTOR LUMBAR UP/DOWN"
	}, 
	{
	"dtc": 43304, 
	"devicedata": {}, 
	"dtctype": 3, 
	"name": "POWER/MOTOR LUMBAR FORWARD/BACKWARD"
	}, 
	{
	"dtc": 43382, 
	"devicedata": {}, 
	"dtctype": 2, 
	"name": "MOTOR LUMBAR1 COUNTER FAILURE"
	}, 
	{
	"dtc": 43378, 
	"devicedata": {}, 
	"dtctype": 2, 
	"name": "LUMBAR LEARNING FAILED"
	}, 
	{
	"dtc": 43348, 
	"devicedata": {}, 
	"dtctype": 2, 
	"name": "HEATING FRAME COUNTER FAILURE"
	}, 
	{
	"dtc": 43301, 
	"devicedata": {}, 
	"dtctype": 0, 
	"name": "SENSOR/MOTOR LUMBAR UP/DOWN"
	}, 
	{
	"dtc": 43296, 
	"devicedata": {}, 
	"dtctype": 0, 
	"name": "SENSOR/MOTOR BACKREST FW/BW"
	}, 
	{
	"dtc": 43365, 
	"devicedata": {}, 
	"dtctype": 3, 
	"name": "Heating LED 2"
	}, 
	{
	"dtc": 43300, 
	"devicedata": {}, 
	"dtctype": 0, 
	"name": "SENSOR/MOTOR SHOULDER ADJUSTER FW/BW"
	}, 
	{
	"dtc": 43385, 
	"devicedata": {}, 
	"dtctype": 2, 
	"name": "LED VENTILATION COUNTER FAILURE"
	}, 
	{
	"dtc": 43264, 
	"devicedata": {}, 
	"dtctype": 2, 
	"name": "UCE SEAT"
	}, 
	{
	"dtc": 43345, 
	"devicedata": {
		"TemperatureTargetTMin": "0"
	}, 
	"dtctype": 3, 
	"name": "HEATING FRAME"
	}, 
	{
	"dtc": 43280, 
	"devicedata": {}, 
	"dtctype": 0, 
	"name": "Control panel swirtches"
	}, 
	{
	"dtc": 61443, 
	"devicedata": {}, 
	"dtctype": 2, 
	"name": "UCE SEAT 1"
	}, 
	{
	"dtc": 43299, 
	"devicedata": {}, 
	"dtctype": 0, 
	"name": "SENSOR/MOTOR FRONT UP/DOWN"
	}, 
	{
	"dtc": 43376, 
	"devicedata": {}, 
	"dtctype": 2, 
	"name": "FRONT SLIDE LEARNING FAILED"
	}, 
	{
	"dtc": 43383, 
	"devicedata": {}, 
	"dtctype": 2, 
	"name": "MOTOR LUMBAR2 COUNTER FAILURE"
	}, 
	{
	"dtc": 43384, 
	"devicedata": {}, 
	"dtctype": 2, 
	"name": "LED HEATING COUNTER FAILURE"
	}, 
	{
	"dtc": 43360, 
	"devicedata": {}, 
	"dtctype": 0, 
	"name": "Fan/Heating Switch"
	}, 
	{
	"dtc": 49449, 
	"devicedata": {}, 
	"dtctype": 2, 
	"name": "UCE SEAT 2"
	}, 
	{
	"dtc": 43364, 
	"devicedata": {}, 
	"dtctype": 3, 
	"name": "Heating LED 1"
	}, 
	{
	"dtc": 43392, 
	"devicedata": {}, 
	"dtctype": 2, 
	"name": "LED MASSAGE COUNTER FAILURE"
	}, 
	{
	"dtc": 43350, 
	"devicedata": {}, 
	"dtctype": 2, 
	"name": "FAN MOTOR POWER COUNTER FAILURE"
	}, 
	{
	"dtc": 43298, 
	"devicedata": {}, 
	"dtctype": 0, 
	"name": "SENSOR/MOTOR SLIDE BW/FW"
	}, 
	{
	"dtc": 43351, 
	"devicedata": {}, 
	"dtctype": 2, 
	"name": "FAN_MOTOR_PWM_COUNTER_FAILURE"
	}, 
	{
	"dtc": 43302, 
	"devicedata": {}, 
	"dtctype": 0, 
	"name": "SENSOR/MOTOR LUMBAR FORWARD/BACKWARD"
	}, 
	{
	"dtc": 43349, 
	"devicedata": {}, 
	"dtctype": 3, 
	"name": "FAN MOTOR"
	}, 
	{
	"dtc": 43361, 
	"devicedata": {}, 
	"dtctype": 3, 
	"name": "Fan LED 1"
	}, 
	{
	"dtc": 43381, 
	"devicedata": {}, 
	"dtctype": 2, 
	"name": "APC OFF LOAD 2 voltage"
	}, 
	{
	"dtc": 43346, 
	"devicedata": {}, 
	"dtctype": 0, 
	"name": "HEATING SENSOR"
	}, 
	{
	"dtc": 43362, 
	"devicedata": {}, 
	"dtctype": 3, 
	"name": "Fan LED 2"
	}, 
	{
	"dtc": 43297, 
	"devicedata": {}, 
	"dtctype": 0, 
	"name": "SENSOR/MOTOR REAR UP/DOWN"
	}
], 
"ecuname": "PSCU_CMF1_SW7.6", 
"autoidents": [
	{
	"diagversion": "4", 
	"supplier": "174", 
	"version": "3", 
	"soft": "7"
	}
], 
"endian": "Big", 
"requests": [
	{
	"name": "DataRead.Slider length", 
	"replybytes": "620215", 
	"deny_sds": [], 
	"receivebyte_dataitems": {
		"Slider length": {
		"ref": true, 
		"firstbyte": 4
		}
	}, 
	"minbytes": 5, 
	"sentbytes": "220215"
	}, 
	{
	"name": "DataWrite.Heating Counter Failure", 
	"replybytes": "6E0120", 
	"deny_sds": [], 
	"manualsend": true, 
	"sendbyte_dataitems": {
		"Heating Counter Failure": {
		"firstbyte": 4
		}
	}, 
	"minbytes": 3, 
	"sentbytes": "2E01200000"
	}, 
	{
	"name": "DataWrite.Courtoisie function", 
	"replybytes": "6E020C", 
	"deny_sds": [], 
	"manualsend": true, 
	"sendbyte_dataitems": {
		"Courtoisie function": {
		"bitoffset": 7, 
		"firstbyte": 4
		}
	}, 
	"minbytes": 3, 
	"sentbytes": "2E020C00"
	}, 
	{
	"name": "DataRead.Shoulder adjuster function", 
	"replybytes": "620203", 
	"deny_sds": [], 
	"receivebyte_dataitems": {
		"Shoulder adjuster function": {
		"bitoffset": 7, 
		"ref": true, 
		"firstbyte": 4
		}
	}, 
	"minbytes": 4, 
	"sentbytes": "220203"
	}, 
	{
	"name": "DataRead.SENSOR/MOTOR LATERAL MAINTAIN FW/BW", 
	"replybytes": "620315", 
	"deny_sds": [], 
	"manualsend": true, 
	"receivebyte_dataitems": {
		"SENSOR/MOTOR LATERAL MAINTAIN FW/BW": {
		"ref": true, 
		"firstbyte": 4
		}
	}, 
	"minbytes": 4, 
	"sentbytes": "220315"
	}, 
	{
	"name": "DataRead.Factory Mode", 
	"replybytes": "62020F", 
	"deny_sds": [], 
	"receivebyte_dataitems": {
		"Factory Mode": {
		"bitoffset": 7, 
		"ref": true, 
		"firstbyte": 4
		}
	}, 
	"minbytes": 4, 
	"sentbytes": "22020F"
	}, 
	{
	"name": "DataRead.STATE SWITCH APA", 
	"replybytes": "620112", 
	"deny_sds": [], 
	"receivebyte_dataitems": {
		"STATE SWITCH APA": {
		"bitoffset": 7, 
		"ref": true, 
		"firstbyte": 4
		}
	}, 
	"minbytes": 4, 
	"sentbytes": "220112"
	}, 
	{
	"name": "IO.LumbarXBW", 
	"replybytes": "6F0306000000", 
	"deny_sds": [], 
	"manualsend": true, 
	"receivebyte_dataitems": {
		"IOCTL.StatusRecordParameter": {
		"firstbyte": 4
		}, 
		"IOCTL.DataIdentifier": {
		"firstbyte": 2
		}, 
		"IOCTL.StatusRecordParameterCS1": {
		"firstbyte": 5
		}, 
		"IOCTL.PositiveResponse": {
		"firstbyte": 6
		}
	}, 
	"minbytes": 6, 
	"sentbytes": "2F03060302"
	}, 
	{
	"name": "RoutineControl", 
	"replybytes": "7100000000", 
	"deny_sds": [], 
	"manualsend": true, 
	"receivebyte_dataitems": {
		"RoutineStatusRecord.RoutineInfo": {
		"firstbyte": 5, 
		"endian": "Little"
		}
	}, 
	"sendbyte_dataitems": {
		"RoutineIdentifierList": {
		"firstbyte": 3
		}
	}, 
	"minbytes": 5, 
	"sentbytes": "31000000"
	}, 
	{
	"name": "IO.BackrestStop", 
	"replybytes": "6F0302000000", 
	"deny_sds": [], 
	"manualsend": true, 
	"receivebyte_dataitems": {
		"IOCTL.StatusRecordParameter": {
		"firstbyte": 4
		}, 
		"IOCTL.DataIdentifier": {
		"firstbyte": 2
		}, 
		"IOCTL.StatusRecordParameterCS1": {
		"firstbyte": 5
		}, 
		"IOCTL.PositiveResponse": {
		"firstbyte": 6
		}
	}, 
	"minbytes": 6, 
	"sentbytes": "2F030200"
	}, 
	{
	"name": "DataRead.STATE SWITCH HEATING", 
	"replybytes": "620111", 
	"deny_sds": [], 
	"receivebyte_dataitems": {
		"STATE SWITCH HEATING": {
		"bitoffset": 7, 
		"ref": true, 
		"firstbyte": 4
		}
	}, 
	"minbytes": 4, 
	"sentbytes": "220111"
	}, 
	{
	"name": "DataRead.systemSupplierIdentifier", 
	"replybytes": "62F18A", 
	"deny_sds": [], 
	"receivebyte_dataitems": {
		"systemSupplierIdentifier": {
		"ref": true, 
		"firstbyte": 4
		}
	}, 
	"minbytes": 67, 
	"sentbytes": "22F18A"
	}, 
	{
	"name": "DataRead.Ventilation Power Flag Failure", 
	"replybytes": "620123", 
	"deny_sds": [], 
	"manualsend": true, 
	"receivebyte_dataitems": {
		"Ventilation Power Flag Failure": {
		"bitoffset": 7, 
		"ref": true, 
		"firstbyte": 4
		}
	}, 
	"minbytes": 4, 
	"sentbytes": "220123"
	}, 
	{
	"name": "DataWrite.Ventilation PWM Flag Failure", 
	"replybytes": "6E0139", 
	"deny_sds": [], 
	"manualsend": true, 
	"sendbyte_dataitems": {
		"Ventilation PWM Flag Failure": {
		"bitoffset": 7, 
		"firstbyte": 4
		}
	}, 
	"minbytes": 3, 
	"sentbytes": "2E013900"
	}, 
	{
	"name": "DataRead.SENSOR/MOTOR SLIDE FW/BW", 
	"replybytes": "620304", 
	"deny_sds": [], 
	"manualsend": true, 
	"receivebyte_dataitems": {
		"SENSOR/MOTOR SLIDE FW/BW": {
		"ref": true, 
		"firstbyte": 4
		}
	}, 
	"minbytes": 4, 
	"sentbytes": "220304"
	}, 
	{
	"name": "StartDiagnosticSession.ExtendedDiagnostic", 
	"replybytes": "5003", 
	"deny_sds": [], 
	"manualsend": true, 
	"minbytes": 2, 
	"sentbytes": "1003"
	}, 
	{
	"name": "DataRead.VIN", 
	"replybytes": "62F190", 
	"deny_sds": [], 
	"receivebyte_dataitems": {
		"VIN": {
		"ref": true, 
		"firstbyte": 4
		}
	}, 
	"minbytes": 20, 
	"sentbytes": "22F190"
	}, 
	{
	"name": "IO.RaiseDOWN", 
	"replybytes": "6F0305000000", 
	"deny_sds": [], 
	"manualsend": true, 
	"receivebyte_dataitems": {
		"IOCTL.StatusRecordParameter": {
		"firstbyte": 4
		}, 
		"IOCTL.DataIdentifier": {
		"firstbyte": 2
		}, 
		"IOCTL.StatusRecordParameterCS1": {
		"firstbyte": 5
		}, 
		"IOCTL.PositiveResponse": {
		"firstbyte": 6
		}
	}, 
	"minbytes": 6, 
	"sentbytes": "2F03050302"
	}, 
	{
	"name": "DataWrite.SENSOR/MOTOR LATERAL MAINTAIN FW/BW", 
	"replybytes": "6E0315", 
	"deny_sds": [], 
	"manualsend": true, 
	"sendbyte_dataitems": {
		"SENSOR/MOTOR LATERAL MAINTAIN FW/BW": {
		"firstbyte": 4
		}
	}, 
	"minbytes": 3, 
	"sentbytes": "2E031500"
	}, 
	{
	"name": "DataRead.vehicleManufacturerSparePartNumber", 
	"replybytes": "62F187", 
	"deny_sds": [], 
	"receivebyte_dataitems": {
		"vehicleManufacturerSparePartNumber": {
		"ref": true, 
		"firstbyte": 4
		}
	}, 
	"minbytes": 13, 
	"sentbytes": "22F187"
	}, 
	{
	"name": "DataRead.Tilt function", 
	"replybytes": "620205", 
	"deny_sds": [], 
	"receivebyte_dataitems": {
		"Tilt function": {
		"bitoffset": 7, 
		"ref": true, 
		"firstbyte": 4
		}
	}, 
	"minbytes": 4, 
	"sentbytes": "220205"
	}, 
	{
	"name": "DataRead.HeatingCurrentStabilisedTMax", 
	"replybytes": "62021A", 
	"deny_sds": [], 
	"receivebyte_dataitems": {
		"HeatingCurrentStabilisedTMax": {
		"ref": true, 
		"firstbyte": 4
		}
	}, 
	"minbytes": 5, 
	"sentbytes": "22021A"
	}, 
	{
	"name": "ClearDiagnosticInformation.All", 
	"replybytes": "54", 
	"deny_sds": [], 
	"manualsend": true, 
	"minbytes": 1, 
	"sentbytes": "14FFFFFF"
	}, 
	{
	"name": "DataRead.systemSupplierECUSoftwareNumber", 
	"replybytes": "62F194", 
	"deny_sds": [], 
	"receivebyte_dataitems": {
		"systemSupplierECUSoftwareNumber": {
		"ref": true, 
		"firstbyte": 4
		}
	}, 
	"minbytes": 35, 
	"sentbytes": "22F194"
	}, 
	{
	"name": "RoutineControl.RoutineCalibrationInAfterSalesMarket.Start", 
	"replybytes": "7101000002", 
	"deny_sds": [], 
	"manualsend": true, 
	"receivebyte_dataitems": {
		"RoutineStatusRecord.RoutineInfo": {
		"firstbyte": 5
		}
	}, 
	"minbytes": 5, 
	"sentbytes": "31010002"
	}, 
	{
	"name": "DataRead.Lumbar1 Counter Failure", 
	"replybytes": "620124", 
	"deny_sds": [], 
	"manualsend": true, 
	"receivebyte_dataitems": {
		"Lumbar1 Counter Failure": {
		"ref": true, 
		"firstbyte": 4
		}
	}, 
	"minbytes": 5, 
	"sentbytes": "220124"
	}, 
	{
	"name": "RoutineControl.RoutineDynanometerTestBench.Start", 
	"replybytes": "7101000003", 
	"deny_sds": [], 
	"manualsend": true, 
	"receivebyte_dataitems": {
		"RoutineStatusRecord.RoutineInfo": {
		"firstbyte": 5
		}
	}, 
	"minbytes": 5, 
	"sentbytes": "31010003"
	}, 
	{
	"name": "IO.LumbarXFW", 
	"replybytes": "6F0306000000", 
	"deny_sds": [], 
	"manualsend": true, 
	"receivebyte_dataitems": {
		"IOCTL.StatusRecordParameter": {
		"firstbyte": 4
		}, 
		"IOCTL.DataIdentifier": {
		"firstbyte": 2
		}, 
		"IOCTL.StatusRecordParameterCS1": {
		"firstbyte": 5
		}, 
		"IOCTL.PositiveResponse": {
		"firstbyte": 6
		}
	}, 
	"minbytes": 6, 
	"sentbytes": "2F03060301"
	}, 
	{
	"name": "IO.RaiseStop", 
	"replybytes": "6F0305000000", 
	"deny_sds": [], 
	"manualsend": true, 
	"receivebyte_dataitems": {
		"IOCTL.StatusRecordParameter": {
		"firstbyte": 4
		}, 
		"IOCTL.DataIdentifier": {
		"firstbyte": 2
		}, 
		"IOCTL.StatusRecordParameterCS1": {
		"firstbyte": 5
		}, 
		"IOCTL.PositiveResponse": {
		"firstbyte": 6
		}
	}, 
	"minbytes": 6, 
	"sentbytes": "2F030500"
	}, 
	{
	"name": "DataRead.SENSOR/MOTOR REAR UP/DOWN", 
	"replybytes": "620305", 
	"deny_sds": [], 
	"receivebyte_dataitems": {
		"SENSOR/MOTOR REAR UP/DOWN": {
		"ref": true, 
		"firstbyte": 4
		}
	}, 
	"minbytes": 4, 
	"sentbytes": "220305"
	}, 
	{
	"name": "DataWrite.Massage OM2", 
	"replybytes": "6E0212", 
	"deny_sds": [], 
	"manualsend": true, 
	"sendbyte_dataitems": {
		"Massage OM2": {
		"bitoffset": 7, 
		"firstbyte": 4
		}
	}, 
	"minbytes": 3, 
	"sentbytes": "2E021200"
	}, 
	{
	"name": "DataWrite.Massage OM1", 
	"replybytes": "6E0211", 
	"deny_sds": [], 
	"manualsend": true, 
	"sendbyte_dataitems": {
		"Massage OM1": {
		"bitoffset": 7, 
		"firstbyte": 4
		}
	}, 
	"minbytes": 3, 
	"sentbytes": "2E021100"
	}, 
	{
	"name": "DataWrite.SENSOR/MOTOR REAR UP/DOWN", 
	"replybytes": "6E0305", 
	"deny_sds": [], 
	"manualsend": true, 
	"sendbyte_dataitems": {
		"SENSOR/MOTOR REAR UP/DOWN": {
		"firstbyte": 4
		}
	}, 
	"minbytes": 3, 
	"sentbytes": "2E030500"
	}, 
	{
	"name": "DataRead.Lumbar1 Flag Failure", 
	"replybytes": "620125", 
	"deny_sds": [], 
	"manualsend": true, 
	"receivebyte_dataitems": {
		"Lumbar1 Flag Failure": {
		"bitoffset": 7, 
		"ref": true, 
		"firstbyte": 4
		}
	}, 
	"minbytes": 4, 
	"sentbytes": "220125"
	}, 
	{
	"name": "DataRead.Heating Counter Failure", 
	"replybytes": "620120", 
	"deny_sds": [], 
	"manualsend": true, 
	"receivebyte_dataitems": {
		"Heating Counter Failure": {
		"ref": true, 
		"firstbyte": 4
		}
	}, 
	"minbytes": 5, 
	"sentbytes": "220120"
	}, 
	{
	"name": "DataRead.Cuir/Tissu/Velours", 
	"replybytes": "62020D", 
	"deny_sds": [], 
	"receivebyte_dataitems": {
		"Cuir/Tissu/Velours": {
		"bitoffset": 7, 
		"ref": true, 
		"firstbyte": 4
		}
	}, 
	"minbytes": 4, 
	"sentbytes": "22020D"
	}, 
	{
	"name": "DataWrite.HEATING MAP", 
	"replybytes": "6E0311", 
	"deny_sds": [], 
	"manualsend": true, 
	"sendbyte_dataitems": {
		"HEATING MAP": {
		"firstbyte": 4
		}
	}, 
	"minbytes": 3, 
	"sentbytes": "2E031100"
	}, 
	{
	"name": "DataWrite.LED 1 HEATING", 
	"replybytes": "6E0312", 
	"deny_sds": [], 
	"manualsend": true, 
	"sendbyte_dataitems": {
		"LED 1 HEATING": {
		"bitoffset": 7, 
		"firstbyte": 4
		}
	}, 
	"minbytes": 3, 
	"sentbytes": "2E031200"
	}, 
	{
	"name": "DataWrite.SENSOR/MOTOR BACKREST FW/BW", 
	"replybytes": "6E0302", 
	"deny_sds": [], 
	"manualsend": true, 
	"sendbyte_dataitems": {
		"SENSOR/MOTOR BACKREST FW/BW": {
		"firstbyte": 4
		}
	}, 
	"minbytes": 3, 
	"sentbytes": "2E030200"
	}, 
	{
	"name": "DataRead.diagnosticVersion", 
	"replybytes": "62F1A0", 
	"deny_sds": [], 
	"receivebyte_dataitems": {
		"diagnosticVersion": {
		"ref": true, 
		"firstbyte": 4
		}
	}, 
	"minbytes": 4, 
	"sentbytes": "22F1A0"
	}, 
	{
	"name": "DataWrite.VIN", 
	"replybytes": "6EF190", 
	"deny_sds": [], 
	"manualsend": true, 
	"sendbyte_dataitems": {
		"VIN": {
		"firstbyte": 4
		}
	}, 
	"minbytes": 3, 
	"sentbytes": "2EF1900000000000000000000000000000000000"
	}, 
	{
	"name": "DataWrite.Massage function", 
	"replybytes": "6E0209", 
	"deny_sds": [], 
	"manualsend": true, 
	"sendbyte_dataitems": {
		"Massage function": {
		"bitoffset": 7, 
		"firstbyte": 4
		}
	}, 
	"minbytes": 3, 
	"sentbytes": "2E020900"
	}, 
	{
	"name": "DataRead.SENSOR/MOTOR LUMBAR FW/BW", 
	"replybytes": "620306", 
	"deny_sds": [], 
	"receivebyte_dataitems": {
		"SENSOR/MOTOR LUMBAR FW/BW": {
		"ref": true, 
		"firstbyte": 4
		}
	}, 
	"minbytes": 4, 
	"sentbytes": "220306"
	}, 
	{
	"name": "DataRead.Ventilation Power Counter Failure", 
	"replybytes": "620122", 
	"deny_sds": [], 
	"manualsend": true, 
	"receivebyte_dataitems": {
		"Ventilation Power Counter Failure": {
		"ref": true, 
		"firstbyte": 4
		}
	}, 
	"minbytes": 5, 
	"sentbytes": "220122"
	}, 
	{
	"name": "DataRead.Easy Access Passenger", 
	"replybytes": "62020B", 
	"deny_sds": [], 
	"receivebyte_dataitems": {
		"Easy Access Passenger": {
		"bitoffset": 7, 
		"ref": true, 
		"firstbyte": 4
		}
	}, 
	"minbytes": 4, 
	"sentbytes": "22020B"
	}, 
	{
	"name": "IO.LumbarXStop", 
	"replybytes": "6F0306000000", 
	"deny_sds": [], 
	"manualsend": true, 
	"receivebyte_dataitems": {
		"IOCTL.StatusRecordParameter": {
		"firstbyte": 4
		}, 
		"IOCTL.DataIdentifier": {
		"firstbyte": 2
		}, 
		"IOCTL.StatusRecordParameterCS1": {
		"firstbyte": 5
		}, 
		"IOCTL.PositiveResponse": {
		"firstbyte": 6
		}
	}, 
	"minbytes": 6, 
	"sentbytes": "2F030600"
	}, 
	{
	"name": "StartDiagnosticSession.Default", 
	"replybytes": "5001", 
	"deny_sds": [], 
	"manualsend": true, 
	"minbytes": 2, 
	"sentbytes": "1001"
	}, 
	{
	"name": "DataRead.B Pillar position", 
	"replybytes": "620210", 
	"deny_sds": [], 
	"receivebyte_dataitems": {
		"B Pillar position": {
		"ref": true, 
		"firstbyte": 4
		}
	}, 
	"minbytes": 5, 
	"sentbytes": "220210"
	}, 
	{
	"name": "DataWrite.SENSOR/MOTOR SLIDE FW/BW", 
	"replybytes": "6E0304", 
	"deny_sds": [], 
	"manualsend": true, 
	"sendbyte_dataitems": {
		"SENSOR/MOTOR SLIDE FW/BW": {
		"firstbyte": 4
		}
	}, 
	"minbytes": 3, 
	"sentbytes": "2E030400"
	}, 
	{
	"name": "DataRead.vehicleManufacturerECUSoftwareNumber", 
	"replybytes": "62F188", 
	"deny_sds": [], 
	"receivebyte_dataitems": {
		"vehicleManufacturerECUSoftwareNumber": {
		"ref": true, 
		"firstbyte": 4
		}
	}, 
	"minbytes": 13, 
	"sentbytes": "22F188"
	}, 
	{
	"name": "DataWrite.Massage range", 
	"replybytes": "6E0213", 
	"deny_sds": [], 
	"manualsend": true, 
	"sendbyte_dataitems": {
		"Massage range": {
		"firstbyte": 4
		}
	}, 
	"minbytes": 3, 
	"sentbytes": "2E02130000"
	}, 
	{
	"name": "DataWrite.TemperatureTargetTMax", 
	"replybytes": "6E0218", 
	"deny_sds": [], 
	"manualsend": true, 
	"sendbyte_dataitems": {
		"TemperatureTargetTMax": {
		"firstbyte": 4
		}
	}, 
	"minbytes": 3, 
	"sentbytes": "2E02180000"
	}, 
	{
	"name": "DataRead.Courtoisie function", 
	"replybytes": "62020C", 
	"deny_sds": [], 
	"receivebyte_dataitems": {
		"Courtoisie function": {
		"bitoffset": 7, 
		"ref": true, 
		"firstbyte": 4
		}
	}, 
	"minbytes": 4, 
	"sentbytes": "22020C"
	}, 
	{
	"name": "DataWrite.Ventilation PWM Counter Failure", 
	"replybytes": "6E0138", 
	"deny_sds": [], 
	"manualsend": true, 
	"sendbyte_dataitems": {
		"Ventilation PWM Counter Failure": {
		"firstbyte": 4
		}
	}, 
	"minbytes": 3, 
	"sentbytes": "2E01380000"
	}, 
	{
	"name": "IO.SliderFW", 
	"replybytes": "6F0304000000", 
	"deny_sds": [], 
	"manualsend": true, 
	"receivebyte_dataitems": {
		"IOCTL.StatusRecordParameter": {
		"firstbyte": 4
		}, 
		"IOCTL.DataIdentifier": {
		"firstbyte": 2
		}, 
		"IOCTL.StatusRecordParameterCS1": {
		"firstbyte": 5
		}, 
		"IOCTL.PositiveResponse": {
		"firstbyte": 6
		}
	}, 
	"minbytes": 6, 
	"sentbytes": "2F03040301"
	}, 
	{
	"name": "ReadDTCInformation.ReportNumberOfDTCByStatusMask", 
	"replybytes": "5901FF000000", 
	"deny_sds": [], 
	"receivebyte_dataitems": {
		"DTCCount": {
		"firstbyte": 5
		}, 
		"DTCFormatIdentifier": {
		"firstbyte": 4
		}, 
		"DTCStatusAvailabilityMask": {
		"firstbyte": 3
		}
	}, 
	"minbytes": 6, 
	"sentbytes": "1901FF"
	}, 
	{
	"name": "DataWrite.Lumbar function", 
	"replybytes": "6E0206", 
	"deny_sds": [], 
	"manualsend": true, 
	"sendbyte_dataitems": {
		"Lumbar function": {
		"bitoffset": 7, 
		"firstbyte": 4
		}
	}, 
	"minbytes": 3, 
	"sentbytes": "2E020600"
	}, 
	{
	"name": "DataRead.LED 2 FAN", 
	"replybytes": "620310", 
	"deny_sds": [], 
	"manualsend": true, 
	"receivebyte_dataitems": {
		"LED 2 FAN": {
		"bitoffset": 7, 
		"ref": true, 
		"firstbyte": 4
		}
	}, 
	"minbytes": 4, 
	"sentbytes": "220310"
	}, 
	{
	"name": "DataRead.LED MASSAGE", 
	"replybytes": "620316", 
	"deny_sds": [], 
	"manualsend": true, 
	"receivebyte_dataitems": {
		"LED MASSAGE": {
		"bitoffset": 7, 
		"ref": true, 
		"firstbyte": 4
		}
	}, 
	"minbytes": 4, 
	"sentbytes": "220316"
	}, 
	{
	"name": "DataRead.Heating Flag Failure", 
	"replybytes": "620121", 
	"deny_sds": [], 
	"manualsend": true, 
	"receivebyte_dataitems": {
		"Heating Flag Failure": {
		"bitoffset": 7, 
		"ref": true, 
		"firstbyte": 4
		}
	}, 
	"minbytes": 4, 
	"sentbytes": "220121"
	}, 
	{
	"name": "RoutineControl.RoutineCalibrationInPlants.Stop", 
	"replybytes": "7102000001", 
	"deny_sds": [], 
	"manualsend": true, 
	"receivebyte_dataitems": {
		"RoutineStatusRecord.RoutineInfo": {
		"firstbyte": 5, 
		"endian": "Little"
		}
	}, 
	"minbytes": 5, 
	"sentbytes": "31020001"
	}, 
	{
	"name": "TesterPresent.WithResponse", 
	"deny_sds": [], 
	"minbytes": 1, 
	"sentbytes": "3E00", 
	"replybytes": "7E"
	}, 
	{
	"name": "DataWrite.LED 2 FAN", 
	"replybytes": "6E0310", 
	"deny_sds": [], 
	"manualsend": true, 
	"sendbyte_dataitems": {
		"LED 2 FAN": {
		"bitoffset": 7, 
		"firstbyte": 4
		}
	}, 
	"minbytes": 3, 
	"sentbytes": "2E031000"
	}, 
	{
	"name": "DataWrite.Easy Access Passenger", 
	"replybytes": "6E020B", 
	"deny_sds": [], 
	"manualsend": true, 
	"sendbyte_dataitems": {
		"Easy Access Passenger": {
		"bitoffset": 7, 
		"firstbyte": 4
		}
	}, 
	"minbytes": 3, 
	"sentbytes": "2E020B00"
	}, 
	{
	"name": "IO.LumbarYUP", 
	"replybytes": "6F0307000000", 
	"deny_sds": [], 
	"manualsend": true, 
	"receivebyte_dataitems": {
		"IOCTL.StatusRecordParameter": {
		"firstbyte": 4
		}, 
		"IOCTL.DataIdentifier": {
		"firstbyte": 2
		}, 
		"IOCTL.StatusRecordParameterCS1": {
		"firstbyte": 5
		}, 
		"IOCTL.PositiveResponse": {
		"firstbyte": 6
		}
	}, 
	"minbytes": 6, 
	"sentbytes": "2F03070301"
	}, 
	{
	"name": "DataWrite.Slide function", 
	"replybytes": "6E0201", 
	"deny_sds": [], 
	"manualsend": true, 
	"sendbyte_dataitems": {
		"Slide function": {
		"bitoffset": 7, 
		"firstbyte": 4
		}
	}, 
	"minbytes": 3, 
	"sentbytes": "2E020100"
	}, 
	{
	"name": "DataRead.Ventilation PWM Counter Failure", 
	"replybytes": "620138", 
	"deny_sds": [], 
	"manualsend": true, 
	"receivebyte_dataitems": {
		"Ventilation PWM Counter Failure": {
		"ref": true, 
		"firstbyte": 4
		}
	}, 
	"minbytes": 5, 
	"sentbytes": "220138"
	}, 
	{
	"name": "DataWrite.TemperatureTargetTMin", 
	"replybytes": "6E0219", 
	"deny_sds": [], 
	"manualsend": true, 
	"sendbyte_dataitems": {
		"TemperatureTargetTMin": {
		"firstbyte": 4
		}
	}, 
	"minbytes": 3, 
	"sentbytes": "2E02190000"
	}, 
	{
	"name": "DataRead.LED 1 HEATING", 
	"replybytes": "620312", 
	"deny_sds": [], 
	"receivebyte_dataitems": {
		"LED 1 HEATING": {
		"bitoffset": 7, 
		"ref": true, 
		"firstbyte": 4
		}
	}, 
	"minbytes": 4, 
	"sentbytes": "220312"
	}, 
	{
	"name": "DataRead.SENSOR HEATING NTC", 
	"replybytes": "620116", 
	"deny_sds": [], 
	"manualsend": true, 
	"receivebyte_dataitems": {
		"SENSOR HEATING NTC": {
		"ref": true, 
		"firstbyte": 4
		}
	}, 
	"minbytes": 5, 
	"sentbytes": "220116"
	}, 
	{
	"name": "DataRead.TemperatureTargetTMax", 
	"replybytes": "620218", 
	"deny_sds": [], 
	"receivebyte_dataitems": {
		"TemperatureTargetTMax": {
		"ref": true, 
		"firstbyte": 4
		}
	}, 
	"minbytes": 5, 
	"sentbytes": "220218"
	}, 
	{
	"name": "DataWrite.Heating Flag Failure", 
	"replybytes": "6E0121", 
	"deny_sds": [], 
	"manualsend": true, 
	"sendbyte_dataitems": {
		"Heating Flag Failure": {
		"bitoffset": 7, 
		"firstbyte": 4
		}
	}, 
	"minbytes": 3, 
	"sentbytes": "2E012100"
	}, 
	{
	"name": "DataWrite.Lumbar2 Counter Failure", 
	"replybytes": "6E0126", 
	"deny_sds": [], 
	"manualsend": true, 
	"sendbyte_dataitems": {
		"Lumbar2 Counter Failure": {
		"firstbyte": 4
		}
	}, 
	"minbytes": 3, 
	"sentbytes": "2E01260000"
	}, 
	{
	"name": "DataWrite.HeatingCurrentStabilisedTMax", 
	"replybytes": "6E021A", 
	"deny_sds": [], 
	"manualsend": true, 
	"sendbyte_dataitems": {
		"HeatingCurrentStabilisedTMax": {
		"firstbyte": 4
		}
	}, 
	"minbytes": 3, 
	"sentbytes": "2E021A0000"
	}, 
	{
	"name": "DataRead.SENSOR/MOTOR FRONT UP/DOWN", 
	"replybytes": "620303", 
	"deny_sds": [], 
	"receivebyte_dataitems": {
		"SENSOR/MOTOR FRONT UP/DOWN": {
		"ref": true, 
		"firstbyte": 4
		}
	}, 
	"minbytes": 4, 
	"sentbytes": "220303"
	}, 
	{
	"name": "DataWrite.B Pillar position", 
	"replybytes": "6E0210", 
	"deny_sds": [], 
	"manualsend": true, 
	"sendbyte_dataitems": {
		"B Pillar position": {
		"firstbyte": 4
		}
	}, 
	"minbytes": 3, 
	"sentbytes": "2E02100000"
	}, 
	{
	"name": "DataRead.ECUSerialNumber", 
	"replybytes": "62F18C", 
	"deny_sds": [], 
	"receivebyte_dataitems": {
		"ECUSerialNumber": {
		"ref": true, 
		"firstbyte": 4
		}
	}, 
	"minbytes": 23, 
	"sentbytes": "22F18C"
	}, 
	{
	"name": "DataRead.Massage range", 
	"replybytes": "620213", 
	"deny_sds": [], 
	"receivebyte_dataitems": {
		"Massage range": {
		"ref": true, 
		"firstbyte": 4
		}
	}, 
	"minbytes": 5, 
	"sentbytes": "220213"
	}, 
	{
	"name": "DataWrite.vehicleManufacturerECUSoftwareNumber", 
	"replybytes": "6EF188", 
	"deny_sds": [], 
	"manualsend": true, 
	"sendbyte_dataitems": {
		"vehicleManufacturerECUSoftwareNumber": {
		"firstbyte": 4
		}
	}, 
	"minbytes": 3, 
	"sentbytes": "2EF18800000000000000000000"
	}, 
	{
	"name": "DataRead.STATE SWITCH FAN", 
	"replybytes": "620110", 
	"deny_sds": [], 
	"receivebyte_dataitems": {
		"STATE SWITCH FAN": {
		"bitoffset": 7, 
		"ref": true, 
		"firstbyte": 4
		}
	}, 
	"minbytes": 4, 
	"sentbytes": "220110"
	}, 
	{
	"name": "DataRead.SENSOR/MOTOR SHOULDER ADJUSTER FW/BW", 
	"replybytes": "620301", 
	"deny_sds": [], 
	"receivebyte_dataitems": {
		"SENSOR/MOTOR SHOULDER ADJUSTER FW/BW": {
		"ref": true, 
		"firstbyte": 4
		}
	}, 
	"minbytes": 4, 
	"sentbytes": "220301"
	}, 
	{
	"name": "RoutineControl.LumbarLearnnig", 
	"replybytes": "7101040300", 
	"deny_sds": [], 
	"manualsend": true, 
	"receivebyte_dataitems": {
		"RoutineEntryStatus": {
		"firstbyte": 5
		}
	}, 
	"minbytes": 5, 
	"sentbytes": "31010403"
	}, 
	{
	"name": "ReadDTCInformation.ReportSupportedDTC", 
	"replybytes": "590AFF00000000", 
	"deny_sds": [], 
	"receivebyte_dataitems": {
		"DTCFailureType": {
		"firstbyte": 6
		}, 
		"StatusOfDTC": {
		"firstbyte": 7
		}, 
		"DTCStatusAvailabilityMask": {
		"firstbyte": 3
		}, 
		"DTCDeviceIdentifier": {
		"firstbyte": 4
		}
	}, 
	"minbytes": 3, 
	"sentbytes": "190A", 
	"shiftbytescount": 4
	}, 
	{
	"name": "DataWrite.Heating function", 
	"replybytes": "6E0207", 
	"deny_sds": [], 
	"manualsend": true, 
	"sendbyte_dataitems": {
		"Heating function": {
		"bitoffset": 7, 
		"firstbyte": 4
		}
	}, 
	"minbytes": 3, 
	"sentbytes": "2E020700"
	}, 
	{
	"name": "IO.TiltStop", 
	"replybytes": "6F0303000000", 
	"deny_sds": [], 
	"manualsend": true, 
	"receivebyte_dataitems": {
		"IOCTL.StatusRecordParameter": {
		"firstbyte": 4
		}, 
		"IOCTL.DataIdentifier": {
		"firstbyte": 2
		}, 
		"IOCTL.StatusRecordParameterCS1": {
		"firstbyte": 5
		}, 
		"IOCTL.PositiveResponse": {
		"firstbyte": 6
		}
	}, 
	"minbytes": 6, 
	"sentbytes": "2F030300"
	}, 
	{
	"name": "DataWrite.Factory Mode", 
	"replybytes": "6E020F", 
	"deny_sds": [], 
	"manualsend": true, 
	"sendbyte_dataitems": {
		"Factory Mode": {
		"bitoffset": 7, 
		"firstbyte": 4
		}
	}, 
	"minbytes": 3, 
	"sentbytes": "2E020F00"
	}, 
	{
	"name": "DataRead.Massage function", 
	"replybytes": "620209", 
	"deny_sds": [], 
	"receivebyte_dataitems": {
		"Massage function": {
		"bitoffset": 7, 
		"ref": true, 
		"firstbyte": 4
		}
	}, 
	"minbytes": 4, 
	"sentbytes": "220209"
	}, 
	{
	"name": "DataWrite.Enregistrement de la lecture de la voie Conducteur/Passager", 
	"replybytes": "6E020E", 
	"deny_sds": [], 
	"manualsend": true, 
	"sendbyte_dataitems": {
		"Enregistrement de la lecture de la voie Conducteur/Passager": {
		"bitoffset": 7, 
		"firstbyte": 4
		}
	}, 
	"minbytes": 3, 
	"sentbytes": "2E020E00"
	}, 
	{
	"name": "DataRead.Backrest function", 
	"replybytes": "620202", 
	"deny_sds": [], 
	"receivebyte_dataitems": {
		"Backrest function": {
		"bitoffset": 7, 
		"ref": true, 
		"firstbyte": 4
		}
	}, 
	"minbytes": 4, 
	"sentbytes": "220202"
	}, 
	{
	"name": "DataRead.Airneck function", 
	"replybytes": "620217", 
	"deny_sds": [], 
	"receivebyte_dataitems": {
		"Airneck function": {
		"bitoffset": 7, 
		"ref": true, 
		"firstbyte": 4
		}
	}, 
	"minbytes": 4, 
	"sentbytes": "220217"
	}, 
	{
	"name": "DataRead.TemperatureTargetTMin", 
	"replybytes": "620219", 
	"deny_sds": [], 
	"receivebyte_dataitems": {
		"TemperatureTargetTMin": {
		"ref": true, 
		"firstbyte": 4
		}
	}, 
	"minbytes": 5, 
	"sentbytes": "220219"
	}, 
	{
	"name": "DataWrite.Lumbar2 Flag Failure", 
	"replybytes": "6E0127", 
	"deny_sds": [], 
	"manualsend": true, 
	"sendbyte_dataitems": {
		"Lumbar2 Flag Failure": {
		"bitoffset": 7, 
		"firstbyte": 4
		}
	}, 
	"minbytes": 3, 
	"sentbytes": "2E012700"
	}, 
	{
	"name": "RoutineControl.FrontSliderLearning", 
	"replybytes": "7101040100", 
	"deny_sds": [], 
	"manualsend": true, 
	"receivebyte_dataitems": {
		"RoutineEntryStatus": {
		"firstbyte": 5
		}
	}, 
	"minbytes": 5, 
	"sentbytes": "31010402"
	}, 
	{
	"name": "DataWrite.Lumbar1 Counter Failure", 
	"replybytes": "6E0124", 
	"deny_sds": [], 
	"manualsend": true, 
	"sendbyte_dataitems": {
		"Lumbar1 Counter Failure": {
		"firstbyte": 4
		}
	}, 
	"minbytes": 3, 
	"sentbytes": "2E01240000"
	}, 
	{
	"name": "IO.RaiseUP", 
	"replybytes": "6F0305000000", 
	"deny_sds": [], 
	"manualsend": true, 
	"receivebyte_dataitems": {
		"IOCTL.StatusRecordParameter": {
		"firstbyte": 4
		}, 
		"IOCTL.DataIdentifier": {
		"firstbyte": 2
		}, 
		"IOCTL.StatusRecordParameterCS1": {
		"firstbyte": 5
		}, 
		"IOCTL.PositiveResponse": {
		"firstbyte": 6
		}
	}, 
	"minbytes": 6, 
	"sentbytes": "2F03050301"
	}, 
	{
	"name": "DataWrite.Ventilation Power Counter Failure", 
	"replybytes": "6E0122", 
	"deny_sds": [], 
	"manualsend": true, 
	"sendbyte_dataitems": {
		"Ventilation Power Counter Failure": {
		"firstbyte": 4
		}
	}, 
	"minbytes": 3, 
	"sentbytes": "2E01220000"
	}, 
	{
	"name": "DataRead.HEATING MAP", 
	"replybytes": "620311", 
	"deny_sds": [], 
	"manualsend": true, 
	"receivebyte_dataitems": {
		"HEATING MAP": {
		"ref": true, 
		"firstbyte": 4
		}
	}, 
	"minbytes": 4, 
	"sentbytes": "220311"
	}, 
	{
	"name": "DataRead.Lumbar2 Flag Failure", 
	"replybytes": "620127", 
	"deny_sds": [], 
	"manualsend": true, 
	"receivebyte_dataitems": {
		"Lumbar2 Flag Failure": {
		"bitoffset": 7, 
		"ref": true, 
		"firstbyte": 4
		}
	}, 
	"minbytes": 4, 
	"sentbytes": "220127"
	}, 
	{
	"name": "DataRead.SENSOR/MOTOR LUMBAR UP/DOWN", 
	"replybytes": "620307", 
	"deny_sds": [], 
	"receivebyte_dataitems": {
		"SENSOR/MOTOR LUMBAR UP/DOWN": {
		"ref": true, 
		"firstbyte": 4
		}
	}, 
	"minbytes": 4, 
	"sentbytes": "220307"
	}, 
	{
	"name": "DataRead.vehicleManufacturerKitAssemblyPartNumber", 
	"replybytes": "62F18E", 
	"deny_sds": [], 
	"receivebyte_dataitems": {
		"vehicleManufacturerKitAssemblyPartNumber": {
		"ref": true, 
		"firstbyte": 4
		}
	}, 
	"minbytes": 13, 
	"sentbytes": "22F18E"
	}, 
	{
	"name": "IO.SliderBW", 
	"replybytes": "6F0304000000", 
	"deny_sds": [], 
	"manualsend": true, 
	"receivebyte_dataitems": {
		"IOCTL.StatusRecordParameter": {
		"firstbyte": 4
		}, 
		"IOCTL.DataIdentifier": {
		"firstbyte": 2
		}, 
		"IOCTL.StatusRecordParameterCS1": {
		"firstbyte": 5
		}, 
		"IOCTL.PositiveResponse": {
		"firstbyte": 6
		}
	}, 
	"minbytes": 6, 
	"sentbytes": "2F03040302"
	}, 
	{
	"name": "DataRead.Ventilation PWM Flag Failure", 
	"replybytes": "620139", 
	"deny_sds": [], 
	"manualsend": true, 
	"receivebyte_dataitems": {
		"Ventilation PWM Flag Failure": {
		"bitoffset": 7, 
		"ref": true, 
		"firstbyte": 4
		}
	}, 
	"minbytes": 4, 
	"sentbytes": "220139"
	}, 
	{
	"name": "DataWrite.SENSOR/MOTOR SHOULDER ADJUSTER FW/BW", 
	"replybytes": "6E0301", 
	"deny_sds": [], 
	"manualsend": true, 
	"sendbyte_dataitems": {
		"SENSOR/MOTOR SHOULDER ADJUSTER FW/BW": {
		"firstbyte": 4
		}
	}, 
	"minbytes": 3, 
	"sentbytes": "2E030100"
	}, 
	{
	"name": "DataRead.Lumbar2 Counter Failure", 
	"replybytes": "620126", 
	"deny_sds": [], 
	"manualsend": true, 
	"receivebyte_dataitems": {
		"Lumbar2 Counter Failure": {
		"ref": true, 
		"firstbyte": 4
		}
	}, 
	"minbytes": 5, 
	"sentbytes": "220126"
	}, 
	{
	"name": "ReadDTCInformation.ReportDTCSnapshotIdentification", 
	"replybytes": "5903", 
	"deny_sds": [], 
	"sendbyte_dataitems": {
		"DTCMaskRecord": {
		"firstbyte": 3
		}
	}, 
	"minbytes": 2, 
	"sentbytes": "1903000000FF"
	}, 
	{
	"name": "DataRead.LED 1 FAN", 
	"replybytes": "620309", 
	"deny_sds": [], 
	"receivebyte_dataitems": {
		"LED 1 FAN": {
		"bitoffset": 7, 
		"ref": true, 
		"firstbyte": 4
		}
	}, 
	"minbytes": 4, 
	"sentbytes": "220309"
	}, 
	{
	"name": "DataRead.HeatingCurrentStabilizedTMin", 
	"replybytes": "62021B", 
	"deny_sds": [], 
	"receivebyte_dataitems": {
		"HeatingCurrentStabilizedTMin": {
		"ref": true, 
		"firstbyte": 4
		}
	}, 
	"minbytes": 5, 
	"sentbytes": "22021B"
	}, 
	{
	"name": "DataWrite.AIRNECK", 
	"replybytes": "6E0314", 
	"deny_sds": [], 
	"manualsend": true, 
	"sendbyte_dataitems": {
		"AIRNECK": {
		"firstbyte": 4
		}
	}, 
	"minbytes": 3, 
	"sentbytes": "2E031400"
	}, 
	{
	"name": "DataWrite.SENSOR/MOTOR FRONT UP/DOWN", 
	"replybytes": "6E0303", 
	"deny_sds": [], 
	"manualsend": true, 
	"sendbyte_dataitems": {
		"SENSOR/MOTOR FRONT UP/DOWN": {
		"firstbyte": 4
		}
	}, 
	"minbytes": 3, 
	"sentbytes": "2E030300"
	}, 
	{
	"name": "ReadDTCInformation.ReportSnapshot", 
	"replybytes": "590400000000", 
	"deny_sds": [], 
	"receivebyte_dataitems": {
		"DTCRecord": {
		"firstbyte": 3
		}, 
		"StatusOfDTC": {
		"firstbyte": 6
		}
	}, 
	"sendbyte_dataitems": {
		"DTCMaskRecord": {
		"firstbyte": 3
		}
	}, 
	"minbytes": 6, 
	"sentbytes": "1904000000FF"
	}, 
	{
	"name": "RoutineControl.RearSliderLearning", 
	"replybytes": "7101040100", 
	"deny_sds": [], 
	"manualsend": true, 
	"receivebyte_dataitems": {
		"RoutineEntryStatus": {
		"firstbyte": 5
		}
	}, 
	"minbytes": 5, 
	"sentbytes": "31010401"
	}, 
	{
	"name": "IO.TiltDOWN", 
	"replybytes": "6F0303000000", 
	"deny_sds": [], 
	"manualsend": true, 
	"receivebyte_dataitems": {
		"IOCTL.StatusRecordParameter": {
		"firstbyte": 4
		}, 
		"IOCTL.DataIdentifier": {
		"firstbyte": 2
		}, 
		"IOCTL.StatusRecordParameterCS1": {
		"firstbyte": 5
		}, 
		"IOCTL.PositiveResponse": {
		"firstbyte": 6
		}
	}, 
	"minbytes": 6, 
	"sentbytes": "2F03030302"
	}, 
	{
	"name": "DataWrite.FAN", 
	"replybytes": "6E0308", 
	"deny_sds": [], 
	"manualsend": true, 
	"sendbyte_dataitems": {
		"FAN": {
		"bitoffset": 6, 
		"firstbyte": 4
		}
	}, 
	"minbytes": 3, 
	"sentbytes": "2E030800"
	}, 
	{
	"name": "DataRead.STATE SWITCH SEAT WORLD", 
	"replybytes": "620114", 
	"deny_sds": [], 
	"manualsend": true, 
	"receivebyte_dataitems": {
		"STATE SWITCH SEAT WORLD": {
		"bitoffset": 7, 
		"ref": true, 
		"firstbyte": 4
		}
	}, 
	"minbytes": 4, 
	"sentbytes": "220114"
	}, 
	{
	"name": "DataRead.SENSOR/MOTOR BACKREST FW/BW", 
	"replybytes": "620302", 
	"deny_sds": [], 
	"receivebyte_dataitems": {
		"SENSOR/MOTOR BACKREST FW/BW": {
		"ref": true, 
		"firstbyte": 4
		}
	}, 
	"minbytes": 4, 
	"sentbytes": "220302"
	}, 
	{
	"name": "DataRead.AIRNECK", 
	"replybytes": "620314", 
	"deny_sds": [], 
	"manualsend": true, 
	"receivebyte_dataitems": {
		"AIRNECK": {
		"ref": true, 
		"firstbyte": 4
		}
	}, 
	"minbytes": 4, 
	"sentbytes": "220314"
	}, 
	{
	"name": "IO.LumbarYStop", 
	"replybytes": "6F0307000000", 
	"deny_sds": [], 
	"manualsend": true, 
	"receivebyte_dataitems": {
		"IOCTL.StatusRecordParameter": {
		"firstbyte": 4
		}, 
		"IOCTL.DataIdentifier": {
		"firstbyte": 2
		}, 
		"IOCTL.StatusRecordParameterCS1": {
		"firstbyte": 5
		}, 
		"IOCTL.PositiveResponse": {
		"firstbyte": 6
		}
	}, 
	"minbytes": 6, 
	"sentbytes": "2F030700"
	}, 
	{
	"name": "DataWrite.Cuir/Tissu/Velours", 
	"replybytes": "6E020D", 
	"deny_sds": [], 
	"manualsend": true, 
	"sendbyte_dataitems": {
		"Cuir/Tissu/Velours": {
		"bitoffset": 7, 
		"firstbyte": 4
		}
	}, 
	"minbytes": 3, 
	"sentbytes": "2E020D00"
	}, 
	{
	"name": "IO.TitlUP", 
	"replybytes": "6F0303000000", 
	"deny_sds": [], 
	"manualsend": true, 
	"receivebyte_dataitems": {
		"IOCTL.StatusRecordParameter": {
		"firstbyte": 4
		}, 
		"IOCTL.DataIdentifier": {
		"firstbyte": 2
		}, 
		"IOCTL.StatusRecordParameterCS1": {
		"firstbyte": 5
		}, 
		"IOCTL.PositiveResponse": {
		"firstbyte": 6
		}
	}, 
	"minbytes": 6, 
	"sentbytes": "2F03030301"
	}, 
	{
	"name": "DataWrite.Easy Access Driver", 
	"replybytes": "6E020A", 
	"deny_sds": [], 
	"manualsend": true, 
	"sendbyte_dataitems": {
		"Easy Access Driver": {
		"bitoffset": 7, 
		"firstbyte": 4
		}
	}, 
	"minbytes": 3, 
	"sentbytes": "2E020A00"
	}, 
	{
	"name": "DataWrite.LED 2 HEATING", 
	"replybytes": "6E0313", 
	"deny_sds": [], 
	"manualsend": true, 
	"sendbyte_dataitems": {
		"LED 2 HEATING": {
		"bitoffset": 7, 
		"firstbyte": 4
		}
	}, 
	"minbytes": 3, 
	"sentbytes": "2E031300"
	}, 
	{
	"name": "DataRead.Lateral Maintain function", 
	"replybytes": "620216", 
	"deny_sds": [], 
	"receivebyte_dataitems": {
		"Lateral Maintain function": {
		"bitoffset": 7, 
		"ref": true, 
		"firstbyte": 4
		}
	}, 
	"minbytes": 4, 
	"sentbytes": "220216"
	}, 
	{
	"name": "DataRead.LED 2 HEATING", 
	"replybytes": "620313", 
	"deny_sds": [], 
	"manualsend": true, 
	"receivebyte_dataitems": {
		"LED 2 HEATING": {
		"bitoffset": 7, 
		"ref": true, 
		"firstbyte": 4
		}
	}, 
	"minbytes": 4, 
	"sentbytes": "220313"
	}, 
	{
	"name": "DataRead.Memorization function", 
	"replybytes": "620214", 
	"deny_sds": [], 
	"receivebyte_dataitems": {
		"Memorization function": {
		"bitoffset": 7, 
		"ref": true, 
		"firstbyte": 4
		}
	}, 
	"minbytes": 4, 
	"sentbytes": "220214"
	}, 
	{
	"name": "DataRead.Lumbar function", 
	"replybytes": "620206", 
	"deny_sds": [], 
	"receivebyte_dataitems": {
		"Lumbar function": {
		"bitoffset": 7, 
		"ref": true, 
		"firstbyte": 4
		}
	}, 
	"minbytes": 4, 
	"sentbytes": "220206"
	}, 
	{
	"name": "DataRead.systemSupplierECUSoftwareVersionNumber", 
	"replybytes": "62F195", 
	"deny_sds": [], 
	"receivebyte_dataitems": {
		"systemSupplierECUSoftwareVersionNumber": {
		"ref": true, 
		"firstbyte": 4
		}
	}, 
	"minbytes": 35, 
	"sentbytes": "22F195"
	}, 
	{
	"name": "DataRead.vehicleManufacturerECUHardwareNumber", 
	"replybytes": "62F191", 
	"deny_sds": [], 
	"receivebyte_dataitems": {
		"vehicleManufacturerECUHardwareNumber": {
		"ref": true, 
		"firstbyte": 4
		}
	}, 
	"minbytes": 13, 
	"sentbytes": "22F191"
	}, 
	{
	"name": "DataRead.Raise function", 
	"replybytes": "620204", 
	"deny_sds": [], 
	"receivebyte_dataitems": {
		"Raise function": {
		"bitoffset": 7, 
		"ref": true, 
		"firstbyte": 4
		}
	}, 
	"minbytes": 4, 
	"sentbytes": "220204"
	}, 
	{
	"name": "DataRead.systemSupplierECUHardwareNumber", 
	"replybytes": "62F192", 
	"deny_sds": [], 
	"receivebyte_dataitems": {
		"systemSupplierECUHardwareNumber": {
		"ref": true, 
		"firstbyte": 4
		}
	}, 
	"minbytes": 35, 
	"sentbytes": "22F192"
	}, 
	{
	"name": "DataWrite.Tilt function", 
	"replybytes": "6E0205", 
	"deny_sds": [], 
	"manualsend": true, 
	"sendbyte_dataitems": {
		"Tilt function": {
		"bitoffset": 7, 
		"firstbyte": 4
		}
	}, 
	"minbytes": 3, 
	"sentbytes": "2E020500"
	}, 
	{
	"name": "DataWrite.Backrest function", 
	"replybytes": "6E0202", 
	"deny_sds": [], 
	"manualsend": true, 
	"sendbyte_dataitems": {
		"Backrest function": {
		"bitoffset": 7, 
		"firstbyte": 4
		}
	}, 
	"minbytes": 3, 
	"sentbytes": "2E020200"
	}, 
	{
	"name": "DataRead.Enregistrement de la lecture de la voie Conducteur/Passager", 
	"replybytes": "62020E", 
	"deny_sds": [], 
	"receivebyte_dataitems": {
		"Enregistrement de la lecture de la voie Conducteur/Passager": {
		"bitoffset": 7, 
		"ref": true, 
		"firstbyte": 4
		}
	}, 
	"minbytes": 4, 
	"sentbytes": "22020E"
	}, 
	{
	"name": "IO.SliderStop", 
	"replybytes": "6F0304000000", 
	"deny_sds": [], 
	"manualsend": true, 
	"receivebyte_dataitems": {
		"IOCTL.StatusRecordParameter": {
		"firstbyte": 4
		}, 
		"IOCTL.DataIdentifier": {
		"firstbyte": 2
		}, 
		"IOCTL.StatusRecordParameterCS1": {
		"firstbyte": 5
		}, 
		"IOCTL.PositiveResponse": {
		"firstbyte": 6
		}
	}, 
	"minbytes": 6, 
	"sentbytes": "2F030400"
	}, 
	{
	"name": "RoutineControl.RoutineCalibrationInAfterSalesMarket.Stop", 
	"replybytes": "7102000002", 
	"deny_sds": [], 
	"manualsend": true, 
	"receivebyte_dataitems": {
		"RoutineStatusRecord.RoutineInfo": {
		"firstbyte": 5
		}
	}, 
	"minbytes": 5, 
	"sentbytes": "31020002"
	}, 
	{
	"name": "IO.BackrestBW", 
	"replybytes": "6F0302000000", 
	"deny_sds": [], 
	"manualsend": true, 
	"receivebyte_dataitems": {
		"IOCTL.StatusRecordParameter": {
		"firstbyte": 4
		}, 
		"IOCTL.DataIdentifier": {
		"firstbyte": 2
		}, 
		"IOCTL.StatusRecordParameterCS1": {
		"firstbyte": 5
		}, 
		"IOCTL.PositiveResponse": {
		"firstbyte": 6
		}
	}, 
	"minbytes": 6, 
	"sentbytes": "2F03020302"
	}, 
	{
	"name": "DataRead.FAN", 
	"replybytes": "620308", 
	"deny_sds": [], 
	"manualsend": true, 
	"receivebyte_dataitems": {
		"FAN": {
		"bitoffset": 6, 
		"ref": true, 
		"firstbyte": 4
		}
	}, 
	"minbytes": 4, 
	"sentbytes": "220308"
	}, 
	{
	"name": "DataWrite.HeatingCurrentStabilizedTMin", 
	"replybytes": "6E021B", 
	"deny_sds": [], 
	"manualsend": true, 
	"sendbyte_dataitems": {
		"HeatingCurrentStabilizedTMin": {
		"firstbyte": 4
		}
	}, 
	"minbytes": 3, 
	"sentbytes": "2E021B0000"
	}, 
	{
	"name": "DataWrite.Lumbar1 Flag Failure", 
	"replybytes": "6E0125", 
	"deny_sds": [], 
	"manualsend": true, 
	"sendbyte_dataitems": {
		"Lumbar1 Flag Failure": {
		"bitoffset": 7, 
		"firstbyte": 4
		}
	}, 
	"minbytes": 3, 
	"sentbytes": "2E012500"
	}, 
	{
	"name": "StartDiagnosticSession.Programming", 
	"replybytes": "5002", 
	"deny_sds": [], 
	"manualsend": true, 
	"minbytes": 2, 
	"sentbytes": "1002"
	}, 
	{
	"name": "DataWrite.LED 1 FAN", 
	"replybytes": "6E0309", 
	"deny_sds": [], 
	"manualsend": true, 
	"sendbyte_dataitems": {
		"LED 1 FAN": {
		"bitoffset": 7, 
		"firstbyte": 4
		}
	}, 
	"minbytes": 3, 
	"sentbytes": "2E030900"
	}, 
	{
	"name": "OutputControl", 
	"replybytes": "6F0000000000", 
	"deny_sds": [], 
	"manualsend": true, 
	"receivebyte_dataitems": {
		"IOCTL.StatusRecordParameter": {
		"firstbyte": 4
		}, 
		"IOCTL.DataIdentifier": {
		"firstbyte": 2
		}, 
		"IOCTL.StatusRecordParameterCS1": {
		"firstbyte": 5
		}, 
		"IOCTL.PositiveResponse": {
		"firstbyte": 6
		}
	}, 
	"sendbyte_dataitems": {
		"OutputControlCommand": {
		"firstbyte": 4
		}, 
		"OutputPermanentControlList": {
		"firstbyte": 2
		}, 
		"I/OControl": {
		"firstbyte": 5
		}
	}, 
	"minbytes": 6, 
	"sentbytes": "2F00000000"
	}, 
	{
	"name": "DataRead.STATE SWITCH KEYBOARD", 
	"replybytes": "620101", 
	"deny_sds": [], 
	"receivebyte_dataitems": {
		"STATE SWITCH KEYBOARD.STATE SWITCH DOWN RAISE": {
		"bitoffset": 2, 
		"ref": true, 
		"firstbyte": 5
		}, 
		"STATE SWITCH KEYBOARD.STATE SWITCH BACKWARD BACKREST": {
		"ref": true, 
		"firstbyte": 4
		}, 
		"STATE SWITCH KEYBOARD.STATE SWITCH UP FRONT CUSHION": {
		"bitoffset": 7, 
		"ref": true, 
		"firstbyte": 5
		}, 
		"STATE SWITCH KEYBOARD.STATE SWITCH BACKWARD LUMBAR": {
		"ref": true, 
		"firstbyte": 5
		}, 
		"STATE SWITCH KEYBOARD.STATE SWITCH MEMORY 3": {
		"bitoffset": 5, 
		"ref": true, 
		"firstbyte": 4
		}, 
		"STATE SWITCH KEYBOARD.STATE SWITCH MEMORY 2": {
		"bitoffset": 6, 
		"ref": true, 
		"firstbyte": 4
		}, 
		"STATE SWITCH KEYBOARD.STATE SWITCH MEMORY 1": {
		"bitoffset": 7, 
		"ref": true, 
		"firstbyte": 4
		}, 
		"STATE SWITCH KEYBOARD.STATE SWITCH FORWAD BACKREST": {
		"bitoffset": 1, 
		"ref": true, 
		"firstbyte": 4
		}, 
		"STATE SWITCH KEYBOARD.STATE SWITCH BACKWARD TOP BACKREST": {
		"bitoffset": 2, 
		"ref": true, 
		"firstbyte": 4
		}, 
		"STATE SWITCH KEYBOARD.STATE SWITCH MEMORY 4": {
		"bitoffset": 4, 
		"ref": true, 
		"firstbyte": 4
		}, 
		"STATE SWITCH KEYBOARD.STATE SWITCH DOWN FRONT CUSHION": {
		"bitoffset": 6, 
		"ref": true, 
		"firstbyte": 5
		}, 
		"STATE SWITCH KEYBOARD.STATE SWITCH FORWAD LUMBAR": {
		"bitoffset": 1, 
		"ref": true, 
		"firstbyte": 5
		}, 
		"STATE SWITCH KEYBOARD.STATE SWITCH FORWAD TOP BACKREST": {
		"bitoffset": 3, 
		"ref": true, 
		"firstbyte": 4
		}, 
		"STATE SWITCH KEYBOARD.STATE SWITCH FORWAD CUSHION": {
		"bitoffset": 5, 
		"ref": true, 
		"firstbyte": 5
		}, 
		"STATE SWITCH KEYBOARD.STATE SWITCH BACKWARD CUSHION": {
		"bitoffset": 4, 
		"ref": true, 
		"firstbyte": 5
		}, 
		"STATE SWITCH KEYBOARD.STATE SWITCH UP LUMBAR": {
		"bitoffset": 7, 
		"ref": true, 
		"firstbyte": 6
		}, 
		"STATE SWITCH KEYBOARD.STATE SWITCH DOWN LUMBAR": {
		"bitoffset": 6, 
		"ref": true, 
		"firstbyte": 6
		}, 
		"STATE SWITCH KEYBOARD.STATE SWITCH UP RAISE": {
		"bitoffset": 3, 
		"ref": true, 
		"firstbyte": 5
		}
	}, 
	"minbytes": 6, 
	"sentbytes": "220101"
	}, 
	{
	"name": "IO.LumbarYDOWN", 
	"replybytes": "6F0307000000", 
	"deny_sds": [], 
	"manualsend": true, 
	"receivebyte_dataitems": {
		"IOCTL.StatusRecordParameter": {
		"firstbyte": 4
		}, 
		"IOCTL.DataIdentifier": {
		"firstbyte": 2
		}, 
		"IOCTL.StatusRecordParameterCS1": {
		"firstbyte": 5
		}, 
		"IOCTL.PositiveResponse": {
		"firstbyte": 6
		}
	}, 
	"minbytes": 6, 
	"sentbytes": "2F03070302"
	}, 
	{
	"name": "IO.BackrestFW", 
	"replybytes": "6F0302000000", 
	"deny_sds": [], 
	"manualsend": true, 
	"receivebyte_dataitems": {
		"IOCTL.StatusRecordParameter": {
		"firstbyte": 4
		}, 
		"IOCTL.DataIdentifier": {
		"firstbyte": 2
		}, 
		"IOCTL.StatusRecordParameterCS1": {
		"firstbyte": 5
		}, 
		"IOCTL.PositiveResponse": {
		"firstbyte": 6
		}
	}, 
	"minbytes": 6, 
	"sentbytes": "2F03020301"
	}, 
	{
	"name": "StartDiagnosticSession", 
	"replybytes": "5003", 
	"deny_sds": [], 
	"manualsend": true, 
	"sendbyte_dataitems": {
		"SessionName": {
		"firstbyte": 2
		}
	}, 
	"minbytes": 2, 
	"sentbytes": "1003"
	}, 
	{
	"name": "DataWrite.Lateral Maintain function", 
	"replybytes": "6E0216", 
	"deny_sds": [], 
	"manualsend": true, 
	"sendbyte_dataitems": {
		"Lateral Maintain function": {
		"bitoffset": 7, 
		"firstbyte": 4
		}
	}, 
	"minbytes": 3, 
	"sentbytes": "2E021600"
	}, 
	{
	"name": "DataRead.Massage OM2", 
	"replybytes": "620212", 
	"deny_sds": [], 
	"receivebyte_dataitems": {
		"Massage OM2": {
		"bitoffset": 7, 
		"firstbyte": 4
		}
	}, 
	"minbytes": 4, 
	"sentbytes": "220212"
	}, 
	{
	"name": "DataRead.Massage OM1", 
	"replybytes": "620211", 
	"deny_sds": [], 
	"receivebyte_dataitems": {
		"Massage OM1": {
		"bitoffset": 7, 
		"ref": true, 
		"firstbyte": 4
		}
	}, 
	"minbytes": 4, 
	"sentbytes": "220211"
	}, 
	{
	"name": "DataWrite.SENSOR/MOTOR LUMBAR FW/BW", 
	"replybytes": "6E0306", 
	"deny_sds": [], 
	"manualsend": true, 
	"sendbyte_dataitems": {
		"SENSOR/MOTOR LUMBAR FW/BW": {
		"firstbyte": 4
		}
	}, 
	"minbytes": 3, 
	"sentbytes": "2E030600"
	}, 
	{
	"name": "DataWrite.Memorization function", 
	"replybytes": "6E0214", 
	"deny_sds": [], 
	"manualsend": true, 
	"sendbyte_dataitems": {
		"Memorization function": {
		"bitoffset": 7, 
		"firstbyte": 4
		}
	}, 
	"minbytes": 3, 
	"sentbytes": "2E021400"
	}, 
	{
	"name": "DataRead.STATE DRIVER/PASSENGER ENCODING", 
	"replybytes": "620113", 
	"deny_sds": [], 
	"receivebyte_dataitems": {
		"STATE DRIVER/PASSENGER ENCODING": {
		"bitoffset": 6, 
		"ref": true, 
		"firstbyte": 4
		}
	}, 
	"minbytes": 4, 
	"sentbytes": "220113"
	}, 
	{
	"name": "DataWrite.Raise function", 
	"replybytes": "6E0204", 
	"deny_sds": [], 
	"manualsend": true, 
	"sendbyte_dataitems": {
		"Raise function": {
		"bitoffset": 7, 
		"firstbyte": 4
		}
	}, 
	"minbytes": 3, 
	"sentbytes": "2E020400"
	}, 
	{
	"name": "DataWrite.Airneck function", 
	"replybytes": "6E0217", 
	"deny_sds": [], 
	"manualsend": true, 
	"sendbyte_dataitems": {
		"Airneck function": {
		"bitoffset": 7, 
		"firstbyte": 4
		}
	}, 
	"minbytes": 3, 
	"sentbytes": "2E021700"
	}, 
	{
	"name": "DataWrite.Shoulder adjuster function", 
	"replybytes": "6E0203", 
	"deny_sds": [], 
	"manualsend": true, 
	"sendbyte_dataitems": {
		"Shoulder adjuster function": {
		"bitoffset": 7, 
		"firstbyte": 4
		}
	}, 
	"minbytes": 3, 
	"sentbytes": "2E020300"
	}, 
	{
	"name": "DataWrite.Blower function", 
	"replybytes": "6E0208", 
	"deny_sds": [], 
	"manualsend": true, 
	"sendbyte_dataitems": {
		"Blower function": {
		"bitoffset": 7, 
		"firstbyte": 4
		}
	}, 
	"minbytes": 3, 
	"sentbytes": "2E020800"
	}, 
	{
	"name": "DataWrite.HeatingCurrentRaiseUpPhase", 
	"replybytes": "6E021C", 
	"deny_sds": [], 
	"manualsend": true, 
	"sendbyte_dataitems": {
		"HeatingCurrentRaiseUpPhase": {
		"firstbyte": 4
		}
	}, 
	"minbytes": 3, 
	"sentbytes": "2E021C0000"
	}, 
	{
	"name": "RoutineControl.RoutineCalibrationInPlants.Start", 
	"replybytes": "7101000001", 
	"deny_sds": [], 
	"manualsend": true, 
	"receivebyte_dataitems": {
		"RoutineStatusRecord.RoutineInfo": {
		"firstbyte": 5
		}
	}, 
	"minbytes": 5, 
	"sentbytes": "31010001"
	}, 
	{
	"name": "DataRead.Slide function", 
	"replybytes": "620201", 
	"deny_sds": [], 
	"receivebyte_dataitems": {
		"Slide function": {
		"bitoffset": 7, 
		"ref": true, 
		"firstbyte": 4
		}
	}, 
	"minbytes": 4, 
	"sentbytes": "220201"
	}, 
	{
	"name": "DataRead.Blower function", 
	"replybytes": "620208", 
	"deny_sds": [], 
	"receivebyte_dataitems": {
		"Blower function": {
		"bitoffset": 7, 
		"ref": true, 
		"firstbyte": 4
		}
	}, 
	"minbytes": 4, 
	"sentbytes": "220208"
	}, 
	{
	"name": "DataRead.HeatingCurrentRaiseUpPhase", 
	"replybytes": "62021C", 
	"deny_sds": [], 
	"receivebyte_dataitems": {
		"HeatingCurrentRaiseUpPhase": {
		"ref": true, 
		"firstbyte": 4
		}
	}, 
	"minbytes": 5, 
	"sentbytes": "22021C"
	}, 
	{
	"name": "ReadDTCInformation.ReportDTC", 
	"replybytes": "59020000000000", 
	"deny_sds": [], 
	"receivebyte_dataitems": {
		"DTCStatus.testFailedSinceLastClear": {
		"bitoffset": 2, 
		"firstbyte": 7
		}, 
		"DTCStatus.pendingDTC": {
		"bitoffset": 5, 
		"firstbyte": 7
		}, 
		"DTCStatus.confirmedDTC": {
		"bitoffset": 4, 
		"firstbyte": 7
		}, 
		"DTCDeviceAndFailureTypeOBD": {
		"firstbyte": 4
		}, 
		"DTCFailureType.ManufacturerOrSupplier": {
		"bitoffset": 4, 
		"firstbyte": 6
		}, 
		"DTCFailureType.Category": {
		"firstbyte": 6
		}, 
		"DTCFailureType": {
		"firstbyte": 6
		}, 
		"DTCStatus.testNotCompletedSinceLastClear": {
		"bitoffset": 3, 
		"firstbyte": 7
		}, 
		"DTCStatus.testNotCompletedThisMonitoringCycle": {
		"bitoffset": 1, 
		"firstbyte": 7
		}, 
		"DTCStatusAvailabilityMask": {
		"firstbyte": 3
		}, 
		"DTCStatus.warningIndicatorRequested": {
		"firstbyte": 7
		}, 
		"StatusOfDTC": {
		"firstbyte": 7
		}, 
		"DTCStatus.testFailedThisMonitoringCycle": {
		"bitoffset": 6, 
		"firstbyte": 7
		}, 
		"DTCStatus.testFailed": {
		"bitoffset": 7, 
		"firstbyte": 7
		}, 
		"DTCDeviceIdentifier": {
		"firstbyte": 4
		}
	}, 
	"minbytes": 3, 
	"sentbytes": "1902FF", 
	"shiftbytescount": 4
	}, 
	{
	"name": "DataWrite.Slider length", 
	"replybytes": "6E0215", 
	"deny_sds": [], 
	"manualsend": true, 
	"sendbyte_dataitems": {
		"Slider length": {
		"firstbyte": 4
		}
	}, 
	"minbytes": 3, 
	"sentbytes": "2E02150000"
	}, 
	{
	"name": "DataRead.Easy Access Driver", 
	"replybytes": "62020A", 
	"deny_sds": [], 
	"receivebyte_dataitems": {
		"Easy Access Driver": {
		"bitoffset": 7, 
		"ref": true, 
		"firstbyte": 4
		}
	}, 
	"minbytes": 4, 
	"sentbytes": "22020A"
	}, 
	{
	"name": "RoutineControl.RoutineDynanometerTestBench.Stop", 
	"replybytes": "7102000003", 
	"deny_sds": [], 
	"manualsend": true, 
	"receivebyte_dataitems": {
		"RoutineStatusRecord.RoutineInfo": {
		"firstbyte": 5
		}
	}, 
	"minbytes": 5, 
	"sentbytes": "31020003"
	}, 
	{
	"name": "DataWrite.SENSOR/MOTOR LUMBAR UP/DOWN", 
	"replybytes": "6E0307", 
	"deny_sds": [], 
	"manualsend": true, 
	"sendbyte_dataitems": {
		"SENSOR/MOTOR LUMBAR UP/DOWN": {
		"firstbyte": 4
		}
	}, 
	"minbytes": 3, 
	"sentbytes": "2E030700"
	}, 
	{
	"name": "DataWrite.LED MASSAGE", 
	"replybytes": "6E0316", 
	"deny_sds": [], 
	"manualsend": true, 
	"sendbyte_dataitems": {
		"LED MASSAGE": {
		"bitoffset": 7, 
		"firstbyte": 4
		}
	}, 
	"minbytes": 3, 
	"sentbytes": "2E031600"
	}, 
	{
	"name": "DataRead.Heating function", 
	"replybytes": "620207", 
	"deny_sds": [], 
	"receivebyte_dataitems": {
		"Heating function": {
		"bitoffset": 7, 
		"ref": true, 
		"firstbyte": 4
		}
	}, 
	"minbytes": 4, 
	"sentbytes": "220207"
	}, 
	{
	"name": "DataWrite.Ventilation Power Flag Failure", 
	"replybytes": "6E0123", 
	"deny_sds": [], 
	"manualsend": true, 
	"sendbyte_dataitems": {
		"Ventilation Power Flag Failure": {
		"bitoffset": 7, 
		"firstbyte": 4
		}
	}, 
	"minbytes": 3, 
	"sentbytes": "2E012300"
	}
], 
"data": {
	"Easy Access Driver": {
	"bitscount": 1, 
	"lists": {
		"0": "Function absent", 
		"1": "Function present"
	}
	}, 
	"LED 2 HEATING": {
	"bitscount": 1, 
	"lists": {
		"0": "Switched off", 
		"1": "Switched on"
	}
	}, 
	"STATE SWITCH HEATING": {
	"bitscount": 1, 
	"lists": {
		"0": "Not pressed", 
		"1": "pressed"
	}
	}, 
	"Memorization function": {
	"bitscount": 1, 
	"lists": {
		"0": "Function absent", 
		"1": "Function present"
	}
	}, 
	"IOCTL.PositiveResponse": {
	"lists": {
		"1": "control in progress", 
		"2": "control complet and ok", 
		"4": "control impossible"
	}
	}, 
	"SENSOR/MOTOR LUMBAR UP/DOWN": {
	"lists": {
		"0": "No movement", 
		"1": "Movement UP", 
		"2": "Movement DOWN"
	}
	}, 
	"TemperatureTargetTMax": {
	"bytescount": 2, 
	"byte": true, 
	"bitscount": 16
	}, 
	"STATE SWITCH KEYBOARD.STATE SWITCH DOWN RAISE": {
	"bitscount": 1, 
	"lists": {
		"0": "Not pressed", 
		"1": "pressed"
	}
	}, 
	"Ventilation PWM Counter Failure": {
	"scaled": true, 
	"bytescount": 2, 
	"bitscount": 16
	}, 
	"IOCTL.StatusRecordParameter": {
	"lists": {
		"3": "ShortThermAdjustment"
	}
	}, 
	"DTCStatus.testFailedThisMonitoringCycle": {
	"bitscount": 1, 
	"lists": {
		"0": "No", 
		"1": "Yes"
	}
	}, 
	"Historical Failure": {
	"bitscount": 1, 
	"lists": {
		"0": "No", 
		"1": "Yes"
	}
	}, 
	"Current Failure": {
	"bitscount": 1, 
	"lists": {
		"0": "No", 
		"1": "Yes"
	}
	}, 
	"vehicleManufacturerECUSoftwareNumber": {
	"bytesascii": true, 
	"bytescount": 10, 
	"byte": true, 
	"bitscount": 80, 
	"comment": "Reference SW Number"
	}, 
	"STATE SWITCH KEYBOARD.STATE SWITCH DOWN LUMBAR": {
	"bitscount": 1, 
	"lists": {
		"0": "Not pressed", 
		"1": "pressed"
	}
	}, 
	"SENSOR/MOTOR FRONT UP/DOWN": {
	"lists": {
		"0": "No movement", 
		"1": "Movement UP", 
		"2": "Movement DOWN"
	}
	}, 
	"vehicleManufacturerKitAssemblyPartNumber": {
	"bytesascii": true, 
	"bytescount": 10, 
	"byte": true, 
	"bitscount": 80, 
	"comment": "Ordered Part Number - This value shall contain the number of the part ordered by OEM."
	}, 
	"Factory Mode": {
	"bitscount": 1, 
	"lists": {
		"0": "Factory mode", 
		"1": "Serial life"
	}
	}, 
	"SENSOR/MOTOR SLIDE FW/BW": {
	"lists": {
		"0": "No movement", 
		"1": "Movement FW", 
		"2": "Movement BW"
	}
	}, 
	"SENSOR HEATING NTC": {
	"comment": "Pour relire la temp\u00e9rature du capteur nappe chauffante", 
	"bitscount": 16, 
	"signed": true, 
	"scaled": true, 
	"bytescount": 2, 
	"unit": "\u00b0C"
	}, 
	"systemSupplierIdentifier": {
	"bytesascii": true, 
	"bytescount": 3, 
	"byte": true, 
	"bitscount": 24, 
	"comment": "Name and address information of the supplier."
	}, 
	"STATE SWITCH SEAT WORLD": {
	"comment": "AUSSI STATE SWITCH MASSAGE", 
	"bitscount": 1, 
	"lists": {
		"0": "Pressed", 
		"1": "Not pressed"
	}
	}, 
	"STATE SWITCH APA": {
	"bitscount": 1, 
	"lists": {
		"0": "Not pressed", 
		"1": "pressed"
	}
	}, 
	"DTCDeviceIdentifier": {
	"bytescount": 2, 
	"bitscount": 16, 
	"lists": {
		"43264": "UCE SEAT", 
		"61443": "UCE SEAT 1", 
		"43280": "Control panel swirtches", 
		"43296": "SENSOR/MOTOR BACKREST FW/BW", 
		"43297": "SENSOR/MOTOR REAR UP/DOWN", 
		"43298": "SENSOR/MOTOR SLIDE BW/FW", 
		"43299": "SENSOR/MOTOR FRONT UP/DOWN", 
		"43300": "SENSOR/MOTOR SHOULDER ADJUSTER FW/BW", 
		"43301": "SENSOR/MOTOR LUMBAR UP/DOWN", 
		"43302": "SENSOR/MOTOR LUMBAR FORWARD/BACKWARD", 
		"43303": "SENSOR MOTOR LATERAL MAINTAIN BW/FW", 
		"49449": "UCE SEAT 2", 
		"43344": "FAN MOTOR", 
		"43345": "HEATING FRAME", 
		"43346": "HEATING SENSOR", 
		"43360": "Fan Switch", 
		"43361": "Fan LED 1", 
		"43362": "Fan LED 2", 
		"43363": "Heating Switch", 
		"43364": "Heating LED 1", 
		"43365": "Heating LED 2", 
		"43376": "FRONT SLIDE LEARNING FAILED", 
		"43377": "REAR SLIDE LEARNING FAILED", 
		"43378": "LUMBAR LEARNING FAILED", 
		"43381": "APC OFF LOAD 2 voltage"
	}
	}, 
	"Ventilation Power Counter Failure": {
	"scaled": true, 
	"bytescount": 2, 
	"bitscount": 16
	}, 
	"DTCStatus.testFailedSinceLastClear": {
	"bitscount": 1, 
	"lists": {
		"0": "No", 
		"1": "Yes"
	}
	}, 
	"Raise function": {
	"bitscount": 1, 
	"lists": {
		"0": "Function absent", 
		"1": "Function present"
	}
	}, 
	"VIN": {
	"bytesascii": true, 
	"bytescount": 17, 
	"byte": true, 
	"bitscount": 136, 
	"comment": "Vehicle Identification Number"
	}, 
	"Easy Access Passenger": {
	"bitscount": 1, 
	"lists": {
		"0": "Function absent", 
		"1": "Function present"
	}
	}, 
	"DTCStatus.testNotCompletedSinceLastClear": {
	"bitscount": 1, 
	"lists": {
		"0": "No", 
		"1": "Yes"
	}
	}, 
	"Lateral Maintain function": {
	"bitscount": 1, 
	"lists": {
		"0": "Function absent", 
		"1": "Function present"
	}
	}, 
	"Lumbar1 Flag Failure": {
	"bitscount": 1, 
	"lists": {
		"0": "Counter doesn't reached modulo 200 value", 
		"1": "Counter reached modulo 200 value"
	}
	}, 
	"Lumbar function": {
	"bitscount": 1, 
	"lists": {
		"0": "Function Absent", 
		"1": "Function present"
	}
	}, 
	"Heating Counter Failure": {
	"scaled": true, 
	"bytescount": 2, 
	"bitscount": 16, 
	"comment": "Counter Failure for Heating"
	}, 
	"SENSOR/MOTOR REAR UP/DOWN": {
	"lists": {
		"0": "No movement", 
		"1": "Movement UP", 
		"2": "Movement DOWN"
	}
	}, 
	"Airneck function": {
	"bitscount": 1, 
	"lists": {
		"0": "Function absent", 
		"1": "Function present"
	}
	}, 
	"Enregistrement de la lecture de la voie Conducteur/Passager": {
	"bitscount": 1, 
	"lists": {
		"0": "Passager", 
		"1": "Conducteur"
	}
	}, 
	"SessionName": {
	"comment": "Diagnostic session values. See documentation for more information.", 
	"lists": {
		"1": "DefaultSession", 
		"2": "ProgrammingSession", 
		"3": "ExtendedDiagnosticSession"
	}
	}, 
	"STATE SWITCH KEYBOARD.STATE SWITCH UP LUMBAR": {
	"bitscount": 1, 
	"lists": {
		"0": "Not pressed", 
		"1": "pressed"
	}
	}, 
	"Blower function": {
	"bitscount": 1, 
	"lists": {
		"0": "Function absent", 
		"1": "Function present"
	}
	}, 
	"DTCStatus.warningIndicatorRequested": {
	"bitscount": 1, 
	"lists": {
		"0": "No", 
		"1": "Yes"
	}
	}, 
	"B Pillar position": {
	"bytescount": 2, 
	"byte": true, 
	"bitscount": 16
	}, 
	"STATE SWITCH KEYBOARD.STATE SWITCH MEMORY 3": {
	"bitscount": 1, 
	"lists": {
		"0": "Not pressed", 
		"1": "pressed"
	}
	}, 
	"STATE SWITCH KEYBOARD.STATE SWITCH MEMORY 2": {
	"bitscount": 1, 
	"lists": {
		"0": "Not pressed", 
		"1": "pressed"
	}
	}, 
	"STATE SWITCH KEYBOARD.STATE SWITCH MEMORY 1": {
	"bitscount": 1, 
	"lists": {
		"0": "Not pressed", 
		"1": "pressed"
	}
	}, 
	"ECUSerialNumber": {
	"bytesascii": true, 
	"bytescount": 20, 
	"byte": true, 
	"bitscount": 160, 
	"comment": "ECU serial number"
	}, 
	"STATE SWITCH KEYBOARD.STATE SWITCH MEMORY 4": {
	"bitscount": 1, 
	"lists": {
		"0": "Not pressed", 
		"1": "pressed"
	}
	}, 
	"systemSupplierECUHardwareNumber": {
	"bytesascii": true, 
	"bytescount": 32, 
	"byte": true, 
	"bitscount": 256, 
	"comment": "Hardware Number (Supplier)"
	}, 
	"systemSupplierECUSoftwareNumber": {
	"comment": "Software Number (Supplier)", 
	"byte": true, 
	"bytesascii": true
	}, 
	"DTCStatusAvailabilityMask": {
	"scaled": true
	}, 
	"Heating function": {
	"bitscount": 1, 
	"lists": {
		"0": "Function absent", 
		"1": "Function Present"
	}
	}, 
	"STATE SWITCH KEYBOARD.STATE SWITCH BACKWARD BACKREST": {
	"bitscount": 1, 
	"lists": {
		"0": "Not pressed", 
		"1": "pressed"
	}
	}, 
	"STATE SWITCH KEYBOARD.STATE SWITCH UP RAISE": {
	"bitscount": 1, 
	"lists": {
		"0": "Not pressed", 
		"1": "pressed"
	}
	}, 
	"SENSOR/MOTOR LATERAL MAINTAIN FW/BW": {
	"lists": {
		"0": "No movement", 
		"1": "Movement FW", 
		"2": "Movement BW"
	}
	}, 
	"DTCRecord": {
	"bytescount": 3, 
	"byte": true, 
	"bitscount": 24
	}, 
	"Shoulder adjuster function": {
	"bitscount": 1, 
	"lists": {
		"0": "Function absent", 
		"1": "Function present"
	}
	}, 
	"STATE SWITCH KEYBOARD.STATE SWITCH DOWN FRONT CUSHION": {
	"bitscount": 1, 
	"lists": {
		"0": "Not pressed", 
		"1": "pressed"
	}
	}, 
	"DTCStatus.testNotCompletedThisMonitoringCycle": {
	"bitscount": 1, 
	"lists": {
		"0": "No", 
		"1": "Yes"
	}
	}, 
	"FirstDTC": {
	"bytescount": 2, 
	"bitscount": 16, 
	"lists": {
		"61443": "UCE SEAT 1", 
		"43280": "Control panel swirtches", 
		"43296": "SENSOR/MOTOR BACKREST FW/BW", 
		"43297": "SENSOR/MOTOR REAR UP/DOWN", 
		"43298": "SENSOR/MOTOR SLIDE BW/FW", 
		"43299": "SENSOR/MOTOR FRONT UP/DOWN", 
		"43300": "SENSOR/MOTOR SHOULDER ADJUSTER FW/BW", 
		"43301": "SENSOR/MOTOR LUMBAR UP/DOWN", 
		"43302": "SENSOR/MOTOR LUMBAR FORWARD/BACKWARD", 
		"43303": "SENSOR MOTOR LATERAL MAINTAIN BW/FW", 
		"49449": "UCE SEAT 2", 
		"43344": "FAN MOTOR", 
		"43345": "HEATING FRAME", 
		"43346": "HEATING SENSOR", 
		"43360": "Fan Switch", 
		"43361": "Fan LED 1", 
		"43362": "Fan LED 2", 
		"43363": "Heating Switch", 
		"43364": "Heating LED 1", 
		"43365": "Heating LED 2", 
		"43376": "FRONT SLIDE LEARNING FAILED", 
		"43377": "REAR SLIDE LEARNING FAILED", 
		"43378": "LUMBAR LEARNING FAILED", 
		"43381": "APC OFF LOAD 2 voltage"
	}
	}, 
	"STATE SWITCH KEYBOARD.STATE SWITCH FORWAD TOP BACKREST": {
	"bitscount": 1, 
	"lists": {
		"0": "Not pressed", 
		"1": "pressed"
	}
	}, 
	"OutputPermanentControlList": {
	"bytescount": 2, 
	"bitscount": 16, 
	"lists": {
		"769": "Shoulder Adjuster FW/BW Motor", 
		"770": "Backrest FW/BW Motor", 
		"771": "Front UP/DOWN Motor", 
		"772": "Slide FW/BW Motor", 
		"773": "Rear UP/DOWN Motor", 
		"774": "Lumbar FW/BW Motor", 
		"775": "Lumbar UP/DOWN Motor", 
		"776": "FAN Motor", 
		"777": "LED 1 FAN", 
		"784": "LED 2 FAN", 
		"785": "Heating Map", 
		"786": "LED 1 Heating", 
		"787": "LED 2 Heating", 
		"788": "Airneck", 
		"789": "Lateral Maintain FW/BW Motor", 
		"790": "LED Massage"
	}
	}, 
	"I/OControl": {
	"lists": {
		"0": "Stop", 
		"1": "Forward/Up/Heating1/Fan1/Light", 
		"2": "Backward/Down/Heating2/Fan2/Light"
	}
	}, 
	"STATE SWITCH KEYBOARD.STATE SWITCH BACKWARD TOP BACKREST": {
	"bitscount": 1, 
	"lists": {
		"0": "Not pressed", 
		"1": "pressed"
	}
	}, 
	"TemperatureTargetTMin": {
	"bytescount": 2, 
	"byte": true, 
	"bitscount": 16
	}, 
	"STATE SWITCH KEYBOARD.STATE SWITCH FORWAD LUMBAR": {
	"bitscount": 1, 
	"lists": {
		"0": "Not pressed", 
		"1": "pressed"
	}
	}, 
	"Lumbar2 Counter Failure": {
	"scaled": true, 
	"bytescount": 2, 
	"bitscount": 16
	}, 
	"STATE DRIVER/PASSENGER ENCODING": {
	"bitscount": 2, 
	"lists": {
		"0": "Pasenger", 
		"1": "Driver", 
		"2": "Undefined"
	}
	}, 
	"STATE SWITCH KEYBOARD.STATE SWITCH BACKWARD LUMBAR": {
	"bitscount": 1, 
	"lists": {
		"0": "Not pressed", 
		"1": "pressed"
	}
	}, 
	"STATE SWITCH KEYBOARD.STATE SWITCH UP FRONT CUSHION": {
	"bitscount": 1, 
	"lists": {
		"0": "Not pressed", 
		"1": "pressed"
	}
	}, 
	"vehicleManufacturerECUHardwareNumber": {
	"bytesascii": true, 
	"bytescount": 10, 
	"byte": true, 
	"bitscount": 80, 
	"comment": "Hardware Reference Number"
	}, 
	"HeatingCurrentStabilizedTMin": {
	"bytescount": 2, 
	"byte": true, 
	"bitscount": 16
	}, 
	"IOCTL.StatusRecordParameterCS1": {
	"lists": {
		"0": "TemporaryControl"
	}
	}, 
	"D\u00e9marrage routine": {
	"lists": {
		"1": "Demarrage routine"
	}
	}, 
	"DTCFailureType.Category": {
	"bitscount": 4, 
	"lists": {
		"0": "General Failure Information", 
		"1": "General Electrical Failures", 
		"2": "General Signal Failures", 
		"3": "FM / PWM (Pulse Width Modulated) Failures", 
		"4": "System Internal Failures", 
		"5": "System Programming Failures", 
		"6": "Algorithm Based Failures", 
		"7": "Mechanical Failures", 
		"8": "Bus Signal / Message Failures", 
		"9": "Component Failures", 
		"15": "Vehicle manufacturer / System supplier specific"
	}
	}, 
	"STATE SWITCH KEYBOARD.STATE SWITCH BACKWARD CUSHION": {
	"bitscount": 1, 
	"lists": {
		"0": "Not pressed", 
		"1": "pressed"
	}
	}, 
	"DTCStatus.pendingDTC": {
	"bitscount": 1, 
	"lists": {
		"0": "No", 
		"1": "Yes"
	}
	}, 
	"SENSOR/MOTOR BACKREST FW/BW": {
	"lists": {
		"0": "No movement", 
		"1": "Movement FW", 
		"2": "Movement BW"
	}
	}, 
	"SENSOR/MOTOR SHOULDER ADJUSTER FW/BW": {
	"lists": {
		"0": "No movement", 
		"1": "Movement FW", 
		"2": "Movement BW"
	}
	}, 
	"diagnosticVersion": {
	"comment": "VDIAG", 
	"byte": true
	}, 
	"systemSupplierECUSoftwareVersionNumber": {
	"comment": "Software Version (Supplier)", 
	"byte": true, 
	"bytesascii": true
	}, 
	"Routine Learning Forward": {}, 
	"Ventilation PWM Flag Failure": {
	"bitscount": 1, 
	"lists": {
		"0": "Counter doesn't reached modulo 200 value", 
		"1": "Counter reached modulo 200 value"
	}
	}, 
	"HEATING MAP": {
	"lists": {
		"0": "Heating level 0", 
		"1": "Heating level 1", 
		"2": "Heating level 2"
	}
	}, 
	"DTCFailureType.ManufacturerOrSupplier": {
	"bitscount": 4
	}, 
	"Massage function": {
	"bitscount": 1, 
	"lists": {
		"0": "Function absent", 
		"1": "Function present"
	}
	}, 
	"RoutineEntryStatus": {
	"lists": {
		"16": "Routine Type1 complet", 
		"1": "routine in progress", 
		"2": "routine completed and OK", 
		"3": "routine completed and NOK"
	}
	}, 
	"LED 1 HEATING": {
	"bitscount": 1, 
	"lists": {
		"0": "Switched off", 
		"1": "Switched on"
	}
	}, 
	"vehicleManufacturerSparePartNumber": {
	"bytesascii": true, 
	"bytescount": 10, 
	"byte": true, 
	"bitscount": 80, 
	"comment": "Ordered Part Number - This value shall contain the number of the part ordered by OEM"
	}, 
	"IOCTL.DataIdentifier": {
	"bytescount": 2, 
	"bitscount": 16, 
	"lists": {
		"769": "Shoulder Adjuster FW/BW Motor", 
		"770": "Backrest FW/BW Motor", 
		"771": "Front UP/DOWN Motor", 
		"772": "Slide FW/BW Motor", 
		"773": "Rear UP/DOWN Motor", 
		"774": "Lumbar FW/BW Motor", 
		"775": "Lumbar UP/DOWN Motor", 
		"776": "FAN Motor", 
		"777": "LED 1 FAN", 
		"784": "LED 2 FAN", 
		"785": "Heating Map", 
		"786": "LED 1 Heating", 
		"787": "LED 2 Heating", 
		"788": "Airneck", 
		"789": "Lateral Maintain FW/BW Motor", 
		"790": "LED Massage"
	}
	}, 
	"SENSOR/MOTOR LUMBAR FW/BW": {
	"lists": {
		"0": "No movement", 
		"1": "Movement FW", 
		"2": "Movement BW"
	}
	}, 
	"Tilt function": {
	"bitscount": 1, 
	"lists": {
		"0": "Function absent", 
		"1": "Function present"
	}
	}, 
	"Cuir/Tissu/Velours": {
	"bitscount": 1, 
	"lists": {
		"0": "Tissu", 
		"1": "Cuir"
	}
	}, 
	"DTCMaskRecord": {
	"bytescount": 3, 
	"byte": true, 
	"bitscount": 24
	}, 
	"Heating Flag Failure": {
	"comment": "Flag for Heating counter Failure", 
	"bitscount": 1, 
	"lists": {
		"0": "Flag doesn't reached a modulo 200 value", 
		"1": "Flag reached a modulo 200 value"
	}
	}, 
	"STATE SWITCH KEYBOARD.STATE SWITCH FORWAD BACKREST": {
	"bitscount": 1, 
	"lists": {
		"0": "Not pressed", 
		"1": "pressed"
	}
	}, 
	"Lumbar1 Counter Failure": {
	"scaled": true, 
	"bytescount": 2, 
	"bitscount": 16
	}, 
	"DTCFormatIdentifier": {
	"comment": "DTC format - Renault/Nissan use value 0 (3 bytes DTC)", 
	"lists": {
		"0": "SAE_J2012-DA_DTC", 
		"1": "ISO_14229-1_DTC", 
		"2": "SAE_J1939-73_DTC", 
		"3": "ISO_11992-4_DTC", 
		"4": "SAE_J2012-DA_WWHOBD_DTC"
	}
	}, 
	"LED MASSAGE": {
	"bitscount": 1, 
	"lists": {
		"0": "Switched off", 
		"1": "Switched on"
	}
	}, 
	"OutputControlCommand": {
	"lists": {
		"0": "ReturnControlToECU", 
		"3": "ShortTermAdjustment"
	}
	}, 
	"Massage OM2": {
	"bitscount": 1, 
	"lists": {
		"0": "Param\u00e8tre de connexion du moteur 2 de lombaire Sens 1"
	}
	}, 
	"Massage OM1": {
	"bitscount": 1, 
	"lists": {
		"0": "Param\u00e8tre de connexion du moteur 1 de lombaire Sens 1"
	}
	}, 
	"DTCFailureType": {
	"lists": {
		"0": "Device and failure type ODB codding", 
		"1": "General Electrical Failure", 
		"2": "General signal failure", 
		"3": "FM / PWM (Pulse Width Modulated) Failures", 
		"4": "System Internal Failures", 
		"5": "System Programming Failures", 
		"6": "Algorithm Based Failures", 
		"7": "Mechanical Failures", 
		"8": "Bus Signal / Message Failures", 
		"9": "Component Failures", 
		"17": "circuit short to ground", 
		"18": "circuit short to battery", 
		"19": "circuit open", 
		"20": "circuit short to ground or open", 
		"21": "circuit short to battery or open", 
		"22": "circuit voltage below threshold", 
		"23": "circuit voltage above threshold", 
		"24": "circuit current below threshold", 
		"25": "circuit current above threshold", 
		"26": "circuit resistance below threshold", 
		"27": "circuit resistance above threshold", 
		"28": "circuit voltage out of range", 
		"29": "circuit current out of range", 
		"30": "circuit resistance out of range", 
		"31": "circuit intermittent", 
		"33": "signal amplitude < minimum", 
		"34": "signal amplitude > maximum", 
		"35": "signal stuck low", 
		"36": "signal stuck high", 
		"37": "signal shape / waveform failure", 
		"38": "signal rate of change below threshold", 
		"39": "signal rate of change above threshold", 
		"40": "signal bias level out of range / zero adj. failure", 
		"41": "signal signal invalid", 
		"47": "signal erratic", 
		"49": "no signal", 
		"50": "signal low time < minimum", 
		"51": "signal low time > maximum", 
		"52": "signal high time < minimum", 
		"53": "signal high time > maximum", 
		"54": "signal frequency too low", 
		"55": "signal frequency too high", 
		"56": "signal frequency incorrect", 
		"57": "incorrect has too few pulses", 
		"58": "incorrect has too many pulses", 
		"65": "general checksum failure", 
		"66": "general memory failure", 
		"67": "special memory failure", 
		"68": "data memory failure", 
		"69": "program memory failure", 
		"70": "calibration / parameter memory failure", 
		"71": "watchdog / safety \u00b5C failure", 
		"72": "supervision software failure", 
		"73": "internal electronic failure", 
		"74": "incorrect component installed", 
		"75": "over temperature", 
		"81": "not programmed", 
		"82": "not activated", 
		"83": "deactivated", 
		"84": "missing calibration", 
		"85": "not configured", 
		"97": "signal calculation failure", 
		"98": "signal compare failure", 
		"99": "circuit / component protection time-out", 
		"100": "signal plausibility failure", 
		"101": "signal has too few transitions / events", 
		"102": "signal has too many transitions / events", 
		"103": "signal incorrect after event", 
		"104": "event information", 
		"113": "actuator stuck", 
		"114": "actuator stuck open", 
		"115": "actuator stuck closed", 
		"116": "actuator slipping", 
		"117": "emergency position not reachable", 
		"118": "wrong mounting position", 
		"119": "commanded position not reachable", 
		"120": "alignment or adjustment incorrect", 
		"121": "mechanical linkage failure", 
		"122": "fluid leak or seal failure", 
		"123": "low fluid level", 
		"129": "invalid serial data received", 
		"130": "alive / sequence counter incorrect / not updated", 
		"131": "value of signal protection calculation incorrect", 
		"132": "signal below allowable range", 
		"133": "signal above allowable range", 
		"134": "signal invalid", 
		"135": "missing message", 
		"136": "bus off", 
		"143": "erratic", 
		"145": "parametric", 
		"146": "performance or incorrect operation", 
		"147": "no operation", 
		"148": "unexpected operation", 
		"149": "incorrect assembly", 
		"150": "component internal failure", 
		"151": "Component or sys. operation obstructed or blocked", 
		"152": "component or system over temperature"
	}
	}, 
	"AIRNECK": {
	"lists": {
		"0": "Airneck level 0", 
		"1": "Airneck level 1", 
		"2": "Airneck level 2"
	}
	}, 
	"StatusOfDTC": {
	"scaled": true
	}, 
	"Ventilation Power Flag Failure": {
	"bitscount": 1, 
	"lists": {
		"0": "Counter doesn't reached modulo 200 value", 
		"1": "Counter reached modulo 200 value"
	}
	}, 
	"Lumbar2 Flag Failure": {
	"bitscount": 1, 
	"lists": {
		"0": "Counter doesn't reached modulo 200 value", 
		"1": "Counter reached modulo 200 value"
	}
	}, 
	"DTCDeviceAndFailureTypeOBD": {
	"bytescount": 2, 
	"bitscount": 16
	}, 
	"STATE SWITCH FAN": {
	"bitscount": 1, 
	"lists": {
		"0": "Not pressed", 
		"1": "pressed"
	}
	}, 
	"LED 2 FAN": {
	"bitscount": 1, 
	"lists": {
		"0": "Switched off", 
		"1": "Switched on"
	}
	}, 
	"FAN": {
	"bitscount": 2, 
	"lists": {
		"0": "FAN speed 0", 
		"1": "FAN speed 1", 
		"2": "FAN speed 2"
	}
	}, 
	"Slide function": {
	"bitscount": 1, 
	"lists": {
		"0": "Function Absent", 
		"1": "Function present"
	}
	}, 
	"RoutineIdentifierList": {
	"bytescount": 2, 
	"bitscount": 16, 
	"lists": {
		"1": "RoutineCalibrationInPlants", 
		"2": "RoutineCalibrationInAfterSalesMarket", 
		"3": "RoutineDynanometerTestBench"
	}
	}, 
	"DTCStatus.confirmedDTC": {
	"bitscount": 1, 
	"lists": {
		"0": "No", 
		"1": "Yes"
	}
	}, 
	"Massage range": {
	"bytescount": 2, 
	"byte": true, 
	"bitscount": 16
	}, 
	"Backrest function": {
	"bitscount": 1, 
	"lists": {
		"0": "Function absent", 
		"1": "Function present"
	}
	}, 
	"STATE SWITCH KEYBOARD.STATE SWITCH FORWAD CUSHION": {
	"bitscount": 1, 
	"lists": {
		"0": "Not pressed", 
		"1": "pressed"
	}
	}, 
	"DTCCount": {
	"scaled": true, 
	"bytescount": 2, 
	"comment": "DTC count", 
	"bitscount": 16, 
	"signed": true
	}, 
	"HeatingCurrentRaiseUpPhase": {
	"bytescount": 2, 
	"byte": true, 
	"bitscount": 16
	}, 
	"RoutineStatusRecord.RoutineInfo": {
	"scaled": true
	}, 
	"LED 1 FAN": {
	"bitscount": 1, 
	"lists": {
		"0": "Switched off", 
		"1": "Switched on"
	}
	}, 
	"NDTC": {
	"scaled": true
	}, 
	"Courtoisie function": {
	"bitscount": 1, 
	"lists": {
		"0": "Function absent", 
		"1": "Function present"
	}
	}, 
	"Slider length": {
	"bytescount": 2, 
	"byte": true, 
	"bitscount": 16
	}, 
	"Standard Fault": {
	"bitscount": 5, 
	"lists": {
		"0": "No possible classification about the type of fault", 
		"1": "Open circuit", 
		"2": "Short circuit to ground", 
		"3": "Short circuit at battery +", 
		"4": "Parameter at min limit", 
		"5": "Parameter at max limit", 
		"6": "Incoherency, not plausible", 
		"7": "No signal", 
		"8": "Below min. threshold", 
		"9": "Above max. threshold", 
		"10": "Permanent Low Level", 
		"11": "Permanent High Level", 
		"12": "Lines short-circuited", 
		"13": "Internal electronic anomaly", 
		"14": "Network default", 
		"15": "Remote diagnostic", 
		"16": "Disturbed communication", 
		"17": "Microcuts", 
		"18": "Abnormal voltage", 
		"19": "Value out of range", 
		"20": "Open circuit or Short circuit to ground", 
		"21": "Open circuit or Short circuit to battery", 
		"22": "Initialization / configuration not valid"
	}
	}, 
	"DTCStatus.testFailed": {
	"bitscount": 1, 
	"lists": {
		"0": "No", 
		"1": "Yes"
	}
	}, 
	"HeatingCurrentStabilisedTMax": {
	"bytescount": 2, 
	"byte": true, 
	"bitscount": 16
	}
}
}