{
"obd": {
	"baudrate": 125000, 
	"protocol": "CAN", 
	"recv_id": "737", 
	"funcname": "RDCM", 
	"funcaddr": "F8", 
	"send_id": "717"
}, 
"devices": [
	{
	"dtc": 43073, 
	"devicedata": {}, 
	"dtctype": 3, 
	"name": "Com Door Lock"
	}, 
	{
	"dtc": 43042, 
	"devicedata": {}, 
	"dtctype": 3, 
	"name": "Mirror COM XY"
	}, 
	{
	"dtc": 43008, 
	"devicedata": {}, 
	"dtctype": 3, 
	"name": "Rear Window Lock"
	}, 
	{
	"dtc": 43107, 
	"devicedata": {}, 
	"dtctype": 3, 
	"name": "Relay Output Stuck"
	}, 
	{
	"dtc": 43027, 
	"devicedata": {
		"Mirrors_adjust_right_left": "0"
	}, 
	"dtctype": 0, 
	"name": "Mirror Pot X"
	}, 
	{
	"dtc": 43028, 
	"devicedata": {
		"Mirrors_adjust_up_down": "0"
	}, 
	"dtctype": 0, 
	"name": "Mirror Pot Y"
	}, 
	{
	"dtc": 43072, 
	"devicedata": {
		"PassDoorUnLockRequest": "0", 
		"PassDoorLockRequest": "0", 
		"Door_lock": "0"
	}, 
	"dtctype": 3, 
	"name": "Door Lock"
	}, 
	{
	"dtc": 43043, 
	"devicedata": {
		"Child_lock_feed-back": "0"
	}, 
	"dtctype": 3, 
	"name": "Led Child Lock"
	}, 
	{
	"dtc": 43009, 
	"devicedata": {}, 
	"dtctype": 2, 
	"name": "Hall Failure"
	}, 
	{
	"dtc": 43056, 
	"devicedata": {
		"Puddle_lamp": "0"
	}, 
	"dtctype": 3, 
	"name": "Puddle Lamp"
	}, 
	{
	"dtc": 43120, 
	"devicedata": {}, 
	"dtctype": 0, 
	"name": "External temperature"
	}, 
	{
	"dtc": 43106, 
	"devicedata": {}, 
	"dtctype": 2, 
	"name": "Power ASIC overheat"
	}, 
	{
	"dtc": 43026, 
	"devicedata": {
		"Mirror_defrosting": "0"
	}, 
	"dtctype": 3, 
	"name": "Defrosting"
	}, 
	{
	"dtc": 43029, 
	"devicedata": {
		"Mirrors_fold": "0", 
		"Mirrors_unfold": "0"
	}, 
	"dtctype": 3, 
	"name": "Folding"
	}, 
	{
	"dtc": 43044, 
	"devicedata": {
		"Matrix_lighting": "0"
	}, 
	"dtctype": 0, 
	"name": "Keypad Lighting DDCM"
	}, 
	{
	"dtc": 43104, 
	"devicedata": {}, 
	"dtctype": 2, 
	"name": "E2PROMchecksumfailed"
	}, 
	{
	"dtc": 43040, 
	"devicedata": {}, 
	"dtctype": 0, 
	"name": "Driver Matrix"
	}, 
	{
	"dtc": 43074, 
	"devicedata": {
		"Door_super_lock": "0", 
		"DriverDoorSuperUnLocking": "0"
	}, 
	"dtctype": 3, 
	"name": "Super lock"
	}, 
	{
	"dtc": 43088, 
	"devicedata": {}, 
	"dtctype": 0, 
	"name": "External Handle failure"
	}, 
	{
	"dtc": 43041, 
	"devicedata": {
		"Windows_pass_up": "0", 
		"Windows_pass_down": "0"
	}, 
	"dtctype": 0, 
	"name": "Passenger Push"
	}, 
	{
	"dtc": 61443, 
	"devicedata": {}, 
	"dtctype": 0, 
	"name": "Over/under voltage"
	}, 
	{
	"dtc": 43058, 
	"devicedata": {}, 
	"dtctype": 3, 
	"name": "Panel Led Lighting"
	}, 
	{
	"dtc": 43010, 
	"devicedata": {}, 
	"dtctype": 0, 
	"name": "Start Routine not OK"
	}, 
	{
	"dtc": 43025, 
	"devicedata": {}, 
	"dtctype": 3, 
	"name": "Mirror Adjust Y"
	}, 
	{
	"dtc": 43024, 
	"devicedata": {}, 
	"dtctype": 3, 
	"name": "Mirror Adjust X"
	}, 
	{
	"dtc": 43105, 
	"devicedata": {}, 
	"dtctype": 4, 
	"name": "CAN failure"
	}
], 
"ecuname": "Right DCM X91 SLOT", 
"autoidents": [
	{
	"diagversion": "4", 
	"supplier": "A54", 
	"version": "0000", 
	"soft": "0507"
	}
], 
"endian": "Big", 
"requests": [
	{
	"name": "StartDiagnosticSession.ExtendedDiagnostic", 
	"replybytes": "50C0", 
	"deny_sds": [], 
	"manualsend": true, 
	"minbytes": 2, 
	"sentbytes": "10C0"
	}, 
	{
	"name": "ReadDTCInformation.ReportExtendedData.Mileage", 
	"replybytes": "59060000000080000000", 
	"deny_sds": [], 
	"receivebyte_dataitems": {
		"DTCExtendedData.Mileage": {
		"firstbyte": 8
		}, 
		"DTCRecord": {
		"firstbyte": 3
		}, 
		"StatusOfDTC": {
		"firstbyte": 6
		}, 
		"DTCExtendedDataRecordNumber": {
		"firstbyte": 7
		}
	}, 
	"sendbyte_dataitems": {
		"DTCMaskRecord": {
		"firstbyte": 3
		}
	}, 
	"minbytes": 6, 
	"sentbytes": "190600000080"
	}, 
	{
	"receivebyte_dataitems": {
		"Mirror_driver_left": {
		"bitoffset": 2, 
		"ref": true, 
		"firstbyte": 4, 
		"endian": "Little"
		}, 
		"Mirror_pass_left": {
		"ref": true, 
		"firstbyte": 4, 
		"endian": "Little"
		}, 
		"Child_lock": {
		"bitoffset": 5, 
		"ref": true, 
		"firstbyte": 5, 
		"endian": "Little"
		}, 
		"Mirror_driver_right": {
		"bitoffset": 3, 
		"ref": true, 
		"firstbyte": 4, 
		"endian": "Little"
		}, 
		"Mirrors_adjust_up_down": {
		"ref": true, 
		"firstbyte": 9, 
		"endian": "Little"
		}, 
		"Mirror_pass_up": {
		"bitoffset": 5, 
		"ref": true, 
		"firstbyte": 4, 
		"endian": "Little"
		}, 
		"Door_lock": {
		"bitoffset": 1, 
		"ref": true, 
		"firstbyte": 5, 
		"endian": "Little"
		}, 
		"Door_super_lock": {
		"ref": true, 
		"firstbyte": 5, 
		"endian": "Little"
		}, 
		"Mirror_defrosting": {
		"bitoffset": 2, 
		"ref": true, 
		"firstbyte": 5, 
		"endian": "Little"
		}, 
		"Windows_driver_up": {
		"bitoffset": 3, 
		"ref": true, 
		"firstbyte": 3, 
		"endian": "Little"
		}, 
		"Mirrors_adjust_right_left": {
		"ref": true, 
		"firstbyte": 8, 
		"endian": "Little"
		}, 
		"Mirror_folding": {
		"bitoffset": 5, 
		"ref": true, 
		"firstbyte": 7, 
		"endian": "Little"
		}, 
		"Windows_right_rear_up": {
		"bitoffset": 5, 
		"ref": true, 
		"firstbyte": 3, 
		"endian": "Little"
		}, 
		"Child_lock_feed-back": {
		"bitoffset": 3, 
		"ref": true, 
		"firstbyte": 7, 
		"endian": "Little"
		}, 
		"Windows_right_rear_down": {
		"bitoffset": 4, 
		"ref": true, 
		"firstbyte": 3, 
		"endian": "Little"
		}, 
		"Windows_driver_down": {
		"bitoffset": 2, 
		"ref": true, 
		"firstbyte": 3, 
		"endian": "Little"
		}, 
		"Windows_pass_up": {
		"bitoffset": 1, 
		"ref": true, 
		"firstbyte": 3, 
		"endian": "Little"
		}, 
		"Relay 2 command status": {
		"bitoffset": 6, 
		"ref": true, 
		"firstbyte": 7, 
		"endian": "Little"
		}, 
		"Dcm_bat_voltage": {
		"ref": true, 
		"firstbyte": 6, 
		"endian": "Little"
		}, 
		"Matrix_lighting": {
		"bitoffset": 4, 
		"ref": true, 
		"firstbyte": 5, 
		"endian": "Little"
		}, 
		"windowsLearning not OK": {
		"firstbyte": 10, 
		"endian": "Little"
		}, 
		"Rear_windows_switches_enable": {
		"bitoffset": 4, 
		"ref": true, 
		"firstbyte": 7, 
		"endian": "Little"
		}, 
		"Windows_pass_down": {
		"ref": true, 
		"firstbyte": 3, 
		"endian": "Little"
		}, 
		"Mirror_pass_right": {
		"bitoffset": 1, 
		"ref": true, 
		"firstbyte": 4, 
		"endian": "Little"
		}, 
		"Mirrors_unfold": {
		"bitoffset": 6, 
		"ref": true, 
		"firstbyte": 5, 
		"endian": "Little"
		}, 
		"Windows_left_rear_up": {
		"bitoffset": 7, 
		"ref": true, 
		"firstbyte": 3, 
		"endian": "Little"
		}, 
		"Mirror_driver_down": {
		"bitoffset": 6, 
		"ref": true, 
		"firstbyte": 4, 
		"endian": "Little"
		}, 
		"Mirror_driver_up": {
		"bitoffset": 7, 
		"ref": true, 
		"firstbyte": 4, 
		"endian": "Little"
		}, 
		"Windows_left_rear_down": {
		"bitoffset": 6, 
		"ref": true, 
		"firstbyte": 3, 
		"endian": "Little"
		}, 
		"Puddle_lamp": {
		"bitoffset": 3, 
		"ref": true, 
		"firstbyte": 5, 
		"endian": "Little"
		}, 
		"Relay 1 command status": {
		"bitoffset": 7, 
		"ref": true, 
		"firstbyte": 7, 
		"endian": "Little"
		}, 
		"Mirror_pass_down": {
		"bitoffset": 4, 
		"ref": true, 
		"firstbyte": 4, 
		"endian": "Little"
		}, 
		"Mirrors_fold": {
		"bitoffset": 7, 
		"ref": true, 
		"firstbyte": 5, 
		"endian": "Little"
		}
	}, 
	"deny_sds": [
		"nosds"
	], 
	"minbytes": 10, 
	"sentbytes": "2101", 
	"name": "ReadData DCM Input Ouput"
	}, 
	{
	"name": "Output Control", 
	"replybytes": "700000", 
	"deny_sds": [], 
	"manualsend": true, 
	"receivebyte_dataitems": {
		"Output Control Status": {
		"firstbyte": 3
		}
	}, 
	"sendbyte_dataitems": {
		"Output Control Command": {
		"firstbyte": 3
		}, 
		"Output Temporary Control List": {
		"firstbyte": 2
		}
	}, 
	"minbytes": 3, 
	"sentbytes": "300100"
	}, 
	{
	"name": "ReadDTCInformation.ReportExtendedData", 
	"replybytes": "590600000000", 
	"deny_sds": [], 
	"receivebyte_dataitems": {
		"DTCExtendedData.AgingCounter": {
		"firstbyte": 8
		}, 
		"DTCExtendedDataRecordNumber": {
		"firstbyte": 7
		}, 
		"DTCExtendedData.Mileage": {
		"firstbyte": 8
		}, 
		"DTCRecord": {
		"firstbyte": 3
		}, 
		"StatusOfDTC": {
		"firstbyte": 6
		}, 
		"DTCExtendedData.DTCOccurrenceCounter": {
		"firstbyte": 8
		}
	}, 
	"sendbyte_dataitems": {
		"DTCMaskRecord": {
		"firstbyte": 3
		}
	}, 
	"minbytes": 6, 
	"sentbytes": "1906000000FF"
	}, 
	{
	"name": "ReadDTCInformation.ReportDTC", 
	"replybytes": "59020000000000", 
	"deny_sds": [], 
	"receivebyte_dataitems": {
		"DTCStatus.testFailedSinceLastClear": {
		"bitoffset": 2, 
		"firstbyte": 7
		}, 
		"DTCStatus.pendingDTC": {
		"bitoffset": 5, 
		"firstbyte": 7
		}, 
		"DTCStatus.confirmedDTC": {
		"bitoffset": 4, 
		"firstbyte": 7
		}, 
		"DTCDeviceAndFailureTypeOBD": {
		"firstbyte": 4
		}, 
		"DTCFailureType.ManufacturerOrSupplier": {
		"bitoffset": 4, 
		"firstbyte": 6
		}, 
		"DTCFailureType.Category": {
		"firstbyte": 6
		}, 
		"DTCFailureType": {
		"firstbyte": 6
		}, 
		"DTCStatus.testNotCompletedSinceLastClear": {
		"bitoffset": 3, 
		"firstbyte": 7
		}, 
		"DTCStatus.testNotCompletedThisMonitoringCycle": {
		"bitoffset": 1, 
		"firstbyte": 7
		}, 
		"DTCStatusAvailabilityMask": {
		"firstbyte": 3
		}, 
		"DTCStatus.warningIndicatorRequested": {
		"firstbyte": 7
		}, 
		"StatusOfDTC": {
		"firstbyte": 7
		}, 
		"DTCStatus.testFailedThisMonitoringCycle": {
		"bitoffset": 6, 
		"firstbyte": 7
		}, 
		"DTCStatus.testFailed": {
		"bitoffset": 7, 
		"firstbyte": 7
		}, 
		"DTCDeviceIdentifier": {
		"firstbyte": 4
		}
	}, 
	"minbytes": 3, 
	"sentbytes": "1902FF", 
	"shiftbytescount": 4
	}, 
	{
	"sendbyte_dataitems": {
		"Session Name": {
		"firstbyte": 2
		}
	}, 
	"deny_sds": [], 
	"minbytes": 1, 
	"sentbytes": "10C0", 
	"name": "Start Diagnostic Session"
	}, 
	{
	"receivebyte_dataitems": {
		"CRC_VIN": {
		"ref": true, 
		"firstbyte": 20
		}, 
		"VIN": {
		"ref": true, 
		"firstbyte": 3
		}
	}, 
	"deny_sds": [], 
	"minbytes": 21, 
	"sentbytes": "2181", 
	"name": "RDBLI Frame VIN"
	}, 
	{
	"name": "EcuReset", 
	"replybytes": "5103", 
	"deny_sds": [], 
	"manualsend": true, 
	"minbytes": 2, 
	"sentbytes": "1102"
	}, 
	{
	"receivebyte_dataitems": {
		"Config IMA recovery": {
		"ref": true, 
		"firstbyte": 4
		}, 
		"Config COE Wake up input": {
		"ref": true, 
		"firstbyte": 3, 
		"endian": "Little"
		}, 
		"Config anti pinch": {
		"bitoffset": 2, 
		"ref": true, 
		"firstbyte": 3, 
		"endian": "Little"
		}, 
		"Config Auto movement up": {
		"bitoffset": 3, 
		"ref": true, 
		"firstbyte": 3, 
		"endian": "Little"
		}, 
		"Config global Closed": {
		"bitoffset": 5, 
		"ref": true, 
		"firstbyte": 3, 
		"endian": "Little"
		}, 
		"Config Auto movement Down": {
		"bitoffset": 4, 
		"ref": true, 
		"firstbyte": 3, 
		"endian": "Little"
		}, 
		"Config Panel Led rheostat": {
		"ref": true, 
		"firstbyte": 6
		}, 
		"Config WL Stop command sending": {
		"ref": true, 
		"firstbyte": 5
		}
	}, 
	"deny_sds": [], 
	"minbytes": 6, 
	"sentbytes": "2146", 
	"name": "ReadData RSA parameter Configuration"
	}, 
	{
	"name": "Start Routine", 
	"deny_sds": [], 
	"manualsend": true, 
	"receivebyte_dataitems": {
		"Start Routine Status": {
		"firstbyte": 3
		}
	}, 
	"sendbyte_dataitems": {
		"Start Routine Option": {
		"firstbyte": 3
		}, 
		"Start Routine LID": {
		"firstbyte": 2
		}
	}, 
	"minbytes": 1, 
	"sentbytes": "310000"
	}, 
	{
	"name": "Stop Routine By Local Identifier", 
	"replybytes": "721000", 
	"deny_sds": [
		"nosds", 
		"plant"
	], 
	"manualsend": true, 
	"minbytes": 3, 
	"sentbytes": "3210"
	}, 
	{
	"name": "WriteDataByLocalIdentifier", 
	"replybytes": "7B", 
	"deny_sds": [], 
	"manualsend": true, 
	"sendbyte_dataitems": {
		"Config Folding": {
		"bitoffset": 1, 
		"firstbyte": 3, 
		"endian": "Little"
		}, 
		"Config Pannel led": {
		"bitoffset": 6, 
		"firstbyte": 3, 
		"endian": "Little"
		}, 
		"Config WRSEN": {
		"bitoffset": 2, 
		"firstbyte": 3, 
		"endian": "Little"
		}, 
		"Config Mirror memory": {
		"bitoffset": 4, 
		"firstbyte": 3, 
		"endian": "Little"
		}, 
		"Config car direction": {
		"firstbyte": 4, 
		"endian": "Little"
		}, 
		"Config Super lock functionality": {
		"firstbyte": 3, 
		"endian": "Little"
		}, 
		"Config LED Child lock feedback": {
		"bitoffset": 5, 
		"firstbyte": 3, 
		"endian": "Little"
		}
	}, 
	"minbytes": 2, 
	"sentbytes": "3B470000"
	}, 
	{
	"name": "WriteDataByLocalIdentifier RSA parameter config", 
	"replybytes": "7B", 
	"deny_sds": [], 
	"manualsend": true, 
	"sendbyte_dataitems": {
		"Config IMA recovery": {
		"firstbyte": 4
		}, 
		"Config COE Wake up input": {
		"firstbyte": 3, 
		"endian": "Little"
		}, 
		"Config anti pinch": {
		"bitoffset": 2, 
		"firstbyte": 3, 
		"endian": "Little"
		}, 
		"Config Auto movement up": {
		"bitoffset": 3, 
		"firstbyte": 3, 
		"endian": "Little"
		}, 
		"Config global Closed": {
		"bitoffset": 5, 
		"firstbyte": 3, 
		"endian": "Little"
		}, 
		"Config Auto movement Down": {
		"bitoffset": 4, 
		"firstbyte": 3, 
		"endian": "Little"
		}, 
		"Config Panel Led rheostat": {
		"firstbyte": 6
		}, 
		"Config WL Stop command sending": {
		"firstbyte": 5
		}
	}, 
	"minbytes": 2, 
	"sentbytes": "3B4600000000"
	}, 
	{
	"receivebyte_dataitems": {
		"Manufacturer identification code": {
		"ref": true, 
		"firstbyte": 26, 
		"endian": "Little"
		}, 
		"Diagnostic No": {
		"ref": true, 
		"firstbyte": 8, 
		"endian": "Little"
		}, 
		"Calibration No": {
		"ref": true, 
		"firstbyte": 21, 
		"endian": "Little"
		}, 
		"Hardware No": {
		"ref": true, 
		"firstbyte": 12, 
		"endian": "Little"
		}, 
		"Piece No": {
		"ref": true, 
		"firstbyte": 3, 
		"endian": "Little"
		}, 
		"Software No": {
		"ref": true, 
		"firstbyte": 17, 
		"endian": "Little"
		}, 
		"Version No": {
		"ref": true, 
		"firstbyte": 19, 
		"endian": "Little"
		}, 
		"Other system specifics": {
		"ref": true, 
		"firstbyte": 23, 
		"endian": "Little"
		}, 
		"Supplier No": {
		"ref": true, 
		"firstbyte": 9, 
		"endian": "Little"
		}
	}, 
	"deny_sds": [
		"nosds"
	], 
	"minbytes": 26, 
	"sentbytes": "2180", 
	"name": "Frame Identification"
	}, 
	{
	"receivebyte_dataitems": {
		"Spare parts Number in BCD": {
		"ref": true, 
		"firstbyte": 3
		}
	}, 
	"deny_sds": [], 
	"minbytes": 22, 
	"sentbytes": "2184", 
	"name": "Read Traceability information"
	}, 
	{
	"receivebyte_dataitems": {
		"DistanceTotalizer": {
		"bitoffset": 4, 
		"ref": true, 
		"firstbyte": 5
		}, 
		"PassMirrorMovementRequest": {
		"ref": true, 
		"firstbyte": 20, 
		"endian": "Little"
		}, 
		"AutoMirrorFoldingStatus": {
		"ref": true, 
		"firstbyte": 19, 
		"endian": "Little"
		}, 
		"DriverDoorSuperLockAck / PassengerDoorSuperLockAck": {
		"ref": true, 
		"firstbyte": 12, 
		"endian": "Little"
		}, 
		"PassMirrorFoldingRequest": {
		"ref": true, 
		"firstbyte": 22, 
		"endian": "Little"
		}, 
		"VehicleSpeed": {
		"ref": true, 
		"firstbyte": 3
		}, 
		"IGNITION_SUPPLY_CONFIRMATION": {
		"ref": true, 
		"firstbyte": 25, 
		"endian": "Little"
		}, 
		"MatrixSwitchesFailure": {
		"ref": true, 
		"firstbyte": 15, 
		"endian": "Little"
		}, 
		"DriverDoorLockingAcknowledgment / PassengerDoorLockingAcknowledgment": {
		"ref": true, 
		"firstbyte": 10, 
		"endian": "Little"
		}, 
		"DDCM_RefusetoSleep / PDCM_RefusetoSleep": {
		"ref": true, 
		"firstbyte": 9, 
		"endian": "Little"
		}, 
		"DriverDoorSuperUnLocking": {
		"ref": true, 
		"firstbyte": 13, 
		"endian": "Little"
		}, 
		"ChildrenInhibitionRequest": {
		"ref": true, 
		"firstbyte": 14, 
		"endian": "Little"
		}, 
		"RearRightWindowLiftActionReq": {
		"ref": true, 
		"firstbyte": 18, 
		"endian": "Little"
		}, 
		"PassMirrorParkingPositionRequest": {
		"ref": true, 
		"firstbyte": 21, 
		"endian": "Little"
		}, 
		"REAR_GEAR_ENGAGED": {
		"ref": true, 
		"firstbyte": 26, 
		"endian": "Little"
		}, 
		"PassWindowLiftActionReq": {
		"ref": true, 
		"firstbyte": 16, 
		"endian": "Little"
		}, 
		"RearLeftWindowLiftActionReq": {
		"ref": true, 
		"firstbyte": 17, 
		"endian": "Little"
		}, 
		"ExternalTemp": {
		"ref": true, 
		"firstbyte": 24, 
		"endian": "Little"
		}, 
		"DDCMCustumerAction / PDCMCustumerAction": {
		"ref": true, 
		"firstbyte": 23, 
		"endian": "Little"
		}, 
		"DriverDoorUnLockAcknowledgment / PassengerDoorUnlockAcknowledgment": {
		"ref": true, 
		"firstbyte": 11, 
		"endian": "Little"
		}
	}, 
	"deny_sds": [
		"nosds"
	], 
	"minbytes": 26, 
	"sentbytes": "2103", 
	"name": "ReadData.DCM CAN Status Part 2"
	}, 
	{
	"receivebyte_dataitems": {
		"SwitchPuddleLighting": {
		"ref": true, 
		"firstbyte": 17, 
		"endian": "Little"
		}, 
		"AllWindowLiftFunctionsEnable": {
		"ref": true, 
		"firstbyte": 21, 
		"endian": "Little"
		}, 
		"VehicleState": {
		"ref": true, 
		"firstbyte": 4, 
		"endian": "Little"
		}, 
		"UserIdentification": {
		"ref": true, 
		"firstbyte": 7, 
		"endian": "Little"
		}, 
		"PassDoorLockRequest": {
		"ref": true, 
		"firstbyte": 15, 
		"endian": "Little"
		}, 
		"AllDoorsSuperLockRequest": {
		"ref": true, 
		"firstbyte": 10, 
		"endian": "Little"
		}, 
		"DiagMuxOn_BCM": {
		"ref": true, 
		"firstbyte": 5, 
		"endian": "Little"
		}, 
		"InternalLightingRequest": {
		"ref": true, 
		"firstbyte": 23, 
		"endian": "Little"
		}, 
		"DriverDoorLockRequest": {
		"ref": true, 
		"firstbyte": 13, 
		"endian": "Little"
		}, 
		"ChildrenInhibitionIndicator": {
		"ref": true, 
		"firstbyte": 16, 
		"endian": "Little"
		}, 
		"AllDoorsSuperUnLockRequest": {
		"ref": true, 
		"firstbyte": 11, 
		"endian": "Little"
		}, 
		"AllMirrorsDefrostRequest": {
		"ref": true, 
		"firstbyte": 22, 
		"endian": "Little"
		}, 
		"PassengerWindowLiftAction": {
		"ref": true, 
		"firstbyte": 19, 
		"endian": "Little"
		}, 
		"DriverDoorState": {
		"ref": true, 
		"firstbyte": 8, 
		"endian": "Little"
		}, 
		"PassDoorUnLockRequest": {
		"ref": true, 
		"firstbyte": 14, 
		"endian": "Little"
		}, 
		"SwitchPadlighting": {
		"ref": true, 
		"firstbyte": 18, 
		"endian": "Little"
		}, 
		"DriverDoorUnLockRequest": {
		"ref": true, 
		"firstbyte": 12, 
		"endian": "Little"
		}, 
		"VehicleOutsideLockedState": {
		"ref": true, 
		"firstbyte": 6, 
		"endian": "Little"
		}, 
		"PassengerDoorState": {
		"ref": true, 
		"firstbyte": 9, 
		"endian": "Little"
		}, 
		"BCMLSFT_WakeUpSleepCommand": {
		"ref": true, 
		"firstbyte": 3, 
		"endian": "Little"
		}, 
		"DriverWindowLiftAction": {
		"ref": true, 
		"firstbyte": 20, 
		"endian": "Little"
		}
	}, 
	"deny_sds": [
		"nosds"
	], 
	"minbytes": 23, 
	"sentbytes": "2102", 
	"name": "ReadData.DCM CAN Status Part 1"
	}, 
	{
	"name": "TesterPresent.WithResponse", 
	"deny_sds": [], 
	"minbytes": 1, 
	"sentbytes": "3E01", 
	"replybytes": "7E"
	}, 
	{
	"name": "ReadData Configuration", 
	"replybytes": "6147", 
	"deny_sds": [
		"nosds"
	], 
	"receivebyte_dataitems": {
		"Config Folding": {
		"bitoffset": 1, 
		"ref": true, 
		"firstbyte": 3, 
		"endian": "Little"
		}, 
		"Config Pannel led": {
		"bitoffset": 6, 
		"ref": true, 
		"firstbyte": 3, 
		"endian": "Little"
		}, 
		"Config WRSEN": {
		"bitoffset": 2, 
		"ref": true, 
		"firstbyte": 3, 
		"endian": "Little"
		}, 
		"Config Mirror memory": {
		"bitoffset": 4, 
		"ref": true, 
		"firstbyte": 3, 
		"endian": "Little"
		}, 
		"Config car direction": {
		"ref": true, 
		"firstbyte": 4, 
		"endian": "Little"
		}, 
		"Config Super lock functionality": {
		"ref": true, 
		"firstbyte": 3, 
		"endian": "Little"
		}, 
		"Config LED Child lock feedback": {
		"bitoffset": 5, 
		"ref": true, 
		"firstbyte": 3, 
		"endian": "Little"
		}
	}, 
	"minbytes": 4, 
	"sentbytes": "2147"
	}, 
	{
	"name": "ClearDiagnosticInformation.All", 
	"deny_sds": [], 
	"minbytes": 1, 
	"sentbytes": "14FFFFFF", 
	"replybytes": "54"
	}
], 
"data": {
	"DistanceTotalizer": {
	"scaled": true, 
	"bytescount": 4, 
	"step": 0.01, 
	"bitscount": 28, 
	"unit": "km"
	}, 
	"Config Auto movement up": {
	"comment": "Config Auto movement up", 
	"bitscount": 1, 
	"lists": {
		"0": "Desactivation", 
		"1": "Activation"
	}
	}, 
	"Config Folding": {
	"comment": "Config folding", 
	"bitscount": 1, 
	"lists": {
		"0": "Desactivation", 
		"1": "Activation"
	}
	}, 
	"Calibration No": {
	"comment": "Numero de calibration en Hexa", 
	"bytescount": 2, 
	"byte": true, 
	"bitscount": 16
	}, 
	"DTCExtendedDataRecordNumber": {
	"lists": {
		"128": "Mileage", 
		"129": "AgingCounter", 
		"130": "DTCOccurrenceCounter"
	}
	}, 
	"PassengerWindowLiftAction": {
	"scaled": true
	}, 
	"Config COE Wake up input": {
	"comment": "Config COE Wake up input", 
	"bitscount": 1, 
	"lists": {
		"0": "Desactivation", 
		"1": "Activation"
	}
	}, 
	"UserIdentification": {
	"scaled": true
	}, 
	"Output Temporary Control List": {
	"comment": "Testing output : List of all output with temporary test", 
	"lists": {
		"1": "Door Lock", 
		"2": "Door Unlock", 
		"3": "SuperLock", 
		"4": "SuperUnlock", 
		"5": "Child Lock Led ON", 
		"6": "Child Lock Led OFF", 
		"7": "Mirror Defrosting ON", 
		"8": "Mirror Defrosting OFF", 
		"9": "Puddle Lamp ON", 
		"10": "Puddle Lamp OFF", 
		"11": "Matrix Lighting ON (PWM = 100%)", 
		"12": "Matrix Lighting OFF (PWM = 100%)", 
		"13": "Panel Led ON", 
		"14": "Panel Led OFF", 
		"17": "Window Up", 
		"18": "Window Down", 
		"19": "Mirror Direction Up", 
		"20": "Mirror Direction Down", 
		"21": "Mirror Direction Right", 
		"22": "Mirror Direction Left", 
		"23": "Mirror Fold", 
		"24": "Mirror UnFold"
	}
	}, 
	"Version No": {
	"comment": "Niveau de calibration en Hexa", 
	"bytescount": 2, 
	"byte": true, 
	"bitscount": 16
	}, 
	"Output Control Command": {
	"comment": "Testing output : Command enumeration", 
	"lists": {
		"0": "Start Temporary", 
		"1": "Status", 
		"17": "Stop"
	}
	}, 
	"Windows_driver_up": {
	"scaled": true, 
	"bitscount": 1
	}, 
	"DriverDoorState": {
	"scaled": true
	}, 
	"PassengerDoorState": {
	"scaled": true
	}, 
	"Start Routine LID": {
	"comment": "Start Routine LID", 
	"lists": {
		"16": "Windows Learning Auto"
	}
	}, 
	"Mirror_pass_left": {
	"scaled": true, 
	"bitscount": 1
	}, 
	"Windows_right_rear_down": {
	"scaled": true, 
	"bitscount": 1
	}, 
	"Software No": {
	"comment": "Application logiciel en Hexa", 
	"bytescount": 2, 
	"byte": true, 
	"bitscount": 16
	}, 
	"InternalLightingRequest": {
	"scaled": true
	}, 
	"windowsLearning not OK": {
	"comment": "windowsLearning not OK", 
	"bitscount": 1, 
	"lists": {
		"0": "Non initialise", 
		"1": "Initialise"
	}
	}, 
	"CRC_VIN": {
	"bytescount": 2, 
	"byte": true, 
	"bitscount": 16
	}, 
	"Config global Closed": {
	"comment": "Config global closed", 
	"bitscount": 1, 
	"lists": {
		"0": "Desactivation", 
		"1": "Activation"
	}
	}, 
	"DTCDeviceIdentifier": {
	"bytescount": 2, 
	"bitscount": 16, 
	"lists": {
		"43008": "Rear Window Lock", 
		"43009": "Hall Failure", 
		"43010": "Start Routine not OK", 
		"61443": "Over/under voltage", 
		"43024": "Mirror Adjust X", 
		"43025": "Mirror Adjust Y", 
		"43026": "Defrosting", 
		"43027": "Mirror Pot X", 
		"43028": "Mirror Pot Y", 
		"43029": "Folding", 
		"43040": "Driver Matrix", 
		"43041": "Passenger Push", 
		"43042": "Mirror COM XY", 
		"43043": "Led Child Lock", 
		"43044": "Keypad Lighting DDCM", 
		"43056": "Puddle Lamp", 
		"43058": "Panel Led Lighting", 
		"43072": "Door Lock", 
		"43073": "Com Door Lock", 
		"43074": "Super lock", 
		"43088": "External Handle failure", 
		"43104": "E2PROMchecksumfailed", 
		"43105": "CAN failure", 
		"43106": "Power ASIC overheat", 
		"43107": "Relay Output Stuck", 
		"43120": "External temperature"
	}
	}, 
	"Mirrors_unfold": {
	"scaled": true, 
	"bitscount": 1
	}, 
	"PassDoorLockRequest": {
	"scaled": true
	}, 
	"Output Control Status": {
	"comment": "Testing output : Status", 
	"lists": {
		"1": "Running", 
		"2": "Stopped", 
		"18": "Control aborted", 
		"34": "Condition Not Correct", 
		"17": "Control stopped"
	}
	}, 
	"VIN": {
	"bytesascii": true, 
	"bytescount": 17, 
	"byte": true, 
	"bitscount": 136, 
	"comment": "VIN In ASCII"
	}, 
	"DriverDoorSuperUnLocking": {
	"scaled": true
	}, 
	"SwitchPadlighting": {
	"scaled": true
	}, 
	"DTCStatus.testNotCompletedSinceLastClear": {
	"bitscount": 1, 
	"lists": {
		"0": "No", 
		"1": "Yes"
	}
	}, 
	"VehicleOutsideLockedState": {
	"scaled": true
	}, 
	"Mirror_driver_left": {
	"scaled": true, 
	"bitscount": 1
	}, 
	"Door_lock": {
	"scaled": true, 
	"bitscount": 1
	}, 
	"DTCExtendedData.Mileage": {
	"scaled": true, 
	"bytescount": 3, 
	"comment": "Description of the extendedData Mileage (use by Failure Page to decode data)", 
	"bitscount": 24, 
	"unit": "km"
	}, 
	"MatrixSwitchesFailure": {
	"scaled": true
	}, 
	"AutoMirrorFoldingStatus": {
	"scaled": true
	}, 
	"RearRightWindowLiftActionReq": {
	"scaled": true
	}, 
	"Mirror_driver_up": {
	"scaled": true, 
	"bitscount": 1
	}, 
	"Child_lock": {
	"scaled": true, 
	"bitscount": 1
	}, 
	"DTCStatus.warningIndicatorRequested": {
	"bitscount": 1, 
	"lists": {
		"0": "No", 
		"1": "Yes"
	}
	}, 
	"Config Panel Led rheostat": {
	"scaled": true, 
	"comment": "Config Panel led rheostat", 
	"unit": "%"
	}, 
	"Supplier No": {
	"bytesascii": true, 
	"bytescount": 3, 
	"byte": true, 
	"bitscount": 24, 
	"comment": "Numero ITG du fournisseur en ASCII"
	}, 
	"Config IMA recovery": {
	"scaled": true, 
	"comment": "Config IMA Recovery", 
	"unit": "s"
	}, 
	"DTCExtendedData.AgingCounter": {
	"scaled": true, 
	"comment": "Description of the extendedData AgingCounter (use by Failure Page to decode data)"
	}, 
	"VehicleSpeed": {
	"scaled": true, 
	"bytescount": 2, 
	"step": 0.01, 
	"bitscount": 16, 
	"unit": "km/h"
	}, 
	"Hardware No": {
	"bytesascii": true, 
	"bytescount": 5, 
	"byte": true, 
	"bitscount": 40, 
	"comment": "reference HARD du calculateur en ASCII"
	}, 
	"Mirror_pass_up": {
	"scaled": true, 
	"bitscount": 1
	}, 
	"DiagMuxOn_BCM": {
	"scaled": true
	}, 
	"Session Name": {
	"lists": {
		"160": "Enginering", 
		"129": "Default", 
		"192": "After sale", 
		"133": "Reprog"
	}
	}, 
	"Door_super_lock": {
	"scaled": true, 
	"bitscount": 1
	}, 
	"Mirror_defrosting": {
	"scaled": true, 
	"bitscount": 1
	}, 
	"DTCStatusAvailabilityMask": {
	"scaled": true
	}, 
	"Mirror_folding": {
	"scaled": true, 
	"bitscount": 1
	}, 
	"PassMirrorParkingPositionRequest": {
	"scaled": true
	}, 
	"Config LED Child lock feedback": {
	"comment": "Config Led Child Lock Feedback", 
	"bitscount": 1, 
	"lists": {
		"0": "Desactivation", 
		"1": "Activation"
	}
	}, 
	"Windows_driver_down": {
	"scaled": true, 
	"bitscount": 1
	}, 
	"Piece No": {
	"bytesascii": true, 
	"bytescount": 5, 
	"byte": true, 
	"bitscount": 40, 
	"comment": "Reference du boitier programme (hard + soft + calib)"
	}, 
	"DTCRecord": {
	"bytescount": 3, 
	"byte": true, 
	"bitscount": 24
	}, 
	"DDCMCustumerAction / PDCMCustumerAction": {
	"scaled": true
	}, 
	"Dcm_bat_voltage": {
	"scaled": true, 
	"divideby": 14.86, 
	"unit": "V", 
	"offset": 10.72
	}, 
	"Matrix_lighting": {
	"scaled": true, 
	"bitscount": 1
	}, 
	"DTCStatus.testNotCompletedThisMonitoringCycle": {
	"bitscount": 1, 
	"lists": {
		"0": "No", 
		"1": "Yes"
	}
	}, 
	"REAR_GEAR_ENGAGED": {
	"scaled": true
	}, 
	"SwitchPuddleLighting": {
	"scaled": true
	}, 
	"Mirror_pass_right": {
	"scaled": true, 
	"bitscount": 1
	}, 
	"AllMirrorsDefrostRequest": {
	"scaled": true
	}, 
	"Config WRSEN": {
	"comment": "Config WRSEN", 
	"bitscount": 1, 
	"lists": {
		"0": "Desactivation", 
		"1": "Activation"
	}
	}, 
	"Relay 1 command status": {
	"scaled": true, 
	"bitscount": 1
	}, 
	"VehicleState": {
	"scaled": true
	}, 
	"Config Pannel led": {
	"comment": "Config Pannel Led", 
	"bitscount": 1, 
	"lists": {
		"0": "Desactivation", 
		"1": "Activation"
	}
	}, 
	"BCMLSFT_WakeUpSleepCommand": {
	"scaled": true
	}, 
	"DDCM_RefusetoSleep / PDCM_RefusetoSleep": {
	"scaled": true
	}, 
	"Spare parts Number in BCD": {
	"bytescount": 16, 
	"byte": true, 
	"bitscount": 128
	}, 
	"DTCFailureType.Category": {
	"bitscount": 4, 
	"lists": {
		"0": "General Failure Information", 
		"1": "General Electrical Failures", 
		"2": "General Signal Failures", 
		"3": "FM (Frequency Modulated) / PWM (Pulse Width Modulated) Failures", 
		"4": "System Internal Failures", 
		"5": "System Programming Failures", 
		"6": "Algorithm Based Failures", 
		"7": "Mechanical Failures", 
		"8": "Bus Signal / Message Failures", 
		"9": "Component Failures", 
		"15": "Vehicle manufacturer / System supplier specific"
	}
	}, 
	"DriverWindowLiftAction": {
	"scaled": true
	}, 
	"DTCStatus.pendingDTC": {
	"bitscount": 1, 
	"lists": {
		"0": "No", 
		"1": "Yes"
	}
	}, 
	"PassMirrorFoldingRequest": {
	"scaled": true
	}, 
	"IGNITION_SUPPLY_CONFIRMATION": {
	"scaled": true
	}, 
	"DriverDoorUnLockRequest": {
	"scaled": true
	}, 
	"Windows_right_rear_up": {
	"scaled": true, 
	"bitscount": 1
	}, 
	"Windows_pass_up": {
	"scaled": true, 
	"bitscount": 1
	}, 
	"DTCFailureType.ManufacturerOrSupplier": {
	"bitscount": 4
	}, 
	"Diagnostic No": {
	"comment": "Diag evolution number", 
	"byte": true
	}, 
	"DTCStatus.testFailedThisMonitoringCycle": {
	"bitscount": 1, 
	"lists": {
		"0": "No", 
		"1": "Yes"
	}
	}, 
	"Config WL Stop command sending": {
	"scaled": true, 
	"comment": "Config WL Stop command sending", 
	"unit": "s"
	}, 
	"PassMirrorMovementRequest": {
	"scaled": true
	}, 
	"DriverDoorSuperLockAck / PassengerDoorSuperLockAck": {
	"scaled": true
	}, 
	"Config anti pinch": {
	"comment": "Config Anti pinch", 
	"bitscount": 1, 
	"lists": {
		"0": "Desactivation", 
		"1": "Activation"
	}
	}, 
	"Mirrors_fold": {
	"scaled": true, 
	"bitscount": 1
	}, 
	"Windows_left_rear_down": {
	"scaled": true, 
	"bitscount": 1
	}, 
	"DTCMaskRecord": {
	"bytescount": 3, 
	"byte": true, 
	"bitscount": 24
	}, 
	"Start Routine Option": {
	"comment": "Start Routine Option", 
	"lists": {
		"0": "Perform routine requested", 
		"1": "Status request"
	}
	}, 
	"Config Mirror memory": {
	"comment": "Config Mirror memory", 
	"bitscount": 1, 
	"lists": {
		"0": "Desactivation", 
		"1": "Activation"
	}
	}, 
	"PassDoorUnLockRequest": {
	"scaled": true
	}, 
	"Config Super lock functionality": {
	"comment": "Config Super lock functionality", 
	"bitscount": 1, 
	"lists": {
		"0": "Desactivation", 
		"1": "Activation"
	}
	}, 
	"DTCFailureType": {
	"lists": {
		"0": "Device and failure type ODB codding", 
		"1": "General Electrical Failure", 
		"2": "General signal failure", 
		"3": "FM (Frequency Modulated) / PWM (Pulse Width Modulated) Failures", 
		"4": "System Internal Failures", 
		"5": "System Programming Failures", 
		"6": "Algorithm Based Failures", 
		"7": "Mechanical Failures", 
		"8": "Bus Signal / Message Failures", 
		"9": "Component Failures", 
		"17": "circuit short to ground", 
		"18": "circuit short to battery", 
		"19": "circuit open", 
		"20": "circuit short to ground or open", 
		"21": "circuit short to battery or open", 
		"22": "circuit voltage below threshold", 
		"23": "circuit voltage above threshold", 
		"24": "circuit current below threshold", 
		"25": "circuit current above threshold", 
		"26": "circuit resistance below threshold", 
		"27": "circuit resistance above threshold", 
		"28": "circuit voltage out of range", 
		"29": "circuit current out of range", 
		"30": "circuit resistance out of range", 
		"31": "circuit intermittent", 
		"33": "signal amplitude < minimum", 
		"34": "signal amplitude > maximum", 
		"35": "signal stuck low", 
		"36": "signal stuck high", 
		"37": "signal shape / waveform failure", 
		"38": "signal rate of change below threshold", 
		"39": "signal rate of change above threshold", 
		"40": "signal bias level out of range / zero adjustment failure", 
		"41": "signal signal invalid", 
		"47": "signal erratic", 
		"49": "no signal", 
		"50": "signal low time < minimum", 
		"51": "signal low time > maximum", 
		"52": "signal high time < minimum", 
		"53": "signal high time > maximum", 
		"54": "signal frequency too low", 
		"55": "signal frequency too high", 
		"56": "signal frequency incorrect", 
		"57": "incorrect has too few pulses", 
		"58": "incorrect has too many pulses", 
		"65": "general checksum failure", 
		"66": "general memory failure", 
		"67": "special memory failure", 
		"68": "data memory failure", 
		"69": "program memory failure", 
		"70": "calibration / parameter memory failure", 
		"71": "watchdog / safety \u00b5C failure", 
		"72": "supervision software failure", 
		"73": "internal electronic failure", 
		"74": "incorrect component installed", 
		"75": "over temperature", 
		"81": "not programmed", 
		"82": "not activated", 
		"83": "deactivated", 
		"84": "missing calibration", 
		"85": "not configured", 
		"97": "signal calculation failure", 
		"98": "signal compare failure", 
		"99": "circuit / component protection time-out", 
		"100": "signal plausibility failure", 
		"101": "signal has too few transitions / events", 
		"102": "signal has too many transitions / events", 
		"103": "signal incorrect after event", 
		"104": "event information", 
		"113": "actuator stuck", 
		"114": "actuator stuck open", 
		"115": "actuator stuck closed", 
		"116": "actuator slipping", 
		"117": "emergency position not reachable", 
		"118": "wrong mounting position", 
		"119": "commanded position not reachable", 
		"120": "alignment or adjustment incorrect", 
		"121": "mechanical linkage failure", 
		"122": "fluid leak or seal failure", 
		"123": "low fluid level", 
		"129": "invalid serial data received", 
		"130": "alive / sequence counter incorrect / not updated", 
		"131": "value of signal protection calculation incorrect", 
		"132": "signal below allowable range", 
		"133": "signal above allowable range", 
		"134": "signal invalid", 
		"135": "missing message", 
		"136": "bus off", 
		"143": "erratic", 
		"145": "parametric", 
		"146": "performance or incorrect operation", 
		"147": "no operation", 
		"148": "unexpected operation", 
		"149": "incorrect assembly", 
		"150": "component internal failure", 
		"151": "Component or system operation obstructed or blocked", 
		"152": "component or system over temperature"
	}
	}, 
	"PassWindowLiftActionReq": {
	"scaled": true
	}, 
	"Mirror_driver_right": {
	"scaled": true, 
	"bitscount": 1
	}, 
	"StatusOfDTC": {
	"scaled": true
	}, 
	"Mirrors_adjust_up_down": {
	"scaled": true
	}, 
	"DriverDoorLockingAcknowledgment / PassengerDoorLockingAcknowledgment": {
	"scaled": true
	}, 
	"DTCDeviceAndFailureTypeOBD": {
	"bytescount": 2, 
	"bitscount": 16
	}, 
	"Other system specifics": {
	"comment": "utilis\u00e9 pour le VMAP et la date synth\u00e8se calib en Hexa", 
	"bytescount": 3, 
	"byte": true, 
	"bitscount": 24
	}, 
	"ChildrenInhibitionRequest": {
	"scaled": true
	}, 
	"Mirrors_adjust_right_left": {
	"scaled": true
	}, 
	"Config Auto movement Down": {
	"comment": "Config Auto movement Down", 
	"bitscount": 1, 
	"lists": {
		"0": "Desactivation", 
		"1": "Activation"
	}
	}, 
	"Config car direction": {
	"comment": "Config car direction", 
	"lists": {
		"144": "DG", 
		"160": "DD"
	}
	}, 
	"AllWindowLiftFunctionsEnable": {
	"scaled": true
	}, 
	"Child_lock_feed-back": {
	"scaled": true, 
	"bitscount": 1
	}, 
	"Manufacturer identification code": {
	"scaled": true
	}, 
	"DriverDoorLockRequest": {
	"scaled": true
	}, 
	"DTCStatus.confirmedDTC": {
	"bitscount": 1, 
	"lists": {
		"0": "No", 
		"1": "Yes"
	}
	}, 
	"Relay 2 command status": {
	"scaled": true, 
	"bitscount": 1
	}, 
	"DriverDoorUnLockAcknowledgment / PassengerDoorUnlockAcknowledgment": {
	"scaled": true
	}, 
	"Rear_windows_switches_enable": {
	"scaled": true, 
	"bitscount": 1
	}, 
	"Windows_pass_down": {
	"scaled": true, 
	"bitscount": 1
	}, 
	"DTCExtendedData.DTCOccurrenceCounter": {
	"scaled": true, 
	"comment": "Description of the extendedData DTCOccurenceCounter (use by Failure Page to decode data)"
	}, 
	"Mirror_driver_down": {
	"scaled": true, 
	"bitscount": 1
	}, 
	"DTCStatus.testFailedSinceLastClear": {
	"bitscount": 1, 
	"lists": {
		"0": "No", 
		"1": "Yes"
	}
	}, 
	"Start Routine Status": {
	"comment": "Start Routine Status", 
	"lists": {
		"1": "Routine in progress", 
		"2": "Routine completed and OK", 
		"4": "Routine completed and not OK"
	}
	}, 
	"Windows_left_rear_up": {
	"scaled": true, 
	"bitscount": 1
	}, 
	"AllDoorsSuperLockRequest": {
	"scaled": true
	}, 
	"ChildrenInhibitionIndicator": {
	"scaled": true
	}, 
	"AllDoorsSuperUnLockRequest": {
	"scaled": true
	}, 
	"Puddle_lamp": {
	"scaled": true, 
	"bitscount": 1
	}, 
	"Mirror_pass_down": {
	"scaled": true, 
	"bitscount": 1
	}, 
	"ExternalTemp": {
	"scaled": true, 
	"unit": "\u00b0", 
	"offset": -40.0
	}, 
	"DTCStatus.testFailed": {
	"bitscount": 1, 
	"lists": {
		"0": "No", 
		"1": "Yes"
	}
	}, 
	"RearLeftWindowLiftActionReq": {
	"scaled": true
	}
}
}