{
"obd": {
	"baudrate": 500000, 
	"protocol": "CAN", 
	"recv_id": "7A2", 
	"funcname": "AAU", 
	"funcaddr": "86", 
	"send_id": "782"
}, 
"devices": [
	{
	"dtc": 1543, 
	"devicedata": {}, 
	"dtctype": 0, 
	"name": "D1543"
	}, 
	{
	"dtc": 1542, 
	"devicedata": {}, 
	"dtctype": 0, 
	"name": "D1542"
	}, 
	{
	"dtc": 1541, 
	"devicedata": {}, 
	"dtctype": 0, 
	"name": "D1541"
	}, 
	{
	"dtc": 38320, 
	"devicedata": {}, 
	"dtctype": 0, 
	"name": "D38320"
	}, 
	{
	"dtc": 38321, 
	"devicedata": {}, 
	"dtctype": 0, 
	"name": "D38321"
	}, 
	{
	"dtc": 38322, 
	"devicedata": {}, 
	"dtctype": 0, 
	"name": "D38322"
	}, 
	{
	"dtc": 1588, 
	"devicedata": {}, 
	"dtctype": 0, 
	"name": "D1588"
	}, 
	{
	"dtc": 1583, 
	"devicedata": {}, 
	"dtctype": 0, 
	"name": "D1583"
	}, 
	{
	"dtc": 41230, 
	"devicedata": {}, 
	"dtctype": 0, 
	"name": "D41230"
	}, 
	{
	"dtc": 40854, 
	"devicedata": {}, 
	"dtctype": 0, 
	"name": "D40854"
	}, 
	{
	"dtc": 37896, 
	"devicedata": {}, 
	"dtctype": 0, 
	"name": "D37896"
	}, 
	{
	"dtc": 41229, 
	"devicedata": {}, 
	"dtctype": 0, 
	"name": "D41229"
	}, 
	{
	"dtc": 37892, 
	"devicedata": {}, 
	"dtctype": 0, 
	"name": "D37892"
	}, 
	{
	"dtc": 37900, 
	"devicedata": {}, 
	"dtctype": 0, 
	"name": "D37900"
	}, 
	{
	"dtc": 5700, 
	"devicedata": {}, 
	"dtctype": 0, 
	"name": "D5700"
	}, 
	{
	"dtc": 37888, 
	"devicedata": {}, 
	"dtctype": 0, 
	"name": "D37888"
	}, 
	{
	"dtc": 38191, 
	"devicedata": {}, 
	"dtctype": 0, 
	"name": "D38191"
	}
], 
"ecuname": "SND453_S2S SOP_03.00.11.ddt", 
"autoidents": [
	{
	"diagversion": "4", 
	"supplier": "329", 
	"version": "1100", 
	"soft": "1100"
	}, 
	{
	"diagversion": "4", 
	"supplier": "329", 
	"version": "1200", 
	"soft": "1100"
	}, 
	{
	"diagversion": "4", 
	"supplier": "329", 
	"version": "1300", 
	"soft": "1100"
	}, 
	{
	"diagversion": "4", 
	"supplier": "329", 
	"version": "1310", 
	"soft": "1100"
	}, 
	{
	"diagversion": "4", 
	"supplier": "329", 
	"version": "1410", 
	"soft": "1100"
	}, 
	{
	"diagversion": "4", 
	"supplier": "329", 
	"version": "1500", 
	"soft": "1100"
	}
], 
"endian": "Big", 
"requests": [
	{
	"name": "StartDiagnosticSession.Default", 
	"deny_sds": [], 
	"minbytes": 2, 
	"sentbytes": "1081", 
	"replybytes": "5081"
	}, 
	{
	"name": "Output Control.Start.SpeakerControl", 
	"replybytes": "700000", 
	"deny_sds": [], 
	"manualsend": true, 
	"receivebyte_dataitems": {
		"Output Control Status": {
		"firstbyte": 3
		}
	}, 
	"sendbyte_dataitems": {
		"SpeakerControl.Param1": {
		"firstbyte": 4
		}, 
		"SpeakerControl.Param2": {
		"firstbyte": 5
		}, 
		"SpeakerControl.Param3": {
		"firstbyte": 7
		}, 
		"SpeakerControl.Param4": {
		"firstbyte": 9
		}, 
		"Output Temporary Control List": {
		"firstbyte": 2
		}, 
		"Output Control Command": {
		"firstbyte": 3
		}, 
		"Output Permanent Control List": {
		"firstbyte": 2
		}
	}, 
	"minbytes": 3, 
	"sentbytes": "300000000000000000"
	}, 
	{
	"name": "Output Control.Status", 
	"replybytes": "700001", 
	"deny_sds": [
		"nosds"
	], 
	"manualsend": true, 
	"receivebyte_dataitems": {
		"Output Control Status": {
		"firstbyte": 3
		}
	}, 
	"sendbyte_dataitems": {
		"Output Control Command": {
		"firstbyte": 3
		}, 
		"Output Temporary Control List": {
		"firstbyte": 2
		}, 
		"Output Permanent Control List": {
		"firstbyte": 2
		}
	}, 
	"minbytes": 3, 
	"sentbytes": "300001"
	}, 
	{
	"name": "DataRead.Identification.RenaultR2", 
	"replybytes": "6180000000000000000000000000000000000000000000000000", 
	"deny_sds": [], 
	"receivebyte_dataitems": {
		"HardwareNumber.BasicPartList": {
		"ref": true, 
		"firstbyte": 24
		}, 
		"DiagnosticIdentificationCode": {
		"ref": true, 
		"firstbyte": 8
		}, 
		"CalibrationNumber": {
		"ref": true, 
		"firstbyte": 21
		}, 
		"HardwareNumber.LowerPart": {
		"ref": true, 
		"firstbyte": 12
		}, 
		"PartNumber.BasicPartList": {
		"ref": true, 
		"firstbyte": 23
		}, 
		"ManufacturerIdentificationCode": {
		"ref": true, 
		"firstbyte": 26
		}, 
		"ApprovalNumber.BasicPartList": {
		"ref": true, 
		"firstbyte": 25
		}, 
		"EditionNumber": {
		"ref": true, 
		"firstbyte": 19
		}, 
		"PartNumber.LowerPart": {
		"ref": true, 
		"firstbyte": 3
		}, 
		"SoftwareNumber": {
		"ref": true, 
		"firstbyte": 17
		}, 
		"Supplier.NumberITG": {
		"ref": true, 
		"firstbyte": 9
		}
	}, 
	"minbytes": 26, 
	"sentbytes": "2180"
	}, 
	{
	"name": "DataRead.Amplifier-BatteryLevel Read", 
	"replybytes": "62250100", 
	"deny_sds": [], 
	"receivebyte_dataitems": {
		"BatteryLevel": {
		"firstbyte": 4
		}
	}, 
	"minbytes": 4, 
	"sentbytes": "222501"
	}, 
	{
	"name": "DataRead.ECU SoundSet Read", 
	"replybytes": "62F10C00000000000000000000000000000000000000000000000000000000000000000000000000000000000000000000000000000000", 
	"deny_sds": [], 
	"receivebyte_dataitems": {
		"SinkName": {
		"firstbyte": 41
		}, 
		"UserData": {
		"firstbyte": 48
		}, 
		"VehicleLine": {
		"firstbyte": 44
		}, 
		"ToolVersion": {
		"firstbyte": 21
		}, 
		"TuningTime": {
		"firstbyte": 35
		}, 
		"SetIndex": {
		"firstbyte": 4
		}, 
		"RoofPosition": {
		"firstbyte": 47
		}, 
		"RadioInfo": {
		"firstbyte": 46
		}, 
		"FlowcharVersion": {
		"firstbyte": 5
		}, 
		"PartNumber": {
		"firstbyte": 11
		}, 
		"VehicleBodyStyle": {
		"firstbyte": 45
		}, 
		"TuningDate": {
		"firstbyte": 27
		}, 
		"SetVersion": {
		"firstbyte": 7
		}
	}, 
	"minbytes": 55, 
	"sentbytes": "22F10C"
	}, 
	{
	"name": "ReadData.Daimler Part Number Read", 
	"replybytes": "61EF0000000000000000000000000000000000000000", 
	"deny_sds": [], 
	"receivebyte_dataitems": {
		"Daimler Software Part Number": {
		"ref": true, 
		"firstbyte": 13
		}, 
		"Daimler Hardware Part Number": {
		"ref": true, 
		"firstbyte": 3
		}
	}, 
	"minbytes": 22, 
	"sentbytes": "21EF"
	}, 
	{
	"name": "DataRead.KitAssemblyNumber Read", 
	"replybytes": "62F18E00000000000000000000", 
	"deny_sds": [], 
	"receivebyte_dataitems": {
		"KitAssemblyNumber": {
		"firstbyte": 4
		}
	}, 
	"minbytes": 13, 
	"sentbytes": "22F18E"
	}, 
	{
	"name": "StartDiagnosticSession", 
	"deny_sds": [], 
	"minbytes": 2, 
	"sentbytes": "10C0", 
	"replybytes": "50C0"
	}, 
	{
	"name": "Soft Reset Ecu Reset", 
	"deny_sds": [], 
	"minbytes": 2, 
	"sentbytes": "1103", 
	"replybytes": "5103"
	}, 
	{
	"name": "DataRead.Amplifier-Temperature Read", 
	"replybytes": "62250200", 
	"deny_sds": [], 
	"receivebyte_dataitems": {
		"Temperature": {
		"firstbyte": 4
		}
	}, 
	"minbytes": 4, 
	"sentbytes": "222502"
	}, 
	{
	"name": "ReadDTCInformation.ReportExtendedData", 
	"replybytes": "590600000000", 
	"deny_sds": [], 
	"receivebyte_dataitems": {
		"DTCExtendedData.AgingCounter": {
		"firstbyte": 8
		}, 
		"DTCExtendedDataRecordNumber": {
		"firstbyte": 7
		}, 
		"DTCExtendedData.Mileage": {
		"firstbyte": 8
		}, 
		"DTCRecord": {
		"firstbyte": 3
		}, 
		"StatusOfDTC": {
		"firstbyte": 6
		}, 
		"DTCExtendedData.DTCOccurrenceCounter": {
		"firstbyte": 8
		}
	}, 
	"sendbyte_dataitems": {
		"DTCMaskRecord": {
		"firstbyte": 3
		}
	}, 
	"minbytes": 6, 
	"sentbytes": "1906000000FF"
	}, 
	{
	"name": "DataWrite.ECU Configuration Write", 
	"replybytes": "6EF10B", 
	"deny_sds": [], 
	"sendbyte_dataitems": {
		"ConfigRadioInfo": {
		"firstbyte": 6
		}, 
		"ConfigVehicleLine": {
		"firstbyte": 4
		}, 
		"ConfigSteeringPosition": {
		"firstbyte": 7
		}, 
		"ConfigVehicleBodyStyle": {
		"firstbyte": 5
		}
	}, 
	"minbytes": 3, 
	"sentbytes": "2EF10B00000000"
	}, 
	{
	"name": "DataRead.VIN", 
	"replybytes": "618100000000000000000000000000000000000000", 
	"deny_sds": [], 
	"receivebyte_dataitems": {
		"VIN": {
		"ref": true, 
		"firstbyte": 3
		}, 
		"VIN CRC": {
		"ref": true, 
		"firstbyte": 20
		}
	}, 
	"minbytes": 21, 
	"sentbytes": "2181"
	}, 
	{
	"name": "ReadDTCInformation.ReportExtendedData.AgingCounter", 
	"replybytes": "5906000000008100", 
	"deny_sds": [], 
	"receivebyte_dataitems": {
		"DTCRecord": {
		"firstbyte": 3
		}, 
		"DTCExtendedData.AgingCounter": {
		"firstbyte": 8
		}, 
		"StatusOfDTC": {
		"firstbyte": 6
		}, 
		"DTCExtendedDataRecordNumber": {
		"firstbyte": 7
		}
	}, 
	"sendbyte_dataitems": {
		"DTCMaskRecord": {
		"firstbyte": 3
		}
	}, 
	"minbytes": 6, 
	"sentbytes": "190600000081"
	}, 
	{
	"name": "Hard Reset Ecu Reset", 
	"deny_sds": [], 
	"minbytes": 2, 
	"sentbytes": "1101", 
	"replybytes": "5101"
	}, 
	{
	"name": "ReadDTCInformation.ReportSnapshot", 
	"replybytes": "590400000000", 
	"deny_sds": [], 
	"receivebyte_dataitems": {
		"DTCRecord": {
		"firstbyte": 3
		}, 
		"StatusOfDTC": {
		"firstbyte": 6
		}
	}, 
	"sendbyte_dataitems": {
		"DTCMaskRecord": {
		"firstbyte": 3
		}
	}, 
	"minbytes": 6, 
	"sentbytes": "1904000000FF"
	}, 
	{
	"name": "DataRead.ECU Configuration Read", 
	"replybytes": "62F10B00000000", 
	"deny_sds": [], 
	"receivebyte_dataitems": {
		"ConfigRadioInfo": {
		"firstbyte": 6
		}, 
		"ConfigVehicleLine": {
		"firstbyte": 4
		}, 
		"ConfigSteeringPosition": {
		"firstbyte": 7
		}, 
		"ConfigVehicleBodyStyle": {
		"firstbyte": 5
		}
	}, 
	"minbytes": 7, 
	"sentbytes": "22F10B"
	}, 
	{
	"name": "SpeakerTest Status Request", 
	"replybytes": "711000", 
	"deny_sds": [], 
	"receivebyte_dataitems": {
		"RoutineStatusRecord": {
		"firstbyte": 3
		}
	}, 
	"minbytes": 3, 
	"sentbytes": "311001"
	}, 
	{
	"name": "ConfigurationReset Ecu Reset", 
	"deny_sds": [], 
	"minbytes": 2, 
	"sentbytes": "1106", 
	"replybytes": "5106"
	}, 
	{
	"name": "ClearDiagnosticInformation.All", 
	"deny_sds": [], 
	"minbytes": 1, 
	"sentbytes": "14FFFFFF", 
	"replybytes": "54"
	}, 
	{
	"name": "ReadDTCInformation.ReportExtendedData.Mileage", 
	"replybytes": "59060000000080000000", 
	"deny_sds": [], 
	"receivebyte_dataitems": {
		"DTCExtendedData.Mileage": {
		"firstbyte": 8
		}, 
		"DTCRecord": {
		"firstbyte": 3
		}, 
		"StatusOfDTC": {
		"firstbyte": 6
		}, 
		"DTCExtendedDataRecordNumber": {
		"firstbyte": 7
		}
	}, 
	"sendbyte_dataitems": {
		"DTCMaskRecord": {
		"firstbyte": 3
		}
	}, 
	"minbytes": 6, 
	"sentbytes": "190600000080"
	}, 
	{
	"name": "ReadDTCInformation.ReportExtendedData.DTCOccurrenceCounter", 
	"replybytes": "5906000000008200", 
	"deny_sds": [], 
	"receivebyte_dataitems": {
		"DTCRecord": {
		"firstbyte": 3
		}, 
		"StatusOfDTC": {
		"firstbyte": 6
		}, 
		"DTCExtendedData.DTCOccurrenceCounter": {
		"firstbyte": 8
		}, 
		"DTCExtendedDataRecordNumber": {
		"firstbyte": 7
		}
	}, 
	"sendbyte_dataitems": {
		"DTCMaskRecord": {
		"firstbyte": 3
		}
	}, 
	"minbytes": 6, 
	"sentbytes": "190600000082"
	}, 
	{
	"name": "WriteData.Vehicle identification Write", 
	"replybytes": "7B81", 
	"deny_sds": [], 
	"sendbyte_dataitems": {
		"VIN in ASCII": {
		"firstbyte": 3
		}, 
		"CRC": {
		"firstbyte": 20
		}
	}, 
	"minbytes": 2, 
	"sentbytes": "3B8100000000000000000000000000000000000000"
	}, 
	{
	"name": "DataRead.OBD CALIDs Read", 
	"replybytes": "62F804000000000000000000000000000000000000000000000000000000000000000000", 
	"deny_sds": [], 
	"receivebyte_dataitems": {
		"Calibration Identification": {
		"firstbyte": 21
		}, 
		"Number of CAL-IDs": {
		"firstbyte": 4
		}, 
		"Erotan": {
		"firstbyte": 5
		}
	}, 
	"minbytes": 36, 
	"sentbytes": "22F804"
	}, 
	{
	"name": "Output Control.Stop", 
	"replybytes": "700011", 
	"deny_sds": [
		"nosds"
	], 
	"manualsend": true, 
	"receivebyte_dataitems": {
		"Output Control Status": {
		"firstbyte": 3
		}
	}, 
	"sendbyte_dataitems": {
		"Output Control Command": {
		"firstbyte": 3
		}, 
		"Output Temporary Control List": {
		"firstbyte": 2
		}, 
		"Output Permanent Control List": {
		"firstbyte": 2
		}
	}, 
	"minbytes": 3, 
	"sentbytes": "300011"
	}, 
	{
	"name": "ReadData.Traceability information Read", 
	"replybytes": "61840000000000000000000000000000000000000000", 
	"deny_sds": [], 
	"receivebyte_dataitems": {
		"Unitary data traceability": {
		"ref": true, 
		"firstbyte": 3
		}
	}, 
	"minbytes": 22, 
	"sentbytes": "2184"
	}, 
	{
	"name": "DataRead.VehicleSparePartnumber Read", 
	"replybytes": "62F18700000000000000000000", 
	"deny_sds": [], 
	"receivebyte_dataitems": {
		"VehicleManufacturerSpartPartNumber": {
		"firstbyte": 4
		}
	}, 
	"minbytes": 13, 
	"sentbytes": "22F187"
	}, 
	{
	"name": "DataRead.Amplifier-CanSignalsRx Read", 
	"replybytes": "62250300000000000000", 
	"deny_sds": [], 
	"receivebyte_dataitems": {
		"DistanceTotalizer": {
		"firstbyte": 7
		}, 
		"VehicleSpeed": {
		"firstbyte": 4
		}, 
		"RoofOpeningState": {
		"firstbyte": 6
		}
	}, 
	"minbytes": 10, 
	"sentbytes": "222503"
	}, 
	{
	"name": "ReadDTCInformation.ReportDTC", 
	"replybytes": "59020000000000", 
	"deny_sds": [], 
	"receivebyte_dataitems": {
		"DTCStatus.testFailedSinceLastClear": {
		"bitoffset": 2, 
		"firstbyte": 7
		}, 
		"DTCStatus.pendingDTC": {
		"bitoffset": 5, 
		"firstbyte": 7
		}, 
		"DTCStatus.confirmedDTC": {
		"bitoffset": 4, 
		"firstbyte": 7
		}, 
		"DTCDeviceAndFailureTypeOBD": {
		"firstbyte": 4
		}, 
		"DTCFailureType.ManufacturerOrSupplier": {
		"bitoffset": 4, 
		"firstbyte": 6
		}, 
		"DTCFailureType.Category": {
		"firstbyte": 6
		}, 
		"DTCFailureType": {
		"firstbyte": 6
		}, 
		"DTCStatus.testNotCompletedSinceLastClear": {
		"bitoffset": 3, 
		"firstbyte": 7
		}, 
		"DTCStatus.testNotCompletedThisMonitoringCycle": {
		"bitoffset": 1, 
		"firstbyte": 7
		}, 
		"DTCStatusAvailabilityMask": {
		"firstbyte": 3
		}, 
		"DTCStatus.warningIndicatorRequested": {
		"firstbyte": 7
		}, 
		"StatusOfDTC": {
		"firstbyte": 7
		}, 
		"DTCStatus.testFailedThisMonitoringCycle": {
		"bitoffset": 6, 
		"firstbyte": 7
		}, 
		"DTCStatus.testFailed": {
		"bitoffset": 7, 
		"firstbyte": 7
		}, 
		"DTCDeviceIdentifier": {
		"firstbyte": 4
		}
	}, 
	"minbytes": 3, 
	"sentbytes": "1902FF", 
	"shiftbytescount": 4
	}, 
	{
	"name": "DataRead.Amplifier-InputLines Read", 
	"replybytes": "62240200", 
	"deny_sds": [], 
	"receivebyte_dataitems": {
		"WakeUp-Line": {
		"firstbyte": 4
		}
	}, 
	"minbytes": 4, 
	"sentbytes": "222402"
	}, 
	{
	"name": "TesterPresent.WithResponse", 
	"deny_sds": [], 
	"minbytes": 1, 
	"sentbytes": "3E01", 
	"replybytes": "7E"
	}, 
	{
	"name": "SpeakerTest Start", 
	"replybytes": "711000", 
	"deny_sds": [], 
	"receivebyte_dataitems": {
		"RoutineStatusRecord": {
		"firstbyte": 3
		}
	}, 
	"minbytes": 3, 
	"sentbytes": "311000"
	}
], 
"data": {
	"DistanceTotalizer": {
	"bitscount": 32, 
	"signed": true, 
	"scaled": true, 
	"step": 0.01, 
	"bytescount": 4, 
	"unit": "km"
	}, 
	"VIN in ASCII": {
	"bytesascii": true, 
	"bytescount": 17, 
	"byte": true, 
	"bitscount": 136
	}, 
	"Output Control Status": {
	"lists": {
		"1": "Running", 
		"2": "Stopped", 
		"17": "Manually stopped"
	}
	}, 
	"DiagnosticIdentificationCode": {
	"byte": true
	}, 
	"Temperature": {
	"scaled": true, 
	"unit": "\u00b0C", 
	"signed": true
	}, 
	"Daimler Hardware Part Number": {
	"bytesascii": true, 
	"bytescount": 10, 
	"byte": true, 
	"bitscount": 80
	}, 
	"DTCExtendedDataRecordNumber": {
	"lists": {
		"128": "Mileage", 
		"129": "AgingCounter", 
		"130": "DTCOccurrenceCounter"
	}
	}, 
	"DTCExtendedData.Mileage": {
	"scaled": true, 
	"bytescount": 3, 
	"comment": "Description of the extendedData Mileage (use by Failure Page to decode data)", 
	"bitscount": 24, 
	"unit": "km"
	}, 
	"CrcOfLogSave": {
	"bytescount": 2, 
	"byte": true, 
	"bitscount": 16
	}, 
	"SaveMarking": {
	"byte": true
	}, 
	"DTCFailureType.Category": {
	"bitscount": 4, 
	"lists": {
		"0": "General Failure Information", 
		"1": "General Electrical Failures", 
		"2": "General Signal Failures", 
		"3": "FM (Frequency Modulated) / PWM (Pulse Width Modulated) Failures", 
		"4": "System Internal Failures", 
		"5": "System Programming Failures", 
		"6": "Algorithm Based Failures", 
		"7": "Mechanical Failures", 
		"8": "Bus Signal / Message Failures", 
		"9": "Component Failures", 
		"15": "Vehicle manufacturer / System supplier specific"
	}
	}, 
	"DTCFailureType": {
	"lists": {
		"0": "Device and failure type ODB coding", 
		"1": "General Electrical Failure", 
		"2": "General signal failure", 
		"3": "FM (Frequency Modulated) / PWM (Pulse Width Modulated) Failures", 
		"4": "System Internal Failures", 
		"5": "System Programming Failures", 
		"6": "Algorithm Based Failures", 
		"7": "Mechanical Failures", 
		"8": "Bus Signal / Message Failures", 
		"9": "Component Failures", 
		"17": "circuit short to ground", 
		"18": "circuit short to battery", 
		"19": "circuit open", 
		"20": "circuit short to ground or open", 
		"21": "circuit short to battery or open", 
		"22": "circuit voltage below threshold", 
		"23": "circuit voltage above threshold", 
		"24": "circuit current below threshold", 
		"25": "circuit current above threshold", 
		"26": "circuit resistance below threshold", 
		"27": "circuit resistance above threshold", 
		"28": "circuit voltage out of range", 
		"29": "circuit current out of range", 
		"30": "circuit resistance out of range", 
		"31": "circuit intermittent", 
		"33": "signal amplitude < minimum", 
		"34": "signal amplitude > maximum", 
		"35": "signal stuck low", 
		"36": "signal stuck high", 
		"37": "signal shape / waveform failure", 
		"38": "signal rate of change below threshold", 
		"39": "signal rate of change above threshold", 
		"40": "signal bias level out of range / zero adjustment failure", 
		"41": "signal signal invalid", 
		"47": "signal erratic", 
		"49": "no signal", 
		"50": "signal low time < minimum", 
		"51": "signal low time > maximum", 
		"52": "signal high time < minimum", 
		"53": "signal high time > maximum", 
		"54": "signal frequency too low", 
		"55": "signal frequency too high", 
		"56": "signal frequency incorrect", 
		"57": "incorrect has too few pulses", 
		"58": "incorrect has too many pulses", 
		"65": "general checksum failure", 
		"66": "general memory failure", 
		"67": "special memory failure", 
		"68": "data memory failure", 
		"69": "program memory failure", 
		"70": "calibration / parameter memory failure", 
		"71": "watchdog / safety \u00b5C failure", 
		"72": "supervision software failure", 
		"73": "internal electronic failure", 
		"74": "incorrect component installed", 
		"75": "over temperature", 
		"81": "not programmed", 
		"82": "not activated", 
		"83": "deactivated", 
		"84": "missing calibration", 
		"85": "not configured", 
		"97": "signal calculation failure", 
		"98": "signal compare failure", 
		"99": "circuit / component protection time-out", 
		"100": "signal plausibility failure", 
		"101": "signal has too few transitions / events", 
		"102": "signal has too many transitions / events", 
		"103": "signal incorrect after event", 
		"104": "event information", 
		"113": "actuator stuck", 
		"114": "actuator stuck open", 
		"115": "actuator stuck closed", 
		"116": "actuator slipping", 
		"117": "emergency position not reachable", 
		"118": "wrong mounting position", 
		"119": "commanded position not reachable", 
		"120": "alignment or adjustment incorrect", 
		"121": "mechanical linkage failure", 
		"122": "fluid leak or seal failure", 
		"123": "low fluid level", 
		"129": "invalid serial data received", 
		"130": "alive / sequence counter incorrect / not updated", 
		"131": "value of signal protection calculation incorrect", 
		"132": "signal below allowable range", 
		"133": "signal above allowable range", 
		"134": "signal invalid", 
		"135": "missing message", 
		"136": "bus off", 
		"143": "erratic", 
		"145": "parametric", 
		"146": "performance or incorrect operation", 
		"147": "no operation", 
		"148": "unexpected operation", 
		"149": "incorrect assembly", 
		"150": "component internal failure", 
		"151": "Component or system operation obstructed or blocked", 
		"152": "component or system over temperature"
	}
	}, 
	"PartNumber.BasicPartList": {
	"lists": {
		"1": "28063", 
		"2": "283C4"
	}, 
	"signed": true
	}, 
	"ManufacturerIdentificationCode": {
	"scaled": true, 
	"signed": true
	}, 
	"SessionName": {
	"lists": {
		"192": "ExtendedDiagnosticSession", 
		"129": "DefaultSession", 
		"133": "ProgrammingSession", 
		"134": "DevelopmentSession"
	}
	}, 
	"Erotan": {
	"bytesascii": true, 
	"bytescount": 16, 
	"byte": true, 
	"bitscount": 128
	}, 
	"ConfigRadioInfo": {
	"lists": {
		"0": "Headunit-Low", 
		"1": "Headunit-High"
	}, 
	"signed": true
	}, 
	"DTCStatus.warningIndicatorRequested": {
	"bitscount": 1, 
	"lists": {
		"0": "No", 
		"1": "Yes"
	}
	}, 
	"PartNumber": {
	"bytesascii": true, 
	"bytescount": 10, 
	"byte": true, 
	"bitscount": 80
	}, 
	"StatusOfDTC": {
	"scaled": true
	}, 
	"WakeUp-Line": {
	"lists": {
		"0": "OFF", 
		"1": "ON"
	}, 
	"signed": true
	}, 
	"HardwareNumber.BasicPartList": {
	"lists": {
		"0": "00000"
	}, 
	"signed": true
	}, 
	"DTCStatus.pendingDTC": {
	"bitscount": 1, 
	"lists": {
		"0": "No", 
		"1": "Yes"
	}
	}, 
	"DTCExtendedData.AgingCounter": {
	"scaled": true, 
	"comment": "Description of the extendedData AgingCounter (use by Failure Page to decode data)"
	}, 
	"ProgrammingToolReference": {
	"bytesascii": true, 
	"bytescount": 5, 
	"byte": true, 
	"bitscount": 40
	}, 
	"VehicleSpeed": {
	"bitscount": 16, 
	"signed": true, 
	"scaled": true, 
	"step": 0.01, 
	"bytescount": 2, 
	"unit": "km/h"
	}, 
	"Output Temporary Control List": {}, 
	"DTCMaskRecord": {
	"bytescount": 3, 
	"byte": true, 
	"bitscount": 24
	}, 
	"DTCDeviceAndFailureTypeOBD": {
	"bytescount": 2, 
	"bitscount": 16
	}, 
	"SetIndex": {
	"scaled": true, 
	"signed": true
	}, 
	"Output Control Command": {
	"lists": {
		"0": "Start Temporary", 
		"1": "Status", 
		"17": "Stop", 
		"32": "Start Permanent"
	}
	}, 
	"DTCStatus.testFailedThisMonitoringCycle": {
	"bitscount": 1, 
	"lists": {
		"0": "No", 
		"1": "Yes"
	}
	}, 
	"ConfigVehicleLine": {
	"lists": {
		"170": "BR453"
	}, 
	"signed": true
	}, 
	"RadioInfo": {
	"lists": {
		"0": "Headunit-Low (R013)", 
		"1": "Headunit-High (MMI-2012)", 
		"255": "Unknown (not configured)"
	}, 
	"signed": true
	}, 
	"DTCStatusAvailabilityMask": {
	"scaled": true
	}, 
	"ToolVersion": {
	"bytesascii": true, 
	"bytescount": 6, 
	"byte": true, 
	"bitscount": 48
	}, 
	"EditionNumber": {
	"bytescount": 2, 
	"byte": true, 
	"bitscount": 16
	}, 
	"PartNumber.LowerPart": {
	"bytesascii": true, 
	"bytescount": 5, 
	"byte": true, 
	"bitscount": 40
	}, 
	"VehicleBodyStyle": {
	"lists": {
		"0": "W (in case of BR453: S4S)", 
		"2": "C (in case of BR453: C2S)", 
		"4": "A (in case of BR453: A2S)", 
		"255": "Unknown (not configured)"
	}, 
	"signed": true
	}, 
	"RoofOpeningState": {
	"lists": {
		"0": "Roof fully open", 
		"1": "Roof in conversion", 
		"2": "Roof fully closed", 
		"3": "Unavailable"
	}, 
	"signed": true
	}, 
	"SetVersion": {
	"bytesascii": true, 
	"bytescount": 4, 
	"byte": true, 
	"bitscount": 32
	}, 
	"Supplier.NumberITG": {
	"bytesascii": true, 
	"bytescount": 3, 
	"byte": true, 
	"bitscount": 24
	}, 
	"TimeOfReprogramming": {
	"comment": "Cod\u00e9 en BCD", 
	"bytescount": 2, 
	"byte": true, 
	"bitscount": 16
	}, 
	"DTCStatus.testFailed": {
	"bitscount": 1, 
	"lists": {
		"0": "No", 
		"1": "Yes"
	}
	}, 
	"SinkName": {
	"bytesascii": true, 
	"bytescount": 3, 
	"byte": true, 
	"bitscount": 24
	}, 
	"DTCDeviceIdentifier": {
	"bytescount": 2, 
	"bitscount": 16, 
	"lists": {
		"37888": "D37888", 
		"5700": "D5700", 
		"1541": "D1541", 
		"1542": "D1542", 
		"1543": "D1543", 
		"37896": "D37896", 
		"37900": "D37900", 
		"41229": "D41229", 
		"41230": "D41230", 
		"1583": "D1583", 
		"38320": "D38320", 
		"38321": "D38321", 
		"38322": "D38322", 
		"1588": "D1588", 
		"40854": "D40854", 
		"37892": "D37892", 
		"38191": "D38191"
	}
	}, 
	"VehicleLine": {
	"lists": {
		"170": "BR453", 
		"255": "Unknown (not configured)"
	}, 
	"signed": true
	}, 
	"CalibrationNumber": {
	"bytescount": 2, 
	"byte": true, 
	"bitscount": 16
	}, 
	"SpeakerControl.Param1": {
	"lists": {
		"1": "AmplifierChannel-OutputNumber 01", 
		"2": "AmplifierChannel-OutputNumber 02", 
		"3": "AmplifierChannel-OutputNumber 03", 
		"4": "AmplifierChannel-OutputNumber 04", 
		"5": "AmplifierChannel-OutputNumber 05", 
		"6": "AmplifierChannel-OutputNumber 06", 
		"7": "AmplifierChannel-OutputNumber 07", 
		"8": "AmplifierChannel-OutputNumber 08"
	}, 
	"signed": true
	}, 
	"DTCExtendedData.DTCOccurrenceCounter": {
	"scaled": true, 
	"comment": "Description of the extendedData DTCOccurrenceCounter (use by Failure Page to decode data)"
	}, 
	"DTCRecord": {
	"bytescount": 3, 
	"byte": true, 
	"bitscount": 24
	}, 
	"DTCFailureType.ManufacturerOrSupplier": {
	"bitscount": 4
	}, 
	"Unitary data traceability": {
	"bytesascii": true, 
	"bytescount": 20, 
	"byte": true, 
	"bitscount": 160
	}, 
	"ProgrammingSiteReference": {
	"bytesascii": true, 
	"bytescount": 5, 
	"byte": true, 
	"bitscount": 40
	}, 
	"DTCStatus.testNotCompletedThisMonitoringCycle": {
	"bitscount": 1, 
	"lists": {
		"0": "No", 
		"1": "Yes"
	}
	}, 
	"RoofPosition": {
	"lists": {
		"0": "RoofOpened", 
		"2": "RoofClosed", 
		"255": "Unknown (not configured)"
	}, 
	"signed": true
	}, 
	"FlowcharVersion": {
	"bytesascii": true, 
	"bytescount": 2, 
	"byte": true, 
	"bitscount": 16
	}, 
	"ConfigSteeringPosition": {
	"lists": {
		"0": "LeftHandDriver", 
		"1": "RightHandDriver"
	}, 
	"signed": true
	}, 
	"Calibration Identification": {
	"bytesascii": true, 
	"bytescount": 16, 
	"byte": true, 
	"bitscount": 128
	}, 
	"BatteryLevel": {
	"scaled": true, 
	"divideby": 5.0, 
	"unit": "V", 
	"signed": true
	}, 
	"ApprovalNumber.BasicPartList": {
	"lists": {
		"0": "VAL_0", 
		"1": "VAL_1"
	}, 
	"signed": true
	}, 
	"TuningDate": {
	"bytesascii": true, 
	"bytescount": 8, 
	"byte": true, 
	"bitscount": 64
	}, 
	"VIN CRC": {
	"bytescount": 2, 
	"byte": true, 
	"bitscount": 16
	}, 
	"KitAssemblyNumber": {
	"bytesascii": true, 
	"bytescount": 10, 
	"byte": true, 
	"bitscount": 80
	}, 
	"ApprovalNumber.LowerPart": {
	"bytesascii": true, 
	"bytescount": 5, 
	"byte": true, 
	"bitscount": 40
	}, 
	"UserData": {
	"bytescount": 8, 
	"byte": true, 
	"bitscount": 64
	}, 
	"SpeakerControl.Param2": {
	"scaled": true, 
	"bytescount": 2, 
	"bitscount": 16, 
	"unit": "Hz", 
	"signed": true
	}, 
	"SpeakerControl.Param3": {
	"scaled": true, 
	"bytescount": 2, 
	"bitscount": 16, 
	"unit": "Hz", 
	"signed": true
	}, 
	"SpeakerControl.Param4": {
	"scaled": true, 
	"signed": true
	}, 
	"DTCStatus.testFailedSinceLastClear": {
	"bitscount": 1, 
	"lists": {
		"0": "No", 
		"1": "Yes"
	}
	}, 
	"DTCStatus.confirmedDTC": {
	"bitscount": 1, 
	"lists": {
		"0": "No", 
		"1": "Yes"
	}
	}, 
	"CRC": {
	"bytescount": 2, 
	"byte": true, 
	"bitscount": 16
	}, 
	"TuningTime": {
	"bytesascii": true, 
	"bytescount": 6, 
	"byte": true, 
	"bitscount": 48
	}, 
	"NumberOfReprogrammings": {
	"byte": true
	}, 
	"VIN": {
	"bytesascii": true, 
	"bytescount": 17, 
	"byte": true, 
	"bitscount": 136, 
	"comment": "VIN lu dans la trameg\u00e9n\u00e9rique $2181"
	}, 
	"Number of CAL-IDs": {
	"scaled": true, 
	"signed": true
	}, 
	"ConfigVehicleBodyStyle": {
	"lists": {
		"0": "W", 
		"2": "C", 
		"4": "A"
	}, 
	"signed": true
	}, 
	"SoftwareNumber": {
	"bytescount": 2, 
	"byte": true, 
	"bitscount": 16
	}, 
	"HardwareNumber.LowerPart": {
	"bytesascii": true, 
	"bytescount": 5, 
	"byte": true, 
	"bitscount": 40
	}, 
	"DTCStatus.testNotCompletedSinceLastClear": {
	"bitscount": 1, 
	"lists": {
		"0": "No", 
		"1": "Yes"
	}
	}, 
	"Daimler Software Part Number": {
	"bytesascii": true, 
	"bytescount": 10, 
	"byte": true, 
	"bitscount": 80
	}, 
	"DateOfReprogramming": {
	"comment": "Cod\u00e9 en BCD", 
	"bytescount": 3, 
	"byte": true, 
	"bitscount": 24
	}, 
	"Output Permanent Control List": {
	"lists": {
		"36": "SpeakerControl"
	}
	}, 
	"RoutineStatusRecord": {
	"lists": {
		"1": "Routine in progress", 
		"2": "Routine completed and OK", 
		"3": "Routine completed and not OK"
	}, 
	"signed": true
	}, 
	"VehicleManufacturerSpartPartNumber": {
	"bytesascii": true, 
	"bytescount": 10, 
	"byte": true, 
	"bitscount": 80
	}
}
}