{
"obd": {
	"fastinit": true, 
	"funcname": "BVA", 
	"kw1": "F1", 
	"kw2": "6E", 
	"protocol": "KWP2000", 
	"funcaddr": "6E"
}, 
"devices": [
	{
	"dtc": 1842, 
	"devicedata": {}, 
	"dtctype": 0, 
	"name": "0732 - coh\u00e9rence rapport 2"
	}, 
	{
	"dtc": 277, 
	"devicedata": {}, 
	"dtctype": 0, 
	"name": "0115 - temp\u00e9rature eau moteur"
	}, 
	{
	"dtc": 1920, 
	"devicedata": {}, 
	"dtctype": 0, 
	"name": "0780 - d\u00e9brayage arr\u00eat"
	}, 
	{
	"dtc": 1800, 
	"devicedata": {}, 
	"dtctype": 0, 
	"name": "0708 - C.M.I."
	}, 
	{
	"dtc": 1846, 
	"devicedata": {}, 
	"dtctype": 0, 
	"name": "0736 - coh\u00e9rence rapport R"
	}, 
	{
	"dtc": 1864, 
	"devicedata": {}, 
	"dtctype": 0, 
	"name": "0748 - E.V. SLS"
	}, 
	{
	"dtc": 1891, 
	"devicedata": {}, 
	"dtctype": 0, 
	"name": "0763 - E.V. S3"
	}, 
	{
	"dtc": 1793, 
	"devicedata": {}, 
	"dtctype": 0, 
	"name": "0701 - bus CAN"
	}, 
	{
	"dtc": 1896, 
	"devicedata": {}, 
	"dtctype": 0, 
	"name": "0768 - E.V. S4"
	}, 
	{
	"dtc": 1845, 
	"devicedata": {}, 
	"dtctype": 0, 
	"name": "0735 - coh\u00e9rence rapport 5"
	}, 
	{
	"dtc": 1880, 
	"devicedata": {}, 
	"dtctype": 0, 
	"name": "0758 - E.V. S2"
	}, 
	{
	"dtc": 1907, 
	"devicedata": {}, 
	"dtctype": 0, 
	"name": "0773 - E.V. S5"
	}, 
	{
	"dtc": 1792, 
	"devicedata": {}, 
	"dtctype": 0, 
	"name": "0700 - checksum"
	}, 
	{
	"dtc": 1844, 
	"devicedata": {}, 
	"dtctype": 0, 
	"name": "0734 - coh\u00e9rence rapport 4"
	}, 
	{
	"dtc": 1620, 
	"devicedata": {}, 
	"dtctype": 0, 
	"name": "0654 - r\u00e9gime moteur"
	}, 
	{
	"dtc": 1841, 
	"devicedata": {}, 
	"dtctype": 0, 
	"name": "0731 - coh\u00e9rence rapport 1"
	}, 
	{
	"dtc": 1875, 
	"devicedata": {}, 
	"dtctype": 0, 
	"name": "0753 - E.V. S1"
	}, 
	{
	"dtc": 1861, 
	"devicedata": {}, 
	"dtctype": 0, 
	"name": "0745 - E.V. SLT"
	}, 
	{
	"dtc": 1925, 
	"devicedata": {}, 
	"dtctype": 0, 
	"name": "0785 - d\u00e9faut de passage"
	}, 
	{
	"dtc": 1797, 
	"devicedata": {}, 
	"dtctype": 0, 
	"name": "0705 - C.M.F."
	}, 
	{
	"dtc": 1280, 
	"devicedata": {}, 
	"dtctype": 0, 
	"name": "0500 - vitesse v\u00e9hicule"
	}, 
	{
	"dtc": 288, 
	"devicedata": {}, 
	"dtctype": 0, 
	"name": "0120 - volont\u00e9 conducteur"
	}, 
	{
	"dtc": 1922, 
	"devicedata": {}, 
	"dtctype": 0, 
	"name": "0782 - blocage levier en P"
	}, 
	{
	"dtc": 1824, 
	"devicedata": {}, 
	"dtctype": 0, 
	"name": "0720 - capteur vitesse sortie"
	}, 
	{
	"dtc": 1890, 
	"devicedata": {}, 
	"dtctype": 0, 
	"name": "0762 - coh\u00e9rence rapport S3"
	}, 
	{
	"dtc": 1856, 
	"devicedata": {}, 
	"dtctype": 0, 
	"name": "0740 - pontage convertisseur"
	}, 
	{
	"dtc": 1859, 
	"devicedata": {}, 
	"dtctype": 0, 
	"name": "0743 - E.V. SLU"
	}, 
	{
	"dtc": 1808, 
	"devicedata": {}, 
	"dtctype": 0, 
	"name": "0710 - temp\u00e9rature huile"
	}, 
	{
	"dtc": 1794, 
	"devicedata": {}, 
	"dtctype": 0, 
	"name": "0702 - tension APC"
	}, 
	{
	"dtc": 1843, 
	"devicedata": {}, 
	"dtctype": 0, 
	"name": "0733 - coh\u00e9rence rapport 3"
	}, 
	{
	"dtc": 1813, 
	"devicedata": {}, 
	"dtctype": 0, 
	"name": "0715 - capteur vitesse entr\u00e9e"
	}, 
	{
	"dtc": 1536, 
	"devicedata": {}, 
	"dtctype": 0, 
	"name": "0600 - probl\u00e8me r\u00e9seau CAN"
	}
], 
"ecuname": "SU2000_X74_L7X", 
"autoidents": [
	{
	"diagversion": "4", 
	"supplier": "A40", 
	"version": "0002", 
	"soft": "0520"
	}, 
	{
	"diagversion": "4", 
	"supplier": "A40", 
	"version": "0A02", 
	"soft": "0520"
	}, 
	{
	"diagversion": "4", 
	"supplier": "A40", 
	"version": "0A02", 
	"soft": "0530"
	}, 
	{
	"diagversion": "4", 
	"supplier": "A40", 
	"version": "0002", 
	"soft": "0530"
	}
], 
"endian": "Little", 
"requests": [
	{
	"name": "READ FREEZE FRAME", 
	"deny_sds": [], 
	"receivebyte_dataitems": {
		"Courant de sortie EV SLU": {
		"ref": true, 
		"firstbyte": 7, 
		"endian": "Big"
		}, 
		"Courant de sortie EV SLT": {
		"ref": true, 
		"firstbyte": 5, 
		"endian": "Big"
		}, 
		"Courant de sortie EV SLS": {
		"ref": true, 
		"firstbyte": 6, 
		"endian": "Big"
		}, 
		"Poids faible DTC": {
		"ref": true, 
		"firstbyte": 34
		}, 
		"Demande incr\u00e9ment rapport": {
		"bitoffset": 6, 
		"ref": true, 
		"firstbyte": 29
		}, 
		"Couple moteur hors consigne TA.": {
		"ref": true, 
		"firstbyte": 18, 
		"endian": "Big"
		}, 
		"D\u00e9brayage arr\u00eat": {
		"ref": true, 
		"firstbyte": 28
		}, 
		"Rapport engag\u00e9.": {
		"ref": true, 
		"firstbyte": 29
		}, 
		"Couple moteur anticip\u00e9.": {
		"ref": true, 
		"firstbyte": 19, 
		"endian": "Big"
		}, 
		"Etat contact CMF B ": {
		"bitoffset": 2, 
		"ref": true, 
		"firstbyte": 26, 
		"endian": "Big"
		}, 
		"Temp\u00e9rature eau moteur.": {
		"ref": true, 
		"firstbyte": 23, 
		"endian": "Big"
		}, 
		"Octet sortie EVS.": {
		"ref": true, 
		"firstbyte": 3, 
		"endian": "Big"
		}, 
		"Etat driver sortie EV 5 ": {
		"bitoffset": 3, 
		"ref": true, 
		"firstbyte": 4, 
		"endian": "Big"
		}, 
		"Temperature d huile BVA \u00b0C": {
		"ref": true, 
		"firstbyte": 13, 
		"endian": "Big"
		}, 
		"Tension APC": {
		"ref": true, 
		"firstbyte": 15, 
		"endian": "Big"
		}, 
		"Vitesse entr\u00e9e BVA": {
		"ref": true, 
		"firstbyte": 12, 
		"endian": "Big"
		}, 
		"Couple rapide ": {
		"ref": true, 
		"firstbyte": 21, 
		"endian": "Big"
		}, 
		"Allumage voyant d\u00e9fauts": {
		"bitoffset": 2, 
		"ref": true, 
		"firstbyte": 27, 
		"endian": "Big"
		}, 
		"Poids fort DTC": {
		"ref": true, 
		"firstbyte": 33
		}, 
		"Etat contact CMF C ": {
		"bitoffset": 1, 
		"ref": true, 
		"firstbyte": 26, 
		"endian": "Big"
		}, 
		"Octet info \u00e9tat rapport de BVA.": {
		"ref": true, 
		"firstbyte": 29
		}, 
		"Courant de sortie driver EV SLS": {
		"ref": true, 
		"firstbyte": 9, 
		"endian": "Big"
		}, 
		"Courant de sortie driver EV SLT": {
		"ref": true, 
		"firstbyte": 8, 
		"endian": "Big"
		}, 
		"Courant de sortie driver EV SLU": {
		"ref": true, 
		"firstbyte": 10, 
		"endian": "Big"
		}, 
		"Rapport refus\u00e9.": {
		"bitoffset": 5, 
		"ref": true, 
		"firstbyte": 29
		}, 
		"Pontage.": {
		"bitoffset": 4, 
		"ref": true, 
		"firstbyte": 27, 
		"endian": "Big"
		}, 
		"Etat huile": {
		"bitoffset": 3, 
		"ref": true, 
		"firstbyte": 27, 
		"endian": "Big"
		}, 
		"Etat contact CMF A ": {
		"bitoffset": 3, 
		"ref": true, 
		"firstbyte": 26, 
		"endian": "Big"
		}, 
		"Kick down": {
		"bitoffset": 7, 
		"ref": true, 
		"firstbyte": 29
		}, 
		"RAMI": {
		"ref": true, 
		"firstbyte": 32
		}, 
		"Vitesse v\u00e9hicule. ": {
		"ref": true, 
		"firstbyte": 24, 
		"endian": "Big"
		}, 
		"CMF ": {
		"ref": true, 
		"firstbyte": 26, 
		"endian": "Big"
		}, 
		"Etat sortie EV 4": {
		"bitoffset": 4, 
		"ref": true, 
		"firstbyte": 3, 
		"endian": "Big"
		}, 
		"Etat sortie EV 3": {
		"bitoffset": 5, 
		"ref": true, 
		"firstbyte": 3, 
		"endian": "Big"
		}, 
		"Octet commande EVS": {
		"ref": true, 
		"firstbyte": 4, 
		"endian": "Big"
		}, 
		"Etat sortie EV 1": {
		"bitoffset": 7, 
		"ref": true, 
		"firstbyte": 3, 
		"endian": "Big"
		}, 
		"Etat driver sortie EV 3": {
		"bitoffset": 5, 
		"ref": true, 
		"firstbyte": 4, 
		"endian": "Big"
		}, 
		"Octet changement de rapport et lois.": {
		"ref": true, 
		"firstbyte": 30
		}, 
		"Interdiction CLIM.": {
		"bitoffset": 2, 
		"ref": true, 
		"firstbyte": 28
		}, 
		"Etat convertisseur.": {
		"bitoffset": 6, 
		"ref": true, 
		"firstbyte": 28
		}, 
		"D\u00e9fauts rapport": {
		"ref": true, 
		"firstbyte": 31
		}, 
		"Volont\u00e9 conducteur.": {
		"ref": true, 
		"firstbyte": 20, 
		"endian": "Big"
		}, 
		"Couple lent ": {
		"ref": true, 
		"firstbyte": 22, 
		"endian": "Big"
		}, 
		"Etat driver sortie EV 1": {
		"bitoffset": 7, 
		"ref": true, 
		"firstbyte": 4, 
		"endian": "Big"
		}, 
		"Programme ": {
		"bitoffset": 4, 
		"ref": true, 
		"firstbyte": 28
		}, 
		"Contact CMI - ": {
		"bitoffset": 5, 
		"ref": true, 
		"firstbyte": 27, 
		"endian": "Big"
		}, 
		"Non d\u00e9fini.": {
		"ref": true, 
		"firstbyte": 25, 
		"endian": "Big"
		}, 
		"Octet commande GMV par BVA.": {
		"ref": true, 
		"firstbyte": 28
		}, 
		"Lois de passage": {
		"bitoffset": 4, 
		"ref": true, 
		"firstbyte": 30
		}, 
		"Octet d\u00e9codage CMF.": {
		"ref": true, 
		"firstbyte": 26, 
		"endian": "Big"
		}, 
		"Contact frein \u00e0 ouverture.": {
		"bitoffset": 7, 
		"ref": true, 
		"firstbyte": 27, 
		"endian": "Big"
		}, 
		"Etat sortie EV 5": {
		"bitoffset": 3, 
		"ref": true, 
		"firstbyte": 3, 
		"endian": "Big"
		}, 
		"Temperature d huile BVA V": {
		"ref": true, 
		"firstbyte": 14, 
		"endian": "Big"
		}, 
		"Octet controle vitesse et fonction adaptatives.": {
		"bitoffset": 4, 
		"ref": true, 
		"firstbyte": 31
		}, 
		"Contact CMI+ ": {
		"bitoffset": 6, 
		"ref": true, 
		"firstbyte": 27, 
		"endian": "Big"
		}, 
		"Etat sortie Shiftlock": {
		"bitoffset": 2, 
		"ref": true, 
		"firstbyte": 3, 
		"endian": "Big"
		}, 
		"Etat GMV ": {
		"bitoffset": 3, 
		"ref": true, 
		"firstbyte": 28
		}, 
		"Alerte temp. huile": {
		"bitoffset": 1, 
		"ref": true, 
		"firstbyte": 27, 
		"endian": "Big"
		}, 
		"Chgt de rapport": {
		"ref": true, 
		"firstbyte": 30
		}, 
		"Fonction auto-adapt.": {
		"bitoffset": 4, 
		"ref": true, 
		"firstbyte": 31
		}, 
		"Etat sortie EV 2": {
		"bitoffset": 6, 
		"ref": true, 
		"firstbyte": 3, 
		"endian": "Big"
		}, 
		"Position levier ": {
		"bitoffset": 4, 
		"ref": true, 
		"firstbyte": 26, 
		"endian": "Big"
		}, 
		"Freeze Frame Number": {
		"ref": true, 
		"firstbyte": 2, 
		"endian": "Big"
		}, 
		"Etat driver sortie EV 4": {
		"bitoffset": 4, 
		"ref": true, 
		"firstbyte": 4, 
		"endian": "Big"
		}, 
		"ShiftInProgress": {
		"bitoffset": 4, 
		"ref": true, 
		"firstbyte": 29
		}, 
		"Etat driver sortie EV 2": {
		"bitoffset": 6, 
		"ref": true, 
		"firstbyte": 4, 
		"endian": "Big"
		}, 
		"R\u00e9gime moteur.": {
		"ref": true, 
		"firstbyte": 16, 
		"endian": "Big"
		}, 
		"Etat contact CMF PA ": {
		"ref": true, 
		"firstbyte": 26, 
		"endian": "Big"
		}, 
		"Octet d\u00e9codage temp\u00e9rature et contacts.": {
		"ref": true, 
		"firstbyte": 27, 
		"endian": "Big"
		}, 
		"Couple moteur effectif.": {
		"ref": true, 
		"firstbyte": 17, 
		"endian": "Big"
		}, 
		"Vitesse sortie BVA": {
		"ref": true, 
		"firstbyte": 11, 
		"endian": "Big"
		}, 
		"Etat driver sortie Shiftlock": {
		"bitoffset": 2, 
		"ref": true, 
		"firstbyte": 4, 
		"endian": "Big"
		}
	}, 
	"sendbyte_dataitems": {
		"FirstDTC": {
		"firstbyte": 4, 
		"endian": "Big"
		}
	}, 
	"minbytes": 34, 
	"sentbytes": "1200040000"
	}, 
	{
	"name": "Output Control", 
	"replybytes": "700000", 
	"deny_sds": [], 
	"receivebyte_dataitems": {
		"Output Control Status": {
		"firstbyte": 3, 
		"endian": "Big"
		}
	}, 
	"sendbyte_dataitems": {
		"Controle pilotage": {
		"firstbyte": 4, 
		"endian": "Big"
		}, 
		"Output Control Command": {
		"firstbyte": 3, 
		"endian": "Big"
		}, 
		"Output Temporary Control List": {
		"firstbyte": 2, 
		"endian": "Big"
		}, 
		"Output Permanent Control List": {
		"firstbyte": 2, 
		"endian": "Big"
		}
	}, 
	"minbytes": 3, 
	"sentbytes": "30000000"
	}, 
	{
	"receivebyte_dataitems": {
		"CRC": {
		"ref": true, 
		"firstbyte": 20, 
		"endian": "Big"
		}, 
		"VIN": {
		"ref": true, 
		"firstbyte": 3, 
		"endian": "Big"
		}
	}, 
	"deny_sds": [], 
	"minbytes": 21, 
	"sentbytes": "2181", 
	"name": "Lecture VIN"
	}, 
	{
	"name": "Statut s\u00e9quence activation sorties", 
	"deny_sds": [], 
	"manualsend": true, 
	"receivebyte_dataitems": {
		"Shift-lock": {
		"bitoffset": 7, 
		"ref": true, 
		"firstbyte": 6, 
		"endian": "Big"
		}, 
		"Octet2": {
		"ref": true, 
		"firstbyte": 5, 
		"endian": "Big"
		}, 
		"EVS 5": {
		"bitoffset": 3, 
		"ref": true, 
		"firstbyte": 4, 
		"endian": "Big"
		}, 
		"EVS 4": {
		"bitoffset": 4, 
		"ref": true, 
		"firstbyte": 4, 
		"endian": "Big"
		}, 
		"EVS 1": {
		"bitoffset": 7, 
		"ref": true, 
		"firstbyte": 4, 
		"endian": "Big"
		}, 
		"Octet1": {
		"ref": true, 
		"firstbyte": 4, 
		"endian": "Big"
		}, 
		"Octet3": {
		"ref": true, 
		"firstbyte": 6, 
		"endian": "Big"
		}, 
		"SLS": {
		"bitoffset": 6, 
		"ref": true, 
		"firstbyte": 5, 
		"endian": "Big"
		}, 
		"SLT": {
		"bitoffset": 7, 
		"ref": true, 
		"firstbyte": 5, 
		"endian": "Big"
		}, 
		"EVS 3": {
		"bitoffset": 5, 
		"ref": true, 
		"firstbyte": 4, 
		"endian": "Big"
		}, 
		"     \u00e9tat status s\u00e9quence act. sorties": {
		"ref": true, 
		"firstbyte": 3, 
		"endian": "Big"
		}, 
		"SLU": {
		"bitoffset": 5, 
		"ref": true, 
		"firstbyte": 5, 
		"endian": "Big"
		}, 
		"EVS 2": {
		"bitoffset": 6, 
		"ref": true, 
		"firstbyte": 4, 
		"endian": "Big"
		}
	}, 
	"minbytes": 2, 
	"sentbytes": "31C001"
	}, 
	{
	"sendbyte_dataitems": {
		"Session Name": {
		"firstbyte": 2, 
		"endian": "Big"
		}
	}, 
	"deny_sds": [], 
	"minbytes": 1, 
	"sentbytes": "10C0", 
	"name": "Start Diagnostic Session"
	}, 
	{
	"receivebyte_dataitems": {
		"Couple moteur anticip\u00e9 ": {
		"ref": true, 
		"firstbyte": 14, 
		"endian": "Big"
		}, 
		"Demande incr\u00e9ment de rapport - ESP": {
		"bitoffset": 1, 
		"ref": true, 
		"firstbyte": 24, 
		"endian": "Big"
		}, 
		"Position levier BVA": {
		"bitoffset": 4, 
		"ref": true, 
		"firstbyte": 21, 
		"endian": "Big"
		}, 
		"D\u00e9faut coh\u00e9rence de rapport": {
		"bitoffset": 4, 
		"ref": true, 
		"firstbyte": 26, 
		"endian": "Big"
		}, 
		"Allumage voyant d\u00e9faut BVA au TdB": {
		"bitoffset": 2, 
		"ref": true, 
		"firstbyte": 22, 
		"endian": "Big"
		}, 
		"Vitesse entr\u00e9e boite": {
		"ref": true, 
		"firstbyte": 8, 
		"endian": "Big"
		}, 
		"Alerte temp\u00e9rature huile de boite": {
		"bitoffset": 1, 
		"ref": true, 
		"firstbyte": 22, 
		"endian": "Big"
		}, 
		"D\u00e9faut BVA r\u00e9serv\u00e9": {
		"ref": true, 
		"firstbyte": 22, 
		"endian": "Big"
		}, 
		"Octet changement de rapport et Lois": {
		"ref": true, 
		"firstbyte": 25, 
		"endian": "Big"
		}, 
		"Vitesse v\u00e9hicule": {
		"ref": true, 
		"firstbyte": 19, 
		"endian": "Big"
		}, 
		"Etat sortie EV4": {
		"bitoffset": 4, 
		"ref": true, 
		"firstbyte": 3, 
		"endian": "Big"
		}, 
		"Commande GMV par BVA": {
		"bitoffset": 4, 
		"ref": true, 
		"firstbyte": 23, 
		"endian": "Big"
		}, 
		"Etat huile BVA": {
		"bitoffset": 3, 
		"ref": true, 
		"firstbyte": 22, 
		"endian": "Big"
		}, 
		"Type de loi de passage ": {
		"ref": true, 
		"firstbyte": 25, 
		"endian": "Big"
		}, 
		"Changement de rapport en cours": {
		"bitoffset": 3, 
		"ref": true, 
		"firstbyte": 24, 
		"endian": "Big"
		}, 
		"Octet d\u00e9codage CMF": {
		"ref": true, 
		"firstbyte": 21, 
		"endian": "Big"
		}, 
		"Pontage ": {
		"bitoffset": 4, 
		"ref": true, 
		"firstbyte": 22, 
		"endian": "Big"
		}, 
		"Tension APC mesur\u00e9e par calculateur boite": {
		"ref": true, 
		"firstbyte": 10, 
		"endian": "Big"
		}, 
		"Courant sortie SLU": {
		"ref": true, 
		"firstbyte": 6, 
		"endian": "Big"
		}, 
		"Interdiction CLIM": {
		"bitoffset": 5, 
		"ref": true, 
		"firstbyte": 23, 
		"endian": "Big"
		}, 
		"Rapport engag\u00e9": {
		"bitoffset": 4, 
		"ref": true, 
		"firstbyte": 24, 
		"endian": "Big"
		}, 
		"Octet info \u00e9tat rapport de BVA": {
		"ref": true, 
		"firstbyte": 24, 
		"endian": "Big"
		}, 
		"D\u00e9brayage \u00e0 l arret": {
		"bitoffset": 6, 
		"ref": true, 
		"firstbyte": 23, 
		"endian": "Big"
		}, 
		"Signal CMF B": {
		"bitoffset": 2, 
		"ref": true, 
		"firstbyte": 21, 
		"endian": "Big"
		}, 
		"Signal CMF C": {
		"bitoffset": 1, 
		"ref": true, 
		"firstbyte": 21, 
		"endian": "Big"
		}, 
		"Etat convertisseur": {
		"ref": true, 
		"firstbyte": 23, 
		"endian": "Big"
		}, 
		"Signal CMF A": {
		"bitoffset": 3, 
		"ref": true, 
		"firstbyte": 21, 
		"endian": "Big"
		}, 
		"Octet Failure mode": {
		"bitoffset": 7, 
		"ref": true, 
		"firstbyte": 27, 
		"endian": "Big"
		}, 
		"Signal CMF PA": {
		"ref": true, 
		"firstbyte": 21, 
		"endian": "Big"
		}, 
		"Temp\u00e9rature eau moteur": {
		"ref": true, 
		"firstbyte": 18, 
		"endian": "Big"
		}, 
		"Volont\u00e9 conducteur ": {
		"ref": true, 
		"firstbyte": 15, 
		"endian": "Big"
		}, 
		"Octet sortie EVS": {
		"ref": true, 
		"firstbyte": 3, 
		"endian": "Big"
		}, 
		"Octet d\u00e9codage temp\u00e9rature et contacts": {
		"ref": true, 
		"firstbyte": 22, 
		"endian": "Big"
		}, 
		"Couple moteur hors consigne TA ": {
		"ref": true, 
		"firstbyte": 13, 
		"endian": "Big"
		}, 
		"Couple rapide BVA": {
		"ref": true, 
		"firstbyte": 16, 
		"endian": "Big"
		}, 
		"Etat sortie Shift lock": {
		"bitoffset": 2, 
		"ref": true, 
		"firstbyte": 3, 
		"endian": "Big"
		}, 
		"Kick down.": {
		"ref": true, 
		"firstbyte": 24, 
		"endian": "Big"
		}, 
		"Changement de rapport - ESP": {
		"bitoffset": 6, 
		"ref": true, 
		"firstbyte": 25, 
		"endian": "Big"
		}, 
		"Non d\u00e9fini": {
		"ref": true, 
		"firstbyte": 20, 
		"endian": "Big"
		}, 
		"Couple lent BVA": {
		"ref": true, 
		"firstbyte": 17, 
		"endian": "Big"
		}, 
		"CMI+": {
		"bitoffset": 6, 
		"ref": true, 
		"firstbyte": 22, 
		"endian": "Big"
		}, 
		"Programme BVA": {
		"bitoffset": 2, 
		"ref": true, 
		"firstbyte": 23, 
		"endian": "Big"
		}, 
		"Octet commande GMV par BVA": {
		"ref": true, 
		"firstbyte": 23, 
		"endian": "Big"
		}, 
		"CMI-": {
		"bitoffset": 5, 
		"ref": true, 
		"firstbyte": 22, 
		"endian": "Big"
		}, 
		"Fonction auto Adaptative enclench\u00e9e": {
		"ref": true, 
		"firstbyte": 26, 
		"endian": "Big"
		}, 
		"Etat sortie EV2": {
		"bitoffset": 6, 
		"ref": true, 
		"firstbyte": 3, 
		"endian": "Big"
		}, 
		"Etat sortie EV3": {
		"bitoffset": 5, 
		"ref": true, 
		"firstbyte": 3, 
		"endian": "Big"
		}, 
		"Etat sortie EV1": {
		"bitoffset": 7, 
		"ref": true, 
		"firstbyte": 3, 
		"endian": "Big"
		}, 
		"Temp\u00e9rature huile boite": {
		"ref": true, 
		"firstbyte": 9, 
		"endian": "Big"
		}, 
		"Vitesse sortie boite": {
		"ref": true, 
		"firstbyte": 7, 
		"endian": "Big"
		}, 
		"Etat sortie EV5": {
		"bitoffset": 3, 
		"ref": true, 
		"firstbyte": 3, 
		"endian": "Big"
		}, 
		"Couple moteur effectif ": {
		"ref": true, 
		"firstbyte": 12, 
		"endian": "Big"
		}, 
		"D\u00e9codage position CMF": {
		"ref": true, 
		"firstbyte": 21, 
		"endian": "Big"
		}, 
		"Octet Controle vitesse et fonction adaptatives": {
		"ref": true, 
		"firstbyte": 26, 
		"endian": "Big"
		}, 
		"Courant sortie SLS": {
		"ref": true, 
		"firstbyte": 5, 
		"endian": "Big"
		}, 
		"R\u00e9gime moteur ": {
		"ref": true, 
		"firstbyte": 11, 
		"endian": "Big"
		}, 
		"Contact frein \u00e0 ouverture": {
		"bitoffset": 7, 
		"ref": true, 
		"firstbyte": 22, 
		"endian": "Big"
		}, 
		"Courant sortie SLT": {
		"ref": true, 
		"firstbyte": 4, 
		"endian": "Big"
		}, 
		"Rapport refus\u00e9": {
		"bitoffset": 2, 
		"ref": true, 
		"firstbyte": 24, 
		"endian": "Big"
		}
	}, 
	"deny_sds": [], 
	"minbytes": 27, 
	"sentbytes": "2190", 
	"name": "Donn\u00e9es G\u00e9n\u00e9riques"
	}, 
	{
	"name": "IO CONTROL BLID", 
	"deny_sds": [], 
	"manualsend": true, 
	"sendbyte_dataitems": {
		"Param\u00e8tre de pilotage": {
		"ref": true, 
		"firstbyte": 3, 
		"endian": "Big"
		}, 
		"Controle pilotage": {
		"ref": true, 
		"firstbyte": 4, 
		"endian": "Big"
		}, 
		"N\u00b0 de sortie \u00e0 piloter": {
		"ref": true, 
		"firstbyte": 2, 
		"endian": "Big"
		}
	}, 
	"minbytes": 1, 
	"sentbytes": "30000000"
	}, 
	{
	"name": "START DIAG SESSION", 
	"deny_sds": [], 
	"receivebyte_dataitems": {
		"Start diag Session OK": {
		"ref": true, 
		"firstbyte": 1, 
		"endian": "Big"
		}
	}, 
	"sendbyte_dataitems": {
		"      Mode du diag": {
		"ref": true, 
		"firstbyte": 2, 
		"endian": "Big"
		}
	}, 
	"minbytes": 1, 
	"sentbytes": "10C0"
	}, 
	{
	"deny_sds": [], 
	"minbytes": 3, 
	"sentbytes": "14FF00", 
	"name": "Effacer d\u00e9fauts"
	}, 
	{
	"receivebyte_dataitems": {
		"N\u00b0 version du materiel": {
		"ref": true, 
		"firstbyte": 12, 
		"endian": "Big"
		}, 
		"Type ECU": {
		"ref": true, 
		"firstbyte": 17, 
		"endian": "Big"
		}, 
		"Type V\u00e9hicule": {
		"ref": true, 
		"firstbyte": 20, 
		"endian": "Big"
		}, 
		"Indice soft en devellopement": {
		"bitoffset": 4, 
		"ref": true, 
		"firstbyte": 18, 
		"endian": "Big"
		}, 
		"N\u00b0 indice de calibration": {
		"ref": true, 
		"firstbyte": 22, 
		"endian": "Big"
		}, 
		"N\u00b0 piece PIE": {
		"ref": true, 
		"firstbyte": 3, 
		"endian": "Big"
		}, 
		"N\u00b0 structure de calibration": {
		"ref": true, 
		"firstbyte": 19, 
		"endian": "Big"
		}, 
		"Version Majeure": {
		"bitoffset": 4, 
		"ref": true, 
		"firstbyte": 17, 
		"endian": "Big"
		}, 
		"N\u00b0 fournisseur": {
		"ref": true, 
		"firstbyte": 9, 
		"endian": "Big"
		}, 
		"R\u00e9serv\u00e9 Identification": {
		"ref": true, 
		"firstbyte": 24, 
		"endian": "Big"
		}, 
		"Version Mineure": {
		"ref": true, 
		"firstbyte": 18, 
		"endian": "Big"
		}, 
		"N\u00b0 famille BVA": {
		"ref": true, 
		"firstbyte": 23, 
		"endian": "Big"
		}, 
		"N\u00b0 calibration": {
		"ref": true, 
		"firstbyte": 21, 
		"endian": "Big"
		}, 
		"Octet identification APV": {
		"ref": true, 
		"firstbyte": 8, 
		"endian": "Big"
		}, 
		"Type Moteur": {
		"bitoffset": 4, 
		"ref": true, 
		"firstbyte": 20, 
		"endian": "Big"
		}, 
		"N\u00b0 Version logiciel ": {
		"ref": true, 
		"firstbyte": 17, 
		"endian": "Big"
		}
	}, 
	"deny_sds": [], 
	"minbytes": 26, 
	"sentbytes": "2180", 
	"name": "Identification"
	}, 
	{
	"deny_sds": [], 
	"minbytes": 1, 
	"sentbytes": "31C000", 
	"name": "Lancer s\u00e9quence activ. sorties"
	}, 
	{
	"receivebyte_dataitems": {
		"Tester present OK": {
		"ref": true, 
		"firstbyte": 1, 
		"endian": "Big"
		}
	}, 
	"deny_sds": [], 
	"minbytes": 1, 
	"sentbytes": "3E", 
	"name": "TESTER PRESENT"
	}, 
	{
	"name": "ReadDTC", 
	"deny_sds": [], 
	"receivebyte_dataitems": {
		"   DTC1 - Valeur": {
		"firstbyte": 5, 
		"endian": "Big"
		}, 
		"NDTC": {
		"firstbyte": 2, 
		"endian": "Big"
		}, 
		"Present Failure": {
		"bitoffset": 2, 
		"firstbyte": 5, 
		"endian": "Big"
		}, 
		"FirstDTC": {
		"firstbyte": 3, 
		"endian": "Big"
		}, 
		"Status DTC": {
		"firstbyte": 5, 
		"endian": "Big"
		}, 
		"Stored Failure": {
		"bitoffset": 1, 
		"firstbyte": 5, 
		"endian": "Big"
		}
	}, 
	"sendbyte_dataitems": {
		"MoreDTC": {
		"ref": true, 
		"firstbyte": 3, 
		"endian": "Big"
		}
	}, 
	"minbytes": 2, 
	"sentbytes": "17FF00", 
	"shiftbytescount": 3
	}, 
	{
	"receivebyte_dataitems": {
		"AIRBAG Absent": {
		"ref": true, 
		"firstbyte": 11, 
		"endian": "Big"
		}, 
		"R\u00e9serv\u00e9 Producteur1 MUX": {
		"ref": true, 
		"firstbyte": 17, 
		"endian": "Big"
		}, 
		"TdB Absent": {
		"ref": true, 
		"firstbyte": 9, 
		"endian": "Big"
		}, 
		"Param\u00e8tre BUS OFF": {
		"ref": true, 
		"firstbyte": 5, 
		"endian": "Big"
		}, 
		"R\u00e9serv\u00e9 Producteur5 MUX": {
		"ref": true, 
		"firstbyte": 21, 
		"endian": "Big"
		}, 
		"BVA Absent": {
		"ref": true, 
		"firstbyte": 15, 
		"endian": "Big"
		}, 
		"R\u00e9serv\u00e9 Producteur2 MUX": {
		"ref": true, 
		"firstbyte": 18, 
		"endian": "Big"
		}, 
		"ABS Absent": {
		"ref": true, 
		"firstbyte": 8, 
		"endian": "Big"
		}, 
		"R\u00e9f\u00e9rence messagerie 1": {
		"ref": true, 
		"firstbyte": 3, 
		"endian": "Big"
		}, 
		"R\u00e9serv\u00e9 Producteur4 MUX": {
		"ref": true, 
		"firstbyte": 20, 
		"endian": "Big"
		}, 
		"CLIM Absent": {
		"ref": true, 
		"firstbyte": 14, 
		"endian": "Big"
		}, 
		"BIN Absent": {
		"ref": true, 
		"firstbyte": 16, 
		"endian": "Big"
		}, 
		"INJECTION Absent": {
		"ref": true, 
		"firstbyte": 7, 
		"endian": "Big"
		}, 
		"R\u00e9serv\u00e9 Producteur3 MUX": {
		"ref": true, 
		"firstbyte": 19, 
		"endian": "Big"
		}, 
		"Param\u00e8tre Module Muet": {
		"ref": true, 
		"firstbyte": 6, 
		"endian": "Big"
		}, 
		"UCH Absent": {
		"ref": true, 
		"firstbyte": 10, 
		"endian": "Big"
		}, 
		"VERROU Absent": {
		"ref": true, 
		"firstbyte": 12, 
		"endian": "Big"
		}, 
		"S.W.A. Absent": {
		"ref": true, 
		"firstbyte": 13, 
		"endian": "Big"
		}, 
		"R\u00e9f\u00e9rence messagerie 2": {
		"ref": true, 
		"firstbyte": 4, 
		"endian": "Big"
		}
	}, 
	"deny_sds": [], 
	"minbytes": 21, 
	"sentbytes": "2182", 
	"name": "Liaison CAN"
	}, 
	{
	"receivebyte_dataitems": {
		"Stop communication OK": {
		"ref": true, 
		"firstbyte": 1, 
		"endian": "Big"
		}
	}, 
	"deny_sds": [], 
	"minbytes": 1, 
	"sentbytes": "82", 
	"name": "STOP COM"
	}, 
	{
	"name": "Effacement param\u00e8tres de lois auto-adapt", 
	"deny_sds": [], 
	"manualsend": true, 
	"receivebyte_dataitems": {
		"Effacement r\u00e9alis\u00e9": {
		"ref": true, 
		"firstbyte": 1, 
		"endian": "Big"
		}
	}, 
	"minbytes": 1, 
	"sentbytes": "140001"
	}, 
	{
	"name": "Ecriture VIN", 
	"deny_sds": [], 
	"manualsend": true, 
	"sendbyte_dataitems": {
		"CRC.": {
		"ref": true, 
		"firstbyte": 20, 
		"endian": "Big"
		}, 
		"VIN.": {
		"ref": true, 
		"firstbyte": 3, 
		"endian": "Big"
		}
	}, 
	"minbytes": 1, 
	"sentbytes": "3B8100000000000000000000000000000000000000"
	}
], 
"data": {
	"Vitesse entr\u00e9e boite": {
	"scaled": true, 
	"step": 25.0, 
	"unit": "tr/mn"
	}, 
	"Freeze Frame Number": {
	"scaled": true
	}, 
	"Allumage voyant d\u00e9faut BVA au TdB": {
	"scaled": true, 
	"bitscount": 1
	}, 
	"Demande incr\u00e9ment rapport": {
	"bitscount": 1, 
	"lists": {
		"0": "non", 
		"1": "OUI"
	}
	}, 
	"Alerte temp\u00e9rature huile de boite": {
	"bitscount": 1, 
	"lists": {
		"0": "non", 
		"1": "OUI"
	}
	}, 
	"Octet Failure mode": {
	"scaled": true
	}, 
	"Changement de rapport - ESP": {
	"bitscount": 2, 
	"lists": {
		"0": "Changement interdit", 
		"1": "Uniquement rapport descendant", 
		"2": "Uniquement rapport montant", 
		"3": "changement autoris\u00e9"
	}
	}, 
	"Position levier BVA": {
	"bitscount": 4, 
	"lists": {
		"0": "P", 
		"1": "R", 
		"2": "N", 
		"3": "D"
	}
	}, 
	"Etat contact CMF B ": {
	"bitscount": 1, 
	"lists": {
		"0": "inactif", 
		"1": "actif"
	}
	}, 
	"Temp\u00e9rature eau moteur.": {
	"scaled": true, 
	"unit": "\u00b0C", 
	"offset": -40.0
	}, 
	"R\u00e9serv\u00e9 Identification": {
	"bytescount": 3, 
	"byte": true, 
	"bitscount": 24
	}, 
	"Temperature d huile BVA \u00b0C": {
	"scaled": true, 
	"unit": "\u00b0C", 
	"offset": -50.0
	}, 
	"Commande GMV par BVA": {
	"bitscount": 1, 
	"lists": {
		"0": "pas de pilotage GMV", 
		"1": "GMV \u00e0 piloter"
	}
	}, 
	"CRC.": {
	"bytescount": 2, 
	"byte": true, 
	"bitscount": 16
	}, 
	"Etat contact CMF C ": {
	"bitscount": 1, 
	"lists": {
		"0": "inactif", 
		"1": "actif"
	}
	}, 
	"Output Temporary Control List": {
	"lists": {
		"129": "Electrovanne n\u00b01", 
		"130": "Electrovanne n\u00b02", 
		"131": "Electrovanne n\u00b03", 
		"132": "Electrovanne n\u00b04", 
		"133": "Electrovanne n\u00b05", 
		"134": "Actionneur Shiftlock", 
		"135": "actionneur keylock _ ne pas utiliser", 
		"161": "EV lin\u00e9aire SLT", 
		"162": "EV lin\u00e9aire SLS", 
		"163": "EV lin\u00e9aire SLU"
	}
	}, 
	"Pontage.": {
	"bitscount": 1, 
	"lists": {
		"0": "d\u00e9pont\u00e9", 
		"1": "pont\u00e9"
	}
	}, 
	"Etat huile": {
	"bitscount": 1, 
	"lists": {
		"0": "OK", 
		"1": "D\u00e9grad\u00e9e"
	}
	}, 
	"Output Control Command": {
	"comment": "Testing output : Command enumeration", 
	"lists": {
		"0": "Start Temporary", 
		"1": "Status", 
		"17": "Stop", 
		"32": "Start Permanent"
	}
	}, 
	"      Mode du diag": {
	"lists": {
		"144": "Fournisseur", 
		"160": "Etudes", 
		"176": "Production", 
		"192": "Apr\u00e8s-vente"
	}
	}, 
	"N\u00b0 de sortie \u00e0 piloter": {
	"lists": {
		"129": "Electrovanne n\u00b01", 
		"130": "Electrovanne n\u00b02", 
		"131": "Electrovanne n\u00b03", 
		"132": "Electrovanne n\u00b04", 
		"133": "Electrovanne n\u00b05", 
		"134": "Actionneur Shiftlock", 
		"135": "actionneur keylock _ ne pas utiliser", 
		"161": "EV lin\u00e9aire SLT", 
		"162": "EV lin\u00e9aire SLS", 
		"163": "EV lin\u00e9aire SLU"
	}
	}, 
	"Octet d\u00e9codage temp\u00e9rature et contacts": {
	"scaled": true
	}, 
	"Etat sortie EV 5": {
	"bitscount": 1, 
	"lists": {
		"0": "inactive", 
		"1": "active"
	}
	}, 
	"Etat sortie EV 4": {
	"bitscount": 1, 
	"lists": {
		"0": "inactive", 
		"1": "active"
	}
	}, 
	"Etat sortie EV 3": {
	"bitscount": 1, 
	"lists": {
		"0": "inactive", 
		"1": "active"
	}
	}, 
	"Etat sortie EV 2": {
	"bitscount": 1, 
	"lists": {
		"0": "inactive", 
		"1": "active"
	}
	}, 
	"Etat sortie EV 1": {
	"bitscount": 1, 
	"lists": {
		"0": "inactive", 
		"1": "active"
	}
	}, 
	"Octet d\u00e9codage CMF.": {
	"scaled": true
	}, 
	"Octet commande GMV par BVA.": {
	"scaled": true
	}, 
	"R\u00e9serv\u00e9 Producteur1 MUX": {
	"byte": true
	}, 
	"Non d\u00e9fini": {
	"scaled": true
	}, 
	"ABS Absent": {
	"scaled": true, 
	"format": "bin"
	}, 
	"Couple moteur hors consigne TA ": {
	"scaled": true, 
	"step": 2.0, 
	"unit": "N.m", 
	"offset": -100.0
	}, 
	"Signal CMF A": {
	"bitscount": 1, 
	"lists": {
		"0": "inactif", 
		"1": "actif"
	}
	}, 
	"Fonction auto Adaptative enclench\u00e9e": {
	"bitscount": 4, 
	"lists": {
		"0": "Economie", 
		"1": "Fast on", 
		"2": "Sport", 
		"3": "Up Slope 1", 
		"4": "Up Slope 2", 
		"5": "Down slope", 
		"6": "Gear Hold", 
		"7": "Brake assistance", 
		"8": "Medium", 
		"9": "Anti patinage ", 
		"10": "Blocage en virage", 
		"11": "Warm up"
	}
	}, 
	"D\u00e9faut coh\u00e9rence de rapport": {
	"bitscount": 4, 
	"lists": {
		"0": "pas d erreur", 
		"1": "erreur 1er rapport", 
		"2": "erreur 2eme rapport", 
		"3": "erreur 3eme rapport", 
		"4": "erreur 4eme rapport", 
		"5": "erreur 5eme rapport", 
		"6": "erreur marche arri\u00e8re", 
		"7": "panne hydraulique EV3"
	}
	}, 
	"VIN": {
	"bytescount": 17, 
	"byte": true, 
	"bitscount": 136
	}, 
	"Temp\u00e9rature huile boite": {
	"scaled": true, 
	"unit": "\u00b0C", 
	"offset": -50.0
	}, 
	"Vitesse sortie boite": {
	"scaled": true, 
	"step": 25.0, 
	"unit": "tr/mn"
	}, 
	"Octet info \u00e9tat rapport de BVA.": {
	"scaled": true
	}, 
	"CLIM Absent": {
	"scaled": true, 
	"format": "bin"
	}, 
	"Version Majeure": {
	"scaled": true, 
	"bitscount": 4
	}, 
	"R\u00e9gime moteur.": {
	"scaled": true, 
	"step": 25.0, 
	"unit": "tr/mn"
	}, 
	"Type V\u00e9hicule": {
	"bitscount": 4, 
	"lists": {
		"0": "X74", 
		"1": "X73", 
		"2": "X81"
	}
	}, 
	"R\u00e9serv\u00e9 Producteur3 MUX": {
	"byte": true
	}, 
	"Octet d\u00e9codage temp\u00e9rature et contacts.": {
	"scaled": true
	}, 
	"R\u00e9gime moteur ": {
	"scaled": true, 
	"step": 25.0, 
	"unit": "tr/mn"
	}, 
	"Stored Failure": {
	"bitscount": 1, 
	"lists": {
		"0": "No", 
		"1": "Yes"
	}
	}, 
	"Demande incr\u00e9ment de rapport - ESP": {
	"bitscount": 1, 
	"lists": {
		"0": "non", 
		"1": "OUI"
	}
	}, 
	"Courant de sortie EV SLU": {
	"scaled": true, 
	"step": 10.0, 
	"unit": "mA"
	}, 
	"Courant de sortie EV SLT": {
	"scaled": true, 
	"step": 10.0, 
	"unit": "mA"
	}, 
	"Courant de sortie EV SLS": {
	"scaled": true, 
	"step": 10.0, 
	"unit": "mA"
	}, 
	"   DTC1 - Panne": {
	"bitscount": 1, 
	"lists": {
		"0": "panne non m\u00e9moris\u00e9e", 
		"1": "panne m\u00e9moris\u00e9e"
	}
	}, 
	"Etat contact CMF PA ": {
	"bitscount": 1, 
	"lists": {
		"0": "inactif", 
		"1": "actif"
	}
	}, 
	"Couple moteur hors consigne TA.": {
	"scaled": true, 
	"step": 2.0, 
	"unit": "N.m", 
	"offset": -100.0
	}, 
	"Status DTC": {
	"lists": {
		"33": "C.O.", 
		"34": "C.C. \u00e0 la masse", 
		"35": "C.C. au plus batterie", 
		"36": "param\u00e8tre en but\u00e9e min.", 
		"37": "param\u00e8tre en but\u00e9e max.", 
		"38": "incoh\u00e9rence ... DETAILS", 
		"39": "pas de signal", 
		"40": "en dessous du seuil min. - 9V pour APC -", 
		"41": "au dessus du seuil max. - 18V pour APC -", 
		"42": "niveau bas permanent", 
		"43": "niveau haut permanent", 
		"44": "lignes en C.C.", 
		"45": "anomalie \u00e9lectrique interne", 
		"65": "C.O..", 
		"66": "C.C. \u00e0 la masse.", 
		"67": "C.C. au plus batterie.", 
		"68": "param\u00e8tre en but\u00e9e min..", 
		"69": "param\u00e8tre en but\u00e9e max..", 
		"70": "incoh\u00e9rence ... DETAILS.", 
		"71": "pas de signal.", 
		"72": "en dessous du seuil min. - 9V pour APC -.", 
		"73": "au dessus du seuil max. - 18V pour APC -.", 
		"74": "niveau bas permanent.", 
		"75": "niveau haut permanent.", 
		"76": "lignes en C.C..", 
		"77": "anomalie \u00e9lectrique interne.", 
		"97": "C.O...", 
		"98": "C.C. \u00e0 la masse..", 
		"99": "C.C. au plus batterie..", 
		"100": "param\u00e8tre en but\u00e9e min...", 
		"101": "param\u00e8tre en but\u00e9e max...", 
		"102": "incoh\u00e9rence ... DETAILS..", 
		"103": "pas de signal..", 
		"104": "en dessous du seuil min. - 9V pour APC -..", 
		"105": "au dessus du seuil max. - 18V pour APC -..", 
		"106": "niveau bas permanent..", 
		"107": "niveau haut permanent..", 
		"108": "lignes en C.C...", 
		"109": "anomalie \u00e9lectrique interne..", 
		"161": "C.O. ou C.C. au plus batterie", 
		"162": "C.O. ou C.C. \u00e0 la masse", 
		"163": "par. A _ ctrl incorrect - DETAILS", 
		"164": "par. B _ ctrl incorrect - DETAILS", 
		"165": "par. C _ ctrl incorrect - DETAILS", 
		"166": "par. D _ ctrl incorrect - DETAILS", 
		"167": "d\u00e9faut sur un passage", 
		"168": "couple moyen effectif non d\u00e9fini", 
		"169": "couple hors consigne TA non d\u00e9fini", 
		"170": "pas d emission Injection sur CAN", 
		"171": "pas d emission ABS sur CAN", 
		"172": "ABS en d\u00e9faut", 
		"173": "ESP en d\u00e9faut", 
		"174": "pas d emission UCH sur CAN", 
		"175": "non utilis\u00e9", 
		"178": "controleur CAN en BUS OFF", 
		"179": "pas d emission sur le CAN", 
		"181": "vitesse v\u00e9hicule CAN non d\u00e9finie", 
		"182": "vitesse roue arri\u00e8re droite non d\u00e9finie", 
		"183": "vitesse roue arri\u00e8re gauche non d\u00e9finie", 
		"193": "C.O. ou C.C. au plus batterie.", 
		"194": "C.O. ou C.C. \u00e0 la masse.", 
		"195": "par. A _ ctrl incorrect - DETAILS.", 
		"196": "par. B _ ctrl incorrect - DETAILS.", 
		"197": "par. C _ ctrl incorrect - DETAILS.", 
		"198": "par. D _ ctrl incorrect - DETAILS.", 
		"199": "d\u00e9faut sur un passage.", 
		"200": "couple moyen effectif non d\u00e9fini.", 
		"201": "couple hors consigne TA non d\u00e9fini.", 
		"202": "pas d emission Injection sur CAN.", 
		"203": "pas d emission ABS sur CAN.", 
		"204": "ABS en d\u00e9faut.", 
		"205": "ESP en d\u00e9faut.", 
		"206": "pas d emission UCH sur CAN.", 
		"210": "controleur CAN en BUS OFF.", 
		"211": "pas d emission sur le CAN.", 
		"214": "vitesse roue arri\u00e8re droite non d\u00e9finie.", 
		"215": "vitesse roue arri\u00e8re gauche non d\u00e9finie.", 
		"225": "C.O. ou C.C. au plus batterie..", 
		"226": "C.O. ou C.C. \u00e0 la masse..", 
		"227": "par. A _ ctrl incorrect - DETAILS..", 
		"228": "par. B _ ctrl incorrect - DETAILS..", 
		"229": "par. C _ ctrl incorrect - DETAILS..", 
		"230": "par. D _ ctrl incorrect - DETAILS..", 
		"231": "d\u00e9faut sur un passage..", 
		"232": "couple moyen effectif non d\u00e9fini..", 
		"233": "couple hors consigne TA non d\u00e9fini..", 
		"234": "pas d emission Injection sur CAN..", 
		"235": "pas d emission ABS sur CAN..", 
		"236": "ABS en d\u00e9faut..", 
		"237": "ESP en d\u00e9faut..", 
		"238": "pas d emission UCH sur CAN..", 
		"242": "controleur CAN en BUS OFF..", 
		"243": "pas d emission sur le CAN..", 
		"245": "vitesse v\u00e9hicule CAN non d\u00e9finie..", 
		"246": "vitesse roue arri\u00e8re droite non d\u00e9finie..", 
		"247": "vitesse roue arri\u00e8re gauche non d\u00e9finie.."
	}
	}, 
	"Vitesse v\u00e9hicule": {
	"scaled": true, 
	"unit": "km/h"
	}, 
	"N\u00b0 structure de calibration": {
	"bytescount": 2, 
	"byte": true, 
	"bitscount": 16
	}, 
	"Shift-lock": {
	"bitscount": 1, 
	"lists": {
		"0": "pas de d\u00e9fauts", 
		"1": "C.O. ou C.C. \u00e0 la masse"
	}
	}, 
	"Etat huile BVA": {
	"bitscount": 1, 
	"lists": {
		"0": "OK", 
		"1": "D\u00e9grad\u00e9e"
	}
	}, 
	"Vitesse entr\u00e9e BVA": {
	"scaled": true, 
	"step": 25.0, 
	"unit": "tr/mn"
	}, 
	"Type de loi de passage ": {
	"bitscount": 4, 
	"lists": {
		"0": "Economie", 
		"1": "Power", 
		"2": "Up slope 1", 
		"3": "Up slope 2", 
		"4": "Down slope"
	}
	}, 
	"MoreDTC": {
	"scaled": true, 
	"signed": true
	}, 
	"Courant de sortie driver EV SLS": {
	"scaled": true, 
	"step": 10.0, 
	"unit": "mA"
	}, 
	"Courant de sortie driver EV SLT": {
	"scaled": true, 
	"step": 10.0, 
	"unit": "mA"
	}, 
	"Courant de sortie driver EV SLU": {
	"scaled": true, 
	"step": 10.0, 
	"unit": "mA"
	}, 
	"Session Name": {
	"lists": {
		"144": "Fournisseur", 
		"160": "Etudes", 
		"176": "Production", 
		"192": "Apr\u00e8s-vente"
	}
	}, 
	"Etat contact CMF A ": {
	"bitscount": 1, 
	"lists": {
		"0": "inactif", 
		"1": "actif"
	}
	}, 
	"   DTC1 _ Panne": {
	"bitscount": 1, 
	"lists": {
		"0": "panne non pr\u00e9sente", 
		"1": "panne pr\u00e9sente"
	}
	}, 
	"     \u00e9tat status s\u00e9quence act. sorties": {
	"lists": {
		"1": "recommencer la proc\u00e9dure ", 
		"2": "pas de d\u00e9fauts", 
		"3": "d\u00e9fauts _ voir ci dessous", 
		"4": "proc\u00e9dure termin\u00e9e non OK", 
		"5": "inutilis\u00e9"
	}
	}, 
	"Kick down": {
	"bitscount": 1, 
	"lists": {
		"0": "non activ\u00e9", 
		"1": "activ\u00e9"
	}
	}, 
	"SLT": {
	"bitscount": 1, 
	"lists": {
		"0": "pas de d\u00e9fauts", 
		"1": "C.O. ou C.C. \u00e0 la masse"
	}
	}, 
	"N\u00b0 famille BVA": {
	"byte": true
	}, 
	"Vitesse v\u00e9hicule. ": {
	"scaled": true, 
	"unit": "km/h"
	}, 
	"UCH Absent": {
	"scaled": true, 
	"format": "bin"
	}, 
	"Octet commande EVS": {
	"scaled": true
	}, 
	"Output Permanent Control List": {
	"lists": {
		"129": "Electrovanne n\u00b01", 
		"162": "EV lin\u00e9aire SLS", 
		"131": "Electrovanne n\u00b03", 
		"132": "Electrovanne n\u00b04", 
		"133": "Electrovanne n\u00b05", 
		"134": "Actionneur Shiftlock", 
		"135": "actionneur keylock _ ne pas utiliser", 
		"161": "EV lin\u00e9aire SLT", 
		"13": "IGNRelay", 
		"163": "EV lin\u00e9aire SLU"
	}
	}, 
	"Octet changement de rapport et lois.": {
	"scaled": true
	}, 
	"Interdiction CLIM.": {
	"bitscount": 1, 
	"lists": {
		"0": "non", 
		"1": "OUI"
	}
	}, 
	"Etat convertisseur.": {
	"bitscount": 2, 
	"lists": {
		"0": "ouvert", 
		"1": "en r\u00e9gulation", 
		"2": "ferm\u00e9", 
		"3": "donn\u00e9e indisponible"
	}
	}, 
	"Couple moteur anticip\u00e9 ": {
	"scaled": true, 
	"step": 2.0, 
	"unit": "N.m", 
	"offset": -100.0
	}, 
	"Etat sortie Shift lock": {
	"bitscount": 1, 
	"lists": {
		"0": "inactive", 
		"1": "active"
	}
	}, 
	"FirstDTC": {
	"bytescount": 2, 
	"bitscount": 16, 
	"lists": {
		"1280": "0500 - vitesse v\u00e9hicule", 
		"1793": "0701 - bus CAN", 
		"1794": "0702 - tension APC", 
		"1797": "0705 - C.M.F.", 
		"1800": "0708 - C.M.I.", 
		"1922": "0782 - blocage levier en P", 
		"1808": "0710 - temp\u00e9rature huile", 
		"277": "0115 - temp\u00e9rature eau moteur", 
		"1925": "0785 - d\u00e9faut de passage", 
		"288": "0120 - volont\u00e9 conducteur", 
		"1841": "0731 - coh\u00e9rence rapport 1", 
		"1842": "0732 - coh\u00e9rence rapport 2", 
		"1843": "0733 - coh\u00e9rence rapport 3", 
		"1844": "0734 - coh\u00e9rence rapport 4", 
		"1845": "0735 - coh\u00e9rence rapport 5", 
		"1846": "0736 - coh\u00e9rence rapport R", 
		"1792": "0700 - checksum", 
		"1856": "0740 - pontage convertisseur", 
		"1824": "0720 - capteur vitesse sortie", 
		"1920": "0780 - d\u00e9brayage arr\u00eat", 
		"1859": "0743 - E.V. SLU", 
		"1861": "0745 - E.V. SLT", 
		"1864": "0748 - E.V. SLS", 
		"1536": "0600 - probl\u00e8me r\u00e9seau CAN", 
		"1875": "0753 - E.V. S1", 
		"1620": "0654 - r\u00e9gime moteur", 
		"1880": "0758 - E.V. S2", 
		"1890": "0762 - coh\u00e9rence rapport S3", 
		"1891": "0763 - E.V. S3", 
		"1896": "0768 - E.V. S4", 
		"1907": "0773 - E.V. S5", 
		"1813": "0715 - capteur vitesse entr\u00e9e"
	}
	}, 
	"INJECTION Absent": {
	"scaled": true, 
	"format": "bin"
	}, 
	"D\u00e9brayage arr\u00eat": {
	"bitscount": 2, 
	"lists": {
		"0": "Park ou Neutre", 
		"1": "R\u00e9duction de train\u00e9e", 
		"2": "Embray\u00e9", 
		"3": "donn\u00e9e indisponible"
	}
	}, 
	"D\u00e9fauts rapport": {
	"bitscount": 4, 
	"lists": {
		"0": "pas d erreur", 
		"1": "erreur 1er rapport", 
		"2": "erreur 2eme rapport", 
		"3": "erreur 3eme rapport", 
		"4": "erreur 4eme rapport", 
		"5": "erreur 5eme rapport", 
		"6": "erreur marche arri\u00e8re", 
		"7": "panne hydraulique EV3"
	}
	}, 
	"Couple lent BVA": {
	"scaled": true, 
	"step": 2.0, 
	"unit": "N.m", 
	"offset": -100.0
	}, 
	"CMI+": {
	"bitscount": 1, 
	"lists": {
		"0": "inactif", 
		"1": "actif"
	}
	}, 
	"TdB Absent": {
	"scaled": true, 
	"format": "bin"
	}, 
	"Pontage ": {
	"bitscount": 1, 
	"lists": {
		"0": "d\u00e9pont\u00e9", 
		"1": "pont\u00e9"
	}
	}, 
	"Etat sortie Shiftlock": {
	"bitscount": 1, 
	"lists": {
		"0": "inactive", 
		"1": "active"
	}
	}, 
	"Etat sortie EV2": {
	"bitscount": 1, 
	"lists": {
		"0": "inactive", 
		"1": "active"
	}
	}, 
	"Etat sortie EV3": {
	"bitscount": 1, 
	"lists": {
		"0": "inactive", 
		"1": "active"
	}
	}, 
	"Etat sortie EV1": {
	"bitscount": 1, 
	"lists": {
		"0": "inactive", 
		"1": "active"
	}
	}, 
	"Octet changement de rapport et Lois": {
	"scaled": true
	}, 
	"Etat sortie EV4": {
	"bitscount": 1, 
	"lists": {
		"0": "inactive", 
		"1": "active"
	}
	}, 
	"Etat sortie EV5": {
	"bitscount": 1, 
	"lists": {
		"0": "inactive", 
		"1": "active"
	}
	}, 
	"R\u00e9serv\u00e9 Producteur4 MUX": {
	"byte": true
	}, 
	"Tension APC mesur\u00e9e par calculateur boite": {
	"scaled": true, 
	"step": 0.1, 
	"unit": "V"
	}, 
	"Etat driver sortie EV 4": {
	"bitscount": 1, 
	"lists": {
		"0": "inactive", 
		"1": "active"
	}
	}, 
	"Output Control Status": {
	"lists": {
		"1": "Running", 
		"2": "Stopped"
	}
	}, 
	"Etat driver sortie EV 2": {
	"bitscount": 1, 
	"lists": {
		"0": "inactive", 
		"1": "active"
	}
	}, 
	"Etat driver sortie EV 3": {
	"bitscount": 1, 
	"lists": {
		"0": "inactive", 
		"1": "active"
	}
	}, 
	"BVA Absent": {
	"scaled": true, 
	"format": "bin"
	}, 
	"Etat driver sortie EV 1": {
	"bitscount": 1, 
	"lists": {
		"0": "inactive", 
		"1": "active"
	}
	}, 
	"Octet Controle vitesse et fonction adaptatives": {
	"scaled": true
	}, 
	"Controle pilotage": {
	"byte": true
	}, 
	"Contact frein \u00e0 ouverture": {
	"bitscount": 1, 
	"lists": {
		"0": "inactif", 
		"1": "actif"
	}
	}, 
	"R\u00e9f\u00e9rence messagerie 1": {
	"byte": true
	}, 
	"R\u00e9f\u00e9rence messagerie 2": {
	"byte": true
	}, 
	"Type ECU": {
	"bitscount": 4, 
	"lists": {
		"0": "S\u00e9rie", 
		"1": "Evaluation"
	}
	}, 
	"Rapport engag\u00e9.": {
	"bitscount": 4, 
	"lists": {
		"0": "R\u00e9duction de train\u00e9e", 
		"1": "1\u00e8re", 
		"2": "2\u00e8me", 
		"3": "3\u00e8me", 
		"4": "4\u00e8me", 
		"5": "5\u00e8me", 
		"9": "Marche arri\u00e8re", 
		"10": "Neutre ou Parking", 
		"15": "Refuge"
	}
	}, 
	"Start diag Session OK": {
	"scaled": true
	}, 
	"Param\u00e8tre de pilotage": {
	"lists": {
		"0": "D\u00e9but action temporaire", 
		"1": "ETAT _ ne pas utiliser", 
		"17": "STOP", 
		"32": "d\u00e9but action permanente"
	}
	}, 
	"S.W.A. Absent": {
	"scaled": true, 
	"format": "bin"
	}, 
	"Contact frein \u00e0 ouverture.": {
	"bitscount": 1, 
	"lists": {
		"0": "inactif", 
		"1": "actif"
	}
	}, 
	"VIN.": {
	"bytescount": 17, 
	"byte": true, 
	"bitscount": 136
	}, 
	"Present Failure": {
	"bitscount": 1, 
	"lists": {
		"0": "No", 
		"1": "Yes"
	}
	}, 
	"R\u00e9serv\u00e9 Producteur2 MUX": {
	"byte": true
	}, 
	"Couple rapide BVA": {
	"scaled": true, 
	"step": 2.0, 
	"unit": "N.m", 
	"offset": -100.0
	}, 
	"Temp\u00e9rature eau moteur": {
	"scaled": true, 
	"unit": "\u00b0C", 
	"offset": -40.0
	}, 
	"D\u00e9brayage \u00e0 l arret": {
	"bitscount": 2, 
	"lists": {
		"0": "Park ou Neutre", 
		"1": "R\u00e9duction de train\u00e9e", 
		"2": "Embray\u00e9", 
		"3": "donn\u00e9e indisponible"
	}
	}, 
	"Temperature d huile BVA V": {
	"scaled": true, 
	"step": 0.01, 
	"unit": "V"
	}, 
	"Effacement r\u00e9alis\u00e9": {
	"lists": {
		"84": "OK"
	}
	}, 
	"Octet info \u00e9tat rapport de BVA": {
	"scaled": true
	}, 
	"Poids faible DTC": {
	"scaled": true
	}, 
	"Version Mineure": {
	"scaled": true, 
	"bitscount": 4
	}, 
	"Couple lent ": {
	"scaled": true, 
	"step": 2.0, 
	"unit": "N.m", 
	"offset": -100.0
	}, 
	"   DTC1 - Valeur": {
	"bitscount": 1, 
	"lists": {
		"0": "valeur standard", 
		"1": "valeur syst\u00e8me"
	}
	}, 
	"Non d\u00e9fini.": {
	"scaled": true
	}, 
	"Couple moteur anticip\u00e9.": {
	"scaled": true, 
	"step": 2.0, 
	"unit": "N.m", 
	"offset": -100.0
	}, 
	"Kick down.": {
	"bitscount": 1, 
	"lists": {
		"0": "non activ\u00e9", 
		"1": "activ\u00e9"
	}
	}, 
	"Lois de passage": {
	"bitscount": 4, 
	"lists": {
		"0": "Economie", 
		"1": "Power", 
		"2": "Up slope 1", 
		"3": "Up slope 2", 
		"4": "Dowm slope "
	}
	}, 
	"Octet controle vitesse et fonction adaptatives.": {
	"scaled": true, 
	"bitscount": 4
	}, 
	"N\u00b0 calibration": {
	"byte": true
	}, 
	"CMF ": {
	"bitscount": 4, 
	"lists": {
		"0": "d\u00e9faut CMF", 
		"1": "d\u00e9faut CMF 1", 
		"2": "d\u00e9faut CMF 2", 
		"3": "R", 
		"4": "d\u00e9faut CMF 3", 
		"5": "d\u00e9faut CMF 4", 
		"6": "D", 
		"7": "d\u00e9faut CMF 5", 
		"8": "d\u00e9faut CMF 6", 
		"9": "P", 
		"10": "N", 
		"11": "R ind\u00e9fini", 
		"12": "d\u00e9faut CMF 7", 
		"13": "d\u00e9faut CMF 8", 
		"14": "D ind\u00e9fini 1", 
		"15": "D ind\u00e9fini 2"
	}
	}, 
	"R\u00e9serv\u00e9 Producteur5 MUX": {
	"byte": true
	}, 
	"AIRBAG Absent": {
	"scaled": true, 
	"format": "bin"
	}, 
	"Programme BVA": {
	"bitscount": 2, 
	"lists": {
		"0": "Economique", 
		"1": "Sport", 
		"2": "Impulsionnel", 
		"3": "Hivers"
	}
	}, 
	"CMI-": {
	"bitscount": 1, 
	"lists": {
		"0": "inactif", 
		"1": "actif"
	}
	}, 
	"CRC": {
	"bytescount": 2, 
	"byte": true, 
	"bitscount": 16
	}, 
	"Couple moteur effectif ": {
	"scaled": true, 
	"step": 2.0, 
	"unit": "N.m", 
	"offset": -100.0
	}, 
	"Type Moteur": {
	"bitscount": 4, 
	"lists": {
		"1": "G9T", 
		"2": "L7X", 
		"3": "P9X"
	}
	}, 
	"BIN Absent": {
	"scaled": true, 
	"format": "bin"
	}, 
	"Signal CMF PA": {
	"bitscount": 1, 
	"lists": {
		"0": "inactif", 
		"1": "actif"
	}
	}, 
	"N\u00b0 Version logiciel ": {
	"bytescount": 2, 
	"byte": true, 
	"bitscount": 16
	}, 
	"Stop communication OK": {
	"scaled": true
	}, 
	"Courant sortie SLS": {
	"scaled": true, 
	"step": 10.0, 
	"unit": "mA"
	}, 
	"Octet commande GMV par BVA": {
	"scaled": true
	}, 
	"Courant sortie SLU": {
	"scaled": true, 
	"step": 10.0, 
	"unit": "mA"
	}, 
	"Courant sortie SLT": {
	"scaled": true, 
	"step": 10.0, 
	"unit": "mA"
	}, 
	"Vitesse sortie BVA": {
	"scaled": true, 
	"step": 25.0, 
	"unit": "tr/mn"
	}, 
	"Couple moteur effectif.": {
	"scaled": true, 
	"step": 2.0, 
	"unit": "N.m", 
	"offset": -100.0
	}, 
	"D\u00e9codage position CMF": {
	"bitscount": 4, 
	"lists": {
		"0": "d\u00e9faut CMF", 
		"1": "d\u00e9faut CMF 1", 
		"2": "d\u00e9faut CMF 2", 
		"3": "R", 
		"4": "d\u00e9faut CMF 3", 
		"5": "d\u00e9faut CMF 4", 
		"6": "D", 
		"7": "d\u00e9faut CMF 5", 
		"8": "d\u00e9faut CMF 6", 
		"9": "P", 
		"10": "N", 
		"11": "R ind\u00e9fini", 
		"12": "d\u00e9faut CMF 7", 
		"13": "d\u00e9faut CMF 8", 
		"14": "D ind\u00e9fini 1", 
		"15": "D ind\u00e9fini 2"
	}
	}, 
	"N\u00b0 indice de calibration": {
	"byte": true
	}, 
	"EVS 5": {
	"bitscount": 1, 
	"lists": {
		"0": "pas de d\u00e9fauts", 
		"1": "C.O. ou C.C. \u00e0 la masse"
	}
	}, 
	"EVS 4": {
	"bitscount": 1, 
	"lists": {
		"0": "pas de d\u00e9fauts", 
		"1": "C.O. ou C.C. \u00e0 la masse"
	}
	}, 
	"D\u00e9faut BVA r\u00e9serv\u00e9": {
	"scaled": true, 
	"bitscount": 1
	}, 
	"EVS 1": {
	"bitscount": 1, 
	"lists": {
		"0": "pas de d\u00e9fauts", 
		"1": "C.O. ou C.C. \u00e0 la masse"
	}
	}, 
	"EVS 3": {
	"bitscount": 1, 
	"lists": {
		"0": "pas de d\u00e9fauts", 
		"1": "C.O. ou C.C. \u00e0 la masse"
	}
	}, 
	"EVS 2": {
	"bitscount": 1, 
	"lists": {
		"0": "pas de d\u00e9fauts", 
		"1": "C.O. ou C.C. \u00e0 la masse"
	}
	}, 
	"Param\u00e8tre Module Muet": {
	"scaled": true, 
	"format": "bin"
	}, 
	"Etat driver sortie EV 5 ": {
	"bitscount": 1, 
	"lists": {
		"0": "inactive", 
		"1": "active"
	}
	}, 
	"Octet3": {
	"scaled": true
	}, 
	"Tension APC": {
	"scaled": true, 
	"step": 0.1, 
	"unit": "V"
	}, 
	"Etat driver sortie Shiftlock": {
	"bitscount": 1, 
	"lists": {
		"0": "inactive", 
		"1": "active"
	}
	}, 
	"Couple rapide ": {
	"scaled": true, 
	"step": 2.0, 
	"unit": "N.m", 
	"offset": -100.0
	}, 
	"Octet sortie EVS": {
	"scaled": true
	}, 
	"Allumage voyant d\u00e9fauts": {
	"bitscount": 1, 
	"lists": {
		"0": "non", 
		"1": "OUI"
	}
	}, 
	"Tester present OK": {
	"scaled": true
	}, 
	"N\u00b0 version du materiel": {
	"bytescount": 5, 
	"byte": true, 
	"bitscount": 40
	}, 
	"Programme ": {
	"bitscount": 2, 
	"lists": {
		"0": "Economique", 
		"1": "Sport", 
		"2": "Impulsionnel", 
		"3": "Hivers"
	}
	}, 
	"Interdiction CLIM": {
	"bitscount": 1, 
	"lists": {
		"0": "non", 
		"1": "OUI"
	}
	}, 
	"Rapport engag\u00e9": {
	"bitscount": 4, 
	"lists": {
		"0": "R\u00e9duction de train\u00e9e", 
		"1": "1\u00e8re", 
		"2": "2\u00e8me", 
		"3": "3\u00e8me", 
		"4": "4\u00e8me", 
		"5": "5\u00e8me", 
		"9": "Marche arri\u00e8re", 
		"10": "Neutre ou Parking", 
		"15": "Refuge"
	}
	}, 
	"Signal CMF B": {
	"bitscount": 1, 
	"lists": {
		"0": "inactif", 
		"1": "actif"
	}
	}, 
	"Signal CMF C": {
	"bitscount": 1, 
	"lists": {
		"0": "inactif", 
		"1": "actif"
	}
	}, 
	"Etat convertisseur": {
	"bitscount": 2, 
	"lists": {
		"0": "ouvert", 
		"1": "en r\u00e9gulation", 
		"2": "ferm\u00e9", 
		"3": "donn\u00e9e indisponible"
	}
	}, 
	"Poids fort DTC": {
	"scaled": true
	}, 
	"Fonction auto-adapt.": {
	"bitscount": 4, 
	"lists": {
		"0": "Economie", 
		"1": "Fast on", 
		"2": "Sport", 
		"3": "Up Slope 1", 
		"4": "Up Slope 2", 
		"5": "Down slope", 
		"6": "Gear Hold", 
		"7": "Brake assistance", 
		"8": "Medium", 
		"9": "Anti patinage", 
		"10": "Blocage en virage", 
		"11": "Warm up"
	}
	}, 
	"Volont\u00e9 conducteur ": {
	"scaled": true
	}, 
	"Volont\u00e9 conducteur.": {
	"scaled": true
	}, 
	"SLU": {
	"bitscount": 1, 
	"lists": {
		"0": "pas de d\u00e9fauts", 
		"1": "C.O. ou C.C. \u00e0 la masse"
	}
	}, 
	"SLS": {
	"bitscount": 1, 
	"lists": {
		"0": "pas de d\u00e9fauts", 
		"1": "C.O. ou C.C. \u00e0 la masse"
	}
	}, 
	"Contact CMI - ": {
	"bitscount": 1, 
	"lists": {
		"0": "inactif", 
		"1": "actif"
	}
	}, 
	"N\u00b0 fournisseur": {
	"bytesascii": true, 
	"bytescount": 3, 
	"byte": true, 
	"bitscount": 24
	}, 
	"RAMI": {
	"scaled": true
	}, 
	"Octet sortie EVS.": {
	"scaled": true
	}, 
	"Octet identification APV": {
	"byte": true
	}, 
	"VERROU Absent": {
	"scaled": true, 
	"format": "bin"
	}, 
	"NDTC": {
	"scaled": true
	}, 
	"Octet d\u00e9codage CMF": {
	"scaled": true
	}, 
	"Changement de rapport en cours": {
	"scaled": true, 
	"bitscount": 1
	}, 
	"Etat GMV ": {
	"bitscount": 1, 
	"lists": {
		"0": "inactif", 
		"1": "actif"
	}
	}, 
	"Param\u00e8tre BUS OFF": {
	"scaled": true, 
	"format": "bin"
	}, 
	"Contact CMI+ ": {
	"bitscount": 1, 
	"lists": {
		"0": "inactif", 
		"1": "actif"
	}
	}, 
	"Chgt de rapport": {
	"bitscount": 2, 
	"lists": {
		"0": "Changement interdit", 
		"1": "Uniquement rapport descendant", 
		"2": "Uniquement rapport montant", 
		"3": "changement autoris\u00e9"
	}
	}, 
	"Indice soft en devellopement": {
	"scaled": true, 
	"bitscount": 4
	}, 
	"Octet1": {
	"scaled": true
	}, 
	"N\u00b0 piece PIE": {
	"bytescount": 5, 
	"byte": true, 
	"bitscount": 40
	}, 
	"Octet2": {
	"scaled": true
	}, 
	"Position levier ": {
	"bitscount": 4, 
	"lists": {
		"0": "P", 
		"1": "R", 
		"2": "N", 
		"3": "D"
	}
	}, 
	"Rapport refus\u00e9.": {
	"bitscount": 1, 
	"lists": {
		"0": "non", 
		"1": "OUI"
	}
	}, 
	"ShiftInProgress": {
	"scaled": true, 
	"bitscount": 1
	}, 
	"Alerte temp. huile": {
	"bitscount": 1, 
	"lists": {
		"0": "non", 
		"1": "OUI"
	}
	}, 
	"Rapport refus\u00e9": {
	"bitscount": 1, 
	"lists": {
		"0": "non", 
		"1": "OUI"
	}
	}
}
}