{
"obd": {
	"baudrate": 10400, 
	"protocol": "CAN", 
	"recv_id": "763", 
	"funcname": "Tableau de bord", 
	"funcaddr": "51", 
	"send_id": "743"
}, 
"devices": [
	{
	"dtc": 49447, 
	"devicedata": {}, 
	"dtctype": 0, 
	"name": "Perte trames TPMS (SSPP)_Id 0x673"
	}, 
	{
	"dtc": 37892, 
	"devicedata": {}, 
	"dtctype": 0, 
	"name": "Surv T\u00e9moin D\u00e9faut Airbag"
	}, 
	{
	"dtc": 37900, 
	"devicedata": {}, 
	"dtctype": 2, 
	"name": "Surv E2prom"
	}, 
	{
	"dtc": 37906, 
	"devicedata": {}, 
	"dtctype": 0, 
	"name": "sonde temperature"
	}, 
	{
	"dtc": 49425, 
	"devicedata": {}, 
	"dtctype": 0, 
	"name": "Perte trames USM_Id 0x212"
	}, 
	{
	"dtc": 49457, 
	"devicedata": {}, 
	"dtctype": 0, 
	"name": "Perte trames EPS_ Id 0x62C"
	}, 
	{
	"dtc": 49472, 
	"devicedata": {
		"Producteur MUX BCM": "0", 
		"Producteur MUX BCM compteur": "0"
	}, 
	"dtctype": 0, 
	"name": "Perte trames BCM_Id 0x35C"
	}, 
	{
	"dtc": 61443, 
	"devicedata": {}, 
	"dtctype": 0, 
	"name": "Surv Alimentation"
	}, 
	{
	"dtc": 37896, 
	"devicedata": {}, 
	"dtctype": 0, 
	"name": "Surv Com T\u00e9moin Ceinture"
	}, 
	{
	"dtc": 37708, 
	"devicedata": {}, 
	"dtctype": 0, 
	"name": "Surveillance du controleur CAN-V"
	}, 
	{
	"dtc": 49497, 
	"devicedata": {}, 
	"dtctype": 0, 
	"name": "Perte trames UPA_ Id 0x5E9"
	}, 
	{
	"dtc": 50200, 
	"devicedata": {}, 
	"dtctype": 0, 
	"name": "Surveillance VehicleSpeed Invalide"
	}, 
	{
	"dtc": 50258, 
	"devicedata": {}, 
	"dtctype": 0, 
	"name": "ValidAirbagInformation = 0 pendant 60 s"
	}, 
	{
	"dtc": 37709, 
	"devicedata": {}, 
	"dtctype": 0, 
	"name": "Surveillance du controleur CAN-M"
	}, 
	{
	"dtc": 49449, 
	"devicedata": {
		"Status Systeme_number intended resets": "0", 
		"Producteur MUX BRAKE": "0", 
		"Causes allumage temoins Stop.STOP Present Alerte 1": "0", 
		"Status Systeme_number resets by failures": "0", 
		"Causes allumage temoins Stop.STOP Present Alerte 2": "0", 
		"Config Entretien_Odometre general": "0", 
		"Causes allumage temoins Service Present.SERVICE Present Alerte 1": "0", 
		"Causes allumage temoins Service Present.SERVICE Present Alerte 2": "0", 
		"Producteur MUX BRAKE compteur": "0", 
		"Causes allumage temoins Ref.REF Present Alerte 2": "0", 
		"Causes allumage temoins Ref.REF Present Alerte 1": "0"
	}, 
	"dtctype": 0, 
	"name": "Perte trames Brake (ABS)_Id 0x5D7"
	}, 
	{
	"dtc": 37641, 
	"devicedata": {}, 
	"dtctype": 3, 
	"name": "Surveillance de la sortie SYS-ON"
	}, 
	{
	"dtc": 37901, 
	"devicedata": {}, 
	"dtctype": 3, 
	"name": "Param\u00e8tre CAN produit Vitesse Affich\u00e9e"
	}, 
	{
	"dtc": 49458, 
	"devicedata": {}, 
	"dtctype": 0, 
	"name": "Perte trames Clim_ Id 0x668"
	}, 
	{
	"dtc": 49460, 
	"devicedata": {}, 
	"dtctype": 0, 
	"name": "Perte trames TCU_ Id 0x634"
	}, 
	{
	"dtc": 49489, 
	"devicedata": {
		"Producteur MUX Airbag": "0", 
		"Producteur MUX Airbag compteur": "0"
	}, 
	"dtctype": 0, 
	"name": "Perte trames Airbag_Id 0x653"
	}, 
	{
	"dtc": 49408, 
	"devicedata": {}, 
	"dtctype": 0, 
	"name": "Perte trames SCH (EVC) _ Id 0x652"
	}, 
	{
	"dtc": 49459, 
	"devicedata": {}, 
	"dtctype": 0, 
	"name": "Perte trames UBP_ Id 0x66D"
	}
], 
"ecuname": "TdB_X10_V1.12", 
"autoidents": [
	{
	"diagversion": "24", 
	"supplier": "020", 
	"version": "0100", 
	"soft": "0100"
	}, 
	{
	"diagversion": "24", 
	"supplier": "020", 
	"version": "0203", 
	"soft": "0203"
	}, 
	{
	"diagversion": "24", 
	"supplier": "020", 
	"version": "0402", 
	"soft": "0402"
	}, 
	{
	"diagversion": "24", 
	"supplier": "020", 
	"version": "0500", 
	"soft": "0500"
	}, 
	{
	"diagversion": "24", 
	"supplier": "020", 
	"version": "0303", 
	"soft": "0203"
	}, 
	{
	"diagversion": "24", 
	"supplier": "020", 
	"version": "0501", 
	"soft": "0501"
	}, 
	{
	"diagversion": "24", 
	"supplier": "020", 
	"version": "0502", 
	"soft": "0501"
	}, 
	{
	"diagversion": "24", 
	"supplier": "020", 
	"version": "0600", 
	"soft": "0600"
	}, 
	{
	"diagversion": "40", 
	"supplier": "020", 
	"version": "0603", 
	"soft": "0603"
	}, 
	{
	"diagversion": "44", 
	"supplier": "020", 
	"version": "0700", 
	"soft": "0700"
	}, 
	{
	"diagversion": "44", 
	"supplier": "020", 
	"version": "0800", 
	"soft": "0800"
	}
], 
"endian": "Big", 
"requests": [
	{
	"name": "DataRead.Causes allumage temoins Service Present", 
	"replybytes": "622501", 
	"deny_sds": [], 
	"receivebyte_dataitems": {
		"Causes allumage temoins Service Present.SERVICE Present Alerte 1": {
		"ref": true, 
		"firstbyte": 4
		}, 
		"Causes allumage temoins Service Present.SERVICE Present Alerte 2": {
		"ref": true, 
		"firstbyte": 6
		}
	}, 
	"minbytes": 7, 
	"sentbytes": "222501"
	}, 
	{
	"name": "DataRead.Mesures CTN_afficheur", 
	"replybytes": "622202", 
	"deny_sds": [], 
	"receivebyte_dataitems": {
		"Mesures CTN_afficheur.Temperature Dalle": {
		"ref": true, 
		"firstbyte": 4
		}
	}, 
	"minbytes": 4, 
	"sentbytes": "222202"
	}, 
	{
	"name": "DataRead.Identification.RenaultR2", 
	"replybytes": "6180", 
	"deny_sds": [
		"nosds"
	], 
	"receivebyte_dataitems": {
		"HardwareNumber.BasicPartList": {
		"ref": true, 
		"firstbyte": 24
		}, 
		"DiagnosticIdentificationCode": {
		"ref": true, 
		"firstbyte": 8
		}, 
		"CalibrationNumber": {
		"ref": true, 
		"firstbyte": 21
		}, 
		"SupplierNumber.ITG": {
		"ref": true, 
		"firstbyte": 9
		}, 
		"HardwareNumber.LowerPart": {
		"ref": true, 
		"firstbyte": 12
		}, 
		"PartNumber.BasicPartList": {
		"ref": true, 
		"firstbyte": 23
		}, 
		"ManufacturerIdentificationCode": {
		"ref": true, 
		"firstbyte": 26
		}, 
		"ApprovalNumber.BasicPartList": {
		"ref": true, 
		"firstbyte": 25
		}, 
		"EditionNumber": {
		"ref": true, 
		"firstbyte": 19
		}, 
		"PartNumber.LowerPart": {
		"ref": true, 
		"firstbyte": 3
		}, 
		"SoftwareNumber": {
		"ref": true, 
		"firstbyte": 17
		}
	}, 
	"minbytes": 26, 
	"sentbytes": "2180"
	}, 
	{
	"name": "DataRead.Entrees filaires_Output Lines", 
	"replybytes": "6220F3", 
	"deny_sds": [], 
	"receivebyte_dataitems": {
		"Entrees filaires_Output Lines.System On": {
		"bitoffset": 7, 
		"firstbyte": 4
		}
	}, 
	"minbytes": 4, 
	"sentbytes": "2220F3"
	}, 
	{
	"name": "DataRead.DataRead Odo TdB avant recalage ABS par TdB", 
	"replybytes": "622604", 
	"deny_sds": [], 
	"receivebyte_dataitems": {
		"DataRead Odo TdB avant recalage ABS par TdB": {
		"ref": true, 
		"firstbyte": 4
		}
	}, 
	"minbytes": 6, 
	"sentbytes": "222604"
	}, 
	{
	"name": "DataRead.Config Entretien_Vidange courant", 
	"replybytes": "620202", 
	"deny_sds": [], 
	"receivebyte_dataitems": {
		"Config Entretien_Vidange courant. distance": {
		"ref": true, 
		"firstbyte": 4
		}, 
		"Config Entretien_Vidange courant. Jours": {
		"ref": true, 
		"firstbyte": 6
		}
	}, 
	"minbytes": 7, 
	"sentbytes": "220202"
	}, 
	{
	"name": "DataRead.Reference piece VehicleManufacturer SparePartNumber", 
	"replybytes": "62F187", 
	"deny_sds": [], 
	"receivebyte_dataitems": {
		"Reference piece VehicleManufacturer SparePartNumber": {
		"firstbyte": 4
		}
	}, 
	"minbytes": 13, 
	"sentbytes": "22F187"
	}, 
	{
	"name": "DataRead.Config Entretien_Vidange init", 
	"replybytes": "620201", 
	"deny_sds": [], 
	"receivebyte_dataitems": {
		"Config Entretien_Vidange init.Valeur initiale autonomie vidange distance": {
		"ref": true, 
		"firstbyte": 4
		}, 
		"Config Entretien_Vidange init.Valeur initiale autonomie vidange temps": {
		"ref": true, 
		"firstbyte": 6
		}
	}, 
	"minbytes": 7, 
	"sentbytes": "220201"
	}, 
	{
	"name": "DataRead.DataRead Info Entretien Km apres alerte", 
	"replybytes": "622601", 
	"deny_sds": [], 
	"receivebyte_dataitems": {
		"DataRead Info Entretien Km apres alerte": {
		"firstbyte": 4
		}
	}, 
	"minbytes": 5, 
	"sentbytes": "222601"
	}, 
	{
	"name": "DataRead.Config Generale_ALS", 
	"replybytes": "620111", 
	"deny_sds": [], 
	"receivebyte_dataitems": {
		"Config Generale_ALS": {
		"ref": true, 
		"firstbyte": 4
		}
	}, 
	"minbytes": 4, 
	"sentbytes": "220111"
	}, 
	{
	"name": "DataRead.Config Generale_Inhib SBR_av", 
	"replybytes": "620109", 
	"deny_sds": [], 
	"receivebyte_dataitems": {
		"Config Generale_Inhib SBR_av": {
		"ref": true, 
		"firstbyte": 4
		}
	}, 
	"minbytes": 4, 
	"sentbytes": "220109"
	}, 
	{
	"name": "DataRead.Causes allumage temoins Stop", 
	"replybytes": "622503", 
	"deny_sds": [], 
	"receivebyte_dataitems": {
		"Causes allumage temoins Stop.STOP Present Alerte 1": {
		"ref": true, 
		"firstbyte": 4
		}, 
		"Causes allumage temoins Stop.STOP Present Alerte 2": {
		"ref": true, 
		"firstbyte": 6
		}
	}, 
	"minbytes": 7, 
	"sentbytes": "222503"
	}, 
	{
	"name": "Commande extinction temoins", 
	"replybytes": "700100", 
	"deny_sds": [], 
	"manualsend": true, 
	"receivebyte_dataitems": {
		"OutputControlStatus": {
		"firstbyte": 3
		}
	}, 
	"sendbyte_dataitems": {
		"Etat Pilotage extinction temoins": {
		"firstbyte": 3
		}, 
		"Allumage temoins": {
		"firstbyte": 4
		}
	}, 
	"minbytes": 3, 
	"sentbytes": "30012000"
	}, 
	{
	"name": "Commande reset soft", 
	"replybytes": "5103", 
	"deny_sds": [], 
	"manualsend": true, 
	"minbytes": 2, 
	"sentbytes": "1103"
	}, 
	{
	"name": "DataRead.Config Generale_VehicleIdent default value", 
	"replybytes": "62012700000000", 
	"deny_sds": [], 
	"receivebyte_dataitems": {
		"Config Generale_VehicleIdent default value": {
		"firstbyte": 4
		}
	}, 
	"minbytes": 7, 
	"sentbytes": "220127"
	}, 
	{
	"name": "Commande Buzzer", 
	"replybytes": "700302", 
	"deny_sds": [], 
	"manualsend": true, 
	"receivebyte_dataitems": {
		"Status Pilotage Buzzer": {
		"firstbyte": 3
		}
	}, 
	"sendbyte_dataitems": {
		"Etat Pilotage buzzer": {
		"firstbyte": 3
		}, 
		"Type de Buzzer": {
		"firstbyte": 4
		}
	}, 
	"minbytes": 3, 
	"sentbytes": "30032000"
	}, 
	{
	"name": "DataWrite.Config Generale_Inhib SBR_av", 
	"replybytes": "6E0109", 
	"deny_sds": [], 
	"manualsend": true, 
	"sendbyte_dataitems": {
		"Config Generale_Inhib SBR_av": {
		"firstbyte": 4
		}
	}, 
	"minbytes": 3, 
	"sentbytes": "2E010900"
	}, 
	{
	"name": "DataRead.Config Generale_SSPP TPMS", 
	"replybytes": "62010E", 
	"deny_sds": [], 
	"receivebyte_dataitems": {
		"Config Generale_SSPP TPMS": {
		"ref": true, 
		"firstbyte": 4
		}
	}, 
	"minbytes": 4, 
	"sentbytes": "22010E"
	}, 
	{
	"name": "Arret Commande afficheur TFT", 
	"replybytes": "700400", 
	"deny_sds": [], 
	"manualsend": true, 
	"receivebyte_dataitems": {
		"Status Pilotage": {
		"firstbyte": 3
		}
	}, 
	"minbytes": 3, 
	"sentbytes": "300411"
	}, 
	{
	"name": "ReadMemoryByAdress", 
	"replybytes": "63", 
	"deny_sds": [], 
	"sendbyte_dataitems": {
		"Size_for_readMemory": {
		"firstbyte": 6
		}, 
		"Adress_for_readMemory": {
		"firstbyte": 2
		}
	}, 
	"minbytes": 1, 
	"sentbytes": "23000000000000"
	}, 
	{
	"name": "Commande afficheur TFT", 
	"replybytes": "700400", 
	"deny_sds": [], 
	"manualsend": true, 
	"receivebyte_dataitems": {
		"OutputControlStatus": {
		"firstbyte": 3
		}
	}, 
	"sendbyte_dataitems": {
		"Afficheur TFT": {
		"firstbyte": 4
		}, 
		"Etat Pilotage afficheur TFT": {
		"firstbyte": 3
		}
	}, 
	"minbytes": 3, 
	"sentbytes": "300420FF"
	}, 
	{
	"name": "DataRead.Infos Calcul_Temps ADAC", 
	"replybytes": "622104", 
	"deny_sds": [], 
	"receivebyte_dataitems": {
		"Infos Calcul_Temps ADAC": {
		"ref": true, 
		"firstbyte": 4
		}
	}, 
	"minbytes": 6, 
	"sentbytes": "222104"
	}, 
	{
	"name": "DataRead.Entrees filaires_contact frein a main", 
	"replybytes": "622001", 
	"deny_sds": [], 
	"receivebyte_dataitems": {
		"Entrees filaires_contact frein a main": {
		"ref": true, 
		"firstbyte": 4
		}
	}, 
	"minbytes": 4, 
	"sentbytes": "222001"
	}, 
	{
	"name": "MultimediaConfiguration2", 
	"replybytes": "61B40000000000000000000000", 
	"deny_sds": [], 
	"receivebyte_dataitems": {
		"RECVAL2": {
		"ref": true, 
		"firstbyte": 3
		}
	}, 
	"minbytes": 13, 
	"sentbytes": "21B4"
	}, 
	{
	"name": "MultimediaConfiguration1", 
	"replybytes": "61B30000000000000000000000", 
	"deny_sds": [], 
	"receivebyte_dataitems": {
		"RECVAL1": {
		"ref": true, 
		"firstbyte": 3
		}
	}, 
	"minbytes": 13, 
	"sentbytes": "21B3"
	}, 
	{
	"name": "Ouverture session par defaut", 
	"deny_sds": [], 
	"minbytes": 2, 
	"sentbytes": "1081", 
	"replybytes": "5081"
	}, 
	{
	"name": "DataRead.Tracabilite", 
	"replybytes": "61840000000000000000000000000000000020202020", 
	"deny_sds": [], 
	"receivebyte_dataitems": {
		"ClusterProductionNumber en ASCII": {
		"ref": true, 
		"firstbyte": 3
		}, 
		"ClusterProductionDate en ASCII": {
		"ref": true, 
		"firstbyte": 13
		}
	}, 
	"minbytes": 22, 
	"sentbytes": "2184"
	}, 
	{
	"name": "Arret Commande Luminosite", 
	"replybytes": "700600", 
	"deny_sds": [], 
	"manualsend": true, 
	"receivebyte_dataitems": {
		"Status Pilotage": {
		"firstbyte": 3
		}
	}, 
	"minbytes": 3, 
	"sentbytes": "300611"
	}, 
	{
	"name": "Ouverture de session reprogrammation", 
	"deny_sds": [], 
	"minbytes": 2, 
	"sentbytes": "1085", 
	"replybytes": "5085"
	}, 
	{
	"name": "DataWrite.Config Generale_TCU", 
	"replybytes": "6E0110", 
	"deny_sds": [], 
	"manualsend": true, 
	"sendbyte_dataitems": {
		"Config Generale_TCU": {
		"firstbyte": 4
		}
	}, 
	"minbytes": 3, 
	"sentbytes": "2E011000"
	}, 
	{
	"name": "Local Identifiers de COMMANDE SORTIES", 
	"replybytes": "7000000000000000", 
	"deny_sds": [], 
	"receivebyte_dataitems": {
		"Reponse LID utilises": {
		"firstbyte": 3
		}
	}, 
	"minbytes": 6, 
	"sentbytes": "3000"
	}, 
	{
	"name": "DataRead.Config Entretien_Nb de maj par diag", 
	"replybytes": "620207", 
	"deny_sds": [], 
	"receivebyte_dataitems": {
		"Config Entretien_Nb de maj par diag": {
		"ref": true, 
		"firstbyte": 4
		}
	}, 
	"minbytes": 4, 
	"sentbytes": "220207"
	}, 
	{
	"name": "DataRead.Config Generale_RV_LV_ACC", 
	"replybytes": "620108", 
	"deny_sds": [], 
	"receivebyte_dataitems": {
		"Config Generale_RV_LV_ACC": {
		"ref": true, 
		"firstbyte": 4
		}
	}, 
	"minbytes": 4, 
	"sentbytes": "220108"
	}, 
	{
	"name": "DataRead.Config Generale_TCU", 
	"replybytes": "620110", 
	"deny_sds": [], 
	"receivebyte_dataitems": {
		"Config Generale_TCU": {
		"firstbyte": 4
		}
	}, 
	"minbytes": 4, 
	"sentbytes": "220110"
	}, 
	{
	"name": "Routine RAZ ADAC_recalage L2", 
	"replybytes": "710100", 
	"deny_sds": [], 
	"manualsend": true, 
	"minbytes": 3, 
	"sentbytes": "310100"
	}, 
	{
	"name": "DataRead.Config Generale_Langue", 
	"replybytes": "62010100", 
	"deny_sds": [], 
	"receivebyte_dataitems": {
		"Config Generale_Langue": {
		"ref": true, 
		"firstbyte": 4
		}
	}, 
	"minbytes": 4, 
	"sentbytes": "220101"
	}, 
	{
	"name": "DataWrite.Config Generale_Survitesse", 
	"replybytes": "6E010F", 
	"deny_sds": [], 
	"manualsend": true, 
	"sendbyte_dataitems": {
		"Config Generale_Survitesse": {
		"firstbyte": 4
		}
	}, 
	"minbytes": 3, 
	"sentbytes": "2E010F00"
	}, 
	{
	"name": "DataRead.Entrees filaires_incident frein NivoCod", 
	"replybytes": "622002", 
	"deny_sds": [], 
	"receivebyte_dataitems": {
		"Entrees filaires_incident frein NivoCod.Entree Nivocod": {
		"ref": true, 
		"firstbyte": 6
		}, 
		"Entrees filaires_incident frein NivoCod.Tension Nivocod": {
		"ref": true, 
		"firstbyte": 4
		}
	}, 
	"minbytes": 6, 
	"sentbytes": "222002"
	}, 
	{
	"name": "DataWrite.Config Entretien_Vidange courant", 
	"replybytes": "6E0202", 
	"deny_sds": [], 
	"manualsend": true, 
	"sendbyte_dataitems": {
		"Config Entretien_Vidange courant. distance": {
		"firstbyte": 4
		}, 
		"Config Entretien_Vidange courant. Jours": {
		"firstbyte": 6
		}
	}, 
	"minbytes": 3, 
	"sentbytes": "2E020275300168"
	}, 
	{
	"name": "DataWrite.Config Generale_AAP UPA", 
	"replybytes": "6E010D", 
	"deny_sds": [], 
	"manualsend": true, 
	"sendbyte_dataitems": {
		"Config Generale_AAP UPA": {
		"firstbyte": 4
		}
	}, 
	"minbytes": 3, 
	"sentbytes": "2E010D00"
	}, 
	{
	"name": "DataRead.Config Generale_pression", 
	"replybytes": "620107", 
	"deny_sds": [], 
	"receivebyte_dataitems": {
		"Config Generale_pression": {
		"ref": true, 
		"firstbyte": 4
		}
	}, 
	"minbytes": 4, 
	"sentbytes": "220107"
	}, 
	{
	"name": "DataRead.Causes allumage temoin Ref Memorise", 
	"replybytes": "622506", 
	"deny_sds": [], 
	"receivebyte_dataitems": {
		"Causes allumage temoin Ref Memorise.REF Memorise Alerte 1": {
		"firstbyte": 4
		}, 
		"Causes allumage temoin Ref Memorise.REF Memorise Alerte 2": {
		"firstbyte": 6
		}
	}, 
	"minbytes": 7, 
	"sentbytes": "222506"
	}, 
	{
	"name": "DataRead.Causes allumage temoins Service Memorise", 
	"replybytes": "622502", 
	"deny_sds": [], 
	"receivebyte_dataitems": {
		"Causes allumage temoins Service Memorise.SERVICE Memorise Alerte 2": {
		"firstbyte": 6
		}, 
		"Causes allumage temoins Service Memorise.SERVICE Memorise Alerte 1": {
		"firstbyte": 4
		}
	}, 
	"minbytes": 7, 
	"sentbytes": "222502"
	}, 
	{
	"name": "Arret Commande Buzzer", 
	"replybytes": "700300", 
	"deny_sds": [], 
	"manualsend": true, 
	"receivebyte_dataitems": {
		"Status Pilotage": {
		"firstbyte": 3
		}, 
		"Status Pilotage Buzzer": {
		"firstbyte": 3
		}
	}, 
	"minbytes": 3, 
	"sentbytes": "300311"
	}, 
	{
	"name": "DataRead.Config Generale_Sons clignotants personalise", 
	"replybytes": "620116", 
	"deny_sds": [], 
	"receivebyte_dataitems": {
		"Config Generale_Sons clignotants personalise": {
		"ref": true, 
		"firstbyte": 4
		}
	}, 
	"minbytes": 4, 
	"sentbytes": "220116"
	}, 
	{
	"name": "DataWrite.Config Generale_NAV", 
	"replybytes": "6E0129", 
	"deny_sds": [], 
	"manualsend": true, 
	"sendbyte_dataitems": {
		"Config Generale_NAV": {
		"firstbyte": 4
		}
	}, 
	"minbytes": 3, 
	"sentbytes": "2E012900"
	}, 
	{
	"name": "Ecriture Multimedia Config Service RECVAL2", 
	"replybytes": "7BB4", 
	"deny_sds": [], 
	"manualsend": true, 
	"sendbyte_dataitems": {
		"RECVAL2": {
		"firstbyte": 3
		}
	}, 
	"minbytes": 2, 
	"sentbytes": "3BB40000000000000000000000"
	}, 
	{
	"name": "Ecriture Multimedia Config Service RECVAL1", 
	"replybytes": "7BB3", 
	"deny_sds": [], 
	"manualsend": true, 
	"sendbyte_dataitems": {
		"RECVAL1": {
		"firstbyte": 3
		}
	}, 
	"minbytes": 2, 
	"sentbytes": "3BB30000000000000000000000"
	}, 
	{
	"name": "DataRead.Config Generale_Sieges chauffants", 
	"replybytes": "620102", 
	"deny_sds": [], 
	"receivebyte_dataitems": {
		"Config Generale_Sieges chauffants": {
		"ref": true, 
		"firstbyte": 4
		}
	}, 
	"minbytes": 4, 
	"sentbytes": "220102"
	}, 
	{
	"name": "DataRead.VIN", 
	"replybytes": "6181", 
	"deny_sds": [], 
	"receivebyte_dataitems": {
		"VIN Numero Identification": {
		"firstbyte": 3
		}
	}, 
	"minbytes": 21, 
	"sentbytes": "2181"
	}, 
	{
	"name": "Arret Commande temoins", 
	"replybytes": "700100", 
	"deny_sds": [], 
	"manualsend": true, 
	"receivebyte_dataitems": {
		"Status Pilotage": {
		"firstbyte": 3
		}
	}, 
	"minbytes": 3, 
	"sentbytes": "300111"
	}, 
	{
	"name": "DataWrite.Config Generale_Clim", 
	"replybytes": "6E010C", 
	"deny_sds": [], 
	"manualsend": true, 
	"sendbyte_dataitems": {
		"Config Generale_Clim": {
		"firstbyte": 4
		}
	}, 
	"minbytes": 3, 
	"sentbytes": "2E010C00"
	}, 
	{
	"name": "DataWrite.Config Generale_Sieges chauffants", 
	"replybytes": "6E0102", 
	"deny_sds": [], 
	"manualsend": true, 
	"sendbyte_dataitems": {
		"Config Generale_Sieges chauffants": {
		"firstbyte": 4
		}
	}, 
	"minbytes": 3, 
	"sentbytes": "2E010200"
	}, 
	{
	"name": "DataRead.Config Generale_montre", 
	"replybytes": "620121", 
	"deny_sds": [], 
	"receivebyte_dataitems": {
		"Config Generale_montre": {
		"firstbyte": 4
		}
	}, 
	"minbytes": 4, 
	"sentbytes": "220121"
	}, 
	{
	"name": "DataWrite.Config Generale_RV_LV_ACC", 
	"replybytes": "6E0108", 
	"deny_sds": [], 
	"manualsend": true, 
	"sendbyte_dataitems": {
		"Config Generale_RV_LV_ACC": {
		"firstbyte": 4
		}
	}, 
	"minbytes": 3, 
	"sentbytes": "2E010800"
	}, 
	{
	"name": "ClearDiagnosticInformation.all", 
	"deny_sds": [], 
	"minbytes": 1, 
	"sentbytes": "14FFFFFF", 
	"replybytes": "54"
	}, 
	{
	"name": "DataWrite.Config Generale_montre", 
	"replybytes": "6E0121", 
	"deny_sds": [], 
	"manualsend": true, 
	"sendbyte_dataitems": {
		"Config Generale_montre": {
		"firstbyte": 4
		}
	}, 
	"minbytes": 3, 
	"sentbytes": "2E012100"
	}, 
	{
	"name": "DataWrite.Config Generale_Langue", 
	"replybytes": "6E0101", 
	"deny_sds": [], 
	"manualsend": true, 
	"sendbyte_dataitems": {
		"Config Generale_Langue": {
		"firstbyte": 4
		}
	}, 
	"minbytes": 3, 
	"sentbytes": "2E010100"
	}, 
	{
	"name": "DataRead.Entrees filaires_contact siege chauffant", 
	"replybytes": "622007", 
	"deny_sds": [], 
	"receivebyte_dataitems": {
		"Entrees filaires_contact siege chauffant": {
		"firstbyte": 4
		}
	}, 
	"minbytes": 4, 
	"sentbytes": "222007"
	}, 
	{
	"name": "DataRead.Config Entretien_Odometre general", 
	"replybytes": "620206", 
	"deny_sds": [], 
	"receivebyte_dataitems": {
		"Config Entretien_Odometre general": {
		"ref": true, 
		"firstbyte": 4
		}
	}, 
	"minbytes": 7, 
	"sentbytes": "220206"
	}, 
	{
	"name": "Trame diag mux V", 
	"replybytes": "6182", 
	"deny_sds": [], 
	"receivebyte_dataitems": {
		"Producteur MUX Tabbeau de bord compteur": {
		"bitoffset": 2, 
		"ref": true, 
		"firstbyte": 9
		}, 
		"Producteur MUX EVC": {
		"ref": true, 
		"firstbyte": 54
		}, 
		"Producteur MUX USM": {
		"ref": true, 
		"firstbyte": 26
		}, 
		"Producteur MUX Tabbeau de bord": {
		"ref": true, 
		"firstbyte": 9
		}, 
		"Producteur MUX EPS Controle trajectoire": {
		"ref": true, 
		"firstbyte": 24
		}, 
		"Producteur MUX BCM compteur": {
		"bitoffset": 2, 
		"ref": true, 
		"firstbyte": 10
		}, 
		"Producteur MUX BRAKE compteur": {
		"bitoffset": 2, 
		"ref": true, 
		"firstbyte": 8
		}, 
		"Producteur MUX UBP": {
		"ref": true, 
		"firstbyte": 84
		}, 
		"Producteur MUX BCM": {
		"ref": true, 
		"firstbyte": 10
		}, 
		"Producteur MUX Clim": {
		"ref": true, 
		"firstbyte": 14
		}, 
		"Producteur MUX Clim compteur": {
		"bitoffset": 2, 
		"ref": true, 
		"firstbyte": 14
		}, 
		"Producteur MUX TCU compteur": {
		"bitoffset": 2, 
		"ref": true, 
		"firstbyte": 85
		}, 
		"Version Messagerie Mux": {
		"ref": true, 
		"firstbyte": 3
		}, 
		"Module BusMuet compteur": {
		"bitoffset": 2, 
		"ref": true, 
		"firstbyte": 6
		}, 
		"Producteur MUX UBP compteur": {
		"bitoffset": 2, 
		"ref": true, 
		"firstbyte": 84
		}, 
		"Producteur MUX Airbag compteur": {
		"bitoffset": 2, 
		"ref": true, 
		"firstbyte": 11
		}, 
		"Producteur MUX EVC compteur": {
		"bitoffset": 2, 
		"ref": true, 
		"firstbyte": 54
		}, 
		"Producteur MUX Airbag": {
		"ref": true, 
		"firstbyte": 11
		}, 
		"Producteur MUX EPS Controle trajectoire compteur": {
		"bitoffset": 2, 
		"ref": true, 
		"firstbyte": 24
		}, 
		"Module BusMuet": {
		"ref": true, 
		"firstbyte": 6
		}, 
		"Producteur MUX BRAKE": {
		"ref": true, 
		"firstbyte": 8
		}, 
		"Producteur MUX TCU": {
		"ref": true, 
		"firstbyte": 85
		}, 
		"Module BusOff compteur": {
		"bitoffset": 2, 
		"ref": true, 
		"firstbyte": 5
		}, 
		"Module BusOff": {
		"ref": true, 
		"firstbyte": 5
		}, 
		"Producteur MUX USM compteur": {
		"bitoffset": 2, 
		"ref": true, 
		"firstbyte": 26
		}
	}, 
	"minbytes": 85, 
	"sentbytes": "2182"
	}, 
	{
	"name": "ReadDTCInformation.ReportSnapshot", 
	"replybytes": "590400000000", 
	"deny_sds": [], 
	"receivebyte_dataitems": {
		"DTCRecord": {
		"firstbyte": 3
		}, 
		"StatusOfDTC": {
		"firstbyte": 6
		}
	}, 
	"sendbyte_dataitems": {
		"DTCMaskRecord": {
		"firstbyte": 3
		}
	}, 
	"minbytes": 6, 
	"sentbytes": "1904000000FF"
	}, 
	{
	"name": "DataRead.Config Generale_Affichage temp exter", 
	"replybytes": "620122", 
	"deny_sds": [], 
	"receivebyte_dataitems": {
		"Config Generale_Affichage temp exter": {
		"ref": true, 
		"firstbyte": 4
		}
	}, 
	"minbytes": 4, 
	"sentbytes": "220122"
	}, 
	{
	"name": "DataRead.Config Entretien_Nb de maj par ABS", 
	"replybytes": "620208", 
	"deny_sds": [], 
	"receivebyte_dataitems": {
		"Config Entretien_Nb de maj par ABS": {
		"ref": true, 
		"firstbyte": 4
		}
	}, 
	"minbytes": 4, 
	"sentbytes": "220208"
	}, 
	{
	"name": "DataRead.Infos Calcul_Distance parcourue ADAC", 
	"replybytes": "622101", 
	"deny_sds": [], 
	"receivebyte_dataitems": {
		"Infos Calcul_Distance parcourue ADAC": {
		"ref": true, 
		"firstbyte": 4
		}
	}, 
	"minbytes": 7, 
	"sentbytes": "222101"
	}, 
	{
	"name": "DataWrite.Config Generale_VehicleIdent default value", 
	"replybytes": "6E0127", 
	"deny_sds": [], 
	"manualsend": true, 
	"sendbyte_dataitems": {
		"Config Generale_VehicleIdent default value": {
		"firstbyte": 4
		}
	}, 
	"minbytes": 3, 
	"sentbytes": "2E012700000000"
	}, 
	{
	"name": "DataRead.Status Systeme_status EEPROM", 
	"replybytes": "622403", 
	"deny_sds": [], 
	"receivebyte_dataitems": {
		"Status Systeme_status EEPROM": {
		"ref": true, 
		"firstbyte": 4
		}
	}, 
	"minbytes": 4, 
	"sentbytes": "222403"
	}, 
	{
	"name": "DataRead.Config Generale_Clim", 
	"replybytes": "62010C", 
	"deny_sds": [], 
	"receivebyte_dataitems": {
		"Config Generale_Clim": {
		"firstbyte": 4
		}
	}, 
	"minbytes": 4, 
	"sentbytes": "22010C"
	}, 
	{
	"name": "DataWrite.Config Entretien_Vidange init", 
	"replybytes": "6E0201", 
	"deny_sds": [], 
	"manualsend": true, 
	"sendbyte_dataitems": {
		"Config Entretien_Vidange init.Valeur initiale autonomie vidange distance": {
		"firstbyte": 4
		}, 
		"Config Entretien_Vidange init.Valeur initiale autonomie vidange temps": {
		"firstbyte": 6
		}
	}, 
	"minbytes": 3, 
	"sentbytes": "2E020175300168"
	}, 
	{
	"name": "DataRead.Config Generale_AAP UPA", 
	"replybytes": "62010D", 
	"deny_sds": [], 
	"receivebyte_dataitems": {
		"Config Generale_AAP UPA": {
		"ref": true, 
		"firstbyte": 4
		}
	}, 
	"minbytes": 4, 
	"sentbytes": "22010D"
	}, 
	{
	"name": "DataRead.Config Generale_menu_retardateur", 
	"replybytes": "62011C", 
	"deny_sds": [], 
	"receivebyte_dataitems": {
		"Config Generale_menu_retardateur": {
		"ref": true, 
		"firstbyte": 4
		}
	}, 
	"minbytes": 4, 
	"sentbytes": "22011C"
	}, 
	{
	"name": "DataRead.Entrees filaires_batterie", 
	"replybytes": "622006", 
	"deny_sds": [], 
	"receivebyte_dataitems": {
		"Entrees filaires_batterie": {
		"ref": true, 
		"firstbyte": 4
		}
	}, 
	"minbytes": 5, 
	"sentbytes": "222006"
	}, 
	{
	"name": "Commande allumage temoins", 
	"replybytes": "700100", 
	"deny_sds": [], 
	"manualsend": true, 
	"receivebyte_dataitems": {
		"OutputControlStatus": {
		"firstbyte": 3
		}
	}, 
	"sendbyte_dataitems": {
		"Etat Pilotage allumage temoins": {
		"firstbyte": 3
		}, 
		"Allumage temoins": {
		"firstbyte": 4
		}
	}, 
	"minbytes": 3, 
	"sentbytes": "30012001"
	}, 
	{
	"name": "Commande Luminosite", 
	"replybytes": "700600", 
	"deny_sds": [], 
	"manualsend": true, 
	"receivebyte_dataitems": {
		"Status Pilotage Luminosite": {
		"firstbyte": 3
		}
	}, 
	"sendbyte_dataitems": {
		"Etat Pilotage luminosite": {
		"firstbyte": 3
		}, 
		"TFT Display": {
		"firstbyte": 9
		}
	}, 
	"minbytes": 3, 
	"sentbytes": "30062000000000000000000000"
	}, 
	{
	"name": "DataRead.DataRead Info Entretien Jours apres alerte", 
	"replybytes": "622602", 
	"deny_sds": [], 
	"receivebyte_dataitems": {
		"DataRead Info Entretien Jours apres alerte": {
		"firstbyte": 4
		}
	}, 
	"minbytes": 5, 
	"sentbytes": "222602"
	}, 
	{
	"name": "DataRead.Causes allumage temoins Ref", 
	"replybytes": "622505", 
	"deny_sds": [], 
	"receivebyte_dataitems": {
		"Causes allumage temoins Ref.REF Present Alerte 2": {
		"ref": true, 
		"firstbyte": 6
		}, 
		"Causes allumage temoins Ref.REF Present Alerte 1": {
		"ref": true, 
		"firstbyte": 4
		}
	}, 
	"minbytes": 7, 
	"sentbytes": "222505"
	}, 
	{
	"name": "TesterPresent.WithResponse", 
	"deny_sds": [], 
	"minbytes": 1, 
	"sentbytes": "3E01", 
	"replybytes": "7E"
	}, 
	{
	"name": "DataWrite.Config Generale_pression", 
	"replybytes": "6E0107", 
	"deny_sds": [], 
	"manualsend": true, 
	"sendbyte_dataitems": {
		"Config Generale_pression": {
		"firstbyte": 4
		}
	}, 
	"minbytes": 3, 
	"sentbytes": "2E010700"
	}, 
	{
	"name": "DataWrite.Config Generale_Sons clignotants personalise", 
	"replybytes": "6E0116", 
	"deny_sds": [], 
	"manualsend": true, 
	"sendbyte_dataitems": {
		"Config Generale_Sons clignotants personalise": {
		"firstbyte": 4
		}
	}, 
	"minbytes": 3, 
	"sentbytes": "2E011600"
	}, 
	{
	"name": "Routine RAZ Autonomie entretien", 
	"replybytes": "710200", 
	"deny_sds": [], 
	"manualsend": true, 
	"minbytes": 3, 
	"sentbytes": "310200"
	}, 
	{
	"name": "DataWrite.Config Generale_menu_retardateur", 
	"replybytes": "6E011C", 
	"deny_sds": [], 
	"manualsend": true, 
	"sendbyte_dataitems": {
		"Config Generale_menu_retardateur": {
		"firstbyte": 4
		}
	}, 
	"minbytes": 3, 
	"sentbytes": "2E011C00"
	}, 
	{
	"name": "DataRead.Numero homologation reference", 
	"replybytes": "62F196", 
	"deny_sds": [], 
	"receivebyte_dataitems": {
		"Numero homologation reference": {
		"firstbyte": 4
		}
	}, 
	"minbytes": 13, 
	"sentbytes": "22F196"
	}, 
	{
	"name": "DataRead.Config Generale_Distance", 
	"replybytes": "620104", 
	"deny_sds": [], 
	"receivebyte_dataitems": {
		"Config Generale_Distance": {
		"ref": true, 
		"firstbyte": 4
		}
	}, 
	"minbytes": 4, 
	"sentbytes": "220104"
	}, 
	{
	"name": "Ouverture de session FAB et AV", 
	"deny_sds": [], 
	"minbytes": 2, 
	"sentbytes": "10C0", 
	"replybytes": "50C0"
	}, 
	{
	"name": "DataRead.Mesures Temperature Exterieure", 
	"replybytes": "622204", 
	"deny_sds": [], 
	"receivebyte_dataitems": {
		"Mesures Temperature Exterieure.Temperature Exterieure": {
		"ref": true, 
		"firstbyte": 4
		}
	}, 
	"minbytes": 4, 
	"sentbytes": "222204"
	}, 
	{
	"name": "DataRead.Reference piece VehicleManufacturer KitAssemblyPartNumber", 
	"replybytes": "62F18E", 
	"deny_sds": [], 
	"receivebyte_dataitems": {
		"Reference piece VehicleManufacturer KitAssemblyPartNumber": {
		"ref": true, 
		"firstbyte": 4
		}
	}, 
	"minbytes": 13, 
	"sentbytes": "22F18E"
	}, 
	{
	"name": "DataWrite.Config Generale_ALS", 
	"replybytes": "6E0111", 
	"deny_sds": [], 
	"manualsend": true, 
	"sendbyte_dataitems": {
		"Config Generale_ALS": {
		"firstbyte": 4
		}
	}, 
	"minbytes": 3, 
	"sentbytes": "2E011100"
	}, 
	{
	"name": "DataRead.DataRead Info Entretien valeur affichee", 
	"replybytes": "622603", 
	"deny_sds": [], 
	"receivebyte_dataitems": {
		"DataRead Info Entretien valeur affichee": {
		"firstbyte": 4
		}
	}, 
	"minbytes": 5, 
	"sentbytes": "222603"
	}, 
	{
	"name": "ReadDTCInformation.ReportExtendedData", 
	"replybytes": "590600000000", 
	"deny_sds": [], 
	"receivebyte_dataitems": {
		"DTCExtendedData.AgingCounter": {
		"firstbyte": 8
		}, 
		"DTCExtendedDataRecordNumber": {
		"firstbyte": 7
		}, 
		"DTCExtendedData.Mileage": {
		"firstbyte": 8
		}, 
		"DTCRecord": {
		"firstbyte": 3
		}, 
		"StatusOfDTC": {
		"firstbyte": 6
		}, 
		"DTCExtendedData.DTCOccurrenceCounter": {
		"firstbyte": 8
		}
	}, 
	"sendbyte_dataitems": {
		"DTCMaskRecord": {
		"firstbyte": 3
		}
	}, 
	"minbytes": 6, 
	"sentbytes": "1906000000FF"
	}, 
	{
	"name": "DataRead.Status Systeme_number resets by failures", 
	"replybytes": "622405", 
	"deny_sds": [], 
	"receivebyte_dataitems": {
		"Status Systeme_number resets by failures": {
		"ref": true, 
		"firstbyte": 4
		}
	}, 
	"minbytes": 4, 
	"sentbytes": "222405"
	}, 
	{
	"name": "DataWrite.Config Generale_Distance", 
	"replybytes": "6E0104", 
	"deny_sds": [], 
	"manualsend": true, 
	"sendbyte_dataitems": {
		"Config Generale_Distance": {
		"firstbyte": 4
		}
	}, 
	"minbytes": 3, 
	"sentbytes": "2E010400"
	}, 
	{
	"name": "DataWrite.Config Generale_Affichage temp exter", 
	"replybytes": "6E0122", 
	"deny_sds": [], 
	"manualsend": true, 
	"sendbyte_dataitems": {
		"Config Generale_Affichage temp exter": {
		"firstbyte": 4
		}
	}, 
	"minbytes": 3, 
	"sentbytes": "2E012210"
	}, 
	{
	"name": "DataRead.Entrees filaires_Input_boutons", 
	"replybytes": "62200B", 
	"deny_sds": [], 
	"receivebyte_dataitems": {
		"Entrees filaires_Input_boutons.Bouton Ambiance": {
		"bitoffset": 7, 
		"ref": true, 
		"firstbyte": 4
		}, 
		"Entrees filaires_Input_boutons. Bouton LVE arriere press since reset": {
		"bitoffset": 2, 
		"ref": true, 
		"firstbyte": 4
		}, 
		"Entrees filaires_Input_boutons.Bouton Push to Talk": {
		"bitoffset": 5, 
		"ref": true, 
		"firstbyte": 4
		}, 
		"Entrees filaires_Input_boutons.Push toTalk press since reset": {
		"bitoffset": 1, 
		"ref": true, 
		"firstbyte": 4
		}, 
		"Entrees filaires_Input_boutons.Bouton Ambiance press since reset": {
		"bitoffset": 3, 
		"ref": true, 
		"firstbyte": 4
		}, 
		"Entrees filaires_Input_boutons.Bouton Input LVE arriere": {
		"bitoffset": 6, 
		"ref": true, 
		"firstbyte": 4
		}
	}, 
	"minbytes": 4, 
	"sentbytes": "22200B"
	}, 
	{
	"name": "DataRead.Entrees filaires_Satellite_rotary", 
	"replybytes": "6220F1", 
	"deny_sds": [], 
	"receivebyte_dataitems": {
		"Entrees filaires_Satellite_rotary.Molette haut since reset": {
		"bitoffset": 1, 
		"firstbyte": 4
		}, 
		"Entrees filaires_Satellite_rotary.Molette bas": {
		"firstbyte": 5
		}, 
		"Entrees filaires_Satellite_rotary.Molette C since reset": {
		"bitoffset": 4, 
		"firstbyte": 4
		}, 
		"Entrees filaires_Satellite_rotary.Molette A since reset": {
		"bitoffset": 2, 
		"firstbyte": 4
		}, 
		"Entrees filaires_Satellite_rotary.Molette bas since reset": {
		"firstbyte": 4
		}, 
		"Entrees filaires_Satellite_rotary.Molette haut": {
		"bitoffset": 1, 
		"firstbyte": 5
		}, 
		"Entrees filaires_Satellite_rotary.Molette B since reset": {
		"bitoffset": 3, 
		"firstbyte": 4
		}, 
		"Entrees filaires_Satellite_rotary.Molette A": {
		"bitoffset": 2, 
		"firstbyte": 5
		}, 
		"Entrees filaires_Satellite_rotary.Molette B": {
		"bitoffset": 3, 
		"firstbyte": 5
		}, 
		"Entrees filaires_Satellite_rotary.Molette C": {
		"bitoffset": 4, 
		"firstbyte": 5
		}
	}, 
	"minbytes": 5, 
	"sentbytes": "2220F1"
	}, 
	{
	"name": "ReadDTCInformation.ReportExtendedData.Mileage", 
	"replybytes": "59060000000080000000", 
	"deny_sds": [], 
	"receivebyte_dataitems": {
		"DTCExtendedData.Mileage": {
		"firstbyte": 8
		}, 
		"DTCRecord": {
		"firstbyte": 3
		}, 
		"StatusOfDTC": {
		"firstbyte": 6
		}, 
		"DTCExtendedDataRecordNumber": {
		"firstbyte": 7
		}
	}, 
	"sendbyte_dataitems": {
		"DTCMaskRecord": {
		"firstbyte": 3
		}
	}, 
	"minbytes": 6, 
	"sentbytes": "190600000080"
	}, 
	{
	"name": "DataRead.Config Generale_Essuyage automatique", 
	"replybytes": "620119", 
	"deny_sds": [], 
	"receivebyte_dataitems": {
		"Config Generale_Essuyage automatique": {
		"ref": true, 
		"firstbyte": 4
		}
	}, 
	"minbytes": 4, 
	"sentbytes": "220119"
	}, 
	{
	"name": "Commande System ON", 
	"replybytes": "700A20", 
	"deny_sds": [], 
	"manualsend": true, 
	"receivebyte_dataitems": {
		"Status Pilotage SYS On": {
		"firstbyte": 3
		}
	}, 
	"minbytes": 3, 
	"sentbytes": "300A2000"
	}, 
	{
	"name": "Demande identificateurs de LECTURE", 
	"replybytes": "6100", 
	"deny_sds": [], 
	"receivebyte_dataitems": {
		"Reponse LID utilises": {
		"ref": true, 
		"firstbyte": 3
		}
	}, 
	"minbytes": 6, 
	"sentbytes": "2100"
	}, 
	{
	"name": "DataRead.Entrees filaires_Satellite_boutons", 
	"replybytes": "6220F0", 
	"deny_sds": [], 
	"receivebyte_dataitems": {
		"Entrees filaires_Satellite_boutons.Vol plus since reset": {
		"bitoffset": 3, 
		"firstbyte": 6
		}, 
		"Entrees filaires_Satellite_boutons.Vol moins": {
		"bitoffset": 4, 
		"firstbyte": 4
		}, 
		"Entrees filaires_Satellite_boutons.left": {
		"bitoffset": 6, 
		"firstbyte": 5
		}, 
		"Entrees filaires_Satellite_boutons.Val": {
		"bitoffset": 2, 
		"firstbyte": 4
		}, 
		"Entrees filaires_Satellite_boutons.Val since reset": {
		"bitoffset": 2, 
		"firstbyte": 6
		}, 
		"Entrees filaires_Satellite_boutons.right": {
		"bitoffset": 7, 
		"firstbyte": 5
		}, 
		"Entrees filaires_Satellite_boutons.Rep": {
		"bitoffset": 1, 
		"firstbyte": 4
		}, 
		"Entrees filaires_Satellite_boutons.Vol moins since reset": {
		"bitoffset": 4, 
		"firstbyte": 6
		}, 
		"Entrees filaires_Satellite_boutons.left since reset": {
		"bitoffset": 6, 
		"firstbyte": 7
		}, 
		"Entrees filaires_Satellite_boutons.Vol plus": {
		"bitoffset": 3, 
		"firstbyte": 4
		}, 
		"Entrees filaires_Satellite_boutons.Low": {
		"bitoffset": 7, 
		"firstbyte": 4
		}, 
		"Entrees filaires_Satellite_boutons.right since reset": {
		"bitoffset": 7, 
		"firstbyte": 7
		}, 
		"Entrees filaires_Satellite_boutons.Low since reset": {
		"bitoffset": 7, 
		"firstbyte": 6
		}, 
		"Entrees filaires_Satellite_boutons.Sup": {
		"bitoffset": 5, 
		"firstbyte": 4
		}, 
		"Entrees filaires_Satellite_boutons.Sup since reset": {
		"bitoffset": 5, 
		"firstbyte": 6
		}, 
		"Entrees filaires_Satellite_boutons.High since reset": {
		"bitoffset": 6, 
		"firstbyte": 6
		}, 
		"Entrees filaires_Satellite_boutons.Rep since reset": {
		"bitoffset": 1, 
		"firstbyte": 6
		}, 
		"Entrees filaires_Satellite_boutons.High": {
		"bitoffset": 6, 
		"firstbyte": 4
		}
	}, 
	"minbytes": 7, 
	"sentbytes": "2220F0"
	}, 
	{
	"name": "DataRead.DataRead Odo TdB avant recalage TdB par ABS", 
	"replybytes": "622605", 
	"deny_sds": [], 
	"receivebyte_dataitems": {
		"DataRead Odo TdB avant recalage TdB par ABS": {
		"firstbyte": 4
		}
	}, 
	"minbytes": 6, 
	"sentbytes": "222605"
	}, 
	{
	"name": "DataRead.Config Generale_NAV", 
	"replybytes": "620129", 
	"deny_sds": [], 
	"receivebyte_dataitems": {
		"Config Generale_NAV": {
		"firstbyte": 4
		}
	}, 
	"minbytes": 4, 
	"sentbytes": "220129"
	}, 
	{
	"name": "DataRead.Config Generale_Survitesse", 
	"replybytes": "62010F", 
	"deny_sds": [], 
	"receivebyte_dataitems": {
		"Config Generale_Survitesse": {
		"ref": true, 
		"firstbyte": 4
		}
	}, 
	"minbytes": 4, 
	"sentbytes": "22010F"
	}, 
	{
	"name": "DataWrite.Config Generale_Essuyage automatique", 
	"replybytes": "6E0119", 
	"deny_sds": [], 
	"manualsend": true, 
	"sendbyte_dataitems": {
		"Config Generale_Essuyage automatique": {
		"firstbyte": 4
		}
	}, 
	"minbytes": 3, 
	"sentbytes": "2E011900"
	}, 
	{
	"name": "DataRead.Status Systeme_erreur configuration", 
	"replybytes": "622407", 
	"deny_sds": [], 
	"receivebyte_dataitems": {
		"Status Systeme_erreur configuration.Erreur Configuration UPA": {
		"bitoffset": 6, 
		"ref": true, 
		"firstbyte": 4
		}, 
		"Status Systeme_erreur configuration.Erreur Configuration SSPP": {
		"bitoffset": 6, 
		"ref": true, 
		"firstbyte": 5
		}, 
		"Status Systeme_erreur configuration.Erreur Configuration tableau jamais configure": {
		"bitoffset": 3, 
		"ref": true, 
		"firstbyte": 5
		}, 
		"Status Systeme_erreur configuration.Erreur Configuration CLIM": {
		"bitoffset": 4, 
		"ref": true, 
		"firstbyte": 4
		}, 
		"Status Systeme_erreur configuration.Erreur Configuration TCU": {
		"bitoffset": 5, 
		"ref": true, 
		"firstbyte": 4
		}
	}, 
	"minbytes": 5, 
	"sentbytes": "222407"
	}, 
	{
	"name": "ReadDTCInformation.ReportDTC", 
	"replybytes": "59023900000000", 
	"deny_sds": [], 
	"receivebyte_dataitems": {
		"DTCStatus.testFailedSinceLastClear": {
		"bitoffset": 2, 
		"firstbyte": 7
		}, 
		"DTCStatus.pendingDTC": {
		"bitoffset": 5, 
		"firstbyte": 7
		}, 
		"DTCStatus.confirmedDTC": {
		"bitoffset": 4, 
		"firstbyte": 7
		}, 
		"DTCDeviceAndFailureTypeOBD": {
		"firstbyte": 4
		}, 
		"DTCFailureType.ManufacturerOrSupplier": {
		"bitoffset": 4, 
		"firstbyte": 6
		}, 
		"DTCFailureType.Category": {
		"firstbyte": 6
		}, 
		"DTCFailureType": {
		"firstbyte": 6
		}, 
		"DTCStatus.testNotCompletedSinceLastClear": {
		"bitoffset": 3, 
		"firstbyte": 7
		}, 
		"DTCStatus.testNotCompletedThisMonitoringCycle": {
		"bitoffset": 1, 
		"firstbyte": 7
		}, 
		"DTCStatusAvailabilityMask": {
		"firstbyte": 3
		}, 
		"DTCStatus.warningIndicatorRequested": {
		"firstbyte": 7
		}, 
		"StatusOfDTC": {
		"firstbyte": 7
		}, 
		"DTCStatus.testFailedThisMonitoringCycle": {
		"bitoffset": 6, 
		"firstbyte": 7
		}, 
		"DTCStatus.testFailed": {
		"bitoffset": 7, 
		"firstbyte": 7
		}, 
		"DTCDeviceIdentifier": {
		"firstbyte": 4
		}
	}, 
	"minbytes": 3, 
	"sentbytes": "1902FF", 
	"shiftbytescount": 4
	}, 
	{
	"name": "Start Diagnostic Session", 
	"deny_sds": [], 
	"minbytes": 2, 
	"sentbytes": "1086", 
	"replybytes": "5086"
	}, 
	{
	"name": "Ouverture de session Fournisseur", 
	"deny_sds": [], 
	"minbytes": 2, 
	"sentbytes": "10FA", 
	"replybytes": "50FA"
	}, 
	{
	"name": "DataWrite.Config Generale_SSPP TPMS", 
	"replybytes": "6E010E", 
	"deny_sds": [], 
	"manualsend": true, 
	"sendbyte_dataitems": {
		"Config Generale_SSPP TPMS": {
		"firstbyte": 4
		}
	}, 
	"minbytes": 3, 
	"sentbytes": "2E010E00"
	}, 
	{
	"name": "Ecriture VIN", 
	"replybytes": "7B81", 
	"deny_sds": [], 
	"manualsend": true, 
	"minbytes": 2, 
	"sentbytes": "3B8131313131313131313131313131313131310000"
	}, 
	{
	"name": "DataRead.Status Systeme_number intended resets", 
	"replybytes": "622406", 
	"deny_sds": [], 
	"receivebyte_dataitems": {
		"Status Systeme_number intended resets": {
		"ref": true, 
		"firstbyte": 4
		}
	}, 
	"minbytes": 4, 
	"sentbytes": "222406"
	}, 
	{
	"name": "Commande Resetconfiguration", 
	"replybytes": "5104", 
	"deny_sds": [], 
	"manualsend": true, 
	"minbytes": 2, 
	"sentbytes": "1104"
	}, 
	{
	"name": "DataRead.Causes allumage temoin Stop Memorise", 
	"replybytes": "622504", 
	"deny_sds": [], 
	"receivebyte_dataitems": {
		"Causes allumage temoin Stop Memorise.STOP Memorise Alerte 2": {
		"firstbyte": 6
		}, 
		"Causes allumage temoin Stop Memorise.STOP Memorise Alerte 1": {
		"firstbyte": 4
		}
	}, 
	"minbytes": 7, 
	"sentbytes": "222504"
	}, 
	{
	"name": "DataRead.Entrees filaires_Wake up Signals", 
	"replybytes": "6220F2", 
	"deny_sds": [], 
	"receivebyte_dataitems": {
		"Entrees filaires_Wake up Signals.system ON Request": {
		"bitoffset": 2, 
		"firstbyte": 4
		}, 
		"Entrees filaires_Wake up Signals.Wake up": {
		"bitoffset": 4, 
		"firstbyte": 4
		}
	}, 
	"minbytes": 4, 
	"sentbytes": "2220F2"
	}
], 
"data": {
	"Config Generale_ALS": {
	"lists": {
		"0": "Sans ALS (par d\u00e9faut)", 
		"16": "Avec ALS"
	}
	}, 
	"Entrees filaires_Satellite_rotary.Molette haut since reset": {
	"scaled": true, 
	"comment": "=1 if ACBA type rotation since start", 
	"bitscount": 1
	}, 
	"DTCExtendedDataRecordNumber": {
	"lists": {
		"128": "Mileage", 
		"129": "AgingCounter", 
		"130": "DTCOccurrenceCounter"
	}
	}, 
	"PartNumber.BasicPartList": {
	"lists": {
		"0": "N/A", 
		"2": "285J2"
	}
	}, 
	"Causes allumage temoins Service Present.SERVICE Present Alerte 1": {
	"comment": "Num\u00e9ro de l'alerte 1", 
	"bytescount": 2, 
	"byte": true, 
	"bitscount": 16
	}, 
	"TFT Display": {
	"scaled": true, 
	"comment": "Luminosit\u00e9 TFT", 
	"unit": "0-->250"
	}, 
	"Config Entretien_Vidange courant. Jours": {
	"scaled": true, 
	"bytescount": 2, 
	"comment": "Valeur courante restante autonomie vidange temps", 
	"bitscount": 16, 
	"unit": "Jours"
	}, 
	"Entrees filaires_Satellite_boutons.Rep since reset": {
	"scaled": true, 
	"comment": "=1 if pressed since start", 
	"bitscount": 1
	}, 
	"HardwareNumber.BasicPartList": {
	"lists": {
		"0": "N/A", 
		"1": "25046"
	}
	}, 
	"Config Entretien_Nb de maj par diag": {
	"scaled": true, 
	"comment": "Nombre de mise \u00e0 jour de l'odom\u00e8tre g\u00e9n\u00e9ral TdB par diag"
	}, 
	"Producteur MUX UBP": {
	"bitscount": 2, 
	"lists": {
		"0": "Pr\u00e9sent", 
		"2": "Absent", 
		"3": "Confirm\u00e9 Absent"
	}
	}, 
	"Entrees filaires_Input_boutons. Bouton LVE arriere press since reset": {
	"scaled": true, 
	"comment": "=1 if pressed since start", 
	"bitscount": 1
	}, 
	"Causes allumage temoins Stop.STOP Present Alerte 1": {
	"comment": "Num\u00e9ro de l'alerte 1", 
	"bytescount": 2, 
	"byte": true, 
	"bitscount": 16
	}, 
	"Causes allumage temoins Stop.STOP Present Alerte 2": {
	"comment": "Num\u00e9ro de l'alerte 2", 
	"bytescount": 2, 
	"byte": true, 
	"bitscount": 16
	}, 
	"Entrees filaires_Input_boutons.Push toTalk press since reset": {
	"scaled": true, 
	"comment": "=1 if pressed since start", 
	"bitscount": 1
	}, 
	"Entrees filaires_Satellite_boutons.Vol plus": {
	"scaled": true, 
	"comment": "=1 if pressed", 
	"bitscount": 1
	}, 
	"Version Messagerie Mux": {
	"bytescount": 2, 
	"byte": true, 
	"bitscount": 16
	}, 
	"Entrees filaires_Input_boutons.Bouton Ambiance": {
	"scaled": true, 
	"comment": "=1 if pressed", 
	"bitscount": 1
	}, 
	"Entrees filaires_incident frein NivoCod.Tension Nivocod": {
	"scaled": true, 
	"bytescount": 2, 
	"bitscount": 16, 
	"unit": "mV"
	}, 
	"Entrees filaires_contact siege chauffant": {
	"lists": {
		"1": "0 si\u00e8ge chauffant actif (t\u00e9moin \u00e9teint)", 
		"2": "1 si\u00e8ge chauffant activ\u00e9 (t\u00e9moin allum\u00e9)", 
		"4": "2 si\u00e8ges chauffants activ\u00e9s (t\u00e9moin allum\u00e9)"
	}
	}, 
	"Reference piece VehicleManufacturer KitAssemblyPartNumber": {
	"bytesascii": true, 
	"bytescount": 10, 
	"byte": true, 
	"bitscount": 80, 
	"comment": "R\u00e9f\u00e9rence pi\u00e8ce assembl\u00e9e"
	}, 
	"Entrees filaires_Satellite_rotary.Molette C since reset": {
	"scaled": true, 
	"comment": "=1 if closed since start", 
	"bitscount": 1
	}, 
	"Entrees filaires_Satellite_boutons.left since reset": {
	"scaled": true, 
	"comment": "=1 if pressed since start", 
	"bitscount": 1
	}, 
	"Producteur MUX EVC compteur": {
	"bitscount": 6, 
	"lists": {
		"0": "0", 
		"1": "1", 
		"2": "2", 
		"3": "3", 
		"4": "4", 
		"5": "5", 
		"6": "6", 
		"7": "7", 
		"8": "8", 
		"9": "9", 
		"10": "10", 
		"11": "11", 
		"12": "12", 
		"13": "13", 
		"14": "14", 
		"15": "15", 
		"16": "16", 
		"17": "17", 
		"18": "18", 
		"19": "19", 
		"20": "20", 
		"21": "21", 
		"22": "22", 
		"23": "23", 
		"24": "24", 
		"25": "25", 
		"26": "26", 
		"27": "27", 
		"28": "28", 
		"29": "29", 
		"30": "30", 
		"31": "31", 
		"32": "32", 
		"33": "33", 
		"34": "34", 
		"35": "35", 
		"36": "36", 
		"37": "37", 
		"38": "38", 
		"39": "39", 
		"40": "40", 
		"63": "Non Contr\u00f4l\u00e9"
	}
	}, 
	"DTCDeviceIdentifier": {
	"bytescount": 2, 
	"bitscount": 16, 
	"lists": {
		"49408": "Perte trames SCH (EVC) _ Id 0x652", 
		"61443": "Surv Alimentation", 
		"37892": "Surv T\u00e9moin D\u00e9faut Airbag", 
		"37896": "Surv Com T\u00e9moin Ceinture", 
		"37641": "Surveillance de la sortie SYS-ON", 
		"37900": "Surv E2prom", 
		"37901": "Param\u00e8tre CAN produit Vitesse Affich\u00e9e", 
		"49425": "Perte trames USM_Id 0x212", 
		"37906": "sonde temperature", 
		"50200": "Surveillance VehicleSpeed Invalide", 
		"49447": "Perte trames TPMS (SSPP)_Id 0x673", 
		"49449": "Perte trames Brake (ABS)_Id 0x5D7", 
		"49457": "Perte trames EPS_ Id 0x62C", 
		"49458": "Perte trames Clim_ Id 0x668", 
		"49459": "Perte trames UBP_ Id 0x66D", 
		"49460": "Perte trames TCU_ Id 0x634", 
		"49472": "Perte trames BCM_Id 0x35C", 
		"37708": "Surveillance du controleur CAN-V", 
		"37709": "Surveillance du controleur CAN-M", 
		"49489": "Perte trames Airbag_Id 0x653", 
		"50258": "ValidAirbagInformation = 0 pendant 60 s", 
		"49497": "Perte trames UPA_ Id 0x5E9"
	}
	}, 
	"DTCFailureType.Category": {
	"bitscount": 4, 
	"lists": {
		"0": "General Failure Information", 
		"1": "General Electrical Failures", 
		"2": "General Signal Failures", 
		"3": "FM (Frequency Modulated) / PWM  Failures", 
		"4": "System Internal Failures", 
		"5": "System Programming Failures", 
		"6": "Algorithm Based Failures", 
		"7": "Mechanical Failures", 
		"8": "Bus Signal / Message Failures", 
		"9": "Component Failures", 
		"15": "Vehicle manufacturer / System supplier specific"
	}
	}, 
	"DTCStatus.testFailedSinceLastClear": {
	"bitscount": 1, 
	"lists": {
		"0": "No", 
		"1": "Yes"
	}
	}, 
	"Producteur MUX TCU": {
	"bitscount": 2, 
	"lists": {
		"0": "Pr\u00e9sent", 
		"2": "Absent", 
		"3": "Confirm\u00e9 Absent"
	}
	}, 
	"Config Generale_SSPP TPMS": {
	"lists": {
		"0": "Sans SSPP (par d\u00e9faut)", 
		"16": "Avec SSPP et sans strat\u00e9gie de reset", 
		"32": "Avec SSPP et avec strat\u00e9gie de reset"
	}
	}, 
	"Producteur MUX USM compteur": {
	"bitscount": 6, 
	"lists": {
		"0": "0", 
		"1": "1", 
		"2": "2", 
		"3": "3", 
		"4": "4", 
		"5": "5", 
		"6": "6", 
		"7": "7", 
		"8": "8", 
		"9": "9", 
		"10": "10", 
		"11": "11", 
		"12": "12", 
		"13": "13", 
		"14": "14", 
		"15": "15", 
		"16": "16", 
		"17": "17", 
		"18": "18", 
		"19": "19", 
		"20": "20", 
		"21": "21", 
		"22": "22", 
		"23": "23", 
		"24": "24", 
		"25": "25", 
		"26": "26", 
		"27": "27", 
		"28": "28", 
		"29": "29", 
		"30": "30", 
		"31": "31", 
		"32": "32", 
		"33": "33", 
		"34": "34", 
		"35": "35", 
		"36": "36", 
		"37": "37", 
		"38": "38", 
		"39": "39", 
		"40": "40", 
		"63": "Non Contr\u00f4l\u00e9"
	}
	}, 
	"Config Generale_pression": {
	"lists": {
		"0": "BAR (par d\u00e9faut)", 
		"16": "PSI"
	}
	}, 
	"Causes allumage temoin Stop Memorise.STOP Memorise Alerte 2": {
	"comment": "Num\u00e9ro de l'alerte 2", 
	"bytescount": 2, 
	"byte": true, 
	"bitscount": 16
	}, 
	"Config Generale_Essuyage automatique": {
	"comment": "Pr\u00e9sence Essuyage automatique", 
	"lists": {
		"0": "Sans CFG MPU Ess lunette marche arr (par d\u00e9faut)", 
		"16": "Avec CFG MPU Essuyage lunette marche arriere"
	}
	}, 
	"Entrees filaires_Satellite_boutons.Vol moins": {
	"scaled": true, 
	"comment": "=1 if pressed", 
	"bitscount": 1
	}, 
	"Status Pilotage Luminosite": {
	"lists": {
		"1": "Pilotage en cours", 
		"2": "Pilotage termin\u00e9", 
		"17": "Pilotage arr\u00eat\u00e9"
	}
	}, 
	"Producteur MUX Tabbeau de bord compteur": {
	"bitscount": 6, 
	"lists": {
		"0": "0", 
		"1": "1", 
		"2": "2", 
		"3": "3", 
		"4": "4", 
		"5": "5", 
		"6": "6", 
		"7": "7", 
		"8": "8", 
		"9": "9", 
		"10": "10", 
		"11": "11", 
		"12": "12", 
		"13": "13", 
		"14": "14", 
		"15": "15", 
		"16": "16", 
		"17": "17", 
		"18": "18", 
		"19": "19", 
		"20": "20", 
		"21": "21", 
		"22": "22", 
		"23": "23", 
		"24": "24", 
		"25": "25", 
		"26": "26", 
		"27": "27", 
		"28": "28", 
		"29": "29", 
		"30": "30", 
		"31": "31", 
		"32": "32", 
		"33": "33", 
		"34": "34", 
		"35": "35", 
		"36": "36", 
		"37": "37", 
		"38": "38", 
		"39": "39", 
		"40": "40", 
		"63": "Non Contr\u00f4l\u00e9"
	}
	}, 
	"Size_for_readMemory": {
	"comment": "Taille de la m\u00e9moire \u00e0 lire", 
	"bytescount": 2, 
	"byte": true, 
	"bitscount": 16
	}, 
	"Producteur MUX USM": {
	"bitscount": 2, 
	"lists": {
		"0": "Pr\u00e9sent", 
		"2": "Absent", 
		"3": "Confirm\u00e9 Absent"
	}
	}, 
	"Producteur MUX Tabbeau de bord": {
	"bitscount": 2, 
	"lists": {
		"0": "Pr\u00e9sent", 
		"2": "Absent", 
		"3": "Confirm\u00e9 Absent"
	}
	}, 
	"DataRead Odo TdB avant recalage ABS par TdB": {
	"scaled": true, 
	"bytescount": 3, 
	"comment": "Odom\u00e8tre TdB avant recalage ABS par le TdB", 
	"bitscount": 24, 
	"unit": "Km"
	}, 
	"DTCExtendedData.Mileage": {
	"scaled": true, 
	"bytescount": 3, 
	"comment": "Description of the extendedData Mileage (use by Failure Page to decode data)", 
	"bitscount": 24, 
	"unit": "km"
	}, 
	"Entrees filaires_Wake up Signals.Wake up": {
	"scaled": true, 
	"comment": "Batt tempo (wake up) (from vehicle=1 if active) - pin 2/24", 
	"bitscount": 1
	}, 
	"Entrees filaires_Input_boutons.Bouton Push to Talk": {
	"scaled": true, 
	"comment": "=1 if pressed", 
	"bitscount": 1
	}, 
	"Config Entretien_Vidange init.Valeur initiale autonomie vidange distance": {
	"scaled": true, 
	"bytescount": 2, 
	"comment": "Valeur initiale autonomie de vidange en km", 
	"bitscount": 16, 
	"unit": "km"
	}, 
	"Config Generale_Affichage temp exter": {
	"comment": "Pr\u00e9sence affichage temp\u00e9rature ext\u00e9rieure", 
	"lists": {
		"0": "sans affichage temp\u00e9rature ext", 
		"16": "Avec affichage temp\u00e9rature ext\u00e9rieure (par d\u00e9faut)"
	}
	}, 
	"DataRead Info Entretien Km apres alerte": {
	"scaled": true, 
	"bytescount": 2, 
	"comment": "Km parcourus apr\u00e8s alerte entretien", 
	"bitscount": 16, 
	"unit": "km"
	}, 
	"Config Generale_Langue": {
	"lists": {
		"0": "Francais (par d\u00e9faut)", 
		"128": "Polonais", 
		"16": "Anglais", 
		"145": "Suedois", 
		"146": "Finnois", 
		"147": "Bulgare", 
		"148": "Slovene", 
		"149": "Grec", 
		"150": "Roumain", 
		"151": "Hongrois", 
		"152": "Slovaque", 
		"153": "Tcheque", 
		"154": "Danois", 
		"155": "Estonien", 
		"156": "Letton", 
		"157": "Lituanien", 
		"158": "Croate", 
		"32": "Italien", 
		"48": "Allemand", 
		"64": "Espagnol", 
		"80": "Hollandais", 
		"96": "Portugais", 
		"112": "Turc", 
		"255": "Autre"
	}
	}, 
	"Infos Calcul_Temps ADAC": {
	"scaled": true, 
	"bytescount": 3, 
	"comment": "Temps ordinateur de bord (permet de calculer la vitesse moyenne)", 
	"bitscount": 24, 
	"unit": "s"
	}, 
	"Entrees filaires_Satellite_rotary.Molette A": {
	"scaled": true, 
	"comment": "=1 if closed", 
	"bitscount": 1
	}, 
	"Entrees filaires_Satellite_rotary.Molette B": {
	"scaled": true, 
	"comment": "=1 if closed", 
	"bitscount": 1
	}, 
	"Entrees filaires_Satellite_rotary.Molette C": {
	"scaled": true, 
	"comment": "=1 if closed", 
	"bitscount": 1
	}, 
	"Producteur MUX BRAKE compteur": {
	"bitscount": 6, 
	"lists": {
		"0": "0", 
		"1": "1", 
		"2": "2", 
		"3": "3", 
		"4": "4", 
		"5": "5", 
		"6": "6", 
		"7": "7", 
		"8": "8", 
		"9": "9", 
		"10": "10", 
		"11": "11", 
		"12": "12", 
		"13": "13", 
		"14": "14", 
		"15": "15", 
		"16": "16", 
		"17": "17", 
		"18": "18", 
		"19": "19", 
		"20": "20", 
		"21": "21", 
		"22": "22", 
		"23": "23", 
		"24": "24", 
		"25": "25", 
		"26": "26", 
		"27": "27", 
		"28": "28", 
		"29": "29", 
		"30": "30", 
		"31": "31", 
		"32": "32", 
		"33": "33", 
		"34": "34", 
		"35": "35", 
		"36": "36", 
		"37": "37", 
		"38": "38", 
		"39": "39", 
		"40": "40", 
		"63": "Non Contr\u00f4l\u00e9"
	}
	}, 
	"Config Generale_Distance": {
	"lists": {
		"0": "Km (par d\u00e9faut)", 
		"16": "Miles"
	}
	}, 
	"DTCExtendedData.AgingCounter": {
	"scaled": true, 
	"comment": "Description of the extendedData AgingCounter (use by Failure Page to decode data)"
	}, 
	"VIN Numero Identification": {
	"bytesascii": true, 
	"bytescount": 17, 
	"byte": true, 
	"bitscount": 136, 
	"comment": "Vehicule Identification Number"
	}, 
	"DTCMaskRecord": {
	"bytescount": 3, 
	"byte": true, 
	"bitscount": 24
	}, 
	"Producteur MUX EVC": {
	"bitscount": 2, 
	"lists": {
		"0": "Pr\u00e9sent", 
		"2": "Absent", 
		"3": "Confirm\u00e9 Absent"
	}
	}, 
	"Entrees filaires_Output Lines.System On": {
	"comment": "System ON (ON command from MM= 1 if active)", 
	"bitscount": 1, 
	"lists": {
		"1": "System ON (ON command from MM= 1 if active)"
	}
	}, 
	"Causes allumage temoins Service Memorise.SERVICE Memorise Alerte 2": {
	"comment": "Num\u00e9ro de l'alerte 2", 
	"bytescount": 2, 
	"byte": true, 
	"bitscount": 16
	}, 
	"DTCStatus.testNotCompletedSinceLastClear": {
	"bitscount": 1, 
	"lists": {
		"0": "No", 
		"1": "Yes"
	}
	}, 
	"Entrees filaires_Satellite_rotary.Molette A since reset": {
	"scaled": true, 
	"comment": "=1 if closed since start", 
	"bitscount": 1
	}, 
	"Causes allumage temoins Service Memorise.SERVICE Memorise Alerte 1": {
	"comment": "Num\u00e9ro de l'alerte 1", 
	"bytescount": 2, 
	"byte": true, 
	"bitscount": 16
	}, 
	"RECVAL2": {
	"comment": "Configuration multimedia", 
	"bytescount": 11, 
	"byte": true, 
	"bitscount": 88
	}, 
	"Config Generale_Sieges chauffants": {
	"comment": "Pr\u00e9sence Si\u00e8ges Chauffants", 
	"lists": {
		"0": "Sans Si\u00e8ges Chauffants", 
		"16": "Avec Si\u00e8ges Chauffants"
	}
	}, 
	"RECVAL1": {
	"comment": "Configuration multimedia", 
	"bytescount": 11, 
	"byte": true, 
	"bitscount": 88
	}, 
	"DTCStatusAvailabilityMask": {
	"scaled": true
	}, 
	"EditionNumber": {
	"comment": "Version soft carte graphique", 
	"bytescount": 2, 
	"byte": true, 
	"bitscount": 16
	}, 
	"Entrees filaires_Satellite_rotary.Molette B since reset": {
	"scaled": true, 
	"comment": "=1 if closed since start", 
	"bitscount": 1
	}, 
	"PartNumber.LowerPart": {
	"bytesascii": true, 
	"bytescount": 5, 
	"byte": true, 
	"bitscount": 40, 
	"comment": "PartrNumber.Lowerpart (en ASCII)"
	}, 
	"Status Pilotage SYS On": {
	"lists": {
		"1": "Pilotage en cours", 
		"2": "Pilotage termin\u00e9", 
		"17": "Pilotage arr\u00eat\u00e9"
	}
	}, 
	"Status Pilotage Buzzer": {
	"lists": {
		"1": "Pilotage en cours", 
		"2": "Pilotage termin\u00e9", 
		"17": "Pilotage arr\u00eat\u00e9"
	}
	}, 
	"Config Generale_montre": {
	"comment": "Pr\u00e9sence Montre", 
	"lists": {
		"0": "sans affichage montre ( par d\u00e9faut)", 
		"16": "montre 12 heures", 
		"32": "montre 24 heures"
	}
	}, 
	"DTCRecord": {
	"bytescount": 3, 
	"byte": true, 
	"bitscount": 24
	}, 
	"Entrees filaires_Satellite_boutons.Val since reset": {
	"scaled": true, 
	"comment": "=1 if pressed since start", 
	"bitscount": 1
	}, 
	"Producteur MUX UBP compteur": {
	"bitscount": 6, 
	"lists": {
		"0": "0", 
		"1": "1", 
		"2": "2", 
		"3": "3", 
		"4": "4", 
		"5": "5", 
		"6": "6", 
		"7": "7", 
		"8": "8", 
		"9": "9", 
		"10": "10", 
		"11": "11", 
		"12": "12", 
		"13": "13", 
		"14": "14", 
		"15": "15", 
		"16": "16", 
		"17": "17", 
		"18": "18", 
		"19": "19", 
		"20": "20", 
		"21": "21", 
		"22": "22", 
		"23": "23", 
		"24": "24", 
		"25": "25", 
		"26": "26", 
		"27": "27", 
		"28": "28", 
		"29": "29", 
		"30": "30", 
		"31": "31", 
		"32": "32", 
		"33": "33", 
		"34": "34", 
		"35": "35", 
		"36": "36", 
		"37": "37", 
		"38": "38", 
		"39": "39", 
		"40": "40", 
		"63": "Non Contr\u00f4l\u00e9"
	}
	}, 
	"Config Generale_AAP UPA": {
	"comment": "Pr\u00e9sence AAP", 
	"lists": {
		"0": "Sans AAP (par d\u00e9faut)", 
		"16": "Avec APP AV et AR", 
		"32": "Avec APP AR uniquement"
	}
	}, 
	"Entrees filaires_Satellite_rotary.Molette bas since reset": {
	"scaled": true, 
	"comment": "=1 if ABCA type rotation since start", 
	"bitscount": 1
	}, 
	"DTCStatus.testNotCompletedThisMonitoringCycle": {
	"bitscount": 1, 
	"lists": {
		"0": "No", 
		"1": "Yes"
	}
	}, 
	"Causes allumage temoins Ref.REF Present Alerte 2": {
	"comment": "Num\u00e9ro de l'alerte 1", 
	"bytescount": 2, 
	"byte": true, 
	"bitscount": 16
	}, 
	"Causes allumage temoins Ref.REF Present Alerte 1": {
	"comment": "Num\u00e9ro de l'alerte 1", 
	"bytescount": 2, 
	"byte": true, 
	"bitscount": 16
	}, 
	"Module BusMuet": {
	"bitscount": 2, 
	"lists": {
		"0": "Non muet", 
		"2": "BusMuet", 
		"3": "Confirm\u00e9 BusMuet"
	}
	}, 
	"Producteur MUX BRAKE": {
	"bitscount": 2, 
	"lists": {
		"0": "Pr\u00e9sent", 
		"2": "Absent", 
		"3": "Confirm\u00e9 Absent"
	}
	}, 
	"Config Generale_NAV": {
	"comment": "Pr\u00e9sence nav", 
	"lists": {
		"0": "sans NAV (par defaut)", 
		"16": "MFD pr\u00e9sent"
	}
	}, 
	"Entrees filaires_batterie": {
	"scaled": true, 
	"bytescount": 2, 
	"divideby": 1000.0, 
	"bitscount": 16, 
	"unit": "V"
	}, 
	"Etat Pilotage allumage temoins": {
	"lists": {
		"32": "Permanent control", 
		"1": "Status", 
		"17": "Arret pilotage"
	}
	}, 
	"Status Systeme_status EEPROM": {
	"lists": {
		"0": "Non d\u00e9fini", 
		"1": "EEPROM Status OK", 
		"2": "EEPROM Error"
	}
	}, 
	"Entrees filaires_Satellite_boutons.Vol moins since reset": {
	"scaled": true, 
	"comment": "=1 if pressed since start", 
	"bitscount": 1
	}, 
	"Config Generale_VehicleIdent default value": {
	"comment": "VehicleIdentifier par d\u00e9faut", 
	"bytescount": 4, 
	"byte": true, 
	"bitscount": 32
	}, 
	"Etat Pilotage afficheur TFT": {
	"lists": {
		"32": "Permanent control", 
		"1": "Status", 
		"17": "Arret pilotage"
	}
	}, 
	"Reponse LID utilises": {
	"bytescount": 4, 
	"byte": true, 
	"bitscount": 32
	}, 
	"Numero homologation reference": {
	"bytesascii": true, 
	"bytescount": 10, 
	"byte": true, 
	"bitscount": 80
	}, 
	"SoftwareNumber": {
	"comment": "Software identification number (en hexa)", 
	"bytescount": 2, 
	"byte": true, 
	"bitscount": 16
	}, 
	"Mesures Temperature Exterieure.Temperature Exterieure": {
	"scaled": true, 
	"comment": "Valeur de la temp\u00e9rature ext\u00e9rieure filtr\u00e9e \u00e0 la seconde", 
	"unit": "\u00b0C", 
	"offset": -40.0
	}, 
	"Infos Calcul_Distance parcourue ADAC": {
	"divideby": 10.0, 
	"bitscount": 32, 
	"signed": true, 
	"scaled": true, 
	"bytescount": 4, 
	"unit": "m"
	}, 
	"Entrees filaires_Satellite_boutons.Vol plus since reset": {
	"scaled": true, 
	"comment": "=1 if pressed since start", 
	"bitscount": 1
	}, 
	"Entrees filaires_Input_boutons.Bouton Ambiance press since reset": {
	"scaled": true, 
	"comment": "=1 if pressed since start", 
	"bitscount": 1
	}, 
	"Entrees filaires_Satellite_boutons.left": {
	"scaled": true, 
	"comment": "=1 if pressed", 
	"bitscount": 1
	}, 
	"Config Generale_Clim": {
	"lists": {
		"0": "Sans Clim (par d\u00e9faut)", 
		"16": "Avec Clim"
	}
	}, 
	"Entrees filaires_Satellite_boutons.Sup since reset": {
	"scaled": true, 
	"comment": "=1 if pressed since start", 
	"bitscount": 1
	}, 
	"Producteur MUX EPS Controle trajectoire": {
	"bitscount": 2, 
	"lists": {
		"0": "Pr\u00e9sent", 
		"2": "Absent", 
		"3": "Confirm\u00e9 Absent"
	}
	}, 
	"Config Entretien_Odometre general": {
	"comment": "odom\u00e8tre g\u00e9n\u00e9ral affich\u00e9 en km (born\u00e9 \u00e0 999 999 km)", 
	"bitscount": 32, 
	"signed": true, 
	"scaled": true, 
	"bytescount": 4, 
	"unit": "Km"
	}, 
	"Entrees filaires_Satellite_boutons.Low since reset": {
	"scaled": true, 
	"comment": "=1 if pressed since start", 
	"bitscount": 1
	}, 
	"Config Entretien_Vidange init.Valeur initiale autonomie vidange temps": {
	"scaled": true, 
	"bytescount": 2, 
	"comment": "Valeur initiale Temps entre 2 vidanges", 
	"bitscount": 16, 
	"unit": "Jours"
	}, 
	"Producteur MUX BCM compteur": {
	"bitscount": 6, 
	"lists": {
		"0": "0", 
		"1": "1", 
		"2": "2", 
		"3": "3", 
		"4": "4", 
		"5": "5", 
		"6": "6", 
		"7": "7", 
		"8": "8", 
		"9": "9", 
		"10": "10", 
		"11": "11", 
		"12": "12", 
		"13": "13", 
		"14": "14", 
		"15": "15", 
		"16": "16", 
		"17": "17", 
		"18": "18", 
		"19": "19", 
		"20": "20", 
		"21": "21", 
		"22": "22", 
		"23": "23", 
		"24": "24", 
		"25": "25", 
		"26": "26", 
		"27": "27", 
		"28": "28", 
		"29": "29", 
		"30": "30", 
		"31": "31", 
		"32": "32", 
		"33": "33", 
		"34": "34", 
		"35": "35", 
		"36": "36", 
		"37": "37", 
		"38": "38", 
		"39": "39", 
		"40": "40", 
		"63": "Non Contr\u00f4l\u00e9"
	}
	}, 
	"Entrees filaires_contact frein a main": {
	"lists": {
		"0": "Frein desserr\u00e9 (contact ouvert)", 
		"1": "Frein serr\u00e9 (contact ferm\u00e9)"
	}
	}, 
	"DTCStatus.pendingDTC": {
	"bitscount": 1, 
	"lists": {
		"0": "No", 
		"1": "Yes"
	}
	}, 
	"Causes allumage temoin Ref Memorise.REF Memorise Alerte 1": {
	"comment": "Num\u00e9ro de l'alerte 1", 
	"bytescount": 2, 
	"byte": true, 
	"bitscount": 16
	}, 
	"Causes allumage temoin Ref Memorise.REF Memorise Alerte 2": {
	"comment": "Num\u00e9ro de l'alerte 2", 
	"bytescount": 2, 
	"byte": true, 
	"bitscount": 16
	}, 
	"Entrees filaires_Satellite_boutons.right": {
	"scaled": true, 
	"comment": "=1 if pressed", 
	"bitscount": 1
	}, 
	"Producteur MUX BCM": {
	"bitscount": 2, 
	"lists": {
		"0": "Pr\u00e9sent", 
		"2": "Absent", 
		"3": "Confirm\u00e9 Absent"
	}
	}, 
	"DataRead Odo TdB avant recalage TdB par ABS": {
	"scaled": true, 
	"bytescount": 3, 
	"comment": "Odom\u00e8tre TdB avant recalage TdB par l'ABS", 
	"bitscount": 24, 
	"unit": "Km"
	}, 
	"Entrees filaires_Satellite_boutons.Low": {
	"scaled": true, 
	"comment": "=1 if pressed", 
	"bitscount": 1
	}, 
	"Status Systeme_erreur configuration.Erreur Configuration tableau jamais configure": {
	"bitscount": 1, 
	"lists": {
		"0": "Pas d'erreur : tdb configur\u00e9 OK", 
		"1": "Erreur : Tdb jamais configur\u00e9"
	}
	}, 
	"Config Generale_Inhib SBR_av": {
	"lists": {
		"0": "Buzzer SBR avant non inhib\u00e9 (par d\u00e9faut)", 
		"16": "Buzzer SBR avant inhibe"
	}
	}, 
	"Entrees filaires_Satellite_boutons.Sup": {
	"scaled": true, 
	"comment": "=1 if pressed", 
	"bitscount": 1
	}, 
	"Producteur MUX Clim compteur": {
	"bitscount": 6, 
	"lists": {
		"0": "0", 
		"1": "1", 
		"2": "2", 
		"3": "3", 
		"4": "4", 
		"5": "5", 
		"6": "6", 
		"7": "7", 
		"8": "8", 
		"9": "9", 
		"10": "10", 
		"11": "11", 
		"12": "12", 
		"13": "13", 
		"14": "14", 
		"15": "15", 
		"16": "16", 
		"17": "17", 
		"18": "18", 
		"19": "19", 
		"20": "20", 
		"21": "21", 
		"22": "22", 
		"23": "23", 
		"24": "24", 
		"25": "25", 
		"26": "26", 
		"27": "27", 
		"28": "28", 
		"29": "29", 
		"30": "30", 
		"31": "31", 
		"32": "32", 
		"33": "33", 
		"34": "34", 
		"35": "35", 
		"36": "36", 
		"37": "37", 
		"38": "38", 
		"39": "39", 
		"40": "40", 
		"63": "Non Contr\u00f4l\u00e9"
	}
	}, 
	"StatusOfDTC": {
	"scaled": true
	}, 
	"Status Systeme_number intended resets": {
	"scaled": true, 
	"comment": "Nombre de reset a froid (batterie; diag; ...)"
	}, 
	"Entrees filaires_Satellite_boutons.High since reset": {
	"scaled": true, 
	"comment": "=1 if pressed since start", 
	"bitscount": 1
	}, 
	"Producteur MUX Clim": {
	"bitscount": 2, 
	"lists": {
		"0": "Pr\u00e9sent", 
		"2": "Absent", 
		"3": "Confirm\u00e9 Absent"
	}
	}, 
	"Type de Buzzer": {
	"lists": {
		"0": "Test Sound", 
		"1": "Buzzer n\u00b0 1 (1er niveau alerte batterie)", 
		"2": "Buzzer n\u00b02  (ceinture arr / coffre / porte en roulant)", 
		"3": "Buzzer n\u00b03  (absence badge en roulant)", 
		"4": "Buzzer n\u00b04  (sortie vehicule avec rapport engage)", 
		"5": "Buzzer n\u00b05  (ceinture AV en roulant 2ieme niveau)", 
		"6": "Buzzer n\u00b06  (Panne freinage / direction electrique ...)", 
		"7": "Buzzer n\u00b07  (ceinture AV en roulant 1er niveau)", 
		"8": "Buzzer n\u00b08  (2ieme niveau alerte batterie)", 
		"9": "Buzzer n\u00b09  (Survitesse)", 
		"10": "Buzzer n\u00b010  (Sortie vehicule et oubli badge ou moteur tournant)", 
		"11": "Buzzer n\u00b011 (Oubli Lanterne)", 
		"12": "Buzzer n\u00b012  (Mettre sur P pour cvharger)", 
		"13": "Buzzer n\u00b013 (Debouclage AR v<20kmh ou activation verrouillage auto en roulant)", 
		"14": "Buzzer n\u00b014 (Desactivation verrouillage auto en roulant)", 
		"15": "Buzzer n\u00b015 (clignotant tic)", 
		"16": "Buzzer n\u00b016 (clignotant tac)", 
		"22": "Buzzer n\u00b022 (demarrage moteur)", 
		"23": "Buzzer n\u00b023 (2ieme niveau alerte batterie)"
	}
	}, 
	"DataRead Info Entretien Jours apres alerte": {
	"scaled": true, 
	"bytescount": 2, 
	"comment": "Jours pass\u00e9s apr\u00e8s alerte vidange en jour", 
	"bitscount": 16, 
	"unit": "Jours"
	}, 
	"Producteur MUX TCU compteur": {
	"bitscount": 6, 
	"lists": {
		"0": "0", 
		"1": "1", 
		"2": "2", 
		"3": "3", 
		"4": "4", 
		"5": "5", 
		"6": "6", 
		"7": "7", 
		"8": "8", 
		"9": "9", 
		"10": "10", 
		"11": "11", 
		"12": "12", 
		"13": "13", 
		"14": "14", 
		"15": "15", 
		"16": "16", 
		"17": "17", 
		"18": "18", 
		"19": "19", 
		"20": "20", 
		"21": "21", 
		"22": "22", 
		"23": "23", 
		"24": "24", 
		"25": "25", 
		"26": "26", 
		"27": "27", 
		"28": "28", 
		"29": "29", 
		"30": "30", 
		"31": "31", 
		"32": "32", 
		"33": "33", 
		"34": "34", 
		"35": "35", 
		"36": "36", 
		"37": "37", 
		"38": "38", 
		"39": "39", 
		"40": "40", 
		"63": "Non Contr\u00f4l\u00e9"
	}
	}, 
	"Etat Pilotage luminosite": {
	"lists": {
		"32": "Permanent control", 
		"1": "Status", 
		"17": "Arret pilotage"
	}
	}, 
	"Status Systeme_erreur configuration.Erreur Configuration CLIM": {
	"comment": "Erreur configuration UPA", 
	"bitscount": 1, 
	"lists": {
		"0": "Pas d'erreur config CLIM", 
		"1": "Erreur config CLIM"
	}
	}, 
	"DTCStatus.testFailedThisMonitoringCycle": {
	"bitscount": 1, 
	"lists": {
		"0": "No", 
		"1": "Yes"
	}
	}, 
	"Config Generale_RV_LV_ACC": {
	"lists": {
		"0": "Sans (par d\u00e9faut)", 
		"16": "RV / LV pr\u00e9sent", 
		"32": "ACC / LV", 
		"48": "LV seul"
	}
	}, 
	"Entrees filaires_Satellite_rotary.Molette bas": {
	"scaled": true, 
	"comment": "=1 during 2 Seconds if ABCA type rotation", 
	"bitscount": 1
	}, 
	"Status Systeme_erreur configuration.Erreur Configuration SSPP": {
	"comment": "Erreur configuration SSPP", 
	"bitscount": 1, 
	"lists": {
		"0": "Pas d'erreur config SSPP", 
		"1": "Erreur config SSPP"
	}
	}, 
	"Causes allumage temoin Stop Memorise.STOP Memorise Alerte 1": {
	"comment": "Num\u00e9ro de l'alerte 1", 
	"bytescount": 2, 
	"byte": true, 
	"bitscount": 16
	}, 
	"Config Generale_menu_retardateur": {
	"lists": {
		"0": "Sans Menu_Retardateur  (par d\u00e9faut)", 
		"16": "Avec Menu_Retardateur"
	}
	}, 
	"ClusterProductionNumber en ASCII": {
	"bytesascii": true, 
	"bytescount": 10, 
	"byte": true, 
	"bitscount": 80, 
	"comment": "num\u00e9ro de s\u00e9rie unique du tdb"
	}, 
	"Module BusOff compteur": {
	"bitscount": 6, 
	"lists": {
		"0": "0", 
		"1": "1", 
		"2": "2", 
		"3": "3", 
		"4": "4", 
		"5": "5", 
		"6": "6", 
		"7": "7", 
		"8": "8", 
		"9": "9", 
		"10": "10", 
		"11": "11", 
		"12": "12", 
		"13": "13", 
		"14": "14", 
		"15": "15", 
		"16": "16", 
		"17": "17", 
		"18": "18", 
		"19": "19", 
		"20": "20", 
		"21": "21", 
		"22": "22", 
		"23": "23", 
		"24": "24", 
		"25": "25", 
		"26": "26", 
		"27": "27", 
		"28": "28", 
		"29": "29", 
		"30": "30", 
		"31": "31", 
		"32": "32", 
		"33": "33", 
		"34": "34", 
		"35": "35", 
		"36": "36", 
		"37": "37", 
		"38": "38", 
		"39": "39", 
		"40": "40", 
		"63": "Non Contr\u00f4l\u00e9"
	}
	}, 
	"Entrees filaires_Satellite_rotary.Molette haut": {
	"scaled": true, 
	"comment": "=1 during 2Seconds f ACBA type rotation", 
	"bitscount": 1
	}, 
	"Causes allumage temoins Service Present.SERVICE Present Alerte 2": {
	"comment": "Num\u00e9ro de l'alerte 2", 
	"bytescount": 2, 
	"byte": true, 
	"bitscount": 16
	}, 
	"Adress_for_readMemory": {
	"comment": "Adresse de la m\u00e9moire \u00e0 lire", 
	"bytescount": 4, 
	"byte": true, 
	"bitscount": 32
	}, 
	"DiagnosticIdentificationCode": {
	"comment": "Diag evolution number", 
	"byte": true
	}, 
	"Status Systeme_erreur configuration.Erreur Configuration TCU": {
	"comment": "Erreur de configuration TCU", 
	"bitscount": 1, 
	"lists": {
		"0": "Pas d'erreur config TCU", 
		"1": "Erreur config TCU"
	}
	}, 
	"Entrees filaires_Satellite_boutons.Rep": {
	"scaled": true, 
	"comment": "=1 if pressed", 
	"bitscount": 1
	}, 
	"DTCFailureType": {
	"lists": {
		"0": "Device and failure type ODB codding", 
		"1": "General Electrical Failure", 
		"2": "General signal failure", 
		"3": "FM (Frequency Modulated) / PWM  Failures", 
		"4": "System Internal Failures", 
		"5": "System Programming Failures", 
		"6": "Algorithm Based Failures", 
		"7": "Mechanical Failures", 
		"8": "Bus Signal / Message Failures", 
		"9": "Component Failures", 
		"17": "circuit short to ground", 
		"18": "circuit short to battery", 
		"19": "circuit open", 
		"20": "circuit short to ground or open", 
		"21": "circuit short to battery or open", 
		"22": "circuit voltage below threshold", 
		"23": "circuit voltage above threshold", 
		"24": "circuit current below threshold", 
		"25": "circuit current above threshold", 
		"26": "circuit resistance below threshold", 
		"27": "circuit resistance above threshold", 
		"28": "circuit voltage out of range", 
		"29": "circuit current out of range", 
		"30": "circuit resistance out of range", 
		"31": "circuit intermittent", 
		"33": "signal amplitude < minimum", 
		"34": "signal amplitude > maximum", 
		"35": "signal stuck low", 
		"36": "signal stuck high", 
		"37": "signal shape / waveform failure", 
		"38": "signal rate of change below threshold", 
		"39": "signal rate of change above threshold", 
		"40": "signal bias level out of range / 0 adjust failure", 
		"41": "signal signal invalid", 
		"47": "signal erratic", 
		"49": "no signal", 
		"50": "signal low time < minimum", 
		"51": "signal low time > maximum", 
		"52": "signal high time < minimum", 
		"53": "signal high time > maximum", 
		"54": "signal frequency too low", 
		"55": "signal frequency too high", 
		"56": "signal frequency incorrect", 
		"57": "incorrect has too few pulses", 
		"58": "incorrect has too many pulses", 
		"65": "general checksum failure", 
		"66": "general memory failure", 
		"67": "special memory failure", 
		"68": "data memory failure", 
		"69": "program memory failure", 
		"70": "calibration / parameter memory failure", 
		"71": "watchdog / safety \u00b5C failure", 
		"72": "supervision software failure", 
		"73": "internal electronic failure", 
		"74": "incorrect component installed", 
		"75": "over temperature", 
		"81": "not programmed", 
		"82": "not activated", 
		"83": "deactivated", 
		"84": "missing calibration", 
		"85": "not configured", 
		"97": "signal calculation failure", 
		"98": "signal compare failure", 
		"99": "circuit / component protection time-out", 
		"100": "signal plausibility failure", 
		"101": "signal has too few transitions / events", 
		"102": "signal has too many transitions / events", 
		"103": "signal incorrect after event", 
		"104": "event information", 
		"113": "actuator stuck", 
		"114": "actuator stuck open", 
		"115": "actuator stuck closed", 
		"116": "actuator slipping", 
		"117": "emergency position not reachable", 
		"118": "wrong mounting position", 
		"119": "commanded position not reachable", 
		"120": "alignment or adjustment incorrect", 
		"121": "mechanical linkage failure", 
		"122": "fluid leak or seal failure", 
		"123": "low fluid level", 
		"129": "invalid serial data received", 
		"130": "alive / sequence counter incorrect / not updated", 
		"131": "value of signal protection calculation incorrect", 
		"132": "signal below allowable range", 
		"133": "signal above allowable range", 
		"134": "signal invalid", 
		"135": "missing message", 
		"136": "bus off", 
		"143": "erratic", 
		"145": "parametric", 
		"146": "performance or incorrect operation", 
		"147": "no operation", 
		"148": "unexpected operation", 
		"149": "incorrect assembly", 
		"150": "component internal failure", 
		"151": "Component or system operation obstructed or blocke", 
		"152": "component or system over temperature"
	}
	}, 
	"Entrees filaires_Wake up Signals.system ON Request": {
	"scaled": true, 
	"comment": "Systeme ON request (ON from button or ECU = 1 if pressed since start)-pin 1/24", 
	"bitscount": 1
	}, 
	"ManufacturerIdentificationCode": {
	"comment": "code fournisseur", 
	"lists": {
		"0": "Renault R1", 
		"128": "Nissan N1", 
		"130": "Nissan N3", 
		"136": "Magn\u00e9ti Marelli", 
		"129": "Nissan N2"
	}
	}, 
	"DTCStatus.warningIndicatorRequested": {
	"bitscount": 1, 
	"lists": {
		"0": "No", 
		"1": "Yes"
	}
	}, 
	"OutputControlStatus": {
	"comment": "Commande de test", 
	"lists": {
		"1": "Running", 
		"2": "Stopped", 
		"17": "Manually Stopped"
	}
	}, 
	"Status Systeme_erreur configuration.Erreur Configuration UPA": {
	"comment": "Erreur configuration UPA", 
	"bitscount": 1, 
	"lists": {
		"0": "Pas d'erreur config UPA", 
		"1": "Erreur config UPA"
	}
	}, 
	"Entrees filaires_Satellite_boutons.right since reset": {
	"scaled": true, 
	"comment": "=1 if pressed since start", 
	"bitscount": 1
	}, 
	"Entrees filaires_incident frein NivoCod.Entree Nivocod": {
	"lists": {
		"0": "Pas de d\u00e9faut", 
		"1": "D\u00e9faut Nivocod", 
		"2": "Entr\u00e9e en CC", 
		"3": "Entr\u00e9e en CO"
	}
	}, 
	"DTCDeviceAndFailureTypeOBD": {
	"bytescount": 2, 
	"bitscount": 16, 
	"lists": {
		"49408": "Perte trames SCH (EVC) _ Id 0x652", 
		"49472": "Perte trames BCM_Id 0x35C", 
		"37901": "Param\u00e8tre CAN produit Vitesse Affich\u00e9e", 
		"61443": "Surv Alimentation", 
		"37892": "Surv T\u00e9moin D\u00e9faut Airbag", 
		"49447": "Perte trames TPMS (SSPP)_Id 0x673", 
		"37896": "Surv Com T\u00e9moin Ceinture", 
		"37641": "Surveillance de la sortie SYS-ON", 
		"37708": "Surveillance du controleur CAN-V", 
		"49458": "Perte trames Clim_ Id 0x668", 
		"37900": "Surv E2prom", 
		"37709": "Surveillance du controleur CAN-M", 
		"49425": "Perte trames USM_Id 0x212", 
		"50258": "ValidAirbagInformation = 0 pendant 60 s", 
		"49459": "Perte trames UBP_ Id 0x66D", 
		"49460": "Perte trames TCU_ Id 0x634", 
		"49489": "Perte trames Airbag_Id 0x653", 
		"49497": "Perte trames UPA_ Id 0x5E9", 
		"49457": "Perte trames EPS_ Id 0x62C", 
		"49449": "Perte trames Brake (ABS)_Id 0x5D7"
	}
	}, 
	"SupplierNumber.ITG": {
	"bytesascii": true, 
	"bytescount": 3, 
	"byte": true, 
	"bitscount": 24, 
	"comment": "Supplier Number: code ITG (en ASCII)"
	}, 
	"DataRead Info Entretien valeur affichee": {
	"scaled": true, 
	"bytescount": 2, 
	"comment": "Valeur courante restante autonomie vidange en km", 
	"bitscount": 16, 
	"unit": "km"
	}, 
	"Config Generale_Sons clignotants personalise": {
	"lists": {
		"0": "Not tuned (default value)", 
		"16": "Tuned"
	}
	}, 
	"Entrees filaires_Satellite_boutons.High": {
	"scaled": true, 
	"comment": "=1 if pressed", 
	"bitscount": 1
	}, 
	"Afficheur TFT": {
	"lists": {
		"0": "All pixels OFF", 
		"8": "Pattern m", 
		"7": "Pattern n", 
		"9": "...", 
		"255": "All pixels ON"
	}
	}, 
	"DTCFailureType.ManufacturerOrSupplier": {
	"bitscount": 4
	}, 
	"Config Generale_TCU": {
	"comment": "Pr\u00e9sence TCU", 
	"lists": {
		"0": "Sans TCU (par d\u00e9faut)", 
		"16": "Avec TCU"
	}
	}, 
	"Etat Pilotage extinction temoins": {
	"lists": {
		"32": "Actif", 
		"1": "Status", 
		"17": "Inactif"
	}
	}, 
	"Config Entretien_Vidange courant. distance": {
	"scaled": true, 
	"bytescount": 2, 
	"comment": "Valeur courante autonomie vidange en km", 
	"bitscount": 16, 
	"unit": "km"
	}, 
	"DTCStatus.confirmedDTC": {
	"bitscount": 1, 
	"lists": {
		"0": "No", 
		"1": "Yes"
	}
	}, 
	"CalibrationNumber": {
	"comment": "version base graphique", 
	"bytescount": 2, 
	"byte": true, 
	"bitscount": 16
	}, 
	"Module BusMuet compteur": {
	"bitscount": 6, 
	"lists": {
		"0": "0", 
		"1": "1", 
		"2": "2", 
		"3": "3", 
		"4": "4", 
		"5": "5", 
		"6": "6", 
		"7": "7", 
		"8": "8", 
		"9": "9", 
		"10": "10", 
		"11": "11", 
		"12": "12", 
		"13": "13", 
		"14": "14", 
		"15": "15", 
		"16": "16", 
		"17": "17", 
		"18": "18", 
		"19": "19", 
		"20": "20", 
		"21": "21", 
		"22": "22", 
		"23": "23", 
		"24": "24", 
		"25": "25", 
		"26": "26", 
		"27": "27", 
		"28": "28", 
		"29": "29", 
		"30": "30", 
		"31": "31", 
		"32": "32", 
		"33": "33", 
		"34": "34", 
		"35": "35", 
		"36": "36", 
		"37": "37", 
		"38": "38", 
		"39": "39", 
		"40": "40", 
		"63": "Non Contr\u00f4l\u00e9"
	}
	}, 
	"Status Pilotage": {
	"comment": "Testing output : Command enumeration", 
	"lists": {
		"0": "Start Temporary", 
		"1": "Pilotage en cours", 
		"2": "Pilotage termin\u00e9", 
		"17": "Pilotage arr\u00eat\u00e9", 
		"32": "Start Permanent"
	}
	}, 
	"Status Systeme_number resets by failures": {
	"scaled": true, 
	"comment": "Nombre de reset a chaud (Watchdog)"
	}, 
	"ClusterProductionDate en ASCII": {
	"bytesascii": true, 
	"bytescount": 6, 
	"byte": true, 
	"bitscount": 48, 
	"comment": "num\u00e9ro de s\u00e9rie unique du tdb"
	}, 
	"Etat Pilotage buzzer": {
	"lists": {
		"32": "Permanent control", 
		"1": "Status", 
		"17": "Arret pilotage"
	}
	}, 
	"Producteur MUX Airbag compteur": {
	"bitscount": 6, 
	"lists": {
		"0": "0", 
		"1": "1", 
		"2": "2", 
		"3": "3", 
		"4": "4", 
		"5": "5", 
		"6": "6", 
		"7": "7", 
		"8": "8", 
		"9": "9", 
		"10": "10", 
		"11": "11", 
		"12": "12", 
		"13": "13", 
		"14": "14", 
		"15": "15", 
		"16": "16", 
		"17": "17", 
		"18": "18", 
		"19": "19", 
		"20": "20", 
		"21": "21", 
		"22": "22", 
		"23": "23", 
		"24": "24", 
		"25": "25", 
		"26": "26", 
		"27": "27", 
		"28": "28", 
		"29": "29", 
		"30": "30", 
		"31": "31", 
		"32": "32", 
		"33": "33", 
		"34": "34", 
		"35": "35", 
		"36": "36", 
		"37": "37", 
		"38": "38", 
		"39": "39", 
		"40": "40", 
		"63": "Non Contr\u00f4l\u00e9"
	}
	}, 
	"Producteur MUX Airbag": {
	"bitscount": 2, 
	"lists": {
		"0": "Pr\u00e9sent", 
		"2": "Absent", 
		"3": "Confirm\u00e9 Absent"
	}
	}, 
	"DTCExtendedData.DTCOccurrenceCounter": {
	"scaled": true, 
	"comment": "Description of the extendedData DTCOccurenceCounter (use by Failure Page to decode data)"
	}, 
	"Reference piece VehicleManufacturer SparePartNumber": {
	"bytesascii": true, 
	"bytescount": 10, 
	"byte": true, 
	"bitscount": 80, 
	"comment": "R\u00e9f\u00e9rence Renault de la pi\u00e8ce"
	}, 
	"Allumage temoins": {
	"lists": {
		"0": "Extinction  temoins", 
		"1": "Allumage  temoins"
	}
	}, 
	"Producteur MUX EPS Controle trajectoire compteur": {
	"bitscount": 6, 
	"lists": {
		"0": "0", 
		"1": "1", 
		"2": "2", 
		"3": "3", 
		"4": "4", 
		"5": "5", 
		"6": "6", 
		"7": "7", 
		"8": "8", 
		"9": "9", 
		"10": "10", 
		"11": "11", 
		"12": "12", 
		"13": "13", 
		"14": "14", 
		"15": "15", 
		"16": "16", 
		"17": "17", 
		"18": "18", 
		"19": "19", 
		"20": "20", 
		"21": "21", 
		"22": "22", 
		"23": "23", 
		"24": "24", 
		"25": "25", 
		"26": "26", 
		"27": "27", 
		"28": "28", 
		"29": "29", 
		"30": "30", 
		"31": "31", 
		"32": "32", 
		"33": "33", 
		"34": "34", 
		"35": "35", 
		"36": "36", 
		"37": "37", 
		"38": "38", 
		"39": "39", 
		"40": "40", 
		"63": "Non Contr\u00f4l\u00e9"
	}
	}, 
	"Config Entretien_Nb de maj par ABS": {
	"scaled": true, 
	"comment": "Nombre de mise \u00e0 jour de l'odom\u00e8tre g\u00e9n\u00e9ral TdB par ABS"
	}, 
	"Entrees filaires_Satellite_boutons.Val": {
	"scaled": true, 
	"comment": "=1 if pressed", 
	"bitscount": 1
	}, 
	"Module BusOff": {
	"bitscount": 2, 
	"lists": {
		"0": "BusOn", 
		"2": "BusOff", 
		"3": "Confirm\u00e9 BusOff"
	}
	}, 
	"HardwareNumber.LowerPart": {
	"bytesascii": true, 
	"bytescount": 5, 
	"byte": true, 
	"bitscount": 40, 
	"comment": "HardwareNumber.Lowerpart (en ASCII)"
	}, 
	"ApprovalNumber.BasicPartList": {
	"lists": {
		"0": "N/A"
	}
	}, 
	"Entrees filaires_Input_boutons.Bouton Input LVE arriere": {
	"scaled": true, 
	"comment": "=1 if pressed", 
	"bitscount": 1
	}, 
	"Mesures CTN_afficheur.Temperature Dalle": {
	"scaled": true, 
	"comment": "Valeur de la temp\u00e9rature de la dalle TFT comprise entre 00 et 254 \u00b0C (FF non mesur\u00e9e)", 
	"unit": "\u00b0C", 
	"offset": -40.0
	}, 
	"DTCStatus.testFailed": {
	"bitscount": 1, 
	"lists": {
		"0": "No", 
		"1": "Yes"
	}
	}, 
	"Config Generale_Survitesse": {
	"lists": {
		"0": "Sans  survitesse (par d\u00e9faut)", 
		"16": "Avec survitesse"
	}
	}
}
}