{
"obd": {
	"fastinit": true, 
	"funcname": "Tableau de bord", 
	"kw1": "F1", 
	"kw2": "51", 
	"protocol": "KWP2000", 
	"funcaddr": "51"
}, 
"devices": [
	{
	"dtc": 0, 
	"devicedata": {
		"Alternateur": "0", 
		"Etat entree alternateur": "0"
	}, 
	"dtctype": 0, 
	"name": "alternateur"
	}, 
	{
	"dtc": 0, 
	"devicedata": {
		"APC": "0"
	}, 
	"dtctype": 0, 
	"name": "alimentation"
	}, 
	{
	"dtc": 0, 
	"devicedata": {
		"Niveau d huile co": "1", 
		"Niveau d huile co memo": "1", 
		"Niveau d huile cc": "1", 
		"Etat mano contact pression huile": "0", 
		"Niveau d huile cc memo": "1"
	}, 
	"dtctype": 0, 
	"name": "Niveau d'huile"
	}, 
	{
	"dtc": 0, 
	"devicedata": {
		"Jauge carburant co": "1", 
		"Jauge carburant cc memo": "1", 
		"Jauge carburant cc": "1", 
		"Jauge carburant co memo": "1"
	}, 
	"dtctype": 0, 
	"name": "Jauge carburant"
	}, 
	{
	"dtc": 0, 
	"devicedata": {
		"Contact porte conducteur": "0"
	}, 
	"dtctype": 0, 
	"name": "porte conducteur"
	}, 
	{
	"dtc": 0, 
	"devicedata": {
		"Appui sur Radio ON IN": "0", 
		"Appui + comodo radio": "0", 
		"Appui - comodo radio": "0"
	}, 
	"dtctype": 0, 
	"name": "radio"
	}, 
	{
	"dtc": 0, 
	"devicedata": {
		"Contact frein de parking": "0", 
		"Incident frein": "0"
	}, 
	"dtctype": 0, 
	"name": "frein"
	}, 
	{
	"dtc": 0, 
	"devicedata": {
		"Temperature d eau absence d info": "1", 
		"Temperature d eau absence d info memo": "1"
	}, 
	"dtctype": 0, 
	"name": "temp\u00e9rature d'eau"
	}, 
	{
	"dtc": 0, 
	"devicedata": {
		"Contact ceinture de s\u00e9curit\u00e9": "0"
	}, 
	"dtctype": 0, 
	"name": "ceinture securite"
	}, 
	{
	"dtc": 0, 
	"devicedata": {
		"Type telematique": "0", 
		"Presence SSPP": "0", 
		"Unite kilometrique": "0", 
		"Presence prestation survitesse": "0", 
		"Type de regulateur": "0", 
		"Temps pour Mes Niveau huile": "0", 
		"Pres Compte Tour": "0", 
		"Seuil Temp Niv Huile ": "0", 
		"Seuil Reg Alerte Pres Huile": "0", 
		"Presence AFU": "0", 
		"Type de v\u00e9hicule": "0", 
		"Type de boite": "0", 
		"Presence SYP": "0", 
		"Duree max inter vidange": "0", 
		"Type affichage ADAC": "0", 
		"Presence FPA": "0", 
		"Type VSC": "0", 
		"Presence ALS": "0", 
		"Type de langue": "0", 
		"Unit\u00e9  de pression pneus": "0", 
		"Unite temperature": "0", 
		"Presence ESP": "0", 
		"Initialisation Autonomie vidange": "0", 
		"Type de carburation": "0"
	}, 
	"dtctype": 0, 
	"name": "config"
	}, 
	{
	"dtc": 0, 
	"devicedata": {
		"D\u00e9bitm\u00e8tre absence d information memo": "1", 
		"D\u00e9bitm\u00e8tre absence d information": "1"
	}, 
	"dtctype": 0, 
	"name": "D\u00e9bim\u00e8tre"
	}
], 
"ecuname": "TdB X81", 
"autoidents": [
	{
	"diagversion": "4", 
	"supplier": "213", 
	"version": "0232", 
	"soft": "0232"
	}, 
	{
	"diagversion": "4", 
	"supplier": "213", 
	"version": "0200", 
	"soft": "0200"
	}, 
	{
	"diagversion": "4", 
	"supplier": "213", 
	"version": "0201", 
	"soft": "0201"
	}, 
	{
	"diagversion": "4", 
	"supplier": "213", 
	"version": "0202", 
	"soft": "0202"
	}, 
	{
	"diagversion": "4", 
	"supplier": "213", 
	"version": "0210", 
	"soft": "0210"
	}, 
	{
	"diagversion": "4", 
	"supplier": "213", 
	"version": "0220", 
	"soft": "0220"
	}, 
	{
	"diagversion": "4", 
	"supplier": "213", 
	"version": "0221", 
	"soft": "0221"
	}, 
	{
	"diagversion": "4", 
	"supplier": "213", 
	"version": "0230", 
	"soft": "0230"
	}, 
	{
	"diagversion": "4", 
	"supplier": "213", 
	"version": "0303", 
	"soft": "0303"
	}
], 
"endian": "Big", 
"requests": [
	{
	"name": "Commande Aff SYP ADAC", 
	"deny_sds": [], 
	"manualsend": true, 
	"receivebyte_dataitems": {
		"Actuateur pilote": {
		"ref": true, 
		"firstbyte": 2
		}, 
		"Status pilotage": {
		"ref": true, 
		"firstbyte": 3
		}
	}, 
	"sendbyte_dataitems": {
		"Type de commande": {
		"firstbyte": 3
		}, 
		"Actuateur a commander": {
		"firstbyte": 2
		}
	}, 
	"minbytes": 3, 
	"sentbytes": "308000"
	}, 
	{
	"name": "Selec affi ADAC", 
	"deny_sds": [], 
	"manualsend": true, 
	"sendbyte_dataitems": {
		"config ADAC": {
		"firstbyte": 3
		}
	}, 
	"minbytes": 1, 
	"sentbytes": "3BD000"
	}, 
	{
	"receivebyte_dataitems": {
		"Numero homologation": {
		"ref": true, 
		"firstbyte": 3
		}
	}, 
	"deny_sds": [], 
	"minbytes": 12, 
	"sentbytes": "21C3", 
	"name": "Numero Homologation"
	}, 
	{
	"name": "Selec Unite km", 
	"deny_sds": [], 
	"manualsend": true, 
	"sendbyte_dataitems": {
		"config unite km": {
		"firstbyte": 3
		}
	}, 
	"minbytes": 1, 
	"sentbytes": "3BCB00"
	}, 
	{
	"name": "Presence SSPP", 
	"deny_sds": [], 
	"manualsend": true, 
	"sendbyte_dataitems": {
		"Presence SSPP": {
		"firstbyte": 3
		}
	}, 
	"minbytes": 1, 
	"sentbytes": "3BC910"
	}, 
	{
	"sendbyte_dataitems": {
		"Seuil reg Pression huile": {
		"firstbyte": 3
		}
	}, 
	"deny_sds": [], 
	"minbytes": 1, 
	"sentbytes": "3BD53C", 
	"name": "Nouvelle requ\u00eate X81"
	}, 
	{
	"deny_sds": [], 
	"minbytes": 1, 
	"sentbytes": "3E", 
	"name": "Tester Present"
	}, 
	{
	"sentbytes": "3BF0", 
	"deny_sds": [], 
	"minbytes": 1, 
	"manualsend": true, 
	"name": "Prise en compte config"
	}, 
	{
	"receivebyte_dataitems": {
		"Libre Ana": {
		"ref": true, 
		"firstbyte": 21
		}, 
		"VRheostat": {
		"ref": true, 
		"firstbyte": 19
		}, 
		"Debit": {
		"ref": true, 
		"firstbyte": 11
		}, 
		"NiveauHuileU2": {
		"ref": true, 
		"firstbyte": 15
		}, 
		"NiveauHuileU1": {
		"ref": true, 
		"firstbyte": 12
		}, 
		"CarbConso": {
		"ref": true, 
		"firstbyte": 9
		}, 
		"Vbat": {
		"ref": true, 
		"firstbyte": 18
		}, 
		"L2": {
		"ref": true, 
		"firstbyte": 5
		}, 
		"L1": {
		"ref": true, 
		"firstbyte": 3
		}, 
		"Temperature exterieure": {
		"ref": true, 
		"firstbyte": 20
		}, 
		"Vbat pdt U1": {
		"ref": true, 
		"firstbyte": 14
		}, 
		"Jauge": {
		"ref": true, 
		"firstbyte": 7
		}, 
		"Vbat pdt U2": {
		"ref": true, 
		"firstbyte": 17
		}
	}, 
	"deny_sds": [], 
	"minbytes": 27, 
	"sentbytes": "21C2", 
	"name": "Lecture valeurs ana"
	}, 
	{
	"name": "Duree \u00e0 seuil temp niveau huile moteur chaud", 
	"deny_sds": [], 
	"manualsend": true, 
	"sendbyte_dataitems": {
		"Duree \u00e0 seuil temp niveau huile moteur chaud": {
		"firstbyte": 3
		}
	}, 
	"minbytes": 1, 
	"sentbytes": "3BD700"
	}, 
	{
	"name": "Inscription VIN", 
	"deny_sds": [], 
	"manualsend": true, 
	"sendbyte_dataitems": {
		"VIN - envoi -": {
		"firstbyte": 3
		}
	}, 
	"minbytes": 1, 
	"sentbytes": "3B8100000000000000000000000000000000000000"
	}, 
	{
	"name": "Duree maxi inter vidange", 
	"deny_sds": [], 
	"manualsend": true, 
	"sendbyte_dataitems": {
		"Duree maxi inter vidange": {
		"firstbyte": 3
		}
	}, 
	"minbytes": 1, 
	"sentbytes": "3BD418"
	}, 
	{
	"name": "Presence CtrlTraj", 
	"deny_sds": [], 
	"manualsend": true, 
	"sendbyte_dataitems": {
		"presence CtrL Trajectoire": {
		"firstbyte": 3
		}
	}, 
	"minbytes": 1, 
	"sentbytes": "3BC610"
	}, 
	{
	"name": "Selec langue", 
	"deny_sds": [], 
	"manualsend": true, 
	"sendbyte_dataitems": {
		"config langue": {
		"firstbyte": 3
		}
	}, 
	"minbytes": 1, 
	"sentbytes": "3BC100"
	}, 
	{
	"name": "Presence SYP", 
	"deny_sds": [], 
	"manualsend": true, 
	"sendbyte_dataitems": {
		"Presence SYP": {
		"firstbyte": 3
		}
	}, 
	"minbytes": 1, 
	"sentbytes": "3BCA10"
	}, 
	{
	"name": "Initalisation Autonomie Vidange", 
	"deny_sds": [], 
	"manualsend": true, 
	"sendbyte_dataitems": {
		"Init Autonomie vidange": {
		"firstbyte": 3
		}
	}, 
	"minbytes": 1, 
	"sentbytes": "3BD31E"
	}, 
	{
	"name": "Presence FPA", 
	"deny_sds": [], 
	"manualsend": true, 
	"sendbyte_dataitems": {
		"Presence FPA": {
		"firstbyte": 3
		}
	}, 
	"minbytes": 1, 
	"sentbytes": "3BD110"
	}, 
	{
	"name": "Selec type boite", 
	"deny_sds": [], 
	"manualsend": true, 
	"sendbyte_dataitems": {
		"config type boite": {
		"firstbyte": 3
		}
	}, 
	"minbytes": 1, 
	"sentbytes": "3BC500"
	}, 
	{
	"name": "Selec type carburation", 
	"deny_sds": [], 
	"manualsend": true, 
	"sendbyte_dataitems": {
		"config type de carburation": {
		"firstbyte": 3
		}
	}, 
	"minbytes": 1, 
	"sentbytes": "3BC800"
	}, 
	{
	"receivebyte_dataitems": {
		"Num\u00e9ro pi\u00e8ce MPR": {
		"firstbyte": 3
		}, 
		"R\u00e9server": {
		"firstbyte": 23
		}, 
		"Code ITG fournisseur": {
		"firstbyte": 9
		}, 
		"Code identification diag": {
		"firstbyte": 8
		}, 
		"Num\u00e9ro calibration": {
		"firstbyte": 21
		}, 
		"Num\u00e9ro version": {
		"firstbyte": 19
		}, 
		"Num\u00e9ro soft": {
		"firstbyte": 17
		}, 
		"Num\u00e9ro hard": {
		"firstbyte": 12
		}
	}, 
	"deny_sds": [], 
	"minbytes": 26, 
	"sentbytes": "2180", 
	"name": "Trame ident"
	}, 
	{
	"name": "Presence sur vitesse", 
	"deny_sds": [], 
	"manualsend": true, 
	"sendbyte_dataitems": {
		"presence survitesse": {
		"firstbyte": 3
		}
	}, 
	"minbytes": 1, 
	"sentbytes": "3BCD00"
	}, 
	{
	"name": "Presence ALS", 
	"deny_sds": [], 
	"manualsend": true, 
	"sendbyte_dataitems": {
		"Presence ALS": {
		"firstbyte": 3
		}
	}, 
	"minbytes": 1, 
	"sentbytes": "3BD200"
	}, 
	{
	"sentbytes": "14FF00", 
	"deny_sds": [], 
	"minbytes": 1, 
	"manualsend": true, 
	"name": "Effacement des pannes"
	}, 
	{
	"name": "Selec Unite temp", 
	"deny_sds": [], 
	"manualsend": true, 
	"sendbyte_dataitems": {
		"config unite temperature": {
		"firstbyte": 3
		}
	}, 
	"minbytes": 1, 
	"sentbytes": "3BCC00"
	}, 
	{
	"name": "Trame r\u00e9seau mux", 
	"deny_sds": [], 
	"manualsend": true, 
	"receivebyte_dataitems": {
		"ACC": {
		"ref": true, 
		"firstbyte": 13
		}, 
		"AirBag absent": {
		"ref": true, 
		"firstbyte": 11
		}, 
		"param\u00e8tre BUS OFF": {
		"ref": true, 
		"firstbyte": 5
		}, 
		"Octet TDB": {
		"ref": true, 
		"firstbyte": 9
		}, 
		"ABS absent": {
		"ref": true, 
		"firstbyte": 8
		}, 
		"R\u00e9f\u00e9rence messagerie": {
		"ref": true, 
		"firstbyte": 3
		}, 
		"param\u00e8tre module muet": {
		"ref": true, 
		"firstbyte": 6
		}, 
		"SYP absent": {
		"ref": true, 
		"firstbyte": 17
		}, 
		"SSPP": {
		"ref": true, 
		"firstbyte": 27
		}, 
		"UCH": {
		"ref": true, 
		"firstbyte": 10
		}
	}, 
	"minbytes": 27, 
	"sentbytes": "2182"
	}, 
	{
	"receivebyte_dataitems": {
		"Manocontact": {
		"bitoffset": 1, 
		"ref": true, 
		"firstbyte": 5
		}, 
		"Vitesse v\u00e9hicule seuil 15 km h": {
		"bitoffset": 3, 
		"ref": true, 
		"firstbyte": 6
		}, 
		"Touche r\u00e9p\u00e9tition": {
		"bitoffset": 1, 
		"ref": true, 
		"firstbyte": 3
		}, 
		"Temperature d eau absence d info": {
		"bitoffset": 7, 
		"ref": true, 
		"firstbyte": 8
		}, 
		"D\u00e9bitm\u00e8tre absence d information": {
		"bitoffset": 6, 
		"ref": true, 
		"firstbyte": 8
		}, 
		"LibreESL": {
		"ref": true, 
		"firstbyte": 10
		}, 
		"Niveau d huile co memo": {
		"ref": true, 
		"firstbyte": 7
		}, 
		"Jauge carburant cc memo": {
		"bitoffset": 3, 
		"ref": true, 
		"firstbyte": 7
		}, 
		"Contact ceinture de s\u00e9curit\u00e9": {
		"bitoffset": 2, 
		"ref": true, 
		"firstbyte": 4
		}, 
		"Jauge carburant co memo": {
		"bitoffset": 2, 
		"ref": true, 
		"firstbyte": 7
		}, 
		"Contact porte conducteur": {
		"bitoffset": 3, 
		"ref": true, 
		"firstbyte": 4
		}, 
		"Contact frein de parking": {
		"bitoffset": 1, 
		"ref": true, 
		"firstbyte": 4
		}, 
		"Etat mano contact pression huile": {
		"bitoffset": 5, 
		"ref": true, 
		"firstbyte": 4
		}, 
		"Temperature d eau absence d info memo": {
		"bitoffset": 7, 
		"ref": true, 
		"firstbyte": 7
		}, 
		"Appui sur Radio ON IN": {
		"bitoffset": 2, 
		"ref": true, 
		"firstbyte": 9
		}, 
		"Jauge carburant cc": {
		"bitoffset": 3, 
		"ref": true, 
		"firstbyte": 8
		}, 
		"Lave-glace": {
		"bitoffset": 2, 
		"ref": true, 
		"firstbyte": 5
		}, 
		"Niveau d huile cc memo": {
		"bitoffset": 1, 
		"ref": true, 
		"firstbyte": 7
		}, 
		"Jauge carburant co": {
		"bitoffset": 2, 
		"ref": true, 
		"firstbyte": 8
		}, 
		"Etat entree alternateur": {
		"bitoffset": 4, 
		"ref": true, 
		"firstbyte": 4
		}, 
		"Touche d\u00e9filement ADAC": {
		"bitoffset": 2, 
		"ref": true, 
		"firstbyte": 3
		}, 
		"Appui - comodo radio": {
		"bitoffset": 4, 
		"ref": true, 
		"firstbyte": 9
		}, 
		"Alternateur": {
		"bitoffset": 3, 
		"ref": true, 
		"firstbyte": 5
		}, 
		"R\u00e9gime moteur seuil 400 tr min": {
		"bitoffset": 2, 
		"ref": true, 
		"firstbyte": 6
		}, 
		"Lanterne": {
		"bitoffset": 1, 
		"ref": true, 
		"firstbyte": 6
		}, 
		"D\u00e9bitm\u00e8tre absence d information memo": {
		"bitoffset": 6, 
		"ref": true, 
		"firstbyte": 7
		}, 
		"Appui sur montre": {
		"ref": true, 
		"firstbyte": 9
		}, 
		"Appui + comodo radio": {
		"bitoffset": 3, 
		"ref": true, 
		"firstbyte": 9
		}, 
		"Touche discr\u00e9tion": {
		"ref": true, 
		"firstbyte": 3
		}, 
		"Niveau d huile co": {
		"ref": true, 
		"firstbyte": 8
		}, 
		"Incident frein": {
		"ref": true, 
		"firstbyte": 5
		}, 
		"APC": {
		"ref": true, 
		"firstbyte": 6
		}, 
		"Contact capot moteur": {
		"ref": true, 
		"firstbyte": 4
		}, 
		"Niveau d huile cc": {
		"bitoffset": 1, 
		"ref": true, 
		"firstbyte": 8
		}
	}, 
	"deny_sds": [], 
	"minbytes": 10, 
	"sentbytes": "21C0", 
	"name": "Trame ETat TDB_HG"
	}, 
	{
	"name": "Trame VIN", 
	"deny_sds": [], 
	"manualsend": true, 
	"receivebyte_dataitems": {
		"VIN recu": {
		"ref": true, 
		"firstbyte": 3
		}
	}, 
	"minbytes": 22, 
	"sentbytes": "2181"
	}, 
	{
	"name": "Selec scenario VSC", 
	"deny_sds": [], 
	"manualsend": true, 
	"sendbyte_dataitems": {
		"config VSC": {
		"firstbyte": 3
		}
	}, 
	"minbytes": 1, 
	"sentbytes": "3BCF00"
	}, 
	{
	"name": "Presence AFU", 
	"deny_sds": [], 
	"manualsend": true, 
	"sendbyte_dataitems": {
		"Presence AFU": {
		"firstbyte": 3
		}
	}, 
	"minbytes": 1, 
	"sentbytes": "3BC710"
	}, 
	{
	"name": "Seuil Reg alerte pression huile", 
	"deny_sds": [], 
	"manualsend": true, 
	"sendbyte_dataitems": {
		"Seui Reg Pression Huile": {
		"firstbyte": 3
		}
	}, 
	"minbytes": 1, 
	"sentbytes": "3BD53C"
	}, 
	{
	"name": "Trame config", 
	"deny_sds": [], 
	"manualsend": true, 
	"receivebyte_dataitems": {
		"Type telematique": {
		"ref": true, 
		"firstbyte": 16
		}, 
		"Presence SSPP": {
		"ref": true, 
		"firstbyte": 11
		}, 
		"Unite kilometrique": {
		"ref": true, 
		"firstbyte": 13
		}, 
		"Presence prestation survitesse": {
		"ref": true, 
		"firstbyte": 15
		}, 
		"Type de regulateur": {
		"ref": true, 
		"firstbyte": 6
		}, 
		"Temps pour Mes Niveau huile": {
		"ref": true, 
		"firstbyte": 25
		}, 
		"Pres Compte Tour": {
		"ref": true, 
		"firstbyte": 26
		}, 
		"Seuil Temp Niv Huile ": {
		"ref": true, 
		"firstbyte": 24
		}, 
		"Seuil Reg Alerte Pres Huile": {
		"ref": true, 
		"firstbyte": 23
		}, 
		"Presence AFU": {
		"ref": true, 
		"firstbyte": 9
		}, 
		"Type de v\u00e9hicule": {
		"ref": true, 
		"firstbyte": 4
		}, 
		"Type de boite": {
		"ref": true, 
		"firstbyte": 7
		}, 
		"Presence SYP": {
		"ref": true, 
		"firstbyte": 12
		}, 
		"Duree max inter vidange": {
		"ref": true, 
		"firstbyte": 22
		}, 
		"Type affichage ADAC": {
		"ref": true, 
		"firstbyte": 18
		}, 
		"Presence FPA": {
		"ref": true, 
		"firstbyte": 19
		}, 
		"Type VSC": {
		"ref": true, 
		"firstbyte": 17
		}, 
		"Presence ALS": {
		"ref": true, 
		"firstbyte": 20
		}, 
		"Type de langue": {
		"ref": true, 
		"firstbyte": 3
		}, 
		"Unit\u00e9  de pression pneus": {
		"ref": true, 
		"firstbyte": 5
		}, 
		"Unite temperature": {
		"ref": true, 
		"firstbyte": 14
		}, 
		"Presence ESP": {
		"ref": true, 
		"firstbyte": 8
		}, 
		"Initialisation Autonomie vidange": {
		"ref": true, 
		"firstbyte": 21
		}, 
		"Type de carburation": {
		"ref": true, 
		"firstbyte": 10
		}
	}, 
	"minbytes": 26, 
	"sentbytes": "21C1"
	}, 
	{
	"name": "Seuil temp niveau huile moteur chaud", 
	"deny_sds": [], 
	"manualsend": true, 
	"sendbyte_dataitems": {
		"Seuil temp niveau huile moteur chaud": {
		"firstbyte": 3
		}
	}, 
	"minbytes": 1, 
	"sentbytes": "3BD600"
	}, 
	{
	"name": "Selec type telematique", 
	"deny_sds": [], 
	"manualsend": true, 
	"sendbyte_dataitems": {
		"config telematique": {
		"firstbyte": 3
		}
	}, 
	"minbytes": 1, 
	"sentbytes": "3BCE00"
	}, 
	{
	"name": "Presence Compte tour", 
	"deny_sds": [], 
	"manualsend": true, 
	"sendbyte_dataitems": {
		"presence compte tour": {
		"firstbyte": 3
		}
	}, 
	"minbytes": 1, 
	"sentbytes": "3BD801"
	}, 
	{
	"name": "Selec regul vitesse", 
	"deny_sds": [], 
	"manualsend": true, 
	"sendbyte_dataitems": {
		"config type regulateur": {
		"firstbyte": 3
		}
	}, 
	"minbytes": 1, 
	"sentbytes": "3BC410"
	}, 
	{
	"name": "Selec unite pression pneu", 
	"deny_sds": [], 
	"manualsend": true, 
	"sendbyte_dataitems": {
		"config unit\u00e9 pneu": {
		"firstbyte": 3
		}
	}, 
	"minbytes": 1, 
	"sentbytes": "3BC300"
	}, 
	{
	"name": "Selec type v\u00e9hicule", 
	"deny_sds": [], 
	"manualsend": true, 
	"sendbyte_dataitems": {
		"config type v\u00e9hicule": {
		"firstbyte": 3
		}
	}, 
	"minbytes": 1, 
	"sentbytes": "3BC220"
	}
], 
"data": {
	"Seuil reg Pression huile": {
	"scaled": true
	}, 
	"Manocontact": {
	"bitscount": 1, 
	"lists": {
		"0": "pression huile normale", 
		"1": "d\u00e9faut pression huile "
	}
	}, 
	"Presence prestation survitesse": {
	"lists": {
		"0": "Sans", 
		"16": "Avec"
	}
	}, 
	"presence CtrL Trajectoire": {
	"lists": {
		"0": "Sans", 
		"16": "Avec"
	}
	}, 
	"presence syp - ecriture": {
	"lists": {
		"0": "Sans", 
		"16": "Avec"
	}
	}, 
	"SSPP": {
	"byte": true
	}, 
	"config ADAC": {
	"lists": {
		"0": "Standard", 
		"16": "Option km par litre"
	}
	}, 
	"Duree maxi inter vidange": {
	"scaled": true
	}, 
	"presence compte tour": {
	"lists": {
		"0": "Sans", 
		"1": "Present"
	}
	}, 
	"Jauge carburant co memo": {
	"bitscount": 1, 
	"lists": {
		"0": "par d\u00e9faut", 
		"1": "panne m\u00e9moris\u00e9e"
	}
	}, 
	"presence als - ecriture": {
	"lists": {
		"0": "Sans", 
		"16": "Avec"
	}
	}, 
	"Jauge carburant cc": {
	"bitscount": 1, 
	"lists": {
		"0": "par d\u00e9faut", 
		"1": "panne pr\u00e9sente"
	}
	}, 
	"Type de langue": {
	"lists": {
		"0": "Francais", 
		"80": "Hollandais", 
		"16": "Anglais", 
		"32": "Italien", 
		"64": "Espagnol", 
		"112": "Turque", 
		"128": "Japonais", 
		"96": "Portugais", 
		"48": "Allemand", 
		"144": "Russe"
	}
	}, 
	"Jauge carburant co": {
	"bitscount": 1, 
	"lists": {
		"0": "par d\u00e9faut", 
		"1": "panne pr\u00e9sente"
	}
	}, 
	"Etat entree alternateur": {
	"bitscount": 1, 
	"lists": {
		"0": "Tension inf\u00e9rieure \u00e0 6 volts", 
		"1": "Tension sup\u00e9rieure \u00e0 6 volts"
	}
	}, 
	"Unite temperature": {
	"lists": {
		"0": "\u00b0C", 
		"16": "\u00b0F"
	}
	}, 
	"config type de carburation": {
	"lists": {
		"0": "Essence", 
		"16": "Diesel"
	}
	}, 
	"VIN recu": {
	"bytescount": 19, 
	"byte": true, 
	"bitscount": 152
	}, 
	"Init Autonomie vidange": {
	"scaled": true, 
	"step": 1000.0
	}, 
	"Presence ESP": {
	"lists": {
		"0": "Sans", 
		"16": "Avec"
	}
	}, 
	"Seuil temp niveau huile moteur chaud": {
	"scaled": true, 
	"offset": -100.0
	}, 
	"Appui sur montre": {
	"bitscount": 1, 
	"lists": {
		"0": "Non appuy\u00e9", 
		"1": "Appuy\u00e9"
	}
	}, 
	"Appui + comodo radio": {
	"bitscount": 1, 
	"lists": {
		"0": "Non appuy\u00e9", 
		"1": "Appuy\u00e9"
	}
	}, 
	"ABS absent": {
	"byte": true
	}, 
	"Niveau d huile co": {
	"bitscount": 1, 
	"lists": {
		"0": "par d\u00e9faut", 
		"1": "panne pr\u00e9sente"
	}
	}, 
	"Temperature exterieure": {
	"scaled": true, 
	"signed": true
	}, 
	"Type de carburation": {
	"lists": {
		"0": "Essence", 
		"16": "Diesel"
	}
	}, 
	"APC": {
	"bitscount": 1, 
	"lists": {
		"0": "absent", 
		"1": "present"
	}
	}, 
	"config VSC": {
	"lists": {
		"0": "Scenario 1", 
		"16": "Scenario 2"
	}
	}, 
	"Type de commande": {
	"lists": {
		"0": "Temporaire", 
		"1": "Demande de status", 
		"17": "Arreter pilotage", 
		"32": "Pilotage permanent"
	}
	}, 
	"param\u00e8tre BUS OFF": {
	"byte": true
	}, 
	"Temps pour Mes Niveau huile": {
	"scaled": true
	}, 
	"Temperature d eau absence d info": {
	"bitscount": 1, 
	"lists": {
		"0": "par d\u00e9faut", 
		"1": "panne pr\u00e9sente"
	}
	}, 
	"D\u00e9bitm\u00e8tre absence d information": {
	"bitscount": 1, 
	"lists": {
		"0": "par d\u00e9faut", 
		"1": "panne pr\u00e9sente"
	}
	}, 
	"Num\u00e9ro hard": {
	"bytescount": 5, 
	"byte": true, 
	"bitscount": 40
	}, 
	"Jauge carburant cc memo": {
	"bitscount": 1, 
	"lists": {
		"0": "par d\u00e9faut", 
		"1": "panne m\u00e9moris\u00e9e"
	}
	}, 
	"Presence ALS": {
	"lists": {
		"0": "Sans", 
		"16": "Avec"
	}
	}, 
	"Niveau d huile co memo": {
	"bitscount": 1, 
	"lists": {
		"0": "par d\u00e9faut", 
		"1": "panne m\u00e9moris\u00e9e"
	}
	}, 
	"Presence AFU": {
	"lists": {
		"0": "Sans", 
		"16": "Avec"
	}
	}, 
	"Contact ceinture de s\u00e9curit\u00e9": {
	"bitscount": 1, 
	"lists": {
		"0": "ceinture attach\u00e9e", 
		"1": "ceinture non attach\u00e9e"
	}
	}, 
	"config unite km": {
	"lists": {
		"0": "km", 
		"16": "miles"
	}
	}, 
	"Code identification diag": {
	"byte": true
	}, 
	"Num\u00e9ro soft": {
	"bytescount": 2, 
	"byte": true, 
	"bitscount": 16
	}, 
	"Type affichage ADAC": {
	"lists": {
		"0": "Standard", 
		"16": "Option km par litre"
	}
	}, 
	"Etat mano contact pression huile": {
	"bitscount": 1, 
	"lists": {
		"0": "Contact ouvert", 
		"1": "Contact ferm\u00e9"
	}
	}, 
	"presence survitesse": {
	"lists": {
		"0": "Sans", 
		"16": "Avec"
	}
	}, 
	"Actuateur a commander": {
	"lists": {
		"128": "Commande SYP", 
		"129": "Allumage segments voyants", 
		"130": "Allumage segments barregraphes", 
		"131": "Allumage segments ADAC", 
		"132": "Allumage segments BVA", 
		"133": "Allumage segments vitesse compte tours", 
		"134": "Allumage vehicule RV LV ACC ", 
		"135": "Allumage A2 ou  A3", 
		"136": "RAZ ADAC et recalage L2"
	}
	}, 
	"config telematique": {
	"lists": {
		"0": "Radio HdG", 
		"16": "Nav HdG"
	}
	}, 
	"Niveau d huile cc memo": {
	"bitscount": 1, 
	"lists": {
		"0": "par d\u00e9faut", 
		"1": "panne m\u00e9moris\u00e9e"
	}
	}, 
	"Appui - comodo radio": {
	"bitscount": 1, 
	"lists": {
		"0": "Non appuy\u00e9", 
		"1": "Appuy\u00e9"
	}
	}, 
	"Libre Ana": {
	"bytescount": 7, 
	"byte": true, 
	"bitscount": 56
	}, 
	"config type regulateur": {
	"lists": {
		"0": "Sans", 
		"16": "RV LV"
	}
	}, 
	"VIN - envoi -": {
	"bytescount": 19, 
	"byte": true, 
	"bitscount": 152
	}, 
	"Niveau d huile cc": {
	"bitscount": 1, 
	"lists": {
		"0": "par d\u00e9faut", 
		"1": "panne pr\u00e9sente"
	}
	}, 
	"Initialisation Autonomie vidange": {
	"scaled": true, 
	"step": 1000.0
	}, 
	"Touche discr\u00e9tion": {
	"bitscount": 1, 
	"lists": {
		"0": "non active", 
		"1": "active"
	}
	}, 
	"config langue": {
	"lists": {
		"0": "francais", 
		"80": "hollandais", 
		"16": "anglais", 
		"32": "italien", 
		"64": "espagnol", 
		"112": "turque", 
		"128": "Japonais", 
		"96": "portugais", 
		"48": "allemand", 
		"144": "Russe"
	}
	}, 
	"Incident frein": {
	"bitscount": 1, 
	"lists": {
		"0": "niveau frein normal", 
		"1": "niveau frein mini"
	}
	}, 
	"Vbat pdt U1": {
	"scaled": true
	}, 
	"R\u00e9f\u00e9rence messagerie": {
	"bytescount": 2, 
	"byte": true, 
	"bitscount": 16
	}, 
	"Vbat pdt U2": {
	"scaled": true
	}, 
	"ACC": {
	"byte": true
	}, 
	"AirBag absent": {
	"byte": true
	}, 
	"Status pilotage": {
	"lists": {
		"1": "commande en cours", 
		"2": "commande arretee OK", 
		"17": "commande interrompue non OK"
	}
	}, 
	"Vitesse v\u00e9hicule seuil 15 km h": {
	"bitscount": 1, 
	"lists": {
		"0": "vitesse inf seuil", 
		"1": "vitesse sup seuil"
	}
	}, 
	"Type de regulateur": {
	"lists": {
		"0": "sans", 
		"16": "RV LV"
	}
	}, 
	"Seuil Temp Niv Huile ": {
	"scaled": true, 
	"offset": -100.0
	}, 
	"Seuil Reg Alerte Pres Huile": {
	"scaled": true, 
	"step": 10.0
	}, 
	"config unite temperature": {
	"lists": {
		"0": "\u00b0C", 
		"16": "\u00b0F"
	}
	}, 
	"Numero homologation": {
	"bytesascii": true, 
	"bytescount": 10, 
	"byte": true, 
	"bitscount": 80
	}, 
	"Type de v\u00e9hicule": {
	"lists": {
		"32": "X81"
	}
	}, 
	"Actuateur pilote": {
	"lists": {
		"128": "SYP", 
		"129": "Segments voyants", 
		"130": "Segments barregraphes", 
		"131": "Segments ADAC", 
		"132": "Segments BVA", 
		"133": "Segments vitesse compte tours", 
		"134": "Vehicule + RV LV ACC", 
		"135": "A2 ou  A3", 
		"136": "RAZ ADAC"
	}
	}, 
	"config unit\u00e9 pneu": {
	"lists": {
		"0": "BAR", 
		"85": "PSI"
	}
	}, 
	"Type de boite": {
	"lists": {
		"0": "BVA", 
		"85": "BVM"
	}
	}, 
	"Info de diag \u00e0 r\u00e9init": {
	"scaled": true
	}, 
	"Presence FPA": {
	"lists": {
		"0": "Sans", 
		"16": "Avec"
	}
	}, 
	"Contact porte conducteur": {
	"bitscount": 1, 
	"lists": {
		"0": "porte ferm\u00e9e", 
		"1": "porte ouverte"
	}
	}, 
	"Unit\u00e9  de pression pneus": {
	"lists": {
		"0": "BAR", 
		"85": "PSI"
	}
	}, 
	"Code ITG fournisseur": {
	"bytescount": 3, 
	"byte": true, 
	"bitscount": 24
	}, 
	"Temperature d eau absence d info memo": {
	"bitscount": 1, 
	"lists": {
		"0": "par d\u00e9faut", 
		"1": "panne m\u00e9moris\u00e9e"
	}
	}, 
	"Contact frein de parking": {
	"bitscount": 1, 
	"lists": {
		"0": "frein desserr\u00e9", 
		"1": "frein actif"
	}
	}, 
	"Touche d\u00e9filement ADAC": {
	"bitscount": 1, 
	"lists": {
		"0": "non active", 
		"1": "active"
	}
	}, 
	"Seui Reg Pression Huile": {
	"scaled": true, 
	"step": 10.0
	}, 
	"NiveauHuileU2": {
	"scaled": true, 
	"bytescount": 2, 
	"bitscount": 16
	}, 
	"Jauge": {
	"scaled": true, 
	"bytescount": 2, 
	"bitscount": 16
	}, 
	"Num\u00e9ro pi\u00e8ce MPR": {
	"bytescount": 5, 
	"byte": true, 
	"bitscount": 40
	}, 
	"Lanterne": {
	"bitscount": 1, 
	"lists": {
		"0": "absent", 
		"1": "pr\u00e9sent"
	}
	}, 
	"Num\u00e9ro version": {
	"bytescount": 2, 
	"byte": true, 
	"bitscount": 16
	}, 
	"Num\u00e9ro calibration": {
	"bytescount": 2, 
	"byte": true, 
	"bitscount": 16
	}, 
	"Contact capot moteur": {
	"bitscount": 1, 
	"lists": {
		"0": "capot ferm\u00e9", 
		"1": "capot ouvert"
	}
	}, 
	"config type boite": {
	"lists": {
		"0": "BVA", 
		"85": "BVM"
	}
	}, 
	"Type telematique": {
	"lists": {
		"0": "Radio HdG", 
		"16": "Nav HdG"
	}
	}, 
	"Presence SSPP": {
	"lists": {
		"0": "Sans", 
		"16": "Avec"
	}
	}, 
	"Debit": {
	"scaled": true
	}, 
	"Unite kilometrique": {
	"lists": {
		"0": "km", 
		"16": "miles"
	}
	}, 
	"CarbConso": {
	"scaled": true, 
	"bytescount": 2, 
	"bitscount": 16
	}, 
	"Touche r\u00e9p\u00e9tition": {
	"bitscount": 1, 
	"lists": {
		"0": "non active", 
		"1": "active"
	}
	}, 
	"Pres Compte Tour": {
	"lists": {
		"0": "Absent", 
		"1": "Present"
	}
	}, 
	"presence fpa - ecriture": {
	"lists": {
		"0": "Sans", 
		"16": "Avec"
	}
	}, 
	"LibreESL": {
	"byte": true
	}, 
	"config type v\u00e9hicule": {
	"lists": {
		"32": "X81"
	}
	}, 
	"presence sspp - ecriture": {
	"lists": {
		"0": "Sans", 
		"16": "Avec"
	}
	}, 
	"VRheostat": {
	"scaled": true
	}, 
	"Presence SYP": {
	"lists": {
		"0": "Sans", 
		"16": "Avec"
	}
	}, 
	"Duree max inter vidange": {
	"scaled": true
	}, 
	"param\u00e8tre module muet": {
	"byte": true
	}, 
	"Octet TDB": {
	"byte": true
	}, 
	"UCH": {
	"byte": true
	}, 
	"Type VSC": {
	"lists": {
		"0": "VSC1", 
		"16": "VSC2"
	}
	}, 
	"Appui sur Radio ON IN": {
	"bitscount": 1, 
	"lists": {
		"0": "Non appuy\u00e9", 
		"1": "Appuy\u00e9"
	}
	}, 
	"Lave-glace": {
	"bitscount": 1, 
	"lists": {
		"0": "niveau lave glace normal", 
		"1": "niveau lave glace mini"
	}
	}, 
	"Duree \u00e0 seuil temp niveau huile moteur chaud": {
	"scaled": true
	}, 
	"L2": {
	"scaled": true, 
	"bytescount": 2, 
	"bitscount": 16
	}, 
	"L1": {
	"scaled": true, 
	"bytescount": 2, 
	"bitscount": 16
	}, 
	"SYP absent": {
	"byte": true
	}, 
	"Alternateur": {
	"bitscount": 1, 
	"lists": {
		"0": "charge batterie normale", 
		"1": "d\u00e9faillance charge batterie"
	}
	}, 
	"R\u00e9gime moteur seuil 400 tr min": {
	"bitscount": 1, 
	"lists": {
		"0": "r\u00e9gime inf seuil", 
		"1": "r\u00e9gime sup seuil"
	}
	}, 
	"D\u00e9bitm\u00e8tre absence d information memo": {
	"bitscount": 1, 
	"lists": {
		"0": "par d\u00e9faut", 
		"1": "panne m\u00e9moris\u00e9e"
	}
	}, 
	"presence afu - ecriture": {
	"lists": {
		"0": "Sans", 
		"16": "Avec"
	}
	}, 
	"NiveauHuileU1": {
	"scaled": true, 
	"bytescount": 2, 
	"bitscount": 16
	}, 
	"Vbat": {
	"scaled": true
	}, 
	"R\u00e9server": {
	"bytescount": 4, 
	"byte": true, 
	"bitscount": 32
	}
}
}