{
"obd": {
	"fastinit": true, 
	"funcname": "Pression pneus", 
	"kw1": "F1", 
	"kw2": "8", 
	"protocol": "KWP2000", 
	"funcaddr": "08"
}, 
"devices": [
	{
	"dtc": 0, 
	"devicedata": {
		"FlagBuzzerAbsent": "1"
	}, 
	"dtctype": 3, 
	"name": "Buzzer"
	}, 
	{
	"dtc": 0, 
	"devicedata": {
		"Status roue 2": "0", 
		"DataM\u00e9moCompteurPermanentD\u00e9fautRoulage_AVD": "0", 
		"DataCompteurD\u00e9fautRoulage_AVD": "0", 
		"Etat roue 2": "1", 
		"DataM\u00e9moCompteurPermanentD\u00e9fautArret_AVD": "0", 
		"FlagM\u00e9moCapteurManquant_AVD": "1", 
		"Pression roue2": "0", 
		"Identity roue2 jeu acif": "0", 
		"FlagCapteurManquant_AVD": "1", 
		"DataCompteurD\u00e9fautArret_AVD": "0"
	}, 
	"dtctype": 0, 
	"name": "Roue_AVD"
	}, 
	{
	"dtc": 0, 
	"devicedata": {
		"Status roue 1": "0", 
		"DataM\u00e9moCompteurPermanentD\u00e9fautArret_AVG": "0", 
		"DataM\u00e9moCompteurPermanentD\u00e9fautRoulage_AVG": "0", 
		"Identity roue1 jeu actif": "0", 
		"Pression roue1": "0", 
		"Etat roue 1": "1", 
		"FlagM\u00e9moCapteurManquant_AVG": "1", 
		"FlagCapteurManquant_AVG": "1", 
		"DataCompteurD\u00e9fautRoulage_AVG": "0", 
		"DataCompteurD\u00e9fautArret_AVG": "0"
	}, 
	"dtctype": 0, 
	"name": "Roue_AVG"
	}, 
	{
	"dtc": 0, 
	"devicedata": {
		"Pression_gonflage_pr\u00e9conis\u00e9_basse_vitesse_\u00e0_l_avant": "0", 
		"Pression_gonflage_pr\u00e9conis\u00e9_haute_vitesse_\u00e0_l_arri\u00e8re": "0", 
		"Seuil_dispersion_pneu_singulier": "0", 
		"Seuil_\u00e9cart_sur_gonflage_faible": "0", 
		"Seuil_de_faible_sous_gonflage": "0", 
		"Seuil_r\u00e9ajustement_pression_negatif_a_chaud": "0", 
		"Seuil_r\u00e9ajustement_pression_n\u00e9gatif_a_froid": "0", 
		"Pression_de_detection_de_roulage_mode_gonfle": "0", 
		"ParaTempoEmissionArret": "0", 
		"Seuil_de_fort_sous_gonflage": "0", 
		"Seuil_\u00e9cart_sous_gonflage_important": "0", 
		"ParaRoulage": "0", 
		"Seuil_pente_regression2_perte_d_air": "0", 
		"Seuil_r\u00e9ajustement_pression_positif": "0", 
		"Seuil_pente_regression3_perte_d_air": "0", 
		"Pression_de_detection_de_roulage_sur_appui": "0", 
		"ParaTempoEmissionRoulage": "0", 
		"Pression_gonflage_pr\u00e9conis\u00e9_basse_vitesse_\u00e0_l_arri\u00e8re": "0", 
		"ParaInitDecomptageAPC": "0", 
		"Seuil_bas_pression_mauvais_gonflage_du_au_climat": "0", 
		"Seuil_determination_jeu_pression": "0", 
		"ParaTotal": "0", 
		"Seuil_haut_pression_mauvais_gonflage_du_au_climat": "0", 
		"Seuil_surgonflage_\u00e0_chaud": "0", 
		"Seuil_d\u00e9sequilibre_gauche_droite": "0", 
		"Seuil_surgonflage_\u00e0_froid": "0", 
		"Pression_gonflage_pr\u00e9conis\u00e9_haute_vitesse_\u00e0_l_avant": "0", 
		"Seuil_\u00e9cart_sous_gonflage_faible": "0", 
		"Seuil_\u00e9cart_sur_gonflage_important": "0", 
		"ParaSeuilVitesseBasse": "0", 
		"Seuil_pente_regression1_perte_d_air": "0", 
		"Autonomie_roulage_mode_\u00e9tendu": "0"
	}, 
	"dtctype": 4, 
	"name": "Parametres SSPP"
	}, 
	{
	"dtc": 0, 
	"devicedata": {
		"Vitesse v\u00e9hicule": "0", 
		"FlagVitesseManquante": "1"
	}, 
	"dtctype": 0, 
	"name": "EntreeVitesse"
	}, 
	{
	"dtc": 0, 
	"devicedata": {
		"FlagR\u00e9cepteurAbsent": "1", 
		"FlagM\u00e9moR\u00e9cepteurAbsent": "1"
	}, 
	"dtctype": 0, 
	"name": "R\u00e9cepteur"
	}, 
	{
	"dtc": 0, 
	"devicedata": {
		"FlagCapteurManquant_ARD": "1", 
		"DataM\u00e9moCompteurPermanentD\u00e9fautArret_ARD": "0", 
		"Status roue 3": "0", 
		"FlagM\u00e9moCapteurManquant_ARD": "1", 
		"DataCompteurD\u00e9fautArret_ARD": "0", 
		"Pression roue3": "0", 
		"DataCompteurD\u00e9fautRoulage_ARD": "0", 
		"Etat roue 3": "1", 
		"DataM\u00e9moCompteurPermanentD\u00e9fautRoulage_ARD": "0", 
		"Identity roue3 jeu actif": "0"
	}, 
	"dtctype": 0, 
	"name": "Roue_ARD"
	}, 
	{
	"dtc": 0, 
	"devicedata": {
		"Status roue 4": "0", 
		"Identity roue4 jeu actif": "0", 
		"DataM\u00e9moCompteurPermanentD\u00e9fautArret_ARG": "0", 
		"FlagM\u00e9moCapteurManquant_ARG": "1", 
		"DataCompteurD\u00e9fautArret_ARG": "0", 
		"Pression roue4": "0", 
		"DataCompteurD\u00e9fautRoulage_ARG": "0", 
		"Etat roue 4": "1", 
		"DataM\u00e9moCompteurPermanentD\u00e9fautRoulage_ARG": "0", 
		"FlagCapteurManquant_ARG": "1"
	}, 
	"dtctype": 0, 
	"name": "Roue_ARG"
	}, 
	{
	"dtc": 0, 
	"devicedata": {
		"Type de V\u00e9hicule": "0", 
		"SSPP Inhibition": "0", 
		"Pr\u00e9sence PAX": "0"
	}, 
	"dtctype": 4, 
	"name": "Configuration"
	}
], 
"ecuname": "UCE SSPP", 
"autoidents": [
	{
	"diagversion": "4", 
	"supplier": "021", 
	"version": "0004", 
	"soft": "0006"
	}, 
	{
	"diagversion": "4", 
	"supplier": "021", 
	"version": "0005", 
	"soft": "0003"
	}, 
	{
	"diagversion": "4", 
	"supplier": "021", 
	"version": "0002", 
	"soft": "0003"
	}, 
	{
	"diagversion": "4", 
	"supplier": "021", 
	"version": "0006", 
	"soft": "0003"
	}
], 
"endian": "Big", 
"requests": [
	{
	"deny_sds": [], 
	"minbytes": 1, 
	"sentbytes": "10A0", 
	"name": "Mode \u00e9tude"
	}, 
	{
	"sentbytes": "31A400", 
	"deny_sds": [], 
	"minbytes": 1, 
	"manualsend": true, 
	"name": "Allumage_t\u00e9moin_SSPP"
	}, 
	{
	"sendbyte_dataitems": {
		"   Type de V\u00e9hicule en HEXA": {
		"ref": true, 
		"firstbyte": 3
		}, 
		"   SSPP Inhibition": {
		"bitoffset": 6, 
		"ref": true, 
		"firstbyte": 4
		}, 
		"   Pr\u00e9sence PAX": {
		"bitoffset": 7, 
		"ref": true, 
		"firstbyte": 4
		}
	}, 
	"deny_sds": [], 
	"minbytes": 2, 
	"sentbytes": "3BD10101", 
	"name": "Ecriture ConfiguUsine"
	}, 
	{
	"receivebyte_dataitems": {
		"Buzzer": {
		"bitoffset": 3, 
		"firstbyte": 3
		}, 
		"Voyant Crevaison": {
		"bitoffset": 6, 
		"firstbyte": 4
		}, 
		"Voyant Service": {
		"bitoffset": 6, 
		"firstbyte": 3
		}, 
		"Voyant Stop": {
		"bitoffset": 7, 
		"firstbyte": 3
		}, 
		"Voyant Survitesse": {
		"bitoffset": 5, 
		"firstbyte": 4
		}, 
		"Voyant SSPP": {
		"bitoffset": 4, 
		"firstbyte": 3
		}, 
		"Voyant Ouvrants": {
		"firstbyte": 3
		}
	}, 
	"deny_sds": [], 
	"minbytes": 4, 
	"sentbytes": "21DE", 
	"name": "Lecture Etats Sorties"
	}, 
	{
	"receivebyte_dataitems": {
		"Pression_gonflage_pr\u00e9conis\u00e9_basse_vitesse_\u00e0_l_avant": {
		"ref": true, 
		"firstbyte": 3
		}, 
		"Pression_gonflage_pr\u00e9conis\u00e9_haute_vitesse_\u00e0_l_arri\u00e8re": {
		"ref": true, 
		"firstbyte": 6
		}, 
		"Seuil_dispersion_pneu_singulier": {
		"ref": true, 
		"firstbyte": 12
		}, 
		"Seuil_\u00e9cart_sur_gonflage_faible": {
		"ref": true, 
		"firstbyte": 15
		}, 
		"Seuil_de_faible_sous_gonflage": {
		"ref": true, 
		"firstbyte": 10
		}, 
		"Seuil_r\u00e9ajustement_pression_negatif_a_chaud": {
		"ref": true, 
		"firstbyte": 24
		}, 
		"Seuil_r\u00e9ajustement_pression_n\u00e9gatif_a_froid": {
		"ref": true, 
		"firstbyte": 25
		}, 
		"Pression_de_detection_de_roulage_mode_gonfle": {
		"ref": true, 
		"firstbyte": 42
		}, 
		"ParaTempoEmissionArret": {
		"ref": true, 
		"firstbyte": 34
		}, 
		"Seuil_de_fort_sous_gonflage": {
		"ref": true, 
		"firstbyte": 11
		}, 
		"Seuil_\u00e9cart_sous_gonflage_important": {
		"ref": true, 
		"firstbyte": 14
		}, 
		"ParaRoulage": {
		"ref": true, 
		"firstbyte": 30
		}, 
		"Seuil_pente_regression2_perte_d_air": {
		"ref": true, 
		"firstbyte": 20
		}, 
		"Seuil_r\u00e9ajustement_pression_positif": {
		"ref": true, 
		"firstbyte": 26
		}, 
		"Seuil_pente_regression3_perte_d_air": {
		"ref": true, 
		"firstbyte": 22
		}, 
		"Pression_de_detection_de_roulage_sur_appui": {
		"ref": true, 
		"firstbyte": 43
		}, 
		"ParaTempoEmissionRoulage": {
		"ref": true, 
		"firstbyte": 36
		}, 
		"Pression_gonflage_pr\u00e9conis\u00e9_basse_vitesse_\u00e0_l_arri\u00e8re": {
		"ref": true, 
		"firstbyte": 4
		}, 
		"ParaInitDecomptageAPC": {
		"ref": true, 
		"firstbyte": 31
		}, 
		"Seuil_bas_pression_mauvais_gonflage_du_au_climat": {
		"ref": true, 
		"firstbyte": 7
		}, 
		"Seuil_determination_jeu_pression": {
		"ref": true, 
		"firstbyte": 9
		}, 
		"ParaTotal": {
		"ref": true, 
		"firstbyte": 29
		}, 
		"Seuil_haut_pression_mauvais_gonflage_du_au_climat": {
		"ref": true, 
		"firstbyte": 17
		}, 
		"Seuil_surgonflage_\u00e0_chaud": {
		"ref": true, 
		"firstbyte": 27
		}, 
		"Seuil_d\u00e9sequilibre_gauche_droite": {
		"ref": true, 
		"firstbyte": 8
		}, 
		"Seuil_surgonflage_\u00e0_froid": {
		"ref": true, 
		"firstbyte": 28
		}, 
		"Pression_gonflage_pr\u00e9conis\u00e9_haute_vitesse_\u00e0_l_avant": {
		"ref": true, 
		"firstbyte": 5
		}, 
		"Seuil_\u00e9cart_sous_gonflage_faible": {
		"ref": true, 
		"firstbyte": 13
		}, 
		"Seuil_\u00e9cart_sur_gonflage_important": {
		"ref": true, 
		"firstbyte": 16
		}, 
		"ParaSeuilVitesseBasse": {
		"ref": true, 
		"firstbyte": 32
		}, 
		"Seuil_pente_regression1_perte_d_air": {
		"ref": true, 
		"firstbyte": 18
		}, 
		"Autonomie_roulage_mode_\u00e9tendu": {
		"ref": true, 
		"firstbyte": 40
		}
	}, 
	"deny_sds": [], 
	"minbytes": 43, 
	"sentbytes": "21D8", 
	"name": "Lecture param\u00e8tres SSPP"
	}, 
	{
	"name": "StopRoutine", 
	"deny_sds": [], 
	"manualsend": true, 
	"receivebyte_dataitems": {
		"Status de sortie de routine": {
		"firstbyte": 3
		}
	}, 
	"sendbyte_dataitems": {
		"N\u00b0 routine \u00e0 arr\u00eater  ": {
		"firstbyte": 2
		}
	}, 
	"minbytes": 3, 
	"sentbytes": "32A600"
	}, 
	{
	"name": "Status effacement IDs code en m\u00e9moire recepteur SS", 
	"deny_sds": [], 
	"manualsend": true, 
	"receivebyte_dataitems": {
		"Status effacement IDs codes en m\u00e9moire recepteur SSPP": {
		"firstbyte": 3
		}
	}, 
	"minbytes": 3, 
	"sentbytes": "31A801000000"
	}, 
	{
	"deny_sds": [], 
	"minbytes": 3, 
	"sentbytes": "81", 
	"name": "StartCommunicationDiag"
	}, 
	{
	"receivebyte_dataitems": {
		"FlagCapteurManquant_ARG": {
		"bitoffset": 4, 
		"ref": true, 
		"firstbyte": 3
		}, 
		"FlagCapteurManquant_ARD": {
		"bitoffset": 5, 
		"ref": true, 
		"firstbyte": 3
		}, 
		"FlagVitesseManquante": {
		"bitoffset": 3, 
		"ref": true, 
		"firstbyte": 3
		}, 
		"FlagM\u00e9moCapteurManquant_ARD": {
		"bitoffset": 1, 
		"ref": true, 
		"firstbyte": 5
		}, 
		"DataM\u00e9moCompteurPermanentD\u00e9fautRoulage_AVD": {
		"ref": true, 
		"firstbyte": 16
		}, 
		"DataM\u00e9moCompteurPermanentD\u00e9fautRoulage_AVG": {
		"ref": true, 
		"firstbyte": 14
		}, 
		"FlagM\u00e9moCapteurManquant_ARG": {
		"ref": true, 
		"firstbyte": 5
		}, 
		"FlagM\u00e9moControleJeu1_ARG": {
		"ref": true, 
		"firstbyte": 4
		}, 
		"DataM\u00e9moCompteurPermanentD\u00e9fautArret_AVG": {
		"ref": true, 
		"firstbyte": 22
		}, 
		"DataM\u00e9moCompteurPermanentD\u00e9fautArret_AVD": {
		"ref": true, 
		"firstbyte": 24
		}, 
		"FlagM\u00e9moControleJeu1_ARD": {
		"bitoffset": 1, 
		"ref": true, 
		"firstbyte": 4
		}, 
		"FlagM\u00e9moCapteurManquant_AVD": {
		"bitoffset": 2, 
		"ref": true, 
		"firstbyte": 5
		}, 
		"FlagM\u00e9moCapteurManquant_AVG": {
		"bitoffset": 3, 
		"ref": true, 
		"firstbyte": 5
		}, 
		"FlagCapteurManquant_AVG": {
		"bitoffset": 7, 
		"ref": true, 
		"firstbyte": 3
		}, 
		"FlagCapteurManquant_AVD": {
		"bitoffset": 6, 
		"ref": true, 
		"firstbyte": 3
		}, 
		"FlagM\u00e9moControleJeu1_AVG": {
		"bitoffset": 3, 
		"ref": true, 
		"firstbyte": 4
		}, 
		"DataCompteurD\u00e9fautRoulage_ARD": {
		"ref": true, 
		"firstbyte": 8
		}, 
		"FlagM\u00e9moR\u00e9cepteurAbsent": {
		"ref": true, 
		"firstbyte": 3
		}, 
		"FlagM\u00e9moPresence4idJeu1": {
		"bitoffset": 6, 
		"ref": true, 
		"firstbyte": 5
		}, 
		"FlagM\u00e9moControleJeuO_ARD": {
		"bitoffset": 5, 
		"ref": true, 
		"firstbyte": 4
		}, 
		"DataCompteurD\u00e9fautArret_ARD": {
		"ref": true, 
		"firstbyte": 12
		}, 
		"DataM\u00e9moCompteurPermanentD\u00e9fautRoulage_ARD": {
		"ref": true, 
		"firstbyte": 18
		}, 
		"DataM\u00e9moCompteurPermanentD\u00e9fautRoulage_ARG": {
		"ref": true, 
		"firstbyte": 20
		}, 
		"FlagM\u00e9moControleJeu1_AVD": {
		"bitoffset": 2, 
		"ref": true, 
		"firstbyte": 4
		}, 
		"FlagM\u00e9moCodeIdentiquesJeu0": {
		"bitoffset": 5, 
		"ref": true, 
		"firstbyte": 5
		}, 
		"FlagM\u00e9moCodeIdentiquesJeu1": {
		"bitoffset": 4, 
		"ref": true, 
		"firstbyte": 5
		}, 
		"FlagBuzzerAbsent": {
		"bitoffset": 1, 
		"ref": true, 
		"firstbyte": 3
		}, 
		"DataM\u00e9moCompteurPermanentD\u00e9fautArret_ARG": {
		"ref": true, 
		"firstbyte": 28
		}, 
		"DataM\u00e9moCompteurPermanentD\u00e9fautArret_ARD": {
		"ref": true, 
		"firstbyte": 26
		}, 
		"DataCompteurD\u00e9fautRoulage_AVD": {
		"ref": true, 
		"firstbyte": 7
		}, 
		"DataCompteurD\u00e9fautRoulage_AVG": {
		"ref": true, 
		"firstbyte": 6
		}, 
		"DataCompteurD\u00e9fautArret_ARG": {
		"ref": true, 
		"firstbyte": 13
		}, 
		"FlagM\u00e9moPresence4idJeu0": {
		"bitoffset": 7, 
		"ref": true, 
		"firstbyte": 5
		}, 
		"FlagM\u00e9moControleJeuO_ARG": {
		"bitoffset": 4, 
		"ref": true, 
		"firstbyte": 4
		}, 
		"DataCompteurD\u00e9fautRoulage_ARG": {
		"ref": true, 
		"firstbyte": 9
		}, 
		"FlagR\u00e9cepteurAbsent": {
		"bitoffset": 2, 
		"ref": true, 
		"firstbyte": 3
		}, 
		"DataCompteurD\u00e9fautArret_AVG": {
		"ref": true, 
		"firstbyte": 10
		}, 
		"FlagM\u00e9moControleJeuO_AVD": {
		"bitoffset": 6, 
		"ref": true, 
		"firstbyte": 4
		}, 
		"FlagM\u00e9moControleJeuO_AVG": {
		"bitoffset": 7, 
		"ref": true, 
		"firstbyte": 4
		}, 
		"DataCompteurD\u00e9fautArret_AVD": {
		"ref": true, 
		"firstbyte": 11
		}
	}, 
	"deny_sds": [], 
	"minbytes": 29, 
	"sentbytes": "2196", 
	"name": "Lecture D\u00e9fauts SSPP"
	}, 
	{
	"receivebyte_dataitems": {
		"SSPP Inhibition": {
		"bitoffset": 6, 
		"ref": true, 
		"firstbyte": 4
		}, 
		"Type de V\u00e9hicule": {
		"ref": true, 
		"firstbyte": 3
		}, 
		"Pr\u00e9sence PAX": {
		"bitoffset": 7, 
		"ref": true, 
		"firstbyte": 4
		}
	}, 
	"deny_sds": [], 
	"minbytes": 4, 
	"sentbytes": "2195", 
	"name": "Lecture ConfiguUsine"
	}, 
	{
	"name": "Status effacement historique \u00e9carts pressions sur ", 
	"deny_sds": [], 
	"manualsend": true, 
	"receivebyte_dataitems": {
		"Status effacement historique \u00e9carts pression sur essieu": {
		"firstbyte": 3
		}
	}, 
	"minbytes": 3, 
	"sentbytes": "31A201000000"
	}, 
	{
	"receivebyte_dataitems": {
		"Identity roue1 jeu actif": {
		"ref": true, 
		"firstbyte": 6
		}, 
		"Distance_parcourue_sur_appui": {
		"firstbyte": 25
		}, 
		"D\u00e9s\u00e9quilibre gauche droite avant": {
		"bitoffset": 6, 
		"firstbyte": 4
		}, 
		"Identity roue2 jeu acif": {
		"ref": true, 
		"firstbyte": 11
		}, 
		"Status roue 4": {
		"bitoffset": 5, 
		"ref": true, 
		"firstbyte": 20
		}, 
		"Status roue 1": {
		"bitoffset": 5, 
		"ref": true, 
		"firstbyte": 5
		}, 
		"Status roue 2": {
		"bitoffset": 5, 
		"ref": true, 
		"firstbyte": 10
		}, 
		"Status roue 3": {
		"bitoffset": 5, 
		"ref": true, 
		"firstbyte": 15
		}, 
		"D\u00e9sequilibre gauche droite arriere": {
		"bitoffset": 5, 
		"firstbyte": 4
		}, 
		"Etat roue 1": {
		"bitoffset": 2, 
		"ref": true, 
		"firstbyte": 5
		}, 
		"Etat roue 2": {
		"bitoffset": 2, 
		"ref": true, 
		"firstbyte": 10
		}, 
		"Etat roue 3": {
		"bitoffset": 2, 
		"ref": true, 
		"firstbyte": 15
		}, 
		"Etat roue 4": {
		"bitoffset": 2, 
		"ref": true, 
		"firstbyte": 20
		}, 
		"Mode_roulage_System_PAX": {
		"bitoffset": 1, 
		"firstbyte": 27
		}, 
		"Tendance au sous gonflage": {
		"firstbyte": 3
		}, 
		"Pression roue1": {
		"ref": true, 
		"firstbyte": 9
		}, 
		"Autonomie_roulage_mode_etendu_consommee": {
		"bitoffset": 2, 
		"firstbyte": 27
		}, 
		"Tendance au sur gonflage": {
		"bitoffset": 7, 
		"firstbyte": 4
		}, 
		"Identity roue3 jeu actif": {
		"ref": true, 
		"firstbyte": 16
		}, 
		"Etat t\u00e9moin SSPP": {
		"bitoffset": 3, 
		"firstbyte": 3
		}, 
		"Etat t\u00e9moin SSPP STOP": {
		"firstbyte": 3, 
		"endian": "Little"
		}, 
		"Etat t\u00e9moin SSPP FUITE": {
		"bitoffset": 1, 
		"firstbyte": 3
		}, 
		"Pression roue4": {
		"ref": true, 
		"firstbyte": 24
		}, 
		"Pression roue2": {
		"ref": true, 
		"firstbyte": 14
		}, 
		"Pression roue3": {
		"ref": true, 
		"firstbyte": 19
		}, 
		"Identity roue4 jeu actif": {
		"ref": true, 
		"firstbyte": 21
		}, 
		"Etat t\u00e9moin SSPP SERVICE": {
		"bitoffset": 6, 
		"firstbyte": 3
		}
	}, 
	"deny_sds": [], 
	"minbytes": 27, 
	"sentbytes": "21DA", 
	"name": "Lecture Etat SSPP"
	}, 
	{
	"sendbyte_dataitems": {
		"   Identity roue2": {
		"ref": true, 
		"firstbyte": 6
		}, 
		"   Identity roue3": {
		"ref": true, 
		"firstbyte": 9
		}, 
		"   Identity roue1": {
		"ref": true, 
		"firstbyte": 3
		}, 
		"   Identity roue4": {
		"ref": true, 
		"firstbyte": 12
		}
	}, 
	"deny_sds": [], 
	"minbytes": 2, 
	"sentbytes": "3BD8000000000000000000000000", 
	"name": "Ecriture Usine Appr. SSPP"
	}, 
	{
	"sendbyte_dataitems": {
		"   Compteur Nbr retours en d\u00e9faut de la carte": {
		"ref": true, 
		"firstbyte": 4
		}, 
		"   Etat de la carte": {
		"ref": true, 
		"firstbyte": 3
		}
	}, 
	"deny_sds": [], 
	"minbytes": 1, 
	"sentbytes": "3BDF0000", 
	"name": "Ecriture SAGEM TEST"
	}, 
	{
	"name": "Status allumage t\u00e9moins SSPP", 
	"deny_sds": [], 
	"manualsend": true, 
	"receivebyte_dataitems": {
		"Status allumage t\u00e9moins SSPP": {
		"firstbyte": 3
		}
	}, 
	"minbytes": 3, 
	"sentbytes": "31A401000000"
	}, 
	{
	"sendbyte_dataitems": {
		"VDIAG": {
		"ref": true, 
		"firstbyte": 3
		}
	}, 
	"deny_sds": [], 
	"minbytes": 1, 
	"sentbytes": "3BE004", 
	"name": "Ecriture VDIAG"
	}, 
	{
	"sendbyte_dataitems": {
		"S\u00e9lection du jeu de roue": {
		"ref": true, 
		"firstbyte": 3
		}
	}, 
	"deny_sds": [], 
	"minbytes": 2, 
	"sentbytes": "3BE100", 
	"name": "Ecriture Jeu roue SSPP"
	}, 
	{
	"sendbyte_dataitems": {
		"Num\u00e9ro de la roue": {
		"ref": true, 
		"firstbyte": 3
		}, 
		"Identity roue N du jeu actif J": {
		"ref": true, 
		"firstbyte": 4
		}
	}, 
	"deny_sds": [], 
	"minbytes": 2, 
	"sentbytes": "3BD901000000", 
	"name": "Ecriture Usine Appr. Roue par roue"
	}, 
	{
	"receivebyte_dataitems": {
		"Reponse mode APV": {
		"firstbyte": 1
		}
	}, 
	"deny_sds": [], 
	"minbytes": 1, 
	"sentbytes": "10C0", 
	"name": "Mode APV"
	}, 
	{
	"receivebyte_dataitems": {
		"Compteur Nbr retours en d\u00e9faut de la carte": {
		"firstbyte": 4
		}, 
		"Etat de la carte": {
		"firstbyte": 3
		}
	}, 
	"deny_sds": [], 
	"minbytes": 4, 
	"sentbytes": "2198", 
	"name": "Lecture SAGEM TEST"
	}, 
	{
	"name": "Lecture de la m\u00e9moire", 
	"deny_sds": [], 
	"receivebyte_dataitems": {
		"R\u00e9ponse lecture de la m\u00e9moire": {
		"ref": true, 
		"firstbyte": 2
		}
	}, 
	"sendbyte_dataitems": {
		"Nbr Octets": {
		"ref": true, 
		"firstbyte": 6
		}, 
		"Lecture": {
		"ref": true, 
		"firstbyte": 2
		}, 
		"Adresse d\u00e9part": {
		"ref": true, 
		"firstbyte": 3
		}
	}, 
	"minbytes": 26, 
	"sentbytes": "230200000019"
	}, 
	{
	"receivebyte_dataitems": {
		"Reponse mode fournisseur": {
		"firstbyte": 1
		}
	}, 
	"deny_sds": [], 
	"minbytes": 1, 
	"sentbytes": "1080", 
	"name": "Mode fournisseur"
	}, 
	{
	"sendbyte_dataitems": {
		"Ecriture": {
		"ref": true, 
		"firstbyte": 2
		}, 
		"Valeur \u00e0 \u00e9crire - en HEX": {
		"ref": true, 
		"firstbyte": 7
		}, 
		"Adresse": {
		"ref": true, 
		"firstbyte": 3
		}, 
		"Nbr Octets \u00e0 \u00e9crire": {
		"ref": true, 
		"firstbyte": 6
		}
	}, 
	"deny_sds": [], 
	"minbytes": 1, 
	"sentbytes": "3D020000000100", 
	"name": "Ecriture de la m\u00e9moire"
	}, 
	{
	"deny_sds": [], 
	"minbytes": 1, 
	"sentbytes": "3E", 
	"name": "Maintien Communication"
	}, 
	{
	"deny_sds": [], 
	"minbytes": 1, 
	"sentbytes": "31A200000000", 
	"name": "Effacement_historique_SSPP"
	}, 
	{
	"sendbyte_dataitems": {
		"    Pression gonflage pr\u00e9conis\u00e9 basse vitesse \u00e0 l avant": {
		"ref": true, 
		"firstbyte": 3
		}, 
		"    Pression gonflage pr\u00e9conis\u00e9 haute vitesse \u00e0 l arri\u00e8re": {
		"ref": true, 
		"firstbyte": 6
		}, 
		"    Pression gonflage pr\u00e9conis\u00e9  basse vitesse \u00e0 vide \u00e0 l arri\u00e8re": {
		"ref": true, 
		"firstbyte": 4
		}, 
		"    Pression gonflage pr\u00e9conis\u00e9 haute vitesse \u00e0 l avant": {
		"ref": true, 
		"firstbyte": 5
		}
	}, 
	"deny_sds": [], 
	"minbytes": 2, 
	"sentbytes": "3BE200000000", 
	"name": "Ecriture pressions SSPP"
	}, 
	{
	"receivebyte_dataitems": {
		"Raison r\u00e9ponse n\u00e9gative": {
		"firstbyte": 3
		}
	}, 
	"deny_sds": [], 
	"minbytes": 3, 
	"sentbytes": "7F", 
	"name": "R\u00e9ponses N\u00e9gatives"
	}, 
	{
	"deny_sds": [], 
	"minbytes": 1, 
	"sentbytes": "14FF04", 
	"name": "Effacement D\u00e9fauts SSPP"
	}, 
	{
	"receivebyte_dataitems": {
		"Identity roue2 jeu0": {
		"ref": true, 
		"firstbyte": 7
		}, 
		"Identity roue2 jeu1": {
		"ref": true, 
		"firstbyte": 19
		}, 
		"Flag selection jeu roues": {
		"ref": true, 
		"firstbyte": 3, 
		"endian": "Little"
		}, 
		"Identity roue4 jeu1": {
		"ref": true, 
		"firstbyte": 25
		}, 
		"Identity roue1 jeu1": {
		"ref": true, 
		"firstbyte": 16
		}, 
		"Identity roue1 jeu0": {
		"ref": true, 
		"firstbyte": 4
		}, 
		"Identity roue4 jeu0": {
		"ref": true, 
		"firstbyte": 13
		}, 
		"Identity roue3 jeu1": {
		"ref": true, 
		"firstbyte": 22
		}, 
		"Identity roue3 jeu0": {
		"ref": true, 
		"firstbyte": 10
		}
	}, 
	"deny_sds": [], 
	"minbytes": 27, 
	"sentbytes": "21D9", 
	"name": "Lecture ID code SSPP - Appr."
	}, 
	{
	"deny_sds": [], 
	"minbytes": 1, 
	"sentbytes": "82", 
	"name": "StopCommunicationDiag"
	}, 
	{
	"receivebyte_dataitems": {
		"N\u00b0 Fournisseur": {
		"ref": true, 
		"firstbyte": 9
		}, 
		"N\u00b0 R\u00e9vision Hardware": {
		"ref": true, 
		"firstbyte": 21
		}, 
		"R\u00e9f\u00e9rence Renault": {
		"ref": true, 
		"firstbyte": 3
		}, 
		"VDIAG": {
		"firstbyte": 8
		}, 
		"N\u00b0 de s\u00e9rie Fournisseur": {
		"ref": true, 
		"firstbyte": 23
		}, 
		"N\u00b0 Hardware SAGEM": {
		"ref": true, 
		"firstbyte": 12
		}, 
		"N\u00b0 R\u00e9vision Logiciel": {
		"ref": true, 
		"firstbyte": 19
		}, 
		"N\u00b0 Version Logiciel": {
		"ref": true, 
		"firstbyte": 17
		}
	}, 
	"deny_sds": [], 
	"minbytes": 25, 
	"sentbytes": "2180", 
	"name": "Lecture EEPROM Ident. Calculateur"
	}, 
	{
	"name": "Lecture_IDs_recues_recepteur_SSPP", 
	"deny_sds": [], 
	"manualsend": true, 
	"receivebyte_dataitems": {
		" Status": {
		"firstbyte": 7
		}, 
		"IDs recues": {
		"firstbyte": 4
		}
	}, 
	"minbytes": 7, 
	"sentbytes": "31A300000000"
	}, 
	{
	"receivebyte_dataitems": {
		"Vitesse v\u00e9hicule": {
		"ref": true, 
		"firstbyte": 4
		}, 
		"+APC": {
		"bitoffset": 7, 
		"firstbyte": 3
		}, 
		"SAGEM controle final": {
		"bitoffset": 4, 
		"firstbyte": 3
		}, 
		"Etat Portes": {
		"bitoffset": 6, 
		"firstbyte": 3
		}, 
		"SAGEM test in situ": {
		"bitoffset": 5, 
		"firstbyte": 3
		}
	}, 
	"deny_sds": [], 
	"minbytes": 5, 
	"sentbytes": "21DD", 
	"name": "Lecture Etats Entr\u00e9es"
	}, 
	{
	"name": "Status lecture IDs SSPP", 
	"deny_sds": [], 
	"manualsend": true, 
	"receivebyte_dataitems": {
		"Status lecture IDs recus du recepteur SSPP": {
		"firstbyte": 3
		}
	}, 
	"minbytes": 3, 
	"sentbytes": "31A301000000"
	}, 
	{
	"deny_sds": [], 
	"minbytes": 1, 
	"sentbytes": "31A800000000", 
	"name": "Effacement_IDs_SSPP"
	}, 
	{
	"sendbyte_dataitems": {
		"   Seuil_surgonflage_\u00e0_froid": {
		"ref": true, 
		"firstbyte": 24
		}, 
		"   ParaRoulage": {
		"ref": true, 
		"firstbyte": 26
		}, 
		"   Pression_de_detection_de_roulage_sur_appui": {
		"ref": true, 
		"firstbyte": 39
		}, 
		"   ParaTempoEmissionRoulage": {
		"ref": true, 
		"firstbyte": 32
		}, 
		"   Seuil_de_faible_sous_gonflage": {
		"ref": true, 
		"firstbyte": 6
		}, 
		"   Seuil_reajustement_pression_positif": {
		"ref": true, 
		"firstbyte": 22
		}, 
		"   Seuil pente r\u00e9gression1 perte d air": {
		"ref": true, 
		"firstbyte": 14
		}, 
		"   ParaInitDecomptageAPC": {
		"ref": true, 
		"firstbyte": 27
		}, 
		"   Seuil_ecart_sous_gonflage_important": {
		"ref": true, 
		"firstbyte": 10
		}, 
		"   Seuil_surgonflage_\u00e0_chaud": {
		"ref": true, 
		"firstbyte": 23
		}, 
		"   ParaTotal": {
		"ref": true, 
		"firstbyte": 25
		}, 
		"   Seuil pente regression2 perte d air": {
		"ref": true, 
		"firstbyte": 16
		}, 
		"   Seuil_ecart_sous_gonflage_faible": {
		"ref": true, 
		"firstbyte": 9
		}, 
		"   Seuil_de_fort_sous_gonflage": {
		"ref": true, 
		"firstbyte": 7
		}, 
		"   Seuil_reajustement_pression_negatif_a_chaud": {
		"ref": true, 
		"firstbyte": 20
		}, 
		"   Seuil_ecart_sur_gonflage_important": {
		"ref": true, 
		"firstbyte": 12
		}, 
		"   Seuil_dispersion_pneu_singulier": {
		"ref": true, 
		"firstbyte": 8
		}, 
		"   ParaSeuilVitesseBasse": {
		"ref": true, 
		"firstbyte": 28
		}, 
		"   Autonomie_roulage_mode_\u00e9tendu": {
		"ref": true, 
		"firstbyte": 36
		}, 
		"   Seuil_determination_jeu_pression": {
		"ref": true, 
		"firstbyte": 5
		}, 
		"   Seuil_bas_pression_mauvais_gonflage_du_au_climat": {
		"ref": true, 
		"firstbyte": 3
		}, 
		"   Seuil pente regression3 perte d air": {
		"ref": true, 
		"firstbyte": 18
		}, 
		"   Seuil_haut_pression_mauvais_gonflage_du_au_climat": {
		"ref": true, 
		"firstbyte": 13
		}, 
		"   ParaTempoEmissionArret": {
		"ref": true, 
		"firstbyte": 30
		}, 
		"   Seuil_r\u00e9ajustement_pression_n\u00e9gatif_a_froid": {
		"ref": true, 
		"firstbyte": 21
		}, 
		"   Seuil_ecart_sur_gonflage_faible": {
		"ref": true, 
		"firstbyte": 11
		}, 
		"   Seuil_desequilibre_gauche_droite": {
		"ref": true, 
		"firstbyte": 4
		}, 
		"   Pression_de_detection_de_roulage_mode_gonfle": {
		"ref": true, 
		"firstbyte": 38
		}
	}, 
	"deny_sds": [], 
	"minbytes": 2, 
	"sentbytes": "3BD749241D1D2C062C2C2C2C4906A40104002C130F093E330502000BB80F3C005A000000B44133", 
	"name": "Ecriture param\u00e8tres SSPP"
	}
], 
"data": {
	" Status": {
	"scaled": true
	}, 
	"Seuil_pente_regression2_perte_d_air": {
	"scaled": true, 
	"bytescount": 2, 
	"step": 0.01, 
	"bitscount": 16, 
	"format": "0.00"
	}, 
	"Seuil_dispersion_pneu_singulier": {
	"scaled": true, 
	"divideby": 255.0, 
	"step": 3500.0, 
	"unit": "mbar", 
	"format": "0"
	}, 
	"Status de sortie de routine": {
	"byte": true
	}, 
	"Distance_parcourue_sur_appui": {
	"scaled": true, 
	"bytescount": 2, 
	"bitscount": 16, 
	"format": "0.00"
	}, 
	"FlagM\u00e9moControleJeu1_ARG": {
	"scaled": true, 
	"bitscount": 1
	}, 
	"   Pression_de_detection_de_roulage_sur_appui": {
	"scaled": true, 
	"divideby": 255.0, 
	"step": 3500.0, 
	"unit": "mbar", 
	"format": "0"
	}, 
	"    Pression gonflage pr\u00e9conis\u00e9 haute vitesse \u00e0 l arri\u00e8re": {
	"scaled": true, 
	"divideby": 255.0, 
	"step": 3.5, 
	"unit": "bar", 
	"format": "0.00"
	}, 
	"N\u00b0 routine \u00e0 arr\u00eater  ": {
	"lists": {
		"160": "D\u00e9marrage cycle fiabilit\u00e9 exp\u00e9rimentale", 
		"161": "Arr\u00eat cycle fiabilit\u00e9 exp\u00e9rimentale", 
		"164": "Tester le lecteur de badge", 
		"165": "Effacement donn\u00e9es acc\u00e8s et antidem.", 
		"166": "Authentification permanente cl\u00e9", 
		"167": "Emission du 250 KHz pour recharge badge", 
		"168": "Apprentissage-R\u00e9affectation des badges en APV", 
		"169": "Sortie Apprentissage-R\u00e9affectation des badges", 
		"170": "For\u00e7age en position du moteur de DAV", 
		"171": "Allumage t\u00e9moins COPP et ouvrants de la vignette", 
		"172": "Test des capteurs de pluie s\u00e9rie", 
		"173": "Apprentissage acc\u00e8s et antidem. Usine", 
		"174": "Apprentissage acc\u00e8s et antidem. APV", 
		"175": "Tester le badge vierge"
	}
	}, 
	"   ParaTempoEmissionRoulage": {
	"scaled": true, 
	"bytescount": 2, 
	"bitscount": 16, 
	"format": "0"
	}, 
	"R\u00e9ponse lecture de la m\u00e9moire": {
	"bytescount": 25, 
	"byte": true, 
	"bitscount": 200
	}, 
	"Identity roue2 jeu acif": {
	"scaled": true, 
	"bytescount": 3, 
	"bitscount": 24
	}, 
	"FlagCapteurManquant_AVD": {
	"scaled": true, 
	"bitscount": 1
	}, 
	"ParaTempoEmissionArret": {
	"scaled": true, 
	"bytescount": 2, 
	"bitscount": 16, 
	"format": "0"
	}, 
	"N\u00b0 R\u00e9vision Logiciel": {
	"bytescount": 2, 
	"byte": true, 
	"bitscount": 16
	}, 
	"Seuil_de_fort_sous_gonflage": {
	"scaled": true, 
	"divideby": 255.0, 
	"step": 3500.0, 
	"unit": "mbar", 
	"format": "0"
	}, 
	"   ParaTempoEmissionArret": {
	"scaled": true, 
	"bytescount": 2, 
	"bitscount": 16, 
	"format": "0"
	}, 
	"Reponse mode APV": {
	"byte": true
	}, 
	"Adresse d\u00e9part": {
	"scaled": true, 
	"bytescount": 3, 
	"bitscount": 24
	}, 
	"Etat roue 1": {
	"bitscount": 3, 
	"lists": {
		"0": "Pression OK", 
		"1": "Capteur manquant", 
		"2": "Pneu trop gonfl\u00e9", 
		"3": "Pneu singulier en sur-gonflage", 
		"4": "Pneu singulier en sous-gonflage", 
		"5": "Pertes d'air anormales", 
		"6": "Pneu un peu sous-gonfl\u00e9", 
		"7": "Pneu dangereusement sous-gonfl\u00e9"
	}
	}, 
	"ParaRoulage": {
	"scaled": true, 
	"format": "0"
	}, 
	"Pression_gonflage_pr\u00e9conis\u00e9_haute_vitesse_\u00e0_l_arri\u00e8re": {
	"scaled": true, 
	"divideby": 255.0, 
	"step": 3.5, 
	"unit": "bar", 
	"format": "0.00"
	}, 
	"R\u00e9f\u00e9rence Renault": {
	"bytescount": 5, 
	"byte": true, 
	"bitscount": 40
	}, 
	"   Seuil_ecart_sous_gonflage_important": {
	"scaled": true, 
	"divideby": 255.0, 
	"step": 3500.0, 
	"unit": "mbar", 
	"format": "0"
	}, 
	"   Seuil_surgonflage_\u00e0_chaud": {
	"scaled": true, 
	"divideby": 255.0, 
	"step": 3500.0, 
	"unit": "mbar", 
	"format": "0"
	}, 
	"   ParaTotal": {
	"scaled": true, 
	"format": "0"
	}, 
	"Pression_gonflage_pr\u00e9conis\u00e9_basse_vitesse_\u00e0_l_arri\u00e8re": {
	"scaled": true, 
	"divideby": 255.0, 
	"step": 3.5, 
	"unit": "bar", 
	"format": "0.00"
	}, 
	"Etat roue 4": {
	"bitscount": 3, 
	"lists": {
		"0": "Pression OK", 
		"1": "Capteur manquant", 
		"2": "Pneu trop gonfl\u00e9", 
		"3": "Pneu singulier en sur-gonflage", 
		"4": "Pneu singulier en sous-gonflage", 
		"5": "Pertes d'air anormales", 
		"6": "Pneu un peu sous-gonfl\u00e9", 
		"7": "Pneu dangereusement sous-gonfl\u00e9"
	}
	}, 
	"Num\u00e9ro de la roue": {
	"scaled": true
	}, 
	"Identity roue1 jeu1": {
	"scaled": true, 
	"bytescount": 3, 
	"bitscount": 24
	}, 
	"Identity roue1 jeu0": {
	"scaled": true, 
	"bytescount": 3, 
	"bitscount": 24
	}, 
	"Raison r\u00e9ponse n\u00e9gative": {
	"lists": {
		"17": "Requ\u00eate non suport\u00e9e", 
		"18": "Requ\u00eate invalide", 
		"33": "Occup\u00e9, requ\u00eate \u00e0 r\u00e9p\u00e9ter ult\u00e9rieurement", 
		"34": "Conditions execution non satisfaites", 
		"135": "D\u00e9faut pendant \u00e9criture"
	}
	}, 
	"   Seuil_ecart_sur_gonflage_important": {
	"scaled": true, 
	"divideby": 255.0, 
	"step": 3500.0, 
	"unit": "mbar", 
	"format": "0"
	}, 
	"Reponse mode fournisseur": {
	"byte": true
	}, 
	"   Seuil_de_faible_sous_gonflage": {
	"scaled": true, 
	"divideby": 255.0, 
	"step": 3500.0, 
	"unit": "mbar", 
	"format": "0"
	}, 
	"   Seuil_determination_jeu_pression": {
	"scaled": true, 
	"divideby": 255.0, 
	"step": 3500.0, 
	"unit": "mbar", 
	"format": "0"
	}, 
	"   Seuil pente r\u00e9gression1 perte d air": {
	"bitscount": 16, 
	"format": "0.00", 
	"scaled": true, 
	"step": 0.01, 
	"bytescount": 2, 
	"unit": "mbar/min"
	}, 
	"Tendance au sur gonflage": {
	"scaled": true, 
	"bitscount": 1
	}, 
	"FlagM\u00e9moCodeIdentiquesJeu0": {
	"scaled": true, 
	"bitscount": 1
	}, 
	"DataCompteurD\u00e9fautRoulage_AVD": {
	"scaled": true
	}, 
	"Compteur Nbr retours en d\u00e9faut de la carte": {
	"scaled": true
	}, 
	"Etat t\u00e9moin SSPP STOP": {
	"bitscount": 1, 
	"lists": {
		"0": "\u00e9teint", 
		"1": "allum\u00e9"
	}
	}, 
	"   Seuil_haut_pression_mauvais_gonflage_du_au_climat": {
	"scaled": true, 
	"divideby": 255.0, 
	"step": 3500.0, 
	"unit": "mbar", 
	"format": "0"
	}, 
	"FlagM\u00e9moControleJeu1_ARD": {
	"scaled": true, 
	"bitscount": 1
	}, 
	"   Seuil_r\u00e9ajustement_pression_n\u00e9gatif_a_froid": {
	"scaled": true, 
	"divideby": 255.0, 
	"step": 3500.0, 
	"unit": "mbar", 
	"format": "0"
	}, 
	"   Seuil_ecart_sur_gonflage_faible": {
	"scaled": true, 
	"divideby": 255.0, 
	"step": 3500.0, 
	"unit": "mbar", 
	"format": "0"
	}, 
	"Seuil_pente_regression1_perte_d_air": {
	"scaled": true, 
	"bytescount": 2, 
	"step": 0.01, 
	"bitscount": 16, 
	"format": "0.00"
	}, 
	"FlagM\u00e9moControleJeuO_AVD": {
	"scaled": true, 
	"bitscount": 1
	}, 
	"FlagM\u00e9moControleJeuO_AVG": {
	"scaled": true, 
	"bitscount": 1
	}, 
	"DataCompteurD\u00e9fautArret_AVD": {
	"scaled": true
	}, 
	"Identity roue2 jeu0": {
	"scaled": true, 
	"bytescount": 3, 
	"bitscount": 24
	}, 
	"Identity roue2 jeu1": {
	"scaled": true, 
	"bytescount": 3, 
	"bitscount": 24
	}, 
	"FlagVitesseManquante": {
	"scaled": true, 
	"bitscount": 1
	}, 
	"Seuil_\u00e9cart_sur_gonflage_faible": {
	"scaled": true, 
	"divideby": 255.0, 
	"step": 3500.0, 
	"unit": "mbar", 
	"format": "0"
	}, 
	"DataM\u00e9moCompteurPermanentD\u00e9fautRoulage_AVD": {
	"scaled": true, 
	"bytescount": 2, 
	"bitscount": 16
	}, 
	"DataM\u00e9moCompteurPermanentD\u00e9fautRoulage_AVG": {
	"scaled": true, 
	"bytescount": 2, 
	"bitscount": 16
	}, 
	"SAGEM test in situ": {
	"scaled": true, 
	"bitscount": 1
	}, 
	"Flag selection jeu roues": {
	"scaled": true
	}, 
	"Vitesse v\u00e9hicule": {
	"divideby": 100.0, 
	"bitscount": 16, 
	"format": "0.00", 
	"scaled": true, 
	"bytescount": 2, 
	"unit": "km/h"
	}, 
	"Valeur \u00e0 \u00e9crire - en HEX": {
	"byte": true
	}, 
	"FlagM\u00e9moCapteurManquant_AVD": {
	"scaled": true, 
	"bitscount": 1
	}, 
	"FlagCapteurManquant_AVG": {
	"scaled": true, 
	"bitscount": 1
	}, 
	"DataCompteurD\u00e9fautRoulage_AVG": {
	"scaled": true
	}, 
	"Seuil_r\u00e9ajustement_pression_n\u00e9gatif_a_froid": {
	"scaled": true, 
	"divideby": 255.0, 
	"step": 3500.0, 
	"unit": "mbar", 
	"format": "0"
	}, 
	"Etat de la carte": {
	"scaled": true
	}, 
	"   Pr\u00e9sence PAX": {
	"bitscount": 1, 
	"lists": {
		"0": "PAX pr\u00e9sent", 
		"1": "PAX non pr\u00e9sent"
	}
	}, 
	"DataCompteurD\u00e9fautArret_ARG": {
	"scaled": true
	}, 
	"Voyant Crevaison": {
	"bitscount": 2, 
	"lists": {
		"0": "\u00e9teint", 
		"1": "allum\u00e9 clignotant", 
		"2": "allum\u00e9 fixe", 
		"3": "r\u00e9serv\u00e9"
	}
	}, 
	"Etat t\u00e9moin SSPP FUITE": {
	"bitscount": 2, 
	"lists": {
		"0": "pas de fuite", 
		"1": "allum\u00e9 clignotant", 
		"2": "allum\u00e9 fixe", 
		"3": "reserve"
	}
	}, 
	"DataCompteurD\u00e9fautRoulage_ARG": {
	"scaled": true
	}, 
	"   Compteur Nbr retours en d\u00e9faut de la carte": {
	"scaled": true
	}, 
	"   Seuil_reajustement_pression_positif": {
	"scaled": true, 
	"divideby": 255.0, 
	"step": 3500.0, 
	"unit": "mbar", 
	"format": "0"
	}, 
	"    Pression gonflage pr\u00e9conis\u00e9 haute vitesse \u00e0 l avant": {
	"scaled": true, 
	"divideby": 255.0, 
	"step": 3.5, 
	"unit": "bar", 
	"format": "0.00"
	}, 
	"Nbr Octets \u00e0 \u00e9crire": {
	"scaled": true
	}, 
	"Autonomie_roulage_mode_etendu_consommee": {
	"bitscount": 1, 
	"lists": {
		"0": "Autonomie non \u00e9puis\u00e9e", 
		"1": "Autonomie \u00e9puis\u00e9e"
	}
	}, 
	"   ParaSeuilVitesseBasse": {
	"scaled": true, 
	"bytescount": 2, 
	"bitscount": 16, 
	"format": "0"
	}, 
	"Buzzer": {
	"bitscount": 1, 
	"lists": {
		"0": "allum\u00e9", 
		"1": "\u00e9teint"
	}
	}, 
	"Identity roue3 jeu actif": {
	"scaled": true, 
	"bytescount": 3, 
	"bitscount": 24
	}, 
	"Pression_gonflage_pr\u00e9conis\u00e9_haute_vitesse_\u00e0_l_avant": {
	"scaled": true, 
	"divideby": 255.0, 
	"step": 3.5, 
	"unit": "bar", 
	"format": "0.00"
	}, 
	"DataCompteurD\u00e9fautArret_AVG": {
	"scaled": true
	}, 
	"Seuil_\u00e9cart_sur_gonflage_important": {
	"scaled": true, 
	"divideby": 255.0, 
	"step": 3500.0, 
	"unit": "mbar", 
	"format": "0"
	}, 
	"FlagM\u00e9moPresence4idJeu1": {
	"scaled": true, 
	"bitscount": 1
	}, 
	"FlagM\u00e9moPresence4idJeu0": {
	"scaled": true, 
	"bitscount": 1
	}, 
	"Pression roue4": {
	"scaled": true, 
	"divideby": 255.0, 
	"step": 3.5, 
	"unit": "bar", 
	"format": "0.00"
	}, 
	"SAGEM controle final": {
	"scaled": true, 
	"bitscount": 1
	}, 
	"Pression roue2": {
	"scaled": true, 
	"divideby": 255.0, 
	"step": 3.5, 
	"unit": "bar", 
	"format": "0.00"
	}, 
	"Autonomie_roulage_mode_\u00e9tendu": {
	"scaled": true, 
	"bytescount": 2, 
	"bitscount": 16, 
	"format": "0"
	}, 
	"N\u00b0 Hardware SAGEM": {
	"bytescount": 5, 
	"byte": true, 
	"bitscount": 40
	}, 
	"Pression roue1": {
	"scaled": true, 
	"divideby": 255.0, 
	"step": 3.5, 
	"unit": "bar", 
	"format": "0.00"
	}, 
	"FlagBuzzerAbsent": {
	"scaled": true, 
	"bitscount": 1
	}, 
	"   Pression_de_detection_de_roulage_mode_gonfle": {
	"scaled": true, 
	"divideby": 255.0, 
	"step": 3500.0, 
	"unit": "mbar", 
	"format": "0"
	}, 
	"Pression_gonflage_pr\u00e9conis\u00e9_basse_vitesse_\u00e0_l_avant": {
	"scaled": true, 
	"divideby": 255.0, 
	"step": 3.5, 
	"unit": "bar", 
	"format": "0.00"
	}, 
	"FlagCapteurManquant_ARG": {
	"scaled": true, 
	"bitscount": 1
	}, 
	"FlagCapteurManquant_ARD": {
	"scaled": true, 
	"bitscount": 1
	}, 
	"Nbr Octets": {
	"scaled": true
	}, 
	"Adresse": {
	"scaled": true, 
	"bytescount": 3, 
	"bitscount": 24
	}, 
	"Identity roue1 jeu actif": {
	"scaled": true, 
	"bytescount": 3, 
	"bitscount": 24
	}, 
	"Voyant Survitesse": {
	"bitscount": 1, 
	"lists": {
		"0": "\u00e9teint", 
		"1": "allum\u00e9"
	}
	}, 
	"Seuil_r\u00e9ajustement_pression_negatif_a_chaud": {
	"scaled": true, 
	"divideby": 255.0, 
	"step": 3500.0, 
	"unit": "mbar", 
	"format": "0"
	}, 
	"N\u00b0 de s\u00e9rie Fournisseur": {
	"scaled": true, 
	"bytescount": 3, 
	"bitscount": 24
	}, 
	"FlagM\u00e9moControleJeu1_AVG": {
	"scaled": true, 
	"bitscount": 1
	}, 
	"Pression_de_detection_de_roulage_mode_gonfle": {
	"scaled": true, 
	"divideby": 255.0, 
	"step": 3500.0, 
	"unit": "mbar", 
	"format": "0"
	}, 
	"FlagM\u00e9moControleJeu1_AVD": {
	"scaled": true, 
	"bitscount": 1
	}, 
	"N\u00b0 Version Logiciel": {
	"bytescount": 2, 
	"byte": true, 
	"bitscount": 16
	}, 
	"   Seuil_ecart_sous_gonflage_faible": {
	"scaled": true, 
	"divideby": 255.0, 
	"step": 3500.0, 
	"unit": "mbar", 
	"format": "0"
	}, 
	"D\u00e9sequilibre gauche droite arriere": {
	"scaled": true, 
	"bitscount": 1
	}, 
	"Seuil_pente_regression3_perte_d_air": {
	"scaled": true, 
	"bytescount": 2, 
	"step": 0.01, 
	"bitscount": 16, 
	"format": "0.00"
	}, 
	"Voyant Service": {
	"bitscount": 1, 
	"lists": {
		"0": "\u00e9teint", 
		"1": "allum\u00e9"
	}
	}, 
	"Identity roue N du jeu actif J": {
	"scaled": true, 
	"bytescount": 3, 
	"bitscount": 24
	}, 
	"FlagM\u00e9moCapteurManquant_ARD": {
	"scaled": true, 
	"bitscount": 1
	}, 
	"S\u00e9lection du jeu de roue": {
	"byte": true
	}, 
	"ParaTempoEmissionRoulage": {
	"scaled": true, 
	"bytescount": 2, 
	"bitscount": 16, 
	"format": "0"
	}, 
	"Voyant SSPP": {
	"bitscount": 2, 
	"lists": {
		"0": "\u00e9teint", 
		"1": "allum\u00e9 clignotant", 
		"2": "allum\u00e9 fixe", 
		"3": "r\u00e9serv\u00e9"
	}
	}, 
	"+APC": {
	"bitscount": 1, 
	"lists": {
		"0": "+APC OFF", 
		"1": "+APC ON"
	}
	}, 
	"Identity roue3 jeu1": {
	"scaled": true, 
	"bytescount": 3, 
	"bitscount": 24
	}, 
	"Identity roue3 jeu0": {
	"scaled": true, 
	"bytescount": 3, 
	"bitscount": 24
	}, 
	"FlagM\u00e9moCapteurManquant_ARG": {
	"scaled": true, 
	"bitscount": 1
	}, 
	"   Seuil_reajustement_pression_negatif_a_chaud": {
	"scaled": true, 
	"divideby": 255.0, 
	"step": 3500.0, 
	"unit": "mbar", 
	"format": "0"
	}, 
	"ParaInitDecomptageAPC": {
	"scaled": true, 
	"format": "0"
	}, 
	"VDIAG": {
	"byte": true
	}, 
	"Seuil_surgonflage_\u00e0_chaud": {
	"scaled": true, 
	"divideby": 255.0, 
	"step": 3500.0, 
	"unit": "mbar", 
	"format": "0"
	}, 
	"    Pression gonflage pr\u00e9conis\u00e9 basse vitesse \u00e0 l avant": {
	"scaled": true, 
	"divideby": 255.0, 
	"step": 3.5, 
	"unit": "bar", 
	"format": "0.00"
	}, 
	"   Seuil_dispersion_pneu_singulier": {
	"scaled": true, 
	"divideby": 255.0, 
	"step": 3500.0, 
	"unit": "mbar", 
	"format": "0"
	}, 
	"   Type de V\u00e9hicule en HEXA": {
	"lists": {
		"0": "X73 s\u00e9lectionn\u00e9e", 
		"1": "X64 s\u00e9lectionn\u00e9e"
	}
	}, 
	"   Autonomie_roulage_mode_\u00e9tendu": {
	"scaled": true, 
	"bytescount": 2, 
	"bitscount": 16, 
	"unit": "Km", 
	"format": "0"
	}, 
	"DataM\u00e9moCompteurPermanentD\u00e9fautArret_ARG": {
	"scaled": true, 
	"bytescount": 2, 
	"bitscount": 16
	}, 
	"DataM\u00e9moCompteurPermanentD\u00e9fautArret_ARD": {
	"scaled": true, 
	"bytescount": 2, 
	"bitscount": 16
	}, 
	"Seuil_\u00e9cart_sous_gonflage_faible": {
	"scaled": true, 
	"divideby": 255.0, 
	"step": 3500.0, 
	"unit": "mbar", 
	"format": "0"
	}, 
	"   SSPP Inhibition": {
	"bitscount": 1, 
	"lists": {
		"0": "SSPP pr\u00e9sent", 
		"1": "SSPP non pr\u00e9sent"
	}
	}, 
	"D\u00e9s\u00e9quilibre gauche droite avant": {
	"scaled": true, 
	"bitscount": 1
	}, 
	"   Seuil pente regression3 perte d air": {
	"bitscount": 16, 
	"format": "0.00", 
	"scaled": true, 
	"step": 0.01, 
	"bytescount": 2, 
	"unit": "mbar/min"
	}, 
	"Status effacement IDs codes en m\u00e9moire recepteur SSPP": {
	"lists": {
		"0": "XXX", 
		"1": "En Cours", 
		"2": "OK", 
		"4": "Non OK"
	}
	}, 
	"DataCompteurD\u00e9fautRoulage_ARD": {
	"scaled": true
	}, 
	"FlagM\u00e9moControleJeuO_ARD": {
	"scaled": true, 
	"bitscount": 1
	}, 
	"FlagM\u00e9moControleJeuO_ARG": {
	"scaled": true, 
	"bitscount": 1
	}, 
	"DataCompteurD\u00e9fautArret_ARD": {
	"scaled": true
	}, 
	"Identity roue4 jeu actif": {
	"scaled": true, 
	"bytescount": 3, 
	"bitscount": 24
	}, 
	"IDs recues": {
	"scaled": true, 
	"bytescount": 3, 
	"bitscount": 24
	}, 
	"   Seuil_desequilibre_gauche_droite": {
	"scaled": true, 
	"divideby": 255.0, 
	"step": 3500.0, 
	"unit": "mbar", 
	"format": "0"
	}, 
	"FlagM\u00e9moR\u00e9cepteurAbsent": {
	"scaled": true, 
	"bitscount": 1
	}, 
	"N\u00b0 R\u00e9vision Hardware": {
	"bytescount": 2, 
	"byte": true, 
	"bitscount": 16
	}, 
	"Type de V\u00e9hicule": {
	"lists": {
		"0": "X73 s\u00e9lectionn\u00e9e", 
		"1": "X64 s\u00e9lectionn\u00e9e"
	}
	}, 
	"Seuil_de_faible_sous_gonflage": {
	"scaled": true, 
	"divideby": 255.0, 
	"step": 3500.0, 
	"unit": "mbar", 
	"format": "0"
	}, 
	"FlagM\u00e9moCapteurManquant_AVG": {
	"scaled": true, 
	"bitscount": 1
	}, 
	"   Seuil_surgonflage_\u00e0_froid": {
	"scaled": true, 
	"divideby": 255.0, 
	"step": 3500.0, 
	"unit": "mbar", 
	"format": "0"
	}, 
	"   ParaRoulage": {
	"scaled": true, 
	"format": "0"
	}, 
	"DataM\u00e9moCompteurPermanentD\u00e9fautArret_AVG": {
	"scaled": true, 
	"bytescount": 2, 
	"bitscount": 16
	}, 
	"DataM\u00e9moCompteurPermanentD\u00e9fautArret_AVD": {
	"scaled": true, 
	"bytescount": 2, 
	"bitscount": 16
	}, 
	"Lecture": {
	"lists": {
		"1": "en RAM", 
		"2": "en EEPROM", 
		"3": "en FLASH", 
		"4": "dans les registres"
	}
	}, 
	"Tendance au sous gonflage": {
	"scaled": true, 
	"bitscount": 1
	}, 
	"vdiag - ecriture": {
	"byte": true
	}, 
	"SSPP Inhibition": {
	"bitscount": 1, 
	"lists": {
		"0": "SSPP pr\u00e9sent", 
		"1": "SSPP non pr\u00e9sent"
	}
	}, 
	"ParaSeuilVitesseBasse": {
	"scaled": true, 
	"bytescount": 2, 
	"bitscount": 16, 
	"format": "0"
	}, 
	"Seuil_\u00e9cart_sous_gonflage_important": {
	"scaled": true, 
	"divideby": 255.0, 
	"step": 3500.0, 
	"unit": "mbar", 
	"format": "0"
	}, 
	"N\u00b0 Fournisseur": {
	"bytescount": 3, 
	"byte": true, 
	"bitscount": 24
	}, 
	"Status roue 2": {
	"bitscount": 3, 
	"lists": {
		"0": "Emission due \u00e0 l''outil appropri\u00e9", 
		"1": "Pile faible", 
		"2": "Non d\u00e9fini", 
		"3": "Emission due \u00e0 un delta de pression (> ou<)", 
		"4": "Pas de r\u00e9ception ou valeur par d\u00e9faut", 
		"5": "Emission due \u00e0 un d\u00e9passement du seuil de vitesse", 
		"7": "Emission normale"
	}
	}, 
	"Status roue 3": {
	"bitscount": 3, 
	"lists": {
		"0": "Emission due \u00e0 l''outil appropri\u00e9", 
		"1": "Pile faible", 
		"2": "Non d\u00e9fini", 
		"3": "Emission due \u00e0 un delta de pression (> ou<)", 
		"4": "Pas de r\u00e9ception ou valeur par d\u00e9faut", 
		"5": "Emission due \u00e0 un d\u00e9passement du seuil de vitesse", 
		"7": "Emission normale"
	}
	}, 
	"Seuil_surgonflage_\u00e0_froid": {
	"scaled": true, 
	"divideby": 255.0, 
	"step": 3500.0, 
	"unit": "mbar", 
	"format": "0"
	}, 
	"Etat Portes": {
	"bitscount": 1, 
	"lists": {
		"0": "portes ouvertes", 
		"1": "portes ferm\u00e9es"
	}
	}, 
	"Seuil_r\u00e9ajustement_pression_positif": {
	"scaled": true, 
	"divideby": 255.0, 
	"step": 3500.0, 
	"unit": "mbar", 
	"format": "0"
	}, 
	"Voyant Stop": {
	"bitscount": 1, 
	"lists": {
		"0": "\u00e9teint", 
		"1": "allum\u00e9"
	}
	}, 
	"Status allumage t\u00e9moins SSPP": {
	"lists": {
		"0": "XXX", 
		"1": "En Cours", 
		"2": "OK", 
		"4": "Non OK"
	}
	}, 
	"Etat roue 2": {
	"bitscount": 3, 
	"lists": {
		"0": "Pression OK", 
		"1": "Capteur manquant", 
		"2": "Pneu trop gonfl\u00e9", 
		"3": "Pneu singulier en sur-gonflage", 
		"4": "Pneu singulier en sous-gonflage", 
		"5": "Pertes d'air anormales", 
		"6": "Pneu un peu sous-gonfl\u00e9", 
		"7": "Pneu dangereusement sous-gonfl\u00e9"
	}
	}, 
	"Etat roue 3": {
	"bitscount": 3, 
	"lists": {
		"0": "Pression OK", 
		"1": "Capteur manquant", 
		"2": "Pneu trop gonfl\u00e9", 
		"3": "Pneu singulier en sur-gonflage", 
		"4": "Pneu singulier en sous-gonflage", 
		"5": "Pertes d'air anormales", 
		"6": "Pneu un peu sous-gonfl\u00e9", 
		"7": "Pneu dangereusement sous-gonfl\u00e9"
	}
	}, 
	"Pression_de_detection_de_roulage_sur_appui": {
	"scaled": true, 
	"divideby": 255.0, 
	"step": 3500.0, 
	"unit": "mbar", 
	"format": "0"
	}, 
	"DataM\u00e9moCompteurPermanentD\u00e9fautRoulage_ARD": {
	"scaled": true, 
	"bytescount": 2, 
	"bitscount": 16
	}, 
	"DataM\u00e9moCompteurPermanentD\u00e9fautRoulage_ARG": {
	"scaled": true, 
	"bytescount": 2, 
	"bitscount": 16
	}, 
	"   Seuil pente regression2 perte d air": {
	"bitscount": 16, 
	"format": "0.00", 
	"scaled": true, 
	"step": 0.01, 
	"bytescount": 2, 
	"unit": "mbar/min"
	}, 
	"Mode_roulage_System_PAX": {
	"bitscount": 1, 
	"lists": {
		"0": "Mode Gonfl\u00e9", 
		"1": "Mode Sur_appui"
	}
	}, 
	"Pr\u00e9sence PAX": {
	"bitscount": 1, 
	"lists": {
		"0": "PAX pr\u00e9sent", 
		"1": "PAX non pr\u00e9sent"
	}
	}, 
	"FlagM\u00e9moCodeIdentiquesJeu1": {
	"scaled": true, 
	"bitscount": 1
	}, 
	"   Etat de la carte": {
	"scaled": true
	}, 
	"Pression roue3": {
	"scaled": true, 
	"divideby": 255.0, 
	"step": 3.5, 
	"unit": "bar", 
	"format": "0.00"
	}, 
	"Status lecture IDs recus du recepteur SSPP": {
	"lists": {
		"0": "XXX", 
		"1": "En Cours", 
		"2": "OK", 
		"4": "Non OK"
	}
	}, 
	"Status roue 4": {
	"bitscount": 3, 
	"lists": {
		"0": "Emission due \u00e0 l''outil appropri\u00e9", 
		"1": "Pile faible", 
		"2": "Non d\u00e9fini", 
		"3": "Emission due \u00e0 un delta de pression (> ou<)", 
		"4": "Pas de r\u00e9ception ou valeur par d\u00e9faut", 
		"5": "Emission due \u00e0 un d\u00e9passement du seuil de vitesse", 
		"7": "Emission normale"
	}
	}, 
	"Identity roue4 jeu0": {
	"scaled": true, 
	"bytescount": 3, 
	"bitscount": 24
	}, 
	"Identity roue4 jeu1": {
	"scaled": true, 
	"bytescount": 3, 
	"bitscount": 24
	}, 
	"   Seuil_de_fort_sous_gonflage": {
	"scaled": true, 
	"divideby": 255.0, 
	"step": 3500.0, 
	"unit": "mbar", 
	"format": "0"
	}, 
	"   ParaInitDecomptageAPC": {
	"scaled": true, 
	"format": "0"
	}, 
	"Status effacement historique \u00e9carts pression sur essieu": {
	"lists": {
		"0": "XXX", 
		"1": "En Cours", 
		"2": "OK", 
		"4": "Non OK"
	}
	}, 
	"Seuil_bas_pression_mauvais_gonflage_du_au_climat": {
	"scaled": true, 
	"divideby": 255.0, 
	"step": 3500.0, 
	"unit": "mbar", 
	"format": "0"
	}, 
	"ParaTotal": {
	"scaled": true, 
	"format": "0"
	}, 
	"Seuil_haut_pression_mauvais_gonflage_du_au_climat": {
	"scaled": true, 
	"divideby": 255.0, 
	"step": 3500.0, 
	"unit": "mbar", 
	"format": "0"
	}, 
	"Seuil_determination_jeu_pression": {
	"scaled": true, 
	"divideby": 255.0, 
	"step": 3500.0, 
	"unit": "mbar", 
	"format": "0"
	}, 
	"Seuil_d\u00e9sequilibre_gauche_droite": {
	"scaled": true, 
	"divideby": 255.0, 
	"step": 3500.0, 
	"unit": "mbar", 
	"format": "0"
	}, 
	"Status roue 1": {
	"bitscount": 3, 
	"lists": {
		"0": "Emission due \u00e0 l''outil appropri\u00e9", 
		"1": "Pile faible", 
		"2": "Non d\u00e9fini", 
		"3": "Emission due \u00e0 un delta de pression (> ou<)", 
		"4": "Pas de r\u00e9ception ou valeur par d\u00e9faut", 
		"5": "Emission due \u00e0 un d\u00e9passement du seuil de vitesse", 
		"7": "Emission normale"
	}
	}, 
	"   Identity roue2": {
	"scaled": true, 
	"bytescount": 3, 
	"bitscount": 24, 
	"format": "0"
	}, 
	"   Identity roue3": {
	"scaled": true, 
	"bytescount": 3, 
	"bitscount": 24, 
	"format": "0"
	}, 
	"   Identity roue1": {
	"scaled": true, 
	"bytescount": 3, 
	"bitscount": 24, 
	"format": "0"
	}, 
	"   Identity roue4": {
	"scaled": true, 
	"bytescount": 3, 
	"bitscount": 24, 
	"format": "0"
	}, 
	"Ecriture": {
	"lists": {
		"1": "en RAM", 
		"2": "en EEPROM", 
		"3": "FLASH", 
		"4": "dans les registres"
	}
	}, 
	"   Seuil_bas_pression_mauvais_gonflage_du_au_climat": {
	"scaled": true, 
	"divideby": 255.0, 
	"step": 3500.0, 
	"unit": "mbar", 
	"format": "0"
	}, 
	"Etat t\u00e9moin SSPP": {
	"bitscount": 2, 
	"lists": {
		"0": "\u00e9teint", 
		"1": "allum\u00e9 clignotant", 
		"2": "allum\u00e9 fixe", 
		"3": "reserve"
	}
	}, 
	"    Pression gonflage pr\u00e9conis\u00e9  basse vitesse \u00e0 vide \u00e0 l arri\u00e8re": {
	"scaled": true, 
	"divideby": 255.0, 
	"step": 3.5, 
	"unit": "bar", 
	"format": "0.00"
	}, 
	"Etat t\u00e9moin SSPP SERVICE": {
	"bitscount": 1, 
	"lists": {
		"0": "\u00e9teint", 
		"1": "allum\u00e9"
	}
	}, 
	"FlagR\u00e9cepteurAbsent": {
	"scaled": true, 
	"bitscount": 1
	}, 
	"Voyant Ouvrants": {
	"bitscount": 2, 
	"lists": {
		"0": "\u00e9teint", 
		"1": "allum\u00e9", 
		"2": "non command\u00e9", 
		"3": "r\u00e9serv\u00e9"
	}
	}
}
}