{
"obd": {
	"baudrate": 10400, 
	"protocol": "CAN", 
	"recv_id": "76E", 
	"funcname": "Aide au parking", 
	"funcaddr": "0E", 
	"send_id": "74E"
}, 
"devices": [
	{
	"dtc": 36876, 
	"devicedata": {
		"Distance FIR": "0", 
		"Attenuation Time Sensor FIR": "0"
	}, 
	"dtctype": 0, 
	"name": "Front_Inner_Right_Sensor"
	}, 
	{
	"dtc": 36878, 
	"devicedata": {}, 
	"dtctype": 3, 
	"name": "Front_Buzzer"
	}, 
	{
	"dtc": 36873, 
	"devicedata": {}, 
	"dtctype": 3, 
	"name": "Led"
	}, 
	{
	"dtc": 36875, 
	"devicedata": {
		"Attenuation Time Sensor FIL": "0", 
		"Distance FIL": "0"
	}, 
	"dtctype": 0, 
	"name": "Front_Inner_Left_Sensor"
	}, 
	{
	"dtc": 0, 
	"devicedata": {}, 
	"dtctype": 0, 
	"name": "ICT_Traceability"
	}, 
	{
	"dtc": 0, 
	"devicedata": {
		"Status Long On/Off mode": "0", 
		"Status Push Trace": "0", 
		"Status Short On/Off mode": "0"
	}, 
	"dtctype": 0, 
	"name": "Button"
	}, 
	{
	"dtc": 0, 
	"devicedata": {}, 
	"dtctype": 0, 
	"name": "Vehicle"
	}, 
	{
	"dtc": 0, 
	"devicedata": {
		"EOLT_Date": "0", 
		"EOLT_Year": "0", 
		"EOLT_Test_Equipment": "0", 
		"EOLT_Traceability": "0", 
		"EOLT_Test_Result": "0", 
		"EOLT_KindOfTest": "0", 
		"EOLT_Month": "0"
	}, 
	"dtctype": 4, 
	"name": "EOLT_Traceability"
	}, 
	{
	"dtc": 36877, 
	"devicedata": {
		"Distance FOR": "0", 
		"Attenuation Time Sensor FOR": "0"
	}, 
	"dtctype": 0, 
	"name": "Front_Outer_Right_Sensor"
	}, 
	{
	"dtc": 36870, 
	"devicedata": {}, 
	"dtctype": 3, 
	"name": "Rear_Buzzer"
	}, 
	{
	"dtc": 36866, 
	"devicedata": {
		"Distance RIL": "0", 
		"Attenuation Time Sensor RIL": "0"
	}, 
	"dtctype": 0, 
	"name": "Rear_Inner_Left_Sensor"
	}, 
	{
	"dtc": 36869, 
	"devicedata": {
		"UPA_System_Type": "0", 
		"ECU_Voltage": "0", 
		"Sensor_Voltage": "0"
	}, 
	"dtctype": 2, 
	"name": "ECU"
	}, 
	{
	"dtc": 36865, 
	"devicedata": {
		"Distance ROL": "0", 
		"Attenuation Time Sensor ROL": "0"
	}, 
	"dtctype": 0, 
	"name": "Rear_Outer_Left_Sensor"
	}, 
	{
	"dtc": 36874, 
	"devicedata": {
		"Attenuation Time Sensor FOL": "0", 
		"Distance FOL": "0"
	}, 
	"dtctype": 0, 
	"name": "Front_Outer_Left_Sensor"
	}, 
	{
	"dtc": 36867, 
	"devicedata": {
		"Attenuation Time Sensor RIR": "0", 
		"Distance RIR": "0"
	}, 
	"dtctype": 0, 
	"name": "Rear_Inner_Right_Sensor"
	}, 
	{
	"dtc": 36868, 
	"devicedata": {
		"Attenuation Time Sensor ROR": "0", 
		"Distance ROR": "0"
	}, 
	"dtctype": 0, 
	"name": "Rear_Outer_Right_Sensor"
	}
], 
"ecuname": "UPA CAN Display V1.2", 
"autoidents": [
	{
	"diagversion": "4", 
	"supplier": "AFK", 
	"version": "5050", 
	"soft": "0004"
	}, 
	{
	"diagversion": "4", 
	"supplier": "AFK", 
	"version": "5050", 
	"soft": "0005"
	}, 
	{
	"diagversion": "4", 
	"supplier": "AFK", 
	"version": "5050", 
	"soft": "0006"
	}, 
	{
	"diagversion": "4", 
	"supplier": "AFK", 
	"version": "5050", 
	"soft": "0007"
	}, 
	{
	"diagversion": "36", 
	"supplier": "AFK", 
	"version": "5050", 
	"soft": "0008"
	}, 
	{
	"diagversion": "36", 
	"supplier": "AFK", 
	"version": "5050", 
	"soft": "0009"
	}, 
	{
	"diagversion": "36", 
	"supplier": "AFK", 
	"version": "5050", 
	"soft": "0010"
	}, 
	{
	"diagversion": "36", 
	"supplier": "AFK", 
	"version": "5050", 
	"soft": "0011"
	}, 
	{
	"diagversion": "36", 
	"supplier": "AFK", 
	"version": "5050", 
	"soft": "0014"
	}, 
	{
	"diagversion": "36", 
	"supplier": "AFK", 
	"version": "5050", 
	"soft": "0015"
	}
], 
"endian": "Big", 
"requests": [
	{
	"receivebyte_dataitems": {
		"Distance between FIL and FIR sensors": {
		"ref": true, 
		"firstbyte": 4
		}, 
		"Detection Range FI sensors": {
		"ref": true, 
		"firstbyte": 6
		}, 
		"Offset FO sensors": {
		"ref": true, 
		"firstbyte": 7
		}, 
		"Offset FI sensors": {
		"ref": true, 
		"firstbyte": 8
		}, 
		"Distance between FO and FI sensors": {
		"ref": true, 
		"firstbyte": 3
		}, 
		"Detection Range FO sensors": {
		"ref": true, 
		"firstbyte": 5
		}, 
		"Front_Continuous_Tone_Range": {
		"ref": true, 
		"firstbyte": 9
		}
	}, 
	"deny_sds": [], 
	"minbytes": 9, 
	"sentbytes": "21AB", 
	"name": "DataRead.Front_Bumper_Geometry"
	}, 
	{
	"receivebyte_dataitems": {
		"Distance FOR": {
		"firstbyte": 12
		}, 
		"Distance FIR/FIL": {
		"ref": true, 
		"firstbyte": 8
		}, 
		"Distance FIL": {
		"firstbyte": 6
		}, 
		"Distance FOL/FIL": {
		"ref": true, 
		"firstbyte": 4
		}, 
		"Distance FIR/FOR": {
		"ref": true, 
		"firstbyte": 10
		}, 
		"Distance FIL/FIR": {
		"ref": true, 
		"firstbyte": 7
		}, 
		"Distance FIL/FOL": {
		"ref": true, 
		"firstbyte": 5
		}, 
		"Distance FOR/FIR": {
		"ref": true, 
		"firstbyte": 11
		}, 
		"Distance FIR": {
		"firstbyte": 9
		}, 
		"Distance FOL": {
		"firstbyte": 3
		}
	}, 
	"deny_sds": [], 
	"minbytes": 12, 
	"sentbytes": "2112", 
	"name": "DataRead.Front_Distances_Measurement"
	}, 
	{
	"receivebyte_dataitems": {
		"HardwareNumber.BasicPartList": {
		"ref": true, 
		"firstbyte": 24
		}, 
		"DiagnosticIdentificationCode": {
		"ref": true, 
		"firstbyte": 8
		}, 
		"CalibrationNumber": {
		"ref": true, 
		"firstbyte": 21
		}, 
		"SupplierNumber.ITG": {
		"ref": true, 
		"firstbyte": 9
		}, 
		"HardwareNumber.LowerPart": {
		"ref": true, 
		"firstbyte": 12
		}, 
		"PartNumber.BasicPartList": {
		"ref": true, 
		"firstbyte": 23
		}, 
		"ManufacturerIdentificationCode": {
		"ref": true, 
		"firstbyte": 26
		}, 
		"ApprovalNumber.BasicPartList": {
		"ref": true, 
		"firstbyte": 25
		}, 
		"EditionNumber": {
		"ref": true, 
		"firstbyte": 19
		}, 
		"PartNumber.LowerPart": {
		"ref": true, 
		"firstbyte": 3
		}, 
		"SoftwareNumber": {
		"ref": true, 
		"firstbyte": 17
		}
	}, 
	"deny_sds": [], 
	"minbytes": 26, 
	"sentbytes": "2180", 
	"name": "DataRead.Identification.RenaultR2"
	}, 
	{
	"receivebyte_dataitems": {
		"Front_Buzzer_Volume": {
		"ref": true, 
		"firstbyte": 3
		}
	}, 
	"deny_sds": [], 
	"minbytes": 3, 
	"sentbytes": "2105", 
	"name": "DataRead.Front_Buzzer_Volume"
	}, 
	{
	"receivebyte_dataitems": {
		"Rear_Outer_Scale": {
		"ref": true, 
		"firstbyte": 15
		}, 
		"Rear_Level_Outer_4ms": {
		"ref": true, 
		"firstbyte": 8
		}, 
		"Rear_Level_Outer_9ms": {
		"ref": true, 
		"firstbyte": 14
		}, 
		"Rear_Level_Outer_2ms": {
		"ref": true, 
		"firstbyte": 4
		}, 
		"Rear_Level_Outer_2,5ms": {
		"ref": true, 
		"firstbyte": 5
		}, 
		"Rear_Level_Outer_1,5ms": {
		"ref": true, 
		"firstbyte": 3
		}, 
		"Rear_Level_Outer_3ms": {
		"firstbyte": 6
		}, 
		"Rear_Level_Outer_3,5ms": {
		"ref": true, 
		"firstbyte": 7
		}, 
		"Rear_Level_Outer_7ms": {
		"ref": true, 
		"firstbyte": 12
		}, 
		"Rear_Level_Outer_5ms": {
		"ref": true, 
		"firstbyte": 10
		}, 
		"Rear_Level_Outer_4,5ms": {
		"ref": true, 
		"firstbyte": 9
		}, 
		"Rear_Level_Outer_8ms": {
		"ref": true, 
		"firstbyte": 13
		}, 
		"Rear_Level_Outer_6ms": {
		"ref": true, 
		"firstbyte": 11
		}
	}, 
	"deny_sds": [], 
	"minbytes": 15, 
	"sentbytes": "21A2", 
	"name": "DataRead.RearOuterSensorsThresholds"
	}, 
	{
	"receivebyte_dataitems": {
		"Front_Level_Inner_3ms": {
		"ref": true, 
		"firstbyte": 6
		}, 
		"Front_Level_Inner_2,5ms": {
		"ref": true, 
		"firstbyte": 5
		}, 
		"Front_Level_Inner_8ms": {
		"ref": true, 
		"firstbyte": 13
		}, 
		"Front_Level_Inner_1,5ms": {
		"ref": true, 
		"firstbyte": 3
		}, 
		"Front_Inner_Scale": {
		"ref": true, 
		"firstbyte": 15
		}, 
		"Front_Level_Inner_4,5ms": {
		"ref": true, 
		"firstbyte": 9
		}, 
		"Front_Level_Inner_6ms": {
		"ref": true, 
		"firstbyte": 11
		}, 
		"Front_Level_Inner_2ms": {
		"ref": true, 
		"firstbyte": 4
		}, 
		"Front_Level_Inner_9ms": {
		"ref": true, 
		"firstbyte": 14
		}, 
		"Front_Level_Inner_4ms": {
		"ref": true, 
		"firstbyte": 8
		}, 
		"Front_Level_Inner_5ms": {
		"ref": true, 
		"firstbyte": 10
		}, 
		"Front_Level_Inner_7ms": {
		"ref": true, 
		"firstbyte": 12
		}, 
		"Front_Level_Inner_3,5ms": {
		"ref": true, 
		"firstbyte": 7
		}
	}, 
	"deny_sds": [], 
	"minbytes": 15, 
	"sentbytes": "21A6", 
	"name": "DataRead.FrontInnerSensorsThresholds"
	}, 
	{
	"sendbyte_dataitems": {
		"Front_Buzzer_Volume": {
		"firstbyte": 3
		}
	}, 
	"deny_sds": [], 
	"minbytes": 1, 
	"sentbytes": "3B0500", 
	"name": "DataWrite.Front_Buzzer_Volume"
	}, 
	{
	"receivebyte_dataitems": {
		"Detection Range Front Outer Sensors": {
		"ref": true, 
		"firstbyte": 3
		}, 
		"Detection Range Front Inner Sensors": {
		"ref": true, 
		"firstbyte": 4
		}
	}, 
	"deny_sds": [], 
	"minbytes": 4, 
	"sentbytes": "2117", 
	"name": "DataRead.DetectionRangeFrontSensors"
	}, 
	{
	"name": "StartDiagnosticSession", 
	"deny_sds": [], 
	"manualsend": true, 
	"sendbyte_dataitems": {
		"SessionName": {
		"firstbyte": 2
		}
	}, 
	"minbytes": 2, 
	"sentbytes": "10C0"
	}, 
	{
	"name": "DataRead.Tempo_Rear_Gear", 
	"replybytes": "612400", 
	"deny_sds": [], 
	"receivebyte_dataitems": {
		"Tempo_Rear_Gear": {
		"ref": true, 
		"firstbyte": 3
		}
	}, 
	"minbytes": 3, 
	"sentbytes": "2124"
	}, 
	{
	"name": "DataRead.Tempo_Display_Transitions", 
	"replybytes": "612600", 
	"deny_sds": [], 
	"receivebyte_dataitems": {
		"Tempo_Display_Transitions": {
		"firstbyte": 3
		}
	}, 
	"minbytes": 3, 
	"sentbytes": "2126"
	}, 
	{
	"name": "DataRead.Hysteresis_Display_Colors", 
	"replybytes": "612700", 
	"deny_sds": [], 
	"receivebyte_dataitems": {
		"Hysteresis_Display_Colors": {
		"firstbyte": 3
		}
	}, 
	"minbytes": 3, 
	"sentbytes": "2127"
	}, 
	{
	"name": "DataWrite.UPA_System_Type", 
	"replybytes": "7B15", 
	"deny_sds": [], 
	"sendbyte_dataitems": {
		"UPA_System_Type": {
		"firstbyte": 3
		}
	}, 
	"minbytes": 1, 
	"sentbytes": "3B1500"
	}, 
	{
	"receivebyte_dataitems": {
		"Production_Year": {
		"firstbyte": 7
		}, 
		"EOLT_Test_Equipment": {
		"firstbyte": 5
		}, 
		"Assembly_Line_Number": {
		"ref": true, 
		"firstbyte": 3
		}, 
		"Production_Day": {
		"firstbyte": 9
		}, 
		"Day_Part_Number": {
		"firstbyte": 12
		}
	}, 
	"deny_sds": [], 
	"minbytes": 20, 
	"sentbytes": "2184", 
	"name": "DataRead.ECU_Traceability"
	}, 
	{
	"receivebyte_dataitems": {
		"EOLT_Date": {
		"ref": true, 
		"firstbyte": 3
		}, 
		"EOLT_Year": {
		"ref": true, 
		"firstbyte": 5
		}, 
		"EOLT_Test_Equipment": {
		"ref": true, 
		"firstbyte": 7
		}, 
		"EOLT_Traceability": {
		"ref": true, 
		"firstbyte": 3
		}, 
		"EOLT_Test_Result": {
		"ref": true, 
		"firstbyte": 6
		}, 
		"EOLT_KindOfTest": {
		"ref": true, 
		"firstbyte": 8
		}, 
		"EOLT_Month": {
		"ref": true, 
		"firstbyte": 4
		}
	}, 
	"deny_sds": [], 
	"minbytes": 12, 
	"sentbytes": "21A5", 
	"name": "DataRead.Traceability_EOLT"
	}, 
	{
	"name": "DataWrite.Hysteresis_Display_Colors", 
	"replybytes": "7B27", 
	"deny_sds": [], 
	"sendbyte_dataitems": {
		"Hysteresis_Display_Colors": {
		"firstbyte": 3
		}
	}, 
	"minbytes": 1, 
	"sentbytes": "3B2700"
	}, 
	{
	"name": "DataRead.VehicleConfiguration", 
	"replybytes": "61010000", 
	"deny_sds": [], 
	"receivebyte_dataitems": {
		"Vehicle_Identification_Code": {
		"ref": true, 
		"firstbyte": 3
		}, 
		"Gearbox_Type_Configuration": {
		"ref": true, 
		"firstbyte": 4
		}
	}, 
	"minbytes": 4, 
	"sentbytes": "2101"
	}, 
	{
	"receivebyte_dataitems": {
		"Rear_Level_Inner_3,5ms": {
		"ref": true, 
		"firstbyte": 7
		}, 
		"Rear_Level_Inner_9ms": {
		"ref": true, 
		"firstbyte": 14
		}, 
		"Rear_Level_Inner_7ms": {
		"ref": true, 
		"firstbyte": 12
		}, 
		"Rear_Inner_Scale": {
		"ref": true, 
		"firstbyte": 15
		}, 
		"Rear_Level_Inner_1,5ms": {
		"ref": true, 
		"firstbyte": 3
		}, 
		"Rear_Level_Inner_4ms": {
		"ref": true, 
		"firstbyte": 8
		}, 
		"Rear_Level_Inner_5ms": {
		"ref": true, 
		"firstbyte": 10
		}, 
		"Rear_Level_Inner_8ms": {
		"ref": true, 
		"firstbyte": 13
		}, 
		"Rear_Level_Inner_3ms": {
		"ref": true, 
		"firstbyte": 6
		}, 
		"Rear_Level_Inner_2ms": {
		"ref": true, 
		"firstbyte": 4
		}, 
		"Rear_Level_Inner_2,5ms": {
		"ref": true, 
		"firstbyte": 5
		}, 
		"Rear_Level_Inner_4,5ms": {
		"ref": true, 
		"firstbyte": 9
		}, 
		"Rear_Level_Inner_6ms": {
		"ref": true, 
		"firstbyte": 11
		}
	}, 
	"deny_sds": [], 
	"minbytes": 15, 
	"sentbytes": "21A1", 
	"name": "DataRead.RearInnerSensorsThresholds"
	}, 
	{
	"name": "ReadDTCInformation.ReportExtendedData", 
	"replybytes": "590600000000", 
	"deny_sds": [], 
	"receivebyte_dataitems": {
		"DTCExtendedData.AgingCounter": {
		"firstbyte": 8
		}, 
		"DTCExtendedDataRecordNumber": {
		"firstbyte": 7
		}, 
		"DTCExtendedData.Mileage": {
		"firstbyte": 8
		}, 
		"DTCRecord": {
		"firstbyte": 3
		}, 
		"StatusOfDTC": {
		"firstbyte": 6
		}, 
		"DTCExtendedData.DTCOccurrenceCounter": {
		"firstbyte": 8
		}
	}, 
	"sendbyte_dataitems": {
		"DTCMaskRecord": {
		"firstbyte": 3
		}
	}, 
	"minbytes": 6, 
	"sentbytes": "1906000000FF"
	}, 
	{
	"receivebyte_dataitems": {
		"CRC": {
		"ref": true, 
		"firstbyte": 20
		}, 
		"VIN": {
		"ref": true, 
		"firstbyte": 3
		}
	}, 
	"deny_sds": [], 
	"minbytes": 21, 
	"sentbytes": "2181", 
	"name": "DataRead.VIN"
	}, 
	{
	"receivebyte_dataitems": {
		"Rear_Buzzer_Frequency": {
		"ref": true, 
		"firstbyte": 3
		}
	}, 
	"deny_sds": [], 
	"minbytes": 3, 
	"sentbytes": "2104", 
	"name": "DataRead.Rear_Buzzer_Frequency"
	}, 
	{
	"receivebyte_dataitems": {
		"Front_Outer_Scale": {
		"ref": true, 
		"firstbyte": 15
		}, 
		"Front_Level_Outer_2ms": {
		"ref": true, 
		"firstbyte": 4
		}, 
		"Front_Level_Outer_4ms": {
		"ref": true, 
		"firstbyte": 8
		}, 
		"Front_Level_Outer_3,5ms": {
		"ref": true, 
		"firstbyte": 7
		}, 
		"Front_Level_Outer_9ms": {
		"ref": true, 
		"firstbyte": 14
		}, 
		"Front_Level_Outer_1,5ms": {
		"ref": true, 
		"firstbyte": 3
		}, 
		"Front_Level_Outer_4,5ms": {
		"ref": true, 
		"firstbyte": 9
		}, 
		"Front_Level_Outer_8ms": {
		"ref": true, 
		"firstbyte": 13
		}, 
		"Front_Level_Outer_2,5ms": {
		"ref": true, 
		"firstbyte": 5
		}, 
		"Front_Level_Outer_5ms": {
		"ref": true, 
		"firstbyte": 10
		}, 
		"Front_Level_Outer_6ms": {
		"ref": true, 
		"firstbyte": 11
		}, 
		"Front_Level_Outer_3ms": {
		"ref": true, 
		"firstbyte": 6
		}, 
		"Front_Level_Outer_7ms": {
		"ref": true, 
		"firstbyte": 12
		}
	}, 
	"deny_sds": [], 
	"minbytes": 15, 
	"sentbytes": "21A7", 
	"name": "DataRead.FrontOuterSensorsThresholds"
	}, 
	{
	"receivebyte_dataitems": {
		"Caravan Attachment Range": {
		"ref": true, 
		"firstbyte": 3
		}
	}, 
	"deny_sds": [], 
	"minbytes": 3, 
	"sentbytes": "2108", 
	"name": "DataRead.CaravanDetectionZone"
	}, 
	{
	"deny_sds": [], 
	"minbytes": 1, 
	"sentbytes": "3E01", 
	"name": "TesterPresent.WithResponse"
	}, 
	{
	"receivebyte_dataitems": {
		"Threshold Speed Activation": {
		"ref": true, 
		"firstbyte": 3
		}
	}, 
	"deny_sds": [], 
	"minbytes": 3, 
	"sentbytes": "2119", 
	"name": "DataRead.Speed_Th_Activation"
	}, 
	{
	"sendbyte_dataitems": {
		"CRC": {
		"firstbyte": 20
		}, 
		"VIN": {
		"firstbyte": 3
		}
	}, 
	"deny_sds": [], 
	"minbytes": 1, 
	"sentbytes": "3B8100000000000000000000000000000000000000", 
	"name": "DataWrite.VIN"
	}, 
	{
	"sendbyte_dataitems": {
		"Front_Buzzer_Frequency": {
		"firstbyte": 3
		}
	}, 
	"deny_sds": [], 
	"minbytes": 1, 
	"sentbytes": "3B0600", 
	"name": "DataWrite.Front_Buzzer_Frequency"
	}, 
	{
	"deny_sds": [], 
	"minbytes": 1, 
	"sentbytes": "14FFFFFF", 
	"name": "ClearDiagnosticInformation.All"
	}, 
	{
	"sendbyte_dataitems": {
		"Caravan Attachment Range": {
		"firstbyte": 3
		}
	}, 
	"deny_sds": [], 
	"minbytes": 1, 
	"sentbytes": "3B0800", 
	"name": "DataWrite.CaravanDetectionZone"
	}, 
	{
	"name": "ReadDTCInformation.ReportExtendedData.Mileage", 
	"replybytes": "59060000000080000000", 
	"deny_sds": [], 
	"receivebyte_dataitems": {
		"DTCExtendedData.Mileage": {
		"firstbyte": 8
		}, 
		"DTCRecord": {
		"firstbyte": 3
		}, 
		"StatusOfDTC": {
		"firstbyte": 6
		}, 
		"DTCExtendedDataRecordNumber": {
		"firstbyte": 7
		}
	}, 
	"sendbyte_dataitems": {
		"DTCMaskRecord": {
		"firstbyte": 3
		}
	}, 
	"minbytes": 6, 
	"sentbytes": "190600000080"
	}, 
	{
	"name": "DataWrite.Tempo_Rear_Gear", 
	"replybytes": "7B24", 
	"deny_sds": [], 
	"sendbyte_dataitems": {
		"Tempo_Rear_Gear": {
		"firstbyte": 3
		}
	}, 
	"minbytes": 1, 
	"sentbytes": "3B2400"
	}, 
	{
	"receivebyte_dataitems": {
		"Front_Buzzer_Frequency": {
		"ref": true, 
		"firstbyte": 3
		}
	}, 
	"deny_sds": [], 
	"minbytes": 3, 
	"sentbytes": "2106", 
	"name": "DataRead.Front_Buzzer_Frequency"
	}, 
	{
	"receivebyte_dataitems": {
		"Tempo for V=0": {
		"ref": true, 
		"firstbyte": 3
		}
	}, 
	"deny_sds": [], 
	"minbytes": 3, 
	"sentbytes": "2118", 
	"name": "DataRead.TempoValue"
	}, 
	{
	"receivebyte_dataitems": {
		"Attenuation Time Sensor FIL": {
		"ref": true, 
		"firstbyte": 4
		}, 
		"Attenuation Time Sensor FOL": {
		"ref": true, 
		"firstbyte": 3
		}, 
		"Attenuation Time Sensor FOR": {
		"ref": true, 
		"firstbyte": 6
		}, 
		"Attenuation Time Sensor FIR": {
		"ref": true, 
		"firstbyte": 5
		}
	}, 
	"deny_sds": [], 
	"minbytes": 6, 
	"sentbytes": "21A9", 
	"name": "DataRead.Front AttenuationTime"
	}, 
	{
	"name": "DataWrite.ConfigurationFlags", 
	"replybytes": "7B07", 
	"deny_sds": [], 
	"sendbyte_dataitems": {
		"Flag Parking brake signal": {
		"bitoffset": 2, 
		"firstbyte": 3
		}, 
		"Chime_Tone_Emission": {
		"bitoffset": 1, 
		"firstbyte": 3
		}, 
		"Error_Tone_Emission": {
		"bitoffset": 3, 
		"firstbyte": 3
		}, 
		"Flag_Feature_Corner": {
		"bitoffset": 6, 
		"firstbyte": 3
		}, 
		"Flag On/Off Button": {
		"firstbyte": 3
		}, 
		"Flag_Feature_Depart": {
		"bitoffset": 5, 
		"firstbyte": 3
		}
	}, 
	"minbytes": 2, 
	"sentbytes": "3B0700"
	}, 
	{
	"receivebyte_dataitems": {
		"Threshold Speed Deactivation": {
		"ref": true, 
		"firstbyte": 3
		}
	}, 
	"deny_sds": [], 
	"minbytes": 3, 
	"sentbytes": "211A", 
	"name": "DataRead.Speed_Th_Deactivation"
	}, 
	{
	"receivebyte_dataitems": {
		"Distance between RO and RI sensors": {
		"ref": true, 
		"firstbyte": 3
		}, 
		"Rear_Continuous_Tone_Range": {
		"ref": true, 
		"firstbyte": 9
		}, 
		"Detection Range RO sensors": {
		"ref": true, 
		"firstbyte": 5
		}, 
		"Offset RO sensors": {
		"ref": true, 
		"firstbyte": 7
		}, 
		"Detection Range RI sensors": {
		"ref": true, 
		"firstbyte": 6
		}, 
		"Distance between RIL and RIR sensors": {
		"ref": true, 
		"firstbyte": 4
		}, 
		"Offset RI sensors": {
		"ref": true, 
		"firstbyte": 8
		}
	}, 
	"deny_sds": [], 
	"minbytes": 9, 
	"sentbytes": "21AA", 
	"name": "DataRead.Rear_Bumper_Geometry"
	}, 
	{
	"receivebyte_dataitems": {
		"UPA_System_Type": {
		"ref": true, 
		"firstbyte": 3
		}
	}, 
	"deny_sds": [], 
	"minbytes": 3, 
	"sentbytes": "2115", 
	"name": "DataRead.UPA_System_Type"
	}, 
	{
	"name": "ReadDTCInformation.ReportDTC", 
	"replybytes": "59020000000000", 
	"deny_sds": [], 
	"receivebyte_dataitems": {
		"DTCStatus.testFailedSinceLastClear": {
		"bitoffset": 2, 
		"firstbyte": 7
		}, 
		"DTCStatus.pendingDTC": {
		"bitoffset": 5, 
		"firstbyte": 7
		}, 
		"DTCStatus.confirmedDTC": {
		"bitoffset": 4, 
		"firstbyte": 7
		}, 
		"DTCDeviceAndFailureTypeOBD": {
		"firstbyte": 4
		}, 
		"DTCFailureType.ManufacturerOrSupplier": {
		"bitoffset": 4, 
		"firstbyte": 6
		}, 
		"DTCFailureType.Category": {
		"firstbyte": 6
		}, 
		"DTCFailureType": {
		"firstbyte": 6
		}, 
		"DTCStatus.testNotCompletedSinceLastClear": {
		"bitoffset": 3, 
		"firstbyte": 7
		}, 
		"DTCStatus.testNotCompletedThisMonitoringCycle": {
		"bitoffset": 1, 
		"firstbyte": 7
		}, 
		"DTCStatusAvailabilityMask": {
		"firstbyte": 3
		}, 
		"DTCStatus.warningIndicatorRequested": {
		"firstbyte": 7
		}, 
		"StatusOfDTC": {
		"firstbyte": 7
		}, 
		"DTCStatus.testFailedThisMonitoringCycle": {
		"bitoffset": 6, 
		"firstbyte": 7
		}, 
		"DTCStatus.testFailed": {
		"bitoffset": 7, 
		"firstbyte": 7
		}, 
		"DTCDeviceIdentifier": {
		"firstbyte": 4
		}
	}, 
	"minbytes": 3, 
	"sentbytes": "1902FF", 
	"shiftbytescount": 4
	}, 
	{
	"name": "DataWrite.VehicleConfiguration", 
	"replybytes": "7B01", 
	"deny_sds": [], 
	"sendbyte_dataitems": {
		"Vehicle_Identification_Code": {
		"firstbyte": 3
		}, 
		"Gearbox_Type_Configuration": {
		"firstbyte": 4
		}
	}, 
	"minbytes": 1, 
	"sentbytes": "3B010000"
	}, 
	{
	"receivebyte_dataitems": {
		"Attenuation Time Sensor ROR": {
		"ref": true, 
		"firstbyte": 6
		}, 
		"Attenuation Time Sensor RIR": {
		"ref": true, 
		"firstbyte": 5
		}, 
		"Attenuation Time Sensor RIL": {
		"ref": true, 
		"firstbyte": 4
		}, 
		"Attenuation Time Sensor ROL": {
		"ref": true, 
		"firstbyte": 3
		}
	}, 
	"deny_sds": [], 
	"minbytes": 6, 
	"sentbytes": "21A4", 
	"name": "DataRead.RearAttenuationTime"
	}, 
	{
	"name": "DataWrite.Tempo_Display_Disappear", 
	"replybytes": "7B25", 
	"deny_sds": [], 
	"sendbyte_dataitems": {
		"Tempo_Display_Disappear": {
		"firstbyte": 3
		}
	}, 
	"minbytes": 1, 
	"sentbytes": "3B2500"
	}, 
	{
	"receivebyte_dataitems": {
		"Production_Year": {
		"ref": true, 
		"firstbyte": 13
		}, 
		"ICT_Traceability": {
		"ref": true, 
		"firstbyte": 3
		}, 
		"Production_Day": {
		"ref": true, 
		"firstbyte": 15
		}, 
		"Day_Part_Number": {
		"ref": true, 
		"firstbyte": 18
		}, 
		"PCB_Serial_Number": {
		"ref": true, 
		"firstbyte": 6
		}
	}, 
	"deny_sds": [], 
	"minbytes": 22, 
	"sentbytes": "21A3", 
	"name": "DataRead.Traceability_ICT"
	}, 
	{
	"sendbyte_dataitems": {
		"Rear_Buzzer_Frequency": {
		"firstbyte": 3
		}
	}, 
	"deny_sds": [], 
	"minbytes": 1, 
	"sentbytes": "3B0400", 
	"name": "DataWrite.Rear_Buzzer_Frequency"
	}, 
	{
	"receivebyte_dataitems": {
		"Distance RIL": {
		"firstbyte": 6
		}, 
		"Distance ROR": {
		"firstbyte": 12
		}, 
		"Distance RIL/RIR": {
		"ref": true, 
		"firstbyte": 7
		}, 
		"Distance RIR/ROR": {
		"ref": true, 
		"firstbyte": 10
		}, 
		"Distance ROL": {
		"firstbyte": 3
		}, 
		"Distance ROR/RIR": {
		"ref": true, 
		"firstbyte": 11
		}, 
		"Distance ROL/RIL": {
		"ref": true, 
		"firstbyte": 4
		}, 
		"Distance RIR/RIL": {
		"ref": true, 
		"firstbyte": 8
		}, 
		"Distance RIR": {
		"firstbyte": 9
		}, 
		"Distance RIL/ROL": {
		"ref": true, 
		"firstbyte": 5
		}
	}, 
	"deny_sds": [], 
	"minbytes": 12, 
	"sentbytes": "2111", 
	"name": "DataRead.Rear_Distances_Measurement"
	}, 
	{
	"receivebyte_dataitems": {
		"Detection Range Rear Outer Sensors": {
		"ref": true, 
		"firstbyte": 3
		}, 
		"Detection Range Rear Inner Sensors": {
		"ref": true, 
		"firstbyte": 4
		}
	}, 
	"deny_sds": [], 
	"minbytes": 4, 
	"sentbytes": "2116", 
	"name": "DataRead.DetectionRangeRearSensors"
	}, 
	{
	"sendbyte_dataitems": {
		"Rear_Buzzer_Volume": {
		"firstbyte": 3
		}
	}, 
	"deny_sds": [], 
	"minbytes": 1, 
	"sentbytes": "3B0300", 
	"name": "DataWrite.Rear_Buzzer_Volume"
	}, 
	{
	"name": "DataRead.Tempo_Display_Disappear", 
	"replybytes": "612500", 
	"deny_sds": [], 
	"receivebyte_dataitems": {
		"Tempo_Display_Disappear": {
		"ref": true, 
		"firstbyte": 3
		}
	}, 
	"minbytes": 3, 
	"sentbytes": "2125"
	}, 
	{
	"name": "DataWrite.Tempo_Display_Transitions", 
	"replybytes": "7B26", 
	"deny_sds": [], 
	"sendbyte_dataitems": {
		"Tempo_Display_Transitions": {
		"firstbyte": 3
		}
	}, 
	"minbytes": 1, 
	"sentbytes": "3B2600"
	}, 
	{
	"name": "DataRead.UPAStatusFrame", 
	"replybytes": "6102000000000000000000000000000000", 
	"deny_sds": [], 
	"receivebyte_dataitems": {
		"Rear_Calculated_Distance": {
		"ref": true, 
		"firstbyte": 7
		}, 
		"Normal/Usual_Mode_Status": {
		"bitoffset": 1, 
		"ref": true, 
		"firstbyte": 17
		}, 
		"Manoeuver_Mode_Status": {
		"ref": true, 
		"firstbyte": 17
		}, 
		"Front_Calculated_Distance": {
		"ref": true, 
		"firstbyte": 12
		}, 
		"Distance FOR": {
		"ref": true, 
		"firstbyte": 11
		}, 
		"Status Trailer tow": {
		"bitoffset": 6, 
		"ref": true, 
		"firstbyte": 16
		}, 
		"Status Long On/Off mode": {
		"bitoffset": 3, 
		"ref": true, 
		"firstbyte": 16
		}, 
		"Distance FOL": {
		"ref": true, 
		"firstbyte": 8
		}, 
		"Distance FIL": {
		"ref": true, 
		"firstbyte": 9
		}, 
		"Status Reverse": {
		"bitoffset": 7, 
		"ref": true, 
		"firstbyte": 16
		}, 
		"Gearbox_Type_Status": {
		"bitoffset": 4, 
		"ref": true, 
		"firstbyte": 16
		}, 
		"Status Push Trace": {
		"bitoffset": 1, 
		"ref": true, 
		"firstbyte": 16
		}, 
		"ECU_Voltage": {
		"ref": true, 
		"firstbyte": 14
		}, 
		"Handbrake_Status": {
		"bitoffset": 5, 
		"ref": true, 
		"firstbyte": 16
		}, 
		"Distance FIR": {
		"ref": true, 
		"firstbyte": 10
		}, 
		"Distance RIL": {
		"ref": true, 
		"firstbyte": 4
		}, 
		"Distance ROR": {
		"ref": true, 
		"firstbyte": 6
		}, 
		"Distance ROL": {
		"ref": true, 
		"firstbyte": 3
		}, 
		"Vehicle_Speed": {
		"ref": true, 
		"firstbyte": 13
		}, 
		"Status Short On/Off mode": {
		"bitoffset": 2, 
		"ref": true, 
		"firstbyte": 16
		}, 
		"Sensor_Voltage": {
		"ref": true, 
		"firstbyte": 15
		}, 
		"System_Status_Byte1": {
		"ref": true, 
		"firstbyte": 16
		}, 
		"System_Status_Byte2": {
		"ref": true, 
		"firstbyte": 17
		}, 
		"Distance RIR": {
		"ref": true, 
		"firstbyte": 5
		}
	}, 
	"minbytes": 17, 
	"sentbytes": "2102"
	}, 
	{
	"name": "DataRead.ConfigurationFlags", 
	"replybytes": "610700", 
	"deny_sds": [], 
	"receivebyte_dataitems": {
		"Flag Parking brake signal": {
		"bitoffset": 2, 
		"ref": true, 
		"firstbyte": 3
		}, 
		"Chime_Tone_Emission": {
		"bitoffset": 1, 
		"ref": true, 
		"firstbyte": 3
		}, 
		"Error_Tone_Emission": {
		"bitoffset": 3, 
		"ref": true, 
		"firstbyte": 3
		}, 
		"Flag_Feature_Corner": {
		"bitoffset": 6, 
		"firstbyte": 3
		}, 
		"Flag On/Off Button": {
		"ref": true, 
		"firstbyte": 3
		}, 
		"Flag_Feature_Depart": {
		"bitoffset": 5, 
		"firstbyte": 3
		}
	}, 
	"minbytes": 3, 
	"sentbytes": "2107"
	}, 
	{
	"receivebyte_dataitems": {
		"Rear_Buzzer_Volume": {
		"ref": true, 
		"firstbyte": 3
		}
	}, 
	"deny_sds": [], 
	"minbytes": 3, 
	"sentbytes": "2103", 
	"name": "DataRead.Rear_Buzzer_Volume"
	}
], 
"data": {
	"Production_Year": {
	"bytesascii": true, 
	"bytescount": 2, 
	"byte": true, 
	"bitscount": 16
	}, 
	"Rear_Buzzer_Frequency": {
	"lists": {
		"2": "Frequency 800hz", 
		"3": "Frequency 1000hz", 
		"4": "Frequency 1500hz", 
		"5": "Frequency 2000hz"
	}
	}, 
	"Rear_Level_Outer_4ms": {
	"scaled": true
	}, 
	"DTCExtendedDataRecordNumber": {
	"lists": {
		"128": "Mileage", 
		"129": "AgingCounter", 
		"130": "DTCOccurrenceCounter"
	}
	}, 
	"Rear_Calculated_Distance": {
	"scaled": true
	}, 
	"Front_Level_Inner_4,5ms": {
	"scaled": true
	}, 
	"PartNumber.BasicPartList": {
	"lists": {
		"0": "N/A__", 
		"1": "26350", 
		"2": "N/A", 
		"3": "25990"
	}
	}, 
	"EOLT_Month": {
	"scaled": true
	}, 
	"Front_Buzzer_Frequency": {
	"lists": {
		"2": "Frequency 800Hz", 
		"3": "Frequency 1000Hz", 
		"4": "Frequency 1500Hz", 
		"5": "Frequency 2000Hz"
	}
	}, 
	"Distance FOR": {
	"scaled": true
	}, 
	"Distance FIL/FIR": {
	"scaled": true
	}, 
	"Distance between RO and RI sensors": {
	"scaled": true
	}, 
	"Front_Level_Outer_4ms": {
	"scaled": true
	}, 
	"Front_Level_Outer_9ms": {
	"scaled": true
	}, 
	"Detection Range RO sensors": {
	"scaled": true
	}, 
	"Rear_Level_Inner_7ms": {
	"scaled": true
	}, 
	"Threshold Speed Activation": {
	"scaled": true
	}, 
	"Flag On/Off Button": {
	"bitscount": 1, 
	"lists": {
		"0": "No Button", 
		"1": "Button present"
	}
	}, 
	"Distance FOL": {
	"scaled": true
	}, 
	"Front_Outer_Scale": {
	"scaled": true
	}, 
	"Rear_Level_Outer_9ms": {
	"scaled": true
	}, 
	"Status Reverse": {
	"scaled": true, 
	"bitscount": 1
	}, 
	"Gearbox_Type_Status": {
	"scaled": true, 
	"bitscount": 1
	}, 
	"Flag_Feature_Corner": {
	"bitscount": 1, 
	"lists": {
		"0": "Inactive", 
		"1": "Active"
	}
	}, 
	"Status Push Trace": {
	"scaled": true, 
	"bitscount": 1
	}, 
	"Detection Range Rear Inner Sensors": {
	"scaled": true
	}, 
	"Front_Level_Inner_4ms": {
	"scaled": true
	}, 
	"Rear_Level_Inner_2ms": {
	"scaled": true
	}, 
	"DTCDeviceIdentifier": {
	"bytescount": 2, 
	"bitscount": 16, 
	"lists": {
		"36865": "Rear_Outer_Left_Sensor", 
		"36866": "Rear_Inner_Left_Sensor", 
		"36867": "Rear_Inner_Right_Sensor", 
		"36868": "Rear_Outer_Right_Sensor", 
		"36869": "ECU", 
		"36870": "Rear_Buzzer", 
		"36873": "Led", 
		"36874": "Front_Outer_Left_Sensor", 
		"36875": "Front_Inner_Left_Sensor", 
		"36876": "Front_Inner_Right_Sensor", 
		"36877": "Front_Outer_Right_Sensor", 
		"36878": "Front_Buzzer"
	}
	}, 
	"DTCStatus.testFailedSinceLastClear": {
	"bitscount": 1, 
	"lists": {
		"0": "No", 
		"1": "Yes"
	}
	}, 
	"Front_Level_Outer_1,5ms": {
	"scaled": true
	}, 
	"Assembly_Line_Number": {
	"bytesascii": true, 
	"bytescount": 2, 
	"byte": true, 
	"bitscount": 16
	}, 
	"VIN": {
	"bytesascii": true, 
	"bytescount": 17, 
	"byte": true, 
	"bitscount": 136
	}, 
	"Distance RIR/ROR": {
	"scaled": true
	}, 
	"Day_Part_Number": {
	"bytesascii": true, 
	"bytescount": 5, 
	"byte": true, 
	"bitscount": 40
	}, 
	"DTCStatus.testNotCompletedSinceLastClear": {
	"bitscount": 1, 
	"lists": {
		"0": "No", 
		"1": "Yes"
	}
	}, 
	"Front_Level_Outer_2,5ms": {
	"scaled": true
	}, 
	"Vehicle_Speed": {
	"scaled": true
	}, 
	"Rear_Buzzer_Volume": {
	"lists": {
		"2": "Weak", 
		"3": "Moderate", 
		"4": "Moderately Strong", 
		"5": "Strong", 
		"6": "Strong+", 
		"7": "Strong++"
	}
	}, 
	"System_Status_Byte1": {
	"scaled": true
	}, 
	"System_Status_Byte2": {
	"scaled": true
	}, 
	"Attenuation Time Sensor RIR": {
	"scaled": true, 
	"divideby": 1000.0, 
	"step": 16.0, 
	"unit": "ms"
	}, 
	"Rear_Level_Inner_4,5ms": {
	"scaled": true
	}, 
	"DTCExtendedData.Mileage": {
	"scaled": true, 
	"bytescount": 3, 
	"comment": "Description of the extendedData Mileage (use by Failure Page to decode data)", 
	"bitscount": 24, 
	"unit": "km"
	}, 
	"Rear_Level_Outer_3ms": {
	"scaled": true
	}, 
	"Tempo_Display_Transitions": {
	"scaled": true, 
	"step": 0.1, 
	"unit": "s"
	}, 
	"Rear_Level_Outer_5ms": {
	"scaled": true
	}, 
	"CRC": {
	"bytescount": 2, 
	"byte": true, 
	"bitscount": 16
	}, 
	"Detection Range RI sensors": {
	"scaled": true
	}, 
	"SessionName": {
	"lists": {
		"192": "After-Market/Plant Session", 
		"129": "Default Session", 
		"250": "Supplier Session", 
		"134": "Development Session"
	}
	}, 
	"DTCStatus.warningIndicatorRequested": {
	"bitscount": 1, 
	"lists": {
		"0": "No", 
		"1": "Yes"
	}
	}, 
	"Manoeuver_Mode_Status": {
	"scaled": true, 
	"bitscount": 1
	}, 
	"Detection Range Front Inner Sensors": {
	"scaled": true
	}, 
	"DTCExtendedData.AgingCounter": {
	"scaled": true, 
	"comment": "Description of the extendedData AgingCounter (use by Failure Page to decode data)"
	}, 
	"EOLT_Traceability": {
	"bytescount": 10, 
	"byte": true, 
	"bitscount": 80
	}, 
	"Status Trailer tow": {
	"scaled": true, 
	"bitscount": 1
	}, 
	"Distance between RIL and RIR sensors": {
	"scaled": true
	}, 
	"DTCStatusAvailabilityMask": {
	"scaled": true
	}, 
	"Rear_Level_Inner_3ms": {
	"scaled": true
	}, 
	"Tempo_Display_Disappear": {
	"scaled": true, 
	"step": 0.1, 
	"unit": "s"
	}, 
	"EditionNumber": {
	"comment": "Software version(edition) number", 
	"bytescount": 2, 
	"byte": true, 
	"bitscount": 16
	}, 
	"Handbrake_Status": {
	"scaled": true, 
	"bitscount": 1
	}, 
	"PartNumber.LowerPart": {
	"bytesascii": true, 
	"bytescount": 5, 
	"byte": true, 
	"bitscount": 40
	}, 
	"Front_Calculated_Distance": {
	"scaled": true
	}, 
	"Front_Level_Outer_7ms": {
	"scaled": true
	}, 
	"Distance RIL/ROL": {
	"scaled": true
	}, 
	"HardwareNumber.BasicPartList": {
	"lists": {
		"0": "HARDW"
	}
	}, 
	"Distance FIR/FIL": {
	"scaled": true
	}, 
	"Flag Parking brake signal": {
	"bitscount": 1, 
	"lists": {
		"0": "Not present", 
		"1": "Present"
	}
	}, 
	"DTCRecord": {
	"bytescount": 3, 
	"byte": true, 
	"bitscount": 24
	}, 
	"Front_Level_Outer_8ms": {
	"scaled": true
	}, 
	"Offset RI sensors": {
	"scaled": true
	}, 
	"Front_Level_Inner_7ms": {
	"scaled": true
	}, 
	"Flag_Feature_Depart": {
	"bitscount": 1, 
	"lists": {
		"0": "Inactive", 
		"1": "Active"
	}
	}, 
	"Rear_Level_Inner_6ms": {
	"scaled": true
	}, 
	"Distance between FIL and FIR sensors": {
	"scaled": true
	}, 
	"Front_Level_Outer_3,5ms": {
	"scaled": true
	}, 
	"Attenuation Time Sensor ROR": {
	"scaled": true, 
	"divideby": 1000.0, 
	"step": 16.0, 
	"unit": "ms"
	}, 
	"Rear_Level_Outer_1,5ms": {
	"scaled": true
	}, 
	"Front_Level_Inner_3ms": {
	"scaled": true
	}, 
	"Hysteresis_Display_Colors": {
	"scaled": true, 
	"unit": "cm"
	}, 
	"Attenuation Time Sensor ROL": {
	"scaled": true, 
	"divideby": 1000.0, 
	"step": 16.0, 
	"unit": "ms"
	}, 
	"UPA_System_Type": {
	"lists": {
		"8": "Front and Rear Park Assist", 
		"4": "Rear Park Assist"
	}
	}, 
	"DTCStatus.testNotCompletedThisMonitoringCycle": {
	"bitscount": 1, 
	"lists": {
		"0": "No", 
		"1": "Yes"
	}
	}, 
	"Rear_Level_Inner_2,5ms": {
	"scaled": true
	}, 
	"SoftwareNumber": {
	"comment": "Software identification number", 
	"bytescount": 2, 
	"byte": true, 
	"bitscount": 16
	}, 
	"EOLT_Date": {
	"scaled": true
	}, 
	"Offset FO sensors": {
	"scaled": true
	}, 
	"Attenuation Time Sensor FIR": {
	"scaled": true, 
	"divideby": 1000.0, 
	"step": 16.0, 
	"unit": "ms"
	}, 
	"DTCFailureType.Category": {
	"bitscount": 4, 
	"lists": {
		"0": "General Failure Information", 
		"1": "General Electrical Failures", 
		"2": "General Signal Failures", 
		"3": "FM (Frequency Modulated) / PWM (Pulse Width Modulated) Failures", 
		"4": "System Internal Failures", 
		"5": "System Programming Failures", 
		"6": "Algorithm Based Failures", 
		"7": "Mechanical Failures", 
		"8": "Bus Signal / Message Failures", 
		"9": "Component Failures", 
		"15": "Vehicle manufacturer / System supplier specific"
	}
	}, 
	"Distance RIL/RIR": {
	"scaled": true
	}, 
	"Normal/Usual_Mode_Status": {
	"scaled": true, 
	"bitscount": 1
	}, 
	"Distance FOR/FIR": {
	"scaled": true
	}, 
	"Attenuation Time Sensor FIL": {
	"scaled": true, 
	"divideby": 1000.0, 
	"step": 16.0, 
	"unit": "ms"
	}, 
	"EOLT_KindOfTest": {
	"scaled": true
	}, 
	"Front_Level_Inner_3,5ms": {
	"scaled": true
	}, 
	"DTCStatus.pendingDTC": {
	"bitscount": 1, 
	"lists": {
		"0": "No", 
		"1": "Yes"
	}
	}, 
	"Distance between FO and FI sensors": {
	"scaled": true
	}, 
	"Error_Tone_Emission": {
	"bitscount": 1, 
	"lists": {
		"0": "Yes", 
		"1": "No"
	}
	}, 
	"EOLT_Test_Result": {
	"scaled": true
	}, 
	"Front_Level_Outer_4,5ms": {
	"scaled": true
	}, 
	"Front_Level_Outer_6ms": {
	"scaled": true
	}, 
	"Status Long On/Off mode": {
	"scaled": true, 
	"bitscount": 1
	}, 
	"Distance RIL": {
	"scaled": true
	}, 
	"Tempo for V=0": {
	"scaled": true
	}, 
	"Distance ROL/RIL": {
	"scaled": true
	}, 
	"Rear_Level_Inner_9ms": {
	"scaled": true
	}, 
	"DTCFailureType.ManufacturerOrSupplier": {
	"bitscount": 4
	}, 
	"ECU_Voltage": {
	"scaled": true
	}, 
	"Rear_Level_Outer_7ms": {
	"scaled": true
	}, 
	"Detection Range Front Outer Sensors": {
	"scaled": true
	}, 
	"Rear_Level_Inner_4ms": {
	"scaled": true
	}, 
	"Front_Level_Inner_9ms": {
	"scaled": true
	}, 
	"Front_Level_Outer_3ms": {
	"scaled": true
	}, 
	"Distance FIR": {
	"scaled": true
	}, 
	"EOLT_Test_Equipment": {
	"bytesascii": true, 
	"bytescount": 2, 
	"byte": true, 
	"bitscount": 16
	}, 
	"DTCStatus.testFailedThisMonitoringCycle": {
	"bitscount": 1, 
	"lists": {
		"0": "No", 
		"1": "Yes"
	}
	}, 
	"Distance ROR/RIR": {
	"scaled": true
	}, 
	"Distance FIR/FOR": {
	"scaled": true
	}, 
	"Front_Level_Inner_1,5ms": {
	"scaled": true
	}, 
	"Offset RO sensors": {
	"scaled": true
	}, 
	"Distance ROR": {
	"scaled": true
	}, 
	"DTCMaskRecord": {
	"bytescount": 3, 
	"byte": true, 
	"bitscount": 24
	}, 
	"Distance ROL": {
	"scaled": true
	}, 
	"Front_Level_Inner_2ms": {
	"scaled": true
	}, 
	"Status Short On/Off mode": {
	"scaled": true, 
	"bitscount": 1
	}, 
	"Sensor_Voltage": {
	"scaled": true
	}, 
	"Rear_Outer_Scale": {
	"scaled": true
	}, 
	"Attenuation Time Sensor FOL": {
	"scaled": true, 
	"divideby": 1000.0, 
	"step": 16.0, 
	"unit": "ms"
	}, 
	"Front_Level_Outer_2ms": {
	"scaled": true
	}, 
	"Distance RIR": {
	"scaled": true
	}, 
	"Rear_Level_Outer_3,5ms": {
	"scaled": true
	}, 
	"DTCFailureType": {
	"lists": {
		"0": "Device and failure type ODB codding", 
		"1": "General Electrical Failure", 
		"2": "General signal failure", 
		"3": "FM (Frequency Modulated) / PWM (Pulse Width Modulated) Failures", 
		"4": "System Internal Failures", 
		"5": "System Programming Failures", 
		"6": "Algorithm Based Failures", 
		"7": "Mechanical Failures", 
		"8": "Bus Signal / Message Failures", 
		"9": "Component Failures", 
		"17": "circuit short to ground", 
		"18": "circuit short to battery", 
		"19": "circuit open", 
		"20": "circuit short to ground or open", 
		"21": "circuit short to battery or open", 
		"22": "circuit voltage below threshold", 
		"23": "circuit voltage above threshold", 
		"24": "circuit current below threshold", 
		"25": "circuit current above threshold", 
		"26": "circuit resistance below threshold", 
		"27": "circuit resistance above threshold", 
		"28": "circuit voltage out of range", 
		"29": "circuit current out of range", 
		"30": "circuit resistance out of range", 
		"31": "circuit intermittent", 
		"33": "signal amplitude < minimum", 
		"34": "signal amplitude > maximum", 
		"35": "signal stuck low", 
		"36": "signal stuck high", 
		"37": "signal shape / waveform failure", 
		"38": "signal rate of change below threshold", 
		"39": "signal rate of change above threshold", 
		"40": "signal bias level out of range / zero adjustment failure", 
		"41": "signal signal invalid", 
		"47": "signal erratic", 
		"49": "no signal", 
		"50": "signal low time < minimum", 
		"51": "signal low time > maximum", 
		"52": "signal high time < minimum", 
		"53": "signal high time > maximum", 
		"54": "signal frequency too low", 
		"55": "signal frequency too high", 
		"56": "signal frequency incorrect", 
		"57": "incorrect has too few pulses", 
		"58": "incorrect has too many pulses", 
		"65": "general checksum failure", 
		"66": "general memory failure", 
		"67": "special memory failure", 
		"68": "data memory failure", 
		"69": "program memory failure", 
		"70": "calibration / parameter memory failure", 
		"71": "watchdog / safety \u00b5C failure", 
		"72": "supervision software failure", 
		"73": "internal electronic failure", 
		"74": "incorrect component installed", 
		"75": "over temperature", 
		"81": "not programmed", 
		"82": "not activated", 
		"83": "deactivated", 
		"84": "missing calibration", 
		"85": "not configured", 
		"97": "signal calculation failure", 
		"98": "signal compare failure", 
		"99": "circuit / component protection time-out", 
		"100": "signal plausibility failure", 
		"101": "signal has too few transitions / events", 
		"102": "signal has too many transitions / events", 
		"103": "signal incorrect after event", 
		"104": "event information", 
		"113": "actuator stuck", 
		"114": "actuator stuck open", 
		"115": "actuator stuck closed", 
		"116": "actuator slipping", 
		"117": "emergency position not reachable", 
		"118": "wrong mounting position", 
		"119": "commanded position not reachable", 
		"120": "alignment or adjustment incorrect", 
		"121": "mechanical linkage failure", 
		"122": "fluid leak or seal failure", 
		"123": "low fluid level", 
		"129": "invalid serial data received", 
		"130": "alive / sequence counter incorrect / not updated", 
		"131": "value of signal protection calculation incorrect", 
		"132": "signal below allowable range", 
		"133": "signal above allowable range", 
		"134": "signal invalid", 
		"135": "missing message", 
		"136": "bus off", 
		"143": "erratic", 
		"145": "parametric", 
		"146": "performance or incorrect operation", 
		"147": "no operation", 
		"148": "unexpected operation", 
		"149": "incorrect assembly", 
		"150": "component internal failure", 
		"151": "Component or system operation obstructed or blocked", 
		"152": "component or system over temperature"
	}
	}, 
	"ManufacturerIdentificationCode": {
	"lists": {
		"0": "Renault R1", 
		"128": "Nissan N1", 
		"130": "Nissan N3", 
		"136": "5DIGITS", 
		"129": "Nissan N2"
	}
	}, 
	"Distance FIL": {
	"scaled": true
	}, 
	"DiagnosticIdentificationCode": {
	"comment": "Diag evolution number", 
	"byte": true
	}, 
	"StatusOfDTC": {
	"scaled": true
	}, 
	"Attenuation Time Sensor FOR": {
	"scaled": true, 
	"divideby": 1000.0, 
	"step": 16.0, 
	"unit": "ms"
	}, 
	"Detection Range FI sensors": {
	"scaled": true
	}, 
	"Front_Level_Inner_8ms": {
	"scaled": true
	}, 
	"EOLT_Year": {
	"scaled": true
	}, 
	"HardwareNumber.LowerPart": {
	"bytesascii": true, 
	"bytescount": 5, 
	"byte": true, 
	"bitscount": 40
	}, 
	"ICT_Traceability": {
	"bytescount": 10, 
	"byte": true, 
	"bitscount": 80
	}, 
	"DTCDeviceAndFailureTypeOBD": {
	"bytescount": 2, 
	"bitscount": 16
	}, 
	"Gearbox_Type_Configuration": {
	"lists": {
		"186": "Automatic Gearbox", 
		"181": "Manual Gearbox"
	}
	}, 
	"Rear_Inner_Scale": {
	"scaled": true
	}, 
	"SupplierNumber.ITG": {
	"bytesascii": true, 
	"bytescount": 3, 
	"byte": true, 
	"bitscount": 24, 
	"comment": "Supplier ITG code"
	}, 
	"Distance FIL/FOL": {
	"scaled": true
	}, 
	"Front_Buzzer_Volume": {
	"lists": {
		"2": "Weak", 
		"3": "Moderate", 
		"4": "Moderately Strong", 
		"5": "Strong", 
		"6": "Strong+", 
		"7": "Strong++"
	}
	}, 
	"Front_Level_Outer_5ms": {
	"scaled": true
	}, 
	"Tempo_Rear_Gear": {
	"scaled": true, 
	"step": 0.1, 
	"unit": "s"
	}, 
	"Vehicle_Identification_Code": {
	"lists": {
		"2": "J96, L47", 
		"3": "JR95", 
		"4": "E95", 
		"6": "J95 Dynamique", 
		"7": "L43"
	}
	}, 
	"Threshold Speed Deactivation": {
	"scaled": true
	}, 
	"Caravan Attachment Range": {
	"scaled": true
	}, 
	"Rear_Level_Outer_2,5ms": {
	"scaled": true
	}, 
	"DTCStatus.confirmedDTC": {
	"bitscount": 1, 
	"lists": {
		"0": "No", 
		"1": "Yes"
	}
	}, 
	"CalibrationNumber": {
	"comment": "Calibration Number in HEXA", 
	"bytescount": 2, 
	"byte": true, 
	"bitscount": 16
	}, 
	"Rear_Continuous_Tone_Range": {
	"scaled": true
	}, 
	"Offset FI sensors": {
	"scaled": true
	}, 
	"Chime_Tone_Emission": {
	"bitscount": 1, 
	"lists": {
		"0": "No Chime tone", 
		"1": "Chime tone emission"
	}
	}, 
	"Front_Level_Inner_2,5ms": {
	"scaled": true
	}, 
	"Rear_Level_Outer_8ms": {
	"scaled": true
	}, 
	"Rear_Level_Inner_5ms": {
	"scaled": true
	}, 
	"Rear_Level_Inner_8ms": {
	"scaled": true
	}, 
	"Detection Range Rear Outer Sensors": {
	"scaled": true
	}, 
	"Front_Continuous_Tone_Range": {
	"scaled": true
	}, 
	"Rear_Level_Outer_6ms": {
	"scaled": true
	}, 
	"Rear_Level_Inner_1,5ms": {
	"scaled": true
	}, 
	"Distance RIR/RIL": {
	"scaled": true
	}, 
	"DTCExtendedData.DTCOccurrenceCounter": {
	"scaled": true, 
	"comment": "Description of the extendedData DTCOccurenceCounter (use by Failure Page to decode data)"
	}, 
	"Rear_Level_Outer_4,5ms": {
	"scaled": true
	}, 
	"Rear_Level_Outer_2ms": {
	"scaled": true
	}, 
	"Front_Level_Inner_6ms": {
	"scaled": true
	}, 
	"Production_Day": {
	"bytesascii": true, 
	"bytescount": 3, 
	"byte": true, 
	"bitscount": 24
	}, 
	"Front_Inner_Scale": {
	"scaled": true
	}, 
	"Rear_Level_Inner_3,5ms": {
	"scaled": true
	}, 
	"Detection Range FO sensors": {
	"scaled": true
	}, 
	"ApprovalNumber.BasicPartList": {
	"lists": {
		"0": "N/A"
	}
	}, 
	"Distance FOL/FIL": {
	"scaled": true
	}, 
	"PCB_Serial_Number": {
	"bytesascii": true, 
	"bytescount": 6, 
	"byte": true, 
	"bitscount": 48
	}, 
	"Front_Level_Inner_5ms": {
	"scaled": true
	}, 
	"DTCStatus.testFailed": {
	"bitscount": 1, 
	"lists": {
		"0": "No", 
		"1": "Yes"
	}
	}, 
	"Attenuation Time Sensor RIL": {
	"scaled": true, 
	"divideby": 1000.0, 
	"step": 16.0, 
	"unit": "ms"
	}
}
}