{
"obd": {
	"baudrate": 500000, 
	"protocol": "CAN", 
	"recv_id": "7D1", 
	"funcname": "WSU", 
	"funcaddr": "48", 
	"send_id": "7C6"
}, 
"devices": [
	{
	"dtc": 49154, 
	"devicedata": {}, 
	"dtctype": 0, 
	"name": "D49154"
	}, 
	{
	"dtc": 1588, 
	"devicedata": {}, 
	"dtctype": 0, 
	"name": "D1588"
	}, 
	{
	"dtc": 38315, 
	"devicedata": {}, 
	"dtctype": 0, 
	"name": "D38315"
	}, 
	{
	"dtc": 41514, 
	"devicedata": {}, 
	"dtctype": 0, 
	"name": "D41514"
	}, 
	{
	"dtc": 41415, 
	"devicedata": {}, 
	"dtctype": 0, 
	"name": "D41415"
	}, 
	{
	"dtc": 41419, 
	"devicedata": {}, 
	"dtctype": 0, 
	"name": "D41419"
	}, 
	{
	"dtc": 40855, 
	"devicedata": {}, 
	"dtctype": 0, 
	"name": "D40855"
	}, 
	{
	"dtc": 49512, 
	"devicedata": {}, 
	"dtctype": 0, 
	"name": "D49512"
	}, 
	{
	"dtc": 54798, 
	"devicedata": {}, 
	"dtctype": 0, 
	"name": "D54798"
	}, 
	{
	"dtc": 53631, 
	"devicedata": {}, 
	"dtctype": 0, 
	"name": "D53631"
	}, 
	{
	"dtc": 53630, 
	"devicedata": {}, 
	"dtctype": 0, 
	"name": "D53630"
	}, 
	{
	"dtc": 9855, 
	"devicedata": {}, 
	"dtctype": 0, 
	"name": "D9855"
	}, 
	{
	"dtc": 49920, 
	"devicedata": {}, 
	"dtctype": 0, 
	"name": "D49920"
	}, 
	{
	"dtc": 41229, 
	"devicedata": {}, 
	"dtctype": 0, 
	"name": "D41229"
	}, 
	{
	"dtc": 41227, 
	"devicedata": {}, 
	"dtctype": 0, 
	"name": "D41227"
	}, 
	{
	"dtc": 41226, 
	"devicedata": {}, 
	"dtctype": 0, 
	"name": "D41226"
	}, 
	{
	"dtc": 38236, 
	"devicedata": {}, 
	"dtctype": 0, 
	"name": "D38236"
	}, 
	{
	"dtc": 53257, 
	"devicedata": {}, 
	"dtctype": 0, 
	"name": "D53257"
	}, 
	{
	"dtc": 53256, 
	"devicedata": {}, 
	"dtctype": 0, 
	"name": "D53256"
	}, 
	{
	"dtc": 49193, 
	"devicedata": {}, 
	"dtctype": 0, 
	"name": "D49193"
	}, 
	{
	"dtc": 49192, 
	"devicedata": {}, 
	"dtctype": 0, 
	"name": "D49192"
	}, 
	{
	"dtc": 49252, 
	"devicedata": {}, 
	"dtctype": 0, 
	"name": "D49252"
	}, 
	{
	"dtc": 49253, 
	"devicedata": {}, 
	"dtctype": 0, 
	"name": "D49253"
	}, 
	{
	"dtc": 39378, 
	"devicedata": {}, 
	"dtctype": 0, 
	"name": "D39378"
	}, 
	{
	"dtc": 39379, 
	"devicedata": {}, 
	"dtctype": 0, 
	"name": "D39379"
	}, 
	{
	"dtc": 7355, 
	"devicedata": {}, 
	"dtctype": 0, 
	"name": "D7355"
	}, 
	{
	"dtc": 39372, 
	"devicedata": {}, 
	"dtctype": 0, 
	"name": "D39372"
	}, 
	{
	"dtc": 39373, 
	"devicedata": {}, 
	"dtctype": 0, 
	"name": "D39373"
	}, 
	{
	"dtc": 39374, 
	"devicedata": {}, 
	"dtctype": 0, 
	"name": "D39374"
	}, 
	{
	"dtc": 39375, 
	"devicedata": {}, 
	"dtctype": 0, 
	"name": "D39375"
	}, 
	{
	"dtc": 39376, 
	"devicedata": {}, 
	"dtctype": 0, 
	"name": "D39376"
	}, 
	{
	"dtc": 39377, 
	"devicedata": {}, 
	"dtctype": 0, 
	"name": "D39377"
	}, 
	{
	"dtc": 38249, 
	"devicedata": {}, 
	"dtctype": 0, 
	"name": "D38249"
	}, 
	{
	"dtc": 41230, 
	"devicedata": {}, 
	"dtctype": 0, 
	"name": "D41230"
	}
], 
"ecuname": "WSU453_SBOX_0x0230_00.01.11.ddt", 
"autoidents": [], 
"endian": "Big", 
"requests": [
	{
	"name": "StartDiagnosticSession.Default", 
	"deny_sds": [], 
	"minbytes": 2, 
	"sentbytes": "1001", 
	"replybytes": "5001"
	}, 
	{
	"name": "ReadKCH Stop", 
	"deny_sds": [], 
	"minbytes": 1, 
	"sentbytes": "31020306", 
	"replybytes": "710306"
	}, 
	{
	"name": "DataRead.Hardware Supplier Identification Read", 
	"replybytes": "62F1540000", 
	"deny_sds": [], 
	"receivebyte_dataitems": {
		"Hardware Supplier Identification.2": {
		"firstbyte": 4
		}
	}, 
	"minbytes": 5, 
	"sentbytes": "22F154"
	}, 
	{
	"name": "DataRead.ECU Serial Number Read", 
	"replybytes": "62F18C00000000000000000000", 
	"deny_sds": [], 
	"receivebyte_dataitems": {
		"ECU Serial Number": {
		"firstbyte": 4
		}
	}, 
	"minbytes": 13, 
	"sentbytes": "22F18C"
	}, 
	{
	"name": "DataRead.Software Supplier Identification Read", 
	"replybytes": "62F1550000", 
	"deny_sds": [], 
	"receivebyte_dataitems": {
		"Software Logical Block 0 Supplier Identification": {
		"firstbyte": 4
		}
	}, 
	"minbytes": 5, 
	"sentbytes": "22F155"
	}, 
	{
	"name": "DataRead.vehicleManufacturerSparePartNumberDataIdentifierKCH Read", 
	"replybytes": "62050100000000000000000000", 
	"deny_sds": [], 
	"receivebyte_dataitems": {
		"KCH HW Part Number": {
		"firstbyte": 4
		}
	}, 
	"minbytes": 13, 
	"sentbytes": "220501"
	}, 
	{
	"name": "startUnpairing Stop", 
	"deny_sds": [], 
	"minbytes": 1, 
	"sentbytes": "31020513", 
	"replybytes": "710513"
	}, 
	{
	"name": "releaseImmobilizer Start", 
	"replybytes": "71051400", 
	"deny_sds": [], 
	"receivebyte_dataitems": {
		"Result.9.r": {
		"firstbyte": 5
		}
	}, 
	"sendbyte_dataitems": {
		"vehicleKey": {
		"firstbyte": 5
		}
	}, 
	"minbytes": 5, 
	"sentbytes": "3101051400000000000000"
	}, 
	{
	"name": "DataRead.systemSupplierECUHardwareVersionNumberDataIdentifierKCH Read", 
	"replybytes": "620506000000", 
	"deny_sds": [], 
	"receivebyte_dataitems": {
		"HW - patch level": {
		"firstbyte": 6
		}, 
		"HW - week": {
		"firstbyte": 5
		}, 
		"HW - year": {
		"firstbyte": 4
		}
	}, 
	"minbytes": 6, 
	"sentbytes": "220506"
	}, 
	{
	"name": "ResetLIN Start", 
	"deny_sds": [], 
	"minbytes": 1, 
	"sentbytes": "31010305", 
	"replybytes": "710305"
	}, 
	{
	"name": "DataWrite.SystemSupplierVehicleConfig Write", 
	"replybytes": "6E1202", 
	"deny_sds": [], 
	"sendbyte_dataitems": {
		"Current Immobilizer Mode": {
		"firstbyte": 5
		}, 
		"Vehicle Type": {
		"firstbyte": 4
		}
	}, 
	"minbytes": 3, 
	"sentbytes": "2E12020000"
	}, 
	{
	"name": "ECU Self Test Start", 
	"deny_sds": [], 
	"minbytes": 1, 
	"sentbytes": "31010219", 
	"replybytes": "710219"
	}, 
	{
	"name": "TestCANWakeup Stop", 
	"deny_sds": [], 
	"minbytes": 1, 
	"sentbytes": "31020308", 
	"replybytes": "710308"
	}, 
	{
	"name": "Erase Mirror Memory DTCs Start", 
	"deny_sds": [], 
	"minbytes": 4, 
	"sentbytes": "3101FF02", 
	"replybytes": "7101FF02"
	}, 
	{
	"name": "startPairing Request Results", 
	"replybytes": "7103051200", 
	"deny_sds": [], 
	"receivebyte_dataitems": {
		"Result.6.r": {
		"firstbyte": 5
		}
	}, 
	"minbytes": 5, 
	"sentbytes": "31030512"
	}, 
	{
	"name": "DataRead.ECUSerialNumberDataIdentifierAsciiKCH Read", 
	"replybytes": "62051100000000000000000000", 
	"deny_sds": [], 
	"receivebyte_dataitems": {
		"KCH Serial Number": {
		"firstbyte": 4
		}
	}, 
	"minbytes": 13, 
	"sentbytes": "220511"
	}, 
	{
	"name": "DataRead.vehicleManufacturerECUSoftwareVersionNameWSU Read", 
	"replybytes": "620508000000000000000000000000000000000000000000000000000000000000", 
	"deny_sds": [], 
	"receivebyte_dataitems": {
		"vehicleManufacturerECUSoftwareVersionNameWSU": {
		"firstbyte": 4
		}
	}, 
	"minbytes": 33, 
	"sentbytes": "220508"
	}, 
	{
	"name": "DataRead.SystemSupplierVehicleConfig Read", 
	"replybytes": "6212020000", 
	"deny_sds": [], 
	"receivebyte_dataitems": {
		"Current Immobilizer Mode": {
		"firstbyte": 5
		}, 
		"Vehicle Type": {
		"firstbyte": 4
		}
	}, 
	"minbytes": 5, 
	"sentbytes": "221202"
	}, 
	{
	"name": "ReadKCH Start", 
	"deny_sds": [], 
	"minbytes": 1, 
	"sentbytes": "31010306", 
	"replybytes": "710306"
	}, 
	{
	"name": "DataRead.ECUSerialNumberDataIdentifierKCH Read", 
	"replybytes": "62050500000000", 
	"deny_sds": [], 
	"receivebyte_dataitems": {
		"KCH Serial Number.2": {
		"firstbyte": 4, 
		"endian": "Little"
		}
	}, 
	"minbytes": 7, 
	"sentbytes": "220505"
	}, 
	{
	"name": "DataRead.Hardware Version Information Read", 
	"replybytes": "62F150000000", 
	"deny_sds": [], 
	"receivebyte_dataitems": {
		"HW - patch level": {
		"firstbyte": 6
		}, 
		"HW - week": {
		"firstbyte": 5
		}, 
		"HW - year": {
		"firstbyte": 4
		}
	}, 
	"minbytes": 6, 
	"sentbytes": "22F150"
	}, 
	{
	"name": "ReadDTCInformation.ReportExtendedData", 
	"replybytes": "590600000000", 
	"deny_sds": [], 
	"receivebyte_dataitems": {
		"DTCExtendedData.AgingCounter": {
		"firstbyte": 8
		}, 
		"DTCExtendedDataRecordNumber": {
		"firstbyte": 7
		}, 
		"DTCExtendedData.Mileage": {
		"firstbyte": 8
		}, 
		"DTCRecord": {
		"firstbyte": 3
		}, 
		"StatusOfDTC": {
		"firstbyte": 6
		}, 
		"DTCExtendedData.DTCOccurrenceCounter": {
		"firstbyte": 8
		}
	}, 
	"sendbyte_dataitems": {
		"DTCMaskRecord": {
		"firstbyte": 3
		}
	}, 
	"minbytes": 6, 
	"sentbytes": "1906000000FF"
	}, 
	{
	"name": "StartDiagnosticSession.ExtendedDiagnostic", 
	"deny_sds": [], 
	"minbytes": 2, 
	"sentbytes": "1003", 
	"replybytes": "5003"
	}, 
	{
	"name": "releaseImmobilizer Request Results", 
	"replybytes": "7103051400", 
	"deny_sds": [], 
	"receivebyte_dataitems": {
		"Result.10.r": {
		"firstbyte": 5
		}
	}, 
	"minbytes": 5, 
	"sentbytes": "31030514"
	}, 
	{
	"name": "ReadDTCInformation.ReportExtendedData.AgingCounter", 
	"replybytes": "5906000000008100", 
	"deny_sds": [], 
	"receivebyte_dataitems": {
		"DTCRecord": {
		"firstbyte": 3
		}, 
		"DTCExtendedData.AgingCounter": {
		"firstbyte": 8
		}, 
		"StatusOfDTC": {
		"firstbyte": 6
		}, 
		"DTCExtendedDataRecordNumber": {
		"firstbyte": 7
		}
	}, 
	"sendbyte_dataitems": {
		"DTCMaskRecord": {
		"firstbyte": 3
		}
	}, 
	"minbytes": 6, 
	"sentbytes": "190600000081"
	}, 
	{
	"name": "ECU Self Test Stop", 
	"deny_sds": [], 
	"minbytes": 1, 
	"sentbytes": "31020219", 
	"replybytes": "710219"
	}, 
	{
	"name": "systemSupplierStatusWSU Start", 
	"replybytes": "71010509000000000000000000000000000000000000000000000000000000000000", 
	"deny_sds": [], 
	"receivebyte_dataitems": {
		"Response.r": {
		"firstbyte": 5
		}
	}, 
	"sendbyte_dataitems": {
		"Request": {
		"firstbyte": 5
		}
	}, 
	"minbytes": 34, 
	"sentbytes": "3101050900"
	}, 
	{
	"name": "startPairing Stop", 
	"deny_sds": [], 
	"minbytes": 1, 
	"sentbytes": "31020512", 
	"replybytes": "710512"
	}, 
	{
	"name": "TestCANWakeup Start", 
	"deny_sds": [], 
	"minbytes": 1, 
	"sentbytes": "31010308", 
	"replybytes": "710308"
	}, 
	{
	"name": "ECU Self Test Request Results", 
	"replybytes": "7103021900", 
	"deny_sds": [], 
	"receivebyte_dataitems": {
		"ECU Self Test Status.r": {
		"firstbyte": 5
		}
	}, 
	"minbytes": 5, 
	"sentbytes": "31030219"
	}, 
	{
	"name": "ReadDTCInformation.ReportSnapshot", 
	"replybytes": "590400000000", 
	"deny_sds": [], 
	"receivebyte_dataitems": {
		"DTCRecord": {
		"firstbyte": 3
		}, 
		"StatusOfDTC": {
		"firstbyte": 6
		}
	}, 
	"sendbyte_dataitems": {
		"DTCMaskRecord": {
		"firstbyte": 3
		}
	}, 
	"minbytes": 6, 
	"sentbytes": "1904000000FF"
	}, 
	{
	"name": "DataRead.vehicleManufacturerSparePartNumber", 
	"replybytes": "62F187", 
	"deny_sds": [], 
	"receivebyte_dataitems": {
		"vehicleManufacturerSparePartNumber": {
		"ref": true, 
		"firstbyte": 4
		}
	}, 
	"minbytes": 13, 
	"sentbytes": "22F187"
	}, 
	{
	"name": "DataRead.SystemSupplierSIMInfo Read", 
	"replybytes": "6205000000000000000000000000000000000000000000000000000000000000000000000000000000000000000000000000000000", 
	"deny_sds": [], 
	"receivebyte_dataitems": {
		"ICC SIM Card": {
		"firstbyte": 4
		}, 
		"IMEI": {
		"firstbyte": 24
		}, 
		"IMSI SIM Card": {
		"firstbyte": 39
		}
	}, 
	"minbytes": 53, 
	"sentbytes": "220500"
	}, 
	{
	"name": "CheckFullDiagnosticServiceAvailability Start", 
	"replybytes": "7101031200", 
	"deny_sds": [], 
	"receivebyte_dataitems": {
		"DiagnosticServiceAvailability.2.r": {
		"bitoffset": 7, 
		"firstbyte": 5
		}
	}, 
	"minbytes": 5, 
	"sentbytes": "31010312"
	}, 
	{
	"name": "DataRead.MBC ECU Identification - Hardware Part Number Read", 
	"replybytes": "62F11100000000000000000000", 
	"deny_sds": [], 
	"receivebyte_dataitems": {
		"Hardware Part Number": {
		"firstbyte": 4
		}
	}, 
	"minbytes": 13, 
	"sentbytes": "22F111"
	}, 
	{
	"name": "ClearDiagnosticInformation.All", 
	"deny_sds": [], 
	"minbytes": 1, 
	"sentbytes": "14FFFFFF", 
	"replybytes": "54"
	}, 
	{
	"name": "ReadDTCInformation.ReportExtendedData.Mileage", 
	"replybytes": "59060000000080000000", 
	"deny_sds": [], 
	"receivebyte_dataitems": {
		"DTCExtendedData.Mileage": {
		"firstbyte": 8
		}, 
		"DTCRecord": {
		"firstbyte": 3
		}, 
		"StatusOfDTC": {
		"firstbyte": 6
		}, 
		"DTCExtendedDataRecordNumber": {
		"firstbyte": 7
		}
	}, 
	"sendbyte_dataitems": {
		"DTCMaskRecord": {
		"firstbyte": 3
		}
	}, 
	"minbytes": 6, 
	"sentbytes": "190600000080"
	}, 
	{
	"name": "ReadDTCInformation.ReportExtendedData.DTCOccurrenceCounter", 
	"replybytes": "5906000000008200", 
	"deny_sds": [], 
	"receivebyte_dataitems": {
		"DTCRecord": {
		"firstbyte": 3
		}, 
		"StatusOfDTC": {
		"firstbyte": 6
		}, 
		"DTCExtendedData.DTCOccurrenceCounter": {
		"firstbyte": 8
		}, 
		"DTCExtendedDataRecordNumber": {
		"firstbyte": 7
		}
	}, 
	"sendbyte_dataitems": {
		"DTCMaskRecord": {
		"firstbyte": 3
		}
	}, 
	"minbytes": 6, 
	"sentbytes": "190600000082"
	}, 
	{
	"name": "DataRead.ECUManufacturingDateDataIdentifierKCH Read", 
	"replybytes": "620504000000", 
	"deny_sds": [], 
	"receivebyte_dataitems": {
		"Manufacturing Date - year": {
		"firstbyte": 4
		}, 
		"Manufacturing Date - day": {
		"firstbyte": 6
		}, 
		"Manufacturing Date - month": {
		"firstbyte": 5
		}
	}, 
	"minbytes": 6, 
	"sentbytes": "220504"
	}, 
	{
	"name": "DataWrite.Diagnostic Trace Memory Write", 
	"replybytes": "6E0102", 
	"deny_sds": [], 
	"sendbyte_dataitems": {
		"Diagnostic Trace Memory 12 Byte": {
		"firstbyte": 4
		}, 
		"Diagnostic Trace Memory 16 Byte": {
		"firstbyte": 16
		}
	}, 
	"minbytes": 3, 
	"sentbytes": "2E010200000000000000000000000000000000000000000000000000000000"
	}, 
	{
	"name": "startUnpairing Request Results", 
	"replybytes": "7103051300", 
	"deny_sds": [], 
	"receivebyte_dataitems": {
		"Result.8.r": {
		"firstbyte": 5
		}
	}, 
	"minbytes": 5, 
	"sentbytes": "31030513"
	}, 
	{
	"name": "DataWrite.SystemSupplierKCHSupport Write", 
	"replybytes": "6E1204", 
	"deny_sds": [], 
	"sendbyte_dataitems": {
		"KCH support": {
		"bitoffset": 7, 
		"firstbyte": 4
		}
	}, 
	"minbytes": 3, 
	"sentbytes": "2E120400"
	}, 
	{
	"name": "TestMobileConnection Stop", 
	"deny_sds": [], 
	"minbytes": 1, 
	"sentbytes": "31020307", 
	"replybytes": "710307"
	}, 
	{
	"name": "activateImmobilizer Stop", 
	"deny_sds": [], 
	"minbytes": 1, 
	"sentbytes": "31020515", 
	"replybytes": "710515"
	}, 
	{
	"name": "activateImmobilizer Start", 
	"replybytes": "71051500", 
	"deny_sds": [], 
	"receivebyte_dataitems": {
		"Result.11.r": {
		"firstbyte": 5
		}
	}, 
	"sendbyte_dataitems": {
		"vehicleKey": {
		"firstbyte": 5
		}
	}, 
	"minbytes": 5, 
	"sentbytes": "3101051500000000000000"
	}, 
	{
	"name": "StartUSBUpdate Start", 
	"deny_sds": [], 
	"minbytes": 1, 
	"sentbytes": "31010309", 
	"replybytes": "710309"
	}, 
	{
	"name": "DataRead.Active Diagnostic Information Read", 
	"replybytes": "62F10000000000", 
	"deny_sds": [], 
	"receivebyte_dataitems": {
		"Identification.2": {
		"firstbyte": 4
		}, 
		"Active Diagnostic Session": {
		"bitoffset": 1, 
		"firstbyte": 7
		}, 
		"ECU Software Mode": {
		"bitoffset": 7, 
		"firstbyte": 4
		}, 
		"Active Diagnostic Variant": {
		"firstbyte": 5
		}, 
		"Active Diagnostic Version": {
		"firstbyte": 6
		}, 
		"Gateway": {
		"bitoffset": 6, 
		"firstbyte": 4
		}
	}, 
	"minbytes": 7, 
	"sentbytes": "22F100"
	}, 
	{
	"name": "DataRead.ECUMode Read", 
	"replybytes": "62050700", 
	"deny_sds": [], 
	"receivebyte_dataitems": {
		"ECU Mode": {
		"firstbyte": 4
		}
	}, 
	"minbytes": 4, 
	"sentbytes": "220507"
	}, 
	{
	"name": "activateImmobilizer Request Results", 
	"replybytes": "7103051500", 
	"deny_sds": [], 
	"receivebyte_dataitems": {
		"Result.12.r": {
		"firstbyte": 5
		}
	}, 
	"minbytes": 5, 
	"sentbytes": "31030515"
	}, 
	{
	"name": "startUnpairing Start", 
	"replybytes": "71051300", 
	"deny_sds": [], 
	"receivebyte_dataitems": {
		"Result.7.r": {
		"firstbyte": 5
		}
	}, 
	"sendbyte_dataitems": {
		"vehicleKey": {
		"firstbyte": 5
		}
	}, 
	"minbytes": 5, 
	"sentbytes": "3101051300000000000000"
	}, 
	{
	"name": "DataRead.ECUManufacturingDateDataIdentifierWSU Read", 
	"replybytes": "620503000000", 
	"deny_sds": [], 
	"receivebyte_dataitems": {
		"Manufacturing Date - year": {
		"firstbyte": 4
		}, 
		"Manufacturing Date - day": {
		"firstbyte": 6
		}, 
		"Manufacturing Date - month": {
		"firstbyte": 5
		}
	}, 
	"minbytes": 6, 
	"sentbytes": "220503"
	}, 
	{
	"name": "DataRead.Historical Interrogation Record Read", 
	"replybytes": "620101000000", 
	"deny_sds": [], 
	"receivebyte_dataitems": {
		"DTC Read Counter": {
		"firstbyte": 4
		}, 
		"Odometer": {
		"firstbyte": 5
		}
	}, 
	"minbytes": 6, 
	"sentbytes": "220101"
	}, 
	{
	"name": "DataRead.SystemSupplierKCHSupport Read", 
	"replybytes": "62120400", 
	"deny_sds": [], 
	"receivebyte_dataitems": {
		"KCH support": {
		"bitoffset": 7, 
		"firstbyte": 4
		}
	}, 
	"minbytes": 4, 
	"sentbytes": "221204"
	}, 
	{
	"name": "DataRead.vehicle Manufacturer Renault Spare Part Number DataIdentifier KCH Read", 
	"replybytes": "62019100000000000000000000", 
	"deny_sds": [], 
	"receivebyte_dataitems": {
		"Renault Hardware Part Number KCH": {
		"firstbyte": 4
		}
	}, 
	"minbytes": 13, 
	"sentbytes": "220191"
	}, 
	{
	"name": "releaseImmobilizer Stop", 
	"deny_sds": [], 
	"minbytes": 1, 
	"sentbytes": "31020514", 
	"replybytes": "710514"
	}, 
	{
	"name": "TestMobileConnection Start", 
	"deny_sds": [], 
	"minbytes": 1, 
	"sentbytes": "31010307", 
	"replybytes": "710307"
	}, 
	{
	"name": "HardReset Reset", 
	"deny_sds": [], 
	"minbytes": 2, 
	"sentbytes": "1101", 
	"replybytes": "5101"
	}, 
	{
	"name": "DataRead.Software Version Information Read", 
	"replybytes": "62F151000000000000000000000000000000", 
	"deny_sds": [], 
	"receivebyte_dataitems": {
		"SW - patch level BB FW": {
		"firstbyte": 15
		}, 
		"SW - week BB FW": {
		"firstbyte": 14
		}, 
		"SW - year LPC Emergency": {
		"firstbyte": 7
		}, 
		"SW - week LPC StartManager": {
		"firstbyte": 5
		}, 
		"SW - week LPC App": {
		"firstbyte": 11
		}, 
		"SW - year LPC StartManager": {
		"firstbyte": 4
		}, 
		"SW - week LPC Emergency": {
		"firstbyte": 8
		}, 
		"SW - year BB App": {
		"firstbyte": 16
		}, 
		"SW - patch level LPC App": {
		"firstbyte": 12
		}, 
		"SW - patch level LPC StartManager": {
		"firstbyte": 6
		}, 
		"SW - patch level LPC Emergency": {
		"firstbyte": 9
		}, 
		"SW - patch level BB App": {
		"firstbyte": 18
		}, 
		"SW - year BB FW": {
		"firstbyte": 13
		}, 
		"SW - year LPC App": {
		"firstbyte": 10
		}, 
		"SW - week BB App": {
		"firstbyte": 17
		}
	}, 
	"minbytes": 18, 
	"sentbytes": "22F151"
	}, 
	{
	"name": "TestCANWakeup Request Results", 
	"replybytes": "7103030800", 
	"deny_sds": [], 
	"receivebyte_dataitems": {
		"Routine Status.r": {
		"bitoffset": 6, 
		"firstbyte": 5
		}
	}, 
	"minbytes": 5, 
	"sentbytes": "31030308"
	}, 
	{
	"name": "DataRead.Diagnostic Trace Memory Read", 
	"replybytes": "62010200000000000000000000000000000000000000000000000000000000", 
	"deny_sds": [], 
	"receivebyte_dataitems": {
		"Diagnostic Trace Memory 12 Byte": {
		"firstbyte": 4
		}, 
		"Diagnostic Trace Memory 16 Byte": {
		"firstbyte": 16
		}
	}, 
	"minbytes": 31, 
	"sentbytes": "220102"
	}, 
	{
	"name": "ReadDTCInformation.ReportDTC", 
	"replybytes": "59020000000000", 
	"deny_sds": [], 
	"receivebyte_dataitems": {
		"DTCStatus.testFailedSinceLastClear": {
		"bitoffset": 2, 
		"firstbyte": 7
		}, 
		"DTCStatus.pendingDTC": {
		"bitoffset": 5, 
		"firstbyte": 7
		}, 
		"DTCStatus.confirmedDTC": {
		"bitoffset": 4, 
		"firstbyte": 7
		}, 
		"DTCDeviceAndFailureTypeOBD": {
		"firstbyte": 4
		}, 
		"DTCFailureType.ManufacturerOrSupplier": {
		"bitoffset": 4, 
		"firstbyte": 6
		}, 
		"DTCFailureType.Category": {
		"firstbyte": 6
		}, 
		"DTCFailureType": {
		"firstbyte": 6
		}, 
		"DTCStatus.testNotCompletedSinceLastClear": {
		"bitoffset": 3, 
		"firstbyte": 7
		}, 
		"DTCStatus.testNotCompletedThisMonitoringCycle": {
		"bitoffset": 1, 
		"firstbyte": 7
		}, 
		"DTCStatusAvailabilityMask": {
		"firstbyte": 3
		}, 
		"DTCStatus.warningIndicatorRequested": {
		"firstbyte": 7
		}, 
		"StatusOfDTC": {
		"firstbyte": 7
		}, 
		"DTCStatus.testFailedThisMonitoringCycle": {
		"bitoffset": 6, 
		"firstbyte": 7
		}, 
		"DTCStatus.testFailed": {
		"bitoffset": 7, 
		"firstbyte": 7
		}, 
		"DTCDeviceIdentifier": {
		"firstbyte": 4
		}
	}, 
	"minbytes": 3, 
	"sentbytes": "1902FF", 
	"shiftbytescount": 4
	}, 
	{
	"name": "TestGPIO1Out Start", 
	"replybytes": "7101030100", 
	"deny_sds": [], 
	"receivebyte_dataitems": {
		"Test Result.r": {
		"bitoffset": 7, 
		"firstbyte": 5
		}
	}, 
	"minbytes": 5, 
	"sentbytes": "31010301"
	}, 
	{
	"name": "ReadKCH Request Results", 
	"replybytes": "7103030600000000000000000000000000000000000000000000000000000000000000000000000000000000000000000000000000000000000000000000000000", 
	"deny_sds": [], 
	"receivebyte_dataitems": {
		"ID of NFC card 3.r": {
		"firstbyte": 45
		}, 
		"ID of NFC card 1.r": {
		"firstbyte": 5
		}, 
		"ID of NFC card 2.r": {
		"firstbyte": 25
		}, 
		"Result.r": {
		"bitoffset": 6, 
		"firstbyte": 65
		}
	}, 
	"minbytes": 65, 
	"sentbytes": "31030306"
	}, 
	{
	"name": "TesterPresent.WithResponse", 
	"deny_sds": [], 
	"minbytes": 1, 
	"sentbytes": "3E00", 
	"replybytes": "7E"
	}, 
	{
	"name": "startPairing Start", 
	"replybytes": "71051200", 
	"deny_sds": [], 
	"receivebyte_dataitems": {
		"Result.5.r": {
		"firstbyte": 5
		}
	}, 
	"sendbyte_dataitems": {
		"vehicleKey": {
		"firstbyte": 5
		}
	}, 
	"minbytes": 5, 
	"sentbytes": "3101051200000000000000"
	}, 
	{
	"name": "DataRead.vehicleManufacturerECUDiagSoftwareVersionNumberDataIdentifierKCH Read", 
	"replybytes": "6205020000", 
	"deny_sds": [], 
	"receivebyte_dataitems": {
		"SW - Version Boot Software": {
		"firstbyte": 4
		}, 
		"SW - Version Firmware": {
		"firstbyte": 5
		}
	}, 
	"minbytes": 5, 
	"sentbytes": "220502"
	}, 
	{
	"name": "StartUpdate Request Results", 
	"replybytes": "7103051000", 
	"deny_sds": [], 
	"receivebyte_dataitems": {
		"Result.4.r": {
		"firstbyte": 5
		}
	}, 
	"minbytes": 5, 
	"sentbytes": "31030510"
	}, 
	{
	"name": "ReadGPIO1In Start", 
	"replybytes": "710103020000", 
	"deny_sds": [], 
	"receivebyte_dataitems": {
		"GPIO Voltage.r": {
		"firstbyte": 5
		}
	}, 
	"minbytes": 6, 
	"sentbytes": "31010302"
	}, 
	{
	"name": "VehicleProductionMode Start", 
	"replybytes": "710311", 
	"deny_sds": [], 
	"sendbyte_dataitems": {
		"Activation request": {
		"bitoffset": 7, 
		"firstbyte": 5
		}
	}, 
	"minbytes": 1, 
	"sentbytes": "3101031100"
	}, 
	{
	"name": "StartUpdate Start", 
	"replybytes": "7101051000", 
	"deny_sds": [], 
	"receivebyte_dataitems": {
		"Result.3.r": {
		"firstbyte": 5
		}
	}, 
	"minbytes": 5, 
	"sentbytes": "31010510"
	}, 
	{
	"name": "SoftReset Reset", 
	"deny_sds": [], 
	"minbytes": 2, 
	"sentbytes": "1103", 
	"replybytes": "5103"
	}
], 
"data": {
	"DTCExtendedDataRecordNumber": {
	"lists": {
		"128": "Mileage", 
		"129": "AgingCounter", 
		"130": "DTCOccurrenceCounter"
	}
	}, 
	"CrcOfLogSave": {
	"bytescount": 2, 
	"byte": true, 
	"bitscount": 16
	}, 
	"Hardware Supplier Identification.2": {
	"bytescount": 2, 
	"bitscount": 16, 
	"lists": {
		"0": "Reserved (Value '0')", 
		"1": "Becker", 
		"2": "Blaupunkt", 
		"3": "Bosch", 
		"4": "MB", 
		"5": "HuF", 
		"6": "Kammerer", 
		"7": "Kostal", 
		"8": "Siemens", 
		"9": "Stribel", 
		"10": "MicroHeat", 
		"11": "JATCO", 
		"12": "Cummins", 
		"13": "ZF Lenksysteme", 
		"14": "Nidec Motors & Actuators", 
		"15": "S&T Daewoo (Science & Technology Deawoo)", 
		"16": "SWF", 
		"17": "VDO", 
		"18": "Webasto", 
		"19": "Dornier", 
		"20": "TEG", 
		"21": "Hella", 
		"22": "Lucas", 
		"23": "GKR", 
		"24": "MBB", 
		"25": "Motometer", 
		"26": "Daimler", 
		"27": "Sanden", 
		"28": "IEE", 
		"29": "ASK", 
		"30": "U-Shin", 
		"31": "Volkswagen", 
		"32": "Borg", 
		"33": "Temic", 
		"34": "Teves", 
		"35": "BorgWarner", 
		"36": "MED S.P.A", 
		"37": "DENSO", 
		"38": "ZF", 
		"39": "TRW", 
		"40": "Dunlop", 
		"41": "LUK", 
		"42": "Hyundai Autonet", 
		"43": "Freightliner", 
		"44": "TAKATA-PETRI", 
		"45": "Haldex", 
		"46": "Hirschmann", 
		"47": "e2v Technology", 
		"48": "Magneti Marelli", 
		"49": "DODUCO", 
		"50": "Alpine", 
		"51": "AMC (AEG Mobile Com.)", 
		"52": "Bose", 
		"53": "Dasa", 
		"54": "Motorola", 
		"55": "Nokia", 
		"56": "Panasonic", 
		"57": "APAG", 
		"58": "Rialtosoft", 
		"59": "Applicom", 
		"60": "Conti Temic", 
		"61": "Cherry", 
		"62": "TI Automotive", 
		"63": "Kongsberg Automotive", 
		"64": "Delphi", 
		"65": "Alfmeier", 
		"66": "Sidler", 
		"67": "Marquardt", 
		"68": "Wehrle", 
		"69": "megamos", 
		"70": "ADC", 
		"71": "BERU", 
		"72": "Valeo", 
		"73": "Magna", 
		"74": "Allison", 
		"75": "Isringhausen", 
		"76": "Grammer", 
		"77": "Funkwerk Dabendorf", 
		"78": "Hella-Behr", 
		"79": "Pollak", 
		"80": "AKG", 
		"81": "Automotive Lighting", 
		"82": "TAG", 
		"83": "UNITED PARTS", 
		"84": "catem", 
		"85": "Alge", 
		"86": "Pierburg", 
		"87": "Brusa", 
		"88": "Ecostar", 
		"89": "XCELLSIS", 
		"90": "Wabco Automotive", 
		"91": "Voith", 
		"92": "Knorr", 
		"93": "TVI", 
		"94": "Stoneridge", 
		"95": "Telma", 
		"96": "STW", 
		"97": "Koyo", 
		"98": "Ebersp\u00e4cher", 
		"99": "ADVICS", 
		"100": "OMRON", 
		"101": "Mitsubishi Heavy Industry", 
		"102": "Methode", 
		"103": "UNISIAJECS", 
		"104": "UNISIA JKC Steering Systems", 
		"105": "AISIN", 
		"106": "Zexel Valeo", 
		"107": "Schrader", 
		"108": "Ballard", 
		"109": "Alcoa Fujikura", 
		"110": "Transtron", 
		"111": "Iteris", 
		"112": "SFT", 
		"113": "Kieckert AG", 
		"114": "Behr", 
		"115": "MB Lenkungen", 
		"116": "Sachs Automotive", 
		"117": "Peiker", 
		"118": "Petri", 
		"119": "Autoliv", 
		"120": "Thien electronic", 
		"121": "Siemens VDO", 
		"122": "Dornier Consulting GmbH", 
		"123": "Alps", 
		"124": "PREH", 
		"125": "Hitachi Unisia", 
		"126": "Hitachi", 
		"127": "Reserved (Value '127')", 
		"128": "Huntsville", 
		"129": "Yazaki", 
		"130": "Lear", 
		"131": "Johnson Controls", 
		"132": "Harman / Becker", 
		"133": "Mitsubishi Electric", 
		"134": "Tokico USA Inc.", 
		"135": "Nippon Seiki (NS Intl)", 
		"136": "Inalfa", 
		"137": "Nippon Seiki (UK)", 
		"138": "GHSP", 
		"139": "Vector", 
		"140": "Gentex", 
		"141": "Visteon", 
		"142": "Tochigi Fuji", 
		"143": "Chrysler", 
		"144": "May and Scofield", 
		"145": "Mercedes-Benz Hamburg Plant", 
		"146": "AISIN AW", 
		"147": "TOYODA MACHINE WORKS", 
		"148": "Solectron-Invotronics", 
		"149": "Kicker", 
		"150": "American Axle Company", 
		"151": "GETRAG", 
		"152": "Promate", 
		"153": "ArvinMeritor", 
		"154": "Autometer", 
		"155": "Valeo Sylvania", 
		"156": "Cobasys", 
		"157": "Helbako", 
		"158": "Continental", 
		"159": "Reserved (Value '159')", 
		"160": "Reserved by MMC", 
		"161": "Reserved by MCC-SMART", 
		"162": "FUSO", 
		"163": "Autokabel", 
		"164": "Hyundai Mobis", 
		"165": "Festo", 
		"166": "Schmidhauser", 
		"167": "Sphere Design GmbH", 
		"168": "Deutsche Accumotive GmbH & Co KG", 
		"169": "BRC Gas Equipment", 
		"170": "Delta Energy Systems", 
		"171": "A123 Systems", 
		"172": "Mercedes AMG", 
		"173": "Huber Automotive AG", 
		"174": "Witte Velbert", 
		"175": "MetaSystem", 
		"176": "M/A-COM", 
		"177": "TBK (Tokai Bussan Corp)", 
		"178": "DDC", 
		"179": "3Soft", 
		"180": "MB-Tech", 
		"181": "E-T-A", 
		"182": "Ssangyong", 
		"183": "Paragon", 
		"184": "ThyssenKrupp", 
		"185": "Hoerbiger", 
		"186": "Bang and Olufsen", 
		"187": "Hughes", 
		"188": "Flextronics", 
		"189": "Spheros", 
		"190": "K\u00fcster ACS", 
		"191": "Kromberg und Schubert", 
		"192": "SB LiMotive", 
		"193": "MAGNA E-Car Systems GmbH & Co OG", 
		"194": "Reserved (Value '194')", 
		"217": "Daimler TSS", 
		"218": "Reserved (Value '218')", 
		"32768": "Reserved for CVD CDS approach (Value '32768')", 
		"28672": "Reserved (Value '28672')", 
		"61440": "Reserved (Value '61440')", 
		"28670": "Reserved for CVD CDS approach (Value '28670')", 
		"61438": "After Market Supplier", 
		"61439": "Unidentified"
	}, 
	"signed": true
	}, 
	"SW - patch level BB App": {
	"scaled": true, 
	"signed": true
	}, 
	"SW - year LPC Emergency": {
	"scaled": true, 
	"signed": true
	}, 
	"Output Control Command": {
	"lists": {
		"0": "Stop", 
		"1": "resetToDefault", 
		"2": "freezeCurrentState", 
		"3": "Start Permanent"
	}
	}, 
	"IMSI SIM Card": {
	"bytesascii": true, 
	"bytescount": 15, 
	"byte": true, 
	"bitscount": 120
	}, 
	"Result.12.r": {
	"lists": {
		"0": "passed", 
		"1": "failed", 
		"2": "running", 
		"3": "not executed"
	}, 
	"signed": true
	}, 
	"Result.8.r": {
	"lists": {
		"0": "passed", 
		"1": "failed", 
		"2": "running", 
		"3": "not executed", 
		"4": "waiting for ignition on", 
		"5": "waiting for ignition off"
	}, 
	"signed": true
	}, 
	"ID of NFC card 2.r": {
	"bytesascii": true, 
	"bytescount": 20, 
	"byte": true, 
	"bitscount": 160
	}, 
	"VIN CRC": {
	"bytescount": 2, 
	"byte": true, 
	"bitscount": 16
	}, 
	"DTCDeviceIdentifier": {
	"bytescount": 2, 
	"bitscount": 16, 
	"lists": {
		"49920": "D49920", 
		"49154": "D49154", 
		"53256": "D53256", 
		"53257": "D53257", 
		"41226": "D41226", 
		"41227": "D41227", 
		"41229": "D41229", 
		"41230": "D41230", 
		"40855": "D40855", 
		"49192": "D49192", 
		"49193": "D49193", 
		"41514": "D41514", 
		"38315": "D38315", 
		"1588": "D1588", 
		"7355": "D7355", 
		"41415": "D41415", 
		"41419": "D41419", 
		"39372": "D39372", 
		"39373": "D39373", 
		"39374": "D39374", 
		"39375": "D39375", 
		"39376": "D39376", 
		"39377": "D39377", 
		"39378": "D39378", 
		"39379": "D39379", 
		"54798": "D54798", 
		"38236": "D38236", 
		"49252": "D49252", 
		"49253": "D49253", 
		"49512": "D49512", 
		"38249": "D38249", 
		"9855": "D9855", 
		"53630": "D53630", 
		"53631": "D53631"
	}
	}, 
	"ECU Self Test Status.r": {
	"lists": {
		"0": "inactive", 
		"1": "active"
	}, 
	"signed": true
	}, 
	"SW - patch level LPC App": {
	"scaled": true, 
	"signed": true
	}, 
	"Output Control Status": {
	"lists": {
		"1": "Running", 
		"2": "Stopped", 
		"17": "Manually stopped"
	}
	}, 
	"VIN": {
	"bytesascii": true, 
	"bytescount": 17, 
	"byte": true, 
	"bitscount": 136, 
	"comment": "VIN lu dans la trameg\u00e9n\u00e9rique $2181"
	}, 
	"SW - week LPC App": {
	"scaled": true, 
	"signed": true
	}, 
	"DTCStatus.testNotCompletedSinceLastClear": {
	"bitscount": 1, 
	"lists": {
		"0": "No", 
		"1": "Yes"
	}
	}, 
	"ECU Mode": {
	"lists": {
		"0": "TERMINATED", 
		"1": "UNIT PRODUCTION", 
		"2": "VEHICLE PRODUCTION", 
		"3": "SHIPPING", 
		"4": "DELIVERED", 
		"5": "DELIVERED_DEBUG", 
		"255": "INIT"
	}, 
	"signed": true
	}, 
	"KCH support": {
	"bitscount": 1, 
	"lists": {
		"0": "disabled", 
		"1": "enabled"
	}, 
	"signed": true
	}, 
	"TimeOfReprogramming": {
	"comment": "Cod\u00e9 en BCD", 
	"bytescount": 2, 
	"byte": true, 
	"bitscount": 16
	}, 
	"DTCExtendedData.Mileage": {
	"scaled": true, 
	"bytescount": 3, 
	"comment": "Description of the extendedData Mileage (use by Failure Page to decode data)", 
	"bitscount": 24, 
	"unit": "km"
	}, 
	"Odometer": {
	"bitscount": 16, 
	"signed": true, 
	"scaled": true, 
	"step": 16.0, 
	"bytescount": 2, 
	"unit": "km"
	}, 
	"Active Diagnostic Variant": {
	"scaled": true, 
	"signed": true
	}, 
	"Active Diagnostic Version": {
	"scaled": true, 
	"signed": true
	}, 
	"DTCStatus.warningIndicatorRequested": {
	"bitscount": 1, 
	"lists": {
		"0": "No", 
		"1": "Yes"
	}
	}, 
	"Result.r": {
	"bitscount": 2, 
	"lists": {
		"0": "passed", 
		"1": "failed", 
		"2": "running", 
		"3": "Routine was not executed"
	}, 
	"signed": true
	}, 
	"DTCExtendedData.AgingCounter": {
	"scaled": true, 
	"comment": "Description of the extendedData AgingCounter (use by Failure Page to decode data)"
	}, 
	"Result.10.r": {
	"lists": {
		"0": "passed", 
		"1": "failed", 
		"2": "running", 
		"3": "not executed"
	}, 
	"signed": true
	}, 
	"DTCStatusAvailabilityMask": {
	"scaled": true
	}, 
	"Activation request": {
	"bitscount": 1, 
	"lists": {
		"0": "deactivate", 
		"1": "activate"
	}, 
	"signed": true
	}, 
	"SW - year BB FW": {
	"scaled": true, 
	"signed": true
	}, 
	"Output Permanent Control List": {}, 
	"Diagnostic Trace Memory 12 Byte": {
	"bytescount": 12, 
	"byte": true, 
	"bitscount": 96
	}, 
	"Vehicle Type": {
	"lists": {
		"0": "BR 451", 
		"1": "BR 453", 
		"2": "BR 246", 
		"3": "BR 176", 
		"4": "BR 117", 
		"5": "BR 156", 
		"6": "BR 166", 
		"7": "BR 213", 
		"8": "Star 1", 
		"9": "Star 2", 
		"255": "UNKNOWN"
	}, 
	"signed": true
	}, 
	"DTCRecord": {
	"bytescount": 3, 
	"byte": true, 
	"bitscount": 24
	}, 
	"SW - year LPC StartManager": {
	"scaled": true, 
	"signed": true
	}, 
	"HW - patch level": {
	"scaled": true, 
	"signed": true
	}, 
	"SW - year BB App": {
	"scaled": true, 
	"signed": true
	}, 
	"DateOfReprogramming": {
	"comment": "Cod\u00e9 en BCD", 
	"bytescount": 3, 
	"byte": true, 
	"bitscount": 24
	}, 
	"SW - year LPC App": {
	"scaled": true, 
	"signed": true
	}, 
	"Result.5.r": {
	"lists": {
		"0": "started", 
		"1": "conditions not correct", 
		"2": "not supported", 
		"3": "already paired"
	}, 
	"signed": true
	}, 
	"DiagnosticServiceAvailability.2.r": {
	"bitscount": 1, 
	"lists": {
		"0": "not available", 
		"1": "available"
	}, 
	"signed": true
	}, 
	"NumberOfReprogrammings": {
	"byte": true
	}, 
	"ECU Software Mode": {
	"bitscount": 1, 
	"lists": {
		"0": "Running in Application", 
		"1": "Running in Boot"
	}, 
	"signed": true
	}, 
	"GPIO Voltage.r": {
	"scaled": true, 
	"bytescount": 2, 
	"bitscount": 16, 
	"unit": "mV", 
	"signed": true
	}, 
	"SW - Version Boot Software": {
	"scaled": true, 
	"signed": true
	}, 
	"Result.7.r": {
	"lists": {
		"0": "started", 
		"1": "conditions not correct", 
		"2": "not supported", 
		"3": "not allowed", 
		"4": "not paired"
	}, 
	"signed": true
	}, 
	"HW - year": {
	"scaled": true, 
	"signed": true
	}, 
	"SaveMarking": {
	"byte": true
	}, 
	"Output Permanent Control List.r": {}, 
	"DTCFailureType.Category": {
	"bitscount": 4, 
	"lists": {
		"0": "General Failure Information", 
		"1": "General Electrical Failures", 
		"2": "General Signal Failures", 
		"3": "FM (Frequency Modulated) / PWM (Pulse Width Modulated) Failures", 
		"4": "System Internal Failures", 
		"5": "System Programming Failures", 
		"6": "Algorithm Based Failures", 
		"7": "Mechanical Failures", 
		"8": "Bus Signal / Message Failures", 
		"9": "Component Failures", 
		"15": "Vehicle manufacturer / System supplier specific"
	}
	}, 
	"ID of NFC card 3.r": {
	"bytesascii": true, 
	"bytescount": 20, 
	"byte": true, 
	"bitscount": 160
	}, 
	"SW - patch level BB FW": {
	"scaled": true, 
	"signed": true
	}, 
	"DTCStatus.pendingDTC": {
	"bitscount": 1, 
	"lists": {
		"0": "No", 
		"1": "Yes"
	}
	}, 
	"Result.11.r": {
	"lists": {
		"0": "started", 
		"1": "conditions not correct", 
		"2": "not supported", 
		"3": "not paired"
	}, 
	"signed": true
	}, 
	"ProgrammingToolReference": {
	"bytesascii": true, 
	"bytescount": 5, 
	"byte": true, 
	"bitscount": 40
	}, 
	"Routine Status.r": {
	"bitscount": 2, 
	"lists": {
		"0": "passed", 
		"1": "failed", 
		"2": "running", 
		"3": "Routine was not executed"
	}, 
	"signed": true
	}, 
	"KCH Serial Number": {
	"bytesascii": true, 
	"bytescount": 10, 
	"byte": true, 
	"bitscount": 80
	}, 
	"Renault Hardware Part Number KCH": {
	"bytesascii": true, 
	"bytescount": 10, 
	"byte": true, 
	"bitscount": 80
	}, 
	"Manufacturing Date - year": {
	"scaled": true, 
	"signed": true
	}, 
	"SW - week BB FW": {
	"scaled": true, 
	"signed": true
	}, 
	"DTCFailureType.ManufacturerOrSupplier": {
	"bitscount": 4
	}, 
	"ProgrammingSiteReference": {
	"bytesascii": true, 
	"bytescount": 5, 
	"byte": true, 
	"bitscount": 40
	}, 
	"KCH HW Part Number": {
	"bytesascii": true, 
	"bytescount": 10, 
	"byte": true, 
	"bitscount": 80
	}, 
	"Hardware Part Number": {
	"bytesascii": true, 
	"bytescount": 10, 
	"byte": true, 
	"bitscount": 80
	}, 
	"DTCStatus.testFailedThisMonitoringCycle": {
	"bitscount": 1, 
	"lists": {
		"0": "No", 
		"1": "Yes"
	}
	}, 
	"ApprovalNumber.LowerPart": {
	"bytesascii": true, 
	"bytescount": 5, 
	"byte": true, 
	"bitscount": 40
	}, 
	"Diagnostic Trace Memory 16 Byte": {
	"bytescount": 16, 
	"byte": true, 
	"bitscount": 128
	}, 
	"vehicleManufacturerSparePartNumber": {
	"bytesascii": true, 
	"bytescount": 10, 
	"byte": true, 
	"bitscount": 80, 
	"comment": "Ordered Part Number - This value shall contain the number of the part ordered by OEM"
	}, 
	"Manufacturing Date - month": {
	"scaled": true, 
	"signed": true
	}, 
	"Response.r": {
	"bytesascii": true, 
	"bytescount": 30, 
	"byte": true, 
	"bitscount": 240
	}, 
	"Result.4.r": {
	"lists": {
		"0": "passed", 
		"1": "failed", 
		"2": "running", 
		"3": "routine was not executed"
	}, 
	"signed": true
	}, 
	"DTCMaskRecord": {
	"bytescount": 3, 
	"byte": true, 
	"bitscount": 24
	}, 
	"Software Logical Block 0 Supplier Identification": {
	"bytescount": 2, 
	"bitscount": 16, 
	"lists": {
		"0": "Reserved (Value '0')", 
		"1": "Becker", 
		"2": "Blaupunkt", 
		"3": "Bosch", 
		"4": "MB", 
		"5": "HuF", 
		"6": "Kammerer", 
		"7": "Kostal", 
		"8": "Siemens", 
		"9": "Stribel", 
		"10": "MicroHeat", 
		"11": "JATCO", 
		"12": "Cummins", 
		"13": "ZF Lenksysteme", 
		"14": "Nidec Motors & Actuators", 
		"15": "S&T Daewoo (Science & Technology Deawoo)", 
		"16": "SWF", 
		"17": "VDO", 
		"18": "Webasto", 
		"19": "Dornier", 
		"20": "TEG", 
		"21": "Hella", 
		"22": "Lucas", 
		"23": "GKR", 
		"24": "MBB", 
		"25": "Motometer", 
		"26": "Daimler", 
		"27": "Sanden", 
		"28": "IEE", 
		"29": "ASK", 
		"30": "U-Shin", 
		"31": "Volkswagen", 
		"32": "Borg", 
		"33": "Temic", 
		"34": "Teves", 
		"35": "BorgWarner", 
		"36": "MED S.P.A", 
		"37": "DENSO", 
		"38": "ZF", 
		"39": "TRW", 
		"40": "Dunlop", 
		"41": "LUK", 
		"42": "Hyundai Autonet", 
		"43": "Freightliner", 
		"44": "TAKATA-PETRI", 
		"45": "Haldex", 
		"46": "Hirschmann", 
		"47": "e2v Technology", 
		"48": "Magneti Marelli", 
		"49": "DODUCO", 
		"50": "Alpine", 
		"51": "AMC (AEG Mobile Com.)", 
		"52": "Bose", 
		"53": "Dasa", 
		"54": "Motorola", 
		"55": "Nokia", 
		"56": "Panasonic", 
		"57": "APAG", 
		"58": "Rialtosoft", 
		"59": "Applicom", 
		"60": "Conti Temic", 
		"61": "Cherry", 
		"62": "TI Automotive", 
		"63": "Kongsberg Automotive", 
		"64": "Delphi", 
		"65": "Alfmeier", 
		"66": "Sidler", 
		"67": "Marquardt", 
		"68": "Wehrle", 
		"69": "megamos", 
		"70": "ADC", 
		"71": "BERU", 
		"72": "Valeo", 
		"73": "Magna", 
		"74": "Allison", 
		"75": "Isringhausen", 
		"76": "Grammer", 
		"77": "Funkwerk Dabendorf", 
		"78": "Hella-Behr", 
		"79": "Pollak", 
		"80": "AKG", 
		"81": "Automotive Lighting", 
		"82": "TAG", 
		"83": "UNITED PARTS", 
		"84": "catem", 
		"85": "Alge", 
		"86": "Pierburg", 
		"87": "Brusa", 
		"88": "Ecostar", 
		"89": "XCELLSIS", 
		"90": "Wabco Automotive", 
		"91": "Voith", 
		"92": "Knorr", 
		"93": "TVI", 
		"94": "Stoneridge", 
		"95": "Telma", 
		"96": "STW", 
		"97": "Koyo", 
		"98": "Ebersp\u00e4cher", 
		"99": "ADVICS", 
		"100": "OMRON", 
		"101": "Mitsubishi Heavy Industry", 
		"102": "Methode", 
		"103": "UNISIAJECS", 
		"104": "UNISIA JKC Steering Systems", 
		"105": "AISIN", 
		"106": "Zexel Valeo", 
		"107": "Schrader", 
		"108": "Ballard", 
		"109": "Alcoa Fujikura", 
		"110": "Transtron", 
		"111": "Iteris", 
		"112": "SFT", 
		"113": "Kieckert AG", 
		"114": "Behr", 
		"115": "MB Lenkungen", 
		"116": "Sachs Automotive", 
		"117": "Peiker", 
		"118": "Petri", 
		"119": "Autoliv", 
		"120": "Thien electronic", 
		"121": "Siemens VDO", 
		"122": "Dornier Consulting GmbH", 
		"123": "Alps", 
		"124": "PREH", 
		"125": "Hitachi Unisia", 
		"126": "Hitachi", 
		"127": "Reserved (Value '127')", 
		"128": "Huntsville", 
		"129": "Yazaki", 
		"130": "Lear", 
		"131": "Johnson Controls", 
		"132": "Harman / Becker", 
		"133": "Mitsubishi Electric", 
		"134": "Tokico USA Inc.", 
		"135": "Nippon Seiki (NS Intl)", 
		"136": "Inalfa", 
		"137": "Nippon Seiki (UK)", 
		"138": "GHSP", 
		"139": "Vector", 
		"140": "Gentex", 
		"141": "Visteon", 
		"142": "Tochigi Fuji", 
		"143": "Chrysler", 
		"144": "May and Scofield", 
		"145": "Mercedes-Benz Hamburg Plant", 
		"146": "AISIN AW", 
		"147": "TOYODA MACHINE WORKS", 
		"148": "Solectron-Invotronics", 
		"149": "Kicker", 
		"150": "American Axle Company", 
		"151": "GETRAG", 
		"152": "Promate", 
		"153": "ArvinMeritor", 
		"154": "Autometer", 
		"155": "Valeo Sylvania", 
		"156": "Cobasys", 
		"157": "Helbako", 
		"158": "Continental", 
		"159": "Reserved (Value '159')", 
		"160": "Reserved by MMC", 
		"161": "Reserved by MCC-SMART", 
		"162": "FUSO", 
		"163": "Autokabel", 
		"164": "Hyundai Mobis", 
		"165": "Festo", 
		"166": "Schmidhauser", 
		"167": "Sphere Design GmbH", 
		"168": "Deutsche Accumotive GmbH & Co KG", 
		"169": "BRC Gas Equipment", 
		"170": "Delta Energy Systems", 
		"171": "A123 Systems", 
		"172": "Mercedes AMG", 
		"173": "Huber Automotive AG", 
		"174": "Witte Velbert", 
		"175": "MetaSystem", 
		"176": "M/A-COM", 
		"177": "TBK (Tokai Bussan Corp)", 
		"178": "DDC", 
		"179": "3Soft", 
		"180": "MB-Tech", 
		"181": "E-T-A", 
		"182": "Ssangyong", 
		"183": "Paragon", 
		"184": "ThyssenKrupp", 
		"185": "Hoerbiger", 
		"186": "Bang and Olufsen", 
		"187": "Hughes", 
		"188": "Flextronics", 
		"189": "Spheros", 
		"190": "K\u00fcster ACS", 
		"191": "Kromberg und Schubert", 
		"192": "SB LiMotive", 
		"193": "MAGNA E-Car Systems GmbH & Co OG", 
		"194": "Reserved (Value '194')", 
		"217": "Daimler TSS", 
		"218": "Reserved (Value '218')", 
		"32768": "Reserved for CVD CDS approach (Value '32768')", 
		"28672": "Reserved (Value '28672')", 
		"61440": "Reserved (Value '61440')", 
		"28670": "Reserved for CVD CDS approach (Value '28670')", 
		"61438": "After Market Supplier", 
		"61439": "Unidentified"
	}, 
	"signed": true
	}, 
	"Result.6.r": {
	"lists": {
		"0": "passed", 
		"1": "failed", 
		"2": "running", 
		"3": "not executed", 
		"4": "waiting for ignition on", 
		"5": "waiting for ignition off"
	}, 
	"signed": true
	}, 
	"SW - Version Firmware": {
	"scaled": true, 
	"signed": true
	}, 
	"Identification.2": {
	"scaled": true, 
	"bytescount": 3, 
	"bitscount": 24, 
	"signed": true
	}, 
	"ECU Serial Number": {
	"bytescount": 10, 
	"byte": true, 
	"bitscount": 80
	}, 
	"SessionName": {
	"lists": {
		"192": "ExtendedDiagnosticSession", 
		"129": "DefaultSession", 
		"133": "ProgrammingSession", 
		"134": "DevelopmentSession"
	}
	}, 
	"Manufacturing Date - day": {
	"scaled": true, 
	"signed": true
	}, 
	"DTCFailureType": {
	"lists": {
		"0": "Device and failure type ODB coding", 
		"1": "General Electrical Failure", 
		"2": "General signal failure", 
		"3": "FM (Frequency Modulated) / PWM (Pulse Width Modulated) Failures", 
		"4": "System Internal Failures", 
		"5": "System Programming Failures", 
		"6": "Algorithm Based Failures", 
		"7": "Mechanical Failures", 
		"8": "Bus Signal / Message Failures", 
		"9": "Component Failures", 
		"17": "circuit short to ground", 
		"18": "circuit short to battery", 
		"19": "circuit open", 
		"20": "circuit short to ground or open", 
		"21": "circuit short to battery or open", 
		"22": "circuit voltage below threshold", 
		"23": "circuit voltage above threshold", 
		"24": "circuit current below threshold", 
		"25": "circuit current above threshold", 
		"26": "circuit resistance below threshold", 
		"27": "circuit resistance above threshold", 
		"28": "circuit voltage out of range", 
		"29": "circuit current out of range", 
		"30": "circuit resistance out of range", 
		"31": "circuit intermittent", 
		"33": "signal amplitude < minimum", 
		"34": "signal amplitude > maximum", 
		"35": "signal stuck low", 
		"36": "signal stuck high", 
		"37": "signal shape / waveform failure", 
		"38": "signal rate of change below threshold", 
		"39": "signal rate of change above threshold", 
		"40": "signal bias level out of range / zero adjustment failure", 
		"41": "signal signal invalid", 
		"47": "signal erratic", 
		"49": "no signal", 
		"50": "signal low time < minimum", 
		"51": "signal low time > maximum", 
		"52": "signal high time < minimum", 
		"53": "signal high time > maximum", 
		"54": "signal frequency too low", 
		"55": "signal frequency too high", 
		"56": "signal frequency incorrect", 
		"57": "incorrect has too few pulses", 
		"58": "incorrect has too many pulses", 
		"65": "general checksum failure", 
		"66": "general memory failure", 
		"67": "special memory failure", 
		"68": "data memory failure", 
		"69": "program memory failure", 
		"70": "calibration / parameter memory failure", 
		"71": "watchdog / safety \u00b5C failure", 
		"72": "supervision software failure", 
		"73": "internal electronic failure", 
		"74": "incorrect component installed", 
		"75": "over temperature", 
		"81": "not programmed", 
		"82": "not activated", 
		"83": "deactivated", 
		"84": "missing calibration", 
		"85": "not configured", 
		"97": "signal calculation failure", 
		"98": "signal compare failure", 
		"99": "circuit / component protection time-out", 
		"100": "signal plausibility failure", 
		"101": "signal has too few transitions / events", 
		"102": "signal has too many transitions / events", 
		"103": "signal incorrect after event", 
		"104": "event information", 
		"113": "actuator stuck", 
		"114": "actuator stuck open", 
		"115": "actuator stuck closed", 
		"116": "actuator slipping", 
		"117": "emergency position not reachable", 
		"118": "wrong mounting position", 
		"119": "commanded position not reachable", 
		"120": "alignment or adjustment incorrect", 
		"121": "mechanical linkage failure", 
		"122": "fluid leak or seal failure", 
		"123": "low fluid level", 
		"129": "invalid serial data received", 
		"130": "alive / sequence counter incorrect / not updated", 
		"131": "value of signal protection calculation incorrect", 
		"132": "signal below allowable range", 
		"133": "signal above allowable range", 
		"134": "signal invalid", 
		"135": "missing message", 
		"136": "bus off", 
		"143": "erratic", 
		"145": "parametric", 
		"146": "performance or incorrect operation", 
		"147": "no operation", 
		"148": "unexpected operation", 
		"149": "incorrect assembly", 
		"150": "component internal failure", 
		"151": "Component or system operation obstructed or blocked", 
		"152": "component or system over temperature"
	}
	}, 
	"SW - week BB App": {
	"scaled": true, 
	"signed": true
	}, 
	"vehicleManufacturerECUSoftwareVersionNameWSU": {
	"bytesascii": true, 
	"bytescount": 30, 
	"byte": true, 
	"bitscount": 240
	}, 
	"Current Immobilizer Mode": {
	"lists": {
		"0": "GPIO", 
		"1": "LIN", 
		"2": "FBS4", 
		"3": "REN", 
		"4": "SAM", 
		"5": "Reserved", 
		"255": "UNKNOWN"
	}, 
	"signed": true
	}, 
	"StatusOfDTC": {
	"scaled": true
	}, 
	"ICC SIM Card": {
	"bytesascii": true, 
	"bytescount": 20, 
	"byte": true, 
	"bitscount": 160
	}, 
	"DTCDeviceAndFailureTypeOBD": {
	"bytescount": 2, 
	"bitscount": 16
	}, 
	"ID of NFC card 1.r": {
	"bytesascii": true, 
	"bytescount": 20, 
	"byte": true, 
	"bitscount": 160
	}, 
	"DTC Read Counter": {
	"scaled": true, 
	"signed": true
	}, 
	"SW - week LPC Emergency": {
	"scaled": true, 
	"signed": true
	}, 
	"Output Control Command.r": {
	"lists": {
		"0": "Stop", 
		"1": "resetToDefault", 
		"2": "freezeCurrentState", 
		"3": "Start Permanent"
	}
	}, 
	"SW - patch level LPC StartManager": {
	"scaled": true, 
	"signed": true
	}, 
	"Test Result.r": {
	"bitscount": 1, 
	"lists": {
		"0": "passed", 
		"1": "failed"
	}, 
	"signed": true
	}, 
	"DTCStatus.confirmedDTC": {
	"bitscount": 1, 
	"lists": {
		"0": "No", 
		"1": "Yes"
	}
	}, 
	"KCH Serial Number.2": {
	"scaled": true, 
	"bytescount": 4, 
	"bitscount": 32, 
	"signed": true
	}, 
	"HW - week": {
	"scaled": true, 
	"signed": true
	}, 
	"Request": {
	"lists": {
		"0": "APN", 
		"1": "configId", 
		"2": "provider", 
		"3": "updState", 
		"4": "bootCnt", 
		"5": "updSrvSync", 
		"6": "appState", 
		"7": "updProgress", 
		"8": "pairingState", 
		"9": "immoTargetState"
	}, 
	"signed": true
	}, 
	"Result.9.r": {
	"lists": {
		"0": "started", 
		"1": "conditions not correct", 
		"2": "not supported", 
		"3": "not paired"
	}, 
	"signed": true
	}, 
	"IMEI": {
	"bytesascii": true, 
	"bytescount": 15, 
	"byte": true, 
	"bitscount": 120
	}, 
	"DTCExtendedData.DTCOccurrenceCounter": {
	"scaled": true, 
	"comment": "Description of the extendedData DTCOccurrenceCounter (use by Failure Page to decode data)"
	}, 
	"DTCStatus.testFailedSinceLastClear": {
	"bitscount": 1, 
	"lists": {
		"0": "No", 
		"1": "Yes"
	}
	}, 
	"Active Diagnostic Session": {
	"bitscount": 7, 
	"lists": {
		"1": "Default", 
		"2": "Programming", 
		"3": "Extended", 
		"4": "Safety System Diagnostic Session", 
		"73": "StandBy"
	}, 
	"signed": true
	}, 
	"SW - week LPC StartManager": {
	"scaled": true, 
	"signed": true
	}, 
	"vehicleKey": {
	"bytescount": 7, 
	"byte": true, 
	"bitscount": 56
	}, 
	"DTCStatus.testNotCompletedThisMonitoringCycle": {
	"bitscount": 1, 
	"lists": {
		"0": "No", 
		"1": "Yes"
	}
	}, 
	"SW - patch level LPC Emergency": {
	"scaled": true, 
	"signed": true
	}, 
	"Result.3.r": {
	"lists": {
		"0": "started", 
		"1": "conditions not correct", 
		"2": "no service"
	}, 
	"signed": true
	}, 
	"Gateway": {
	"bitscount": 1, 
	"lists": {
		"0": "false", 
		"1": "true"
	}, 
	"signed": true
	}, 
	"DTCStatus.testFailed": {
	"bitscount": 1, 
	"lists": {
		"0": "No", 
		"1": "Yes"
	}
	}
}
}