{
"obd": {
	"kw1": "F7", 
	"kw2": "4", 
	"funcname": "ABS", 
	"protocol": "ISO8", 
	"funcaddr": "01"
}, 
"devices": [], 
"ecuname": "X56_MK20 v0", 
"autoidents": [], 
"endian": "Big", 
"requests": [
	{
	"deny_sds": [
		"plant", 
		"aftersales", 
		"engineering", 
		"supplier"
	], 
	"name": "RISEPRESSURE_AVD", 
	"sentbytes": "61FC00"
	}, 
	{
	"deny_sds": [
		"plant", 
		"aftersales", 
		"engineering", 
		"supplier"
	], 
	"name": "RISEPRESSURE_AVG", 
	"sentbytes": "61F300"
	}, 
	{
	"receivebyte_dataitems": {
		"d\u00e9fauts alimentation": {
		"ref": true, 
		"firstbyte": 8
		}, 
		"d\u00e9faut capt AVG": {
		"ref": true, 
		"firstbyte": 2
		}, 
		"d\u00e9faut capt AVD": {
		"ref": true, 
		"firstbyte": 3
		}, 
		"d\u00e9faut capt ARG": {
		"ref": true, 
		"firstbyte": 4
		}, 
		"d\u00e9faut capt ARD": {
		"ref": true, 
		"firstbyte": 5
		}, 
		"D\u00e9fauts EV et relais EV": {
		"ref": true, 
		"firstbyte": 9
		}, 
		"d\u00e9fauts \u00e9lectrovannes": {
		"ref": true, 
		"firstbyte": 6
		}
	}, 
	"deny_sds": [
		"plant", 
		"aftersales", 
		"engineering", 
		"supplier"
	], 
	"minbytes": 9, 
	"sentbytes": "58", 
	"name": "MES_LEC_DIAG_MEM"
	}, 
	{
	"receivebyte_dataitems": {
		"Nbre de poles compt\u00e9s": {
		"ref": true, 
		"firstbyte": 3
		}, 
		"Status du r\u00e9sultat": {
		"ref": true, 
		"firstbyte": 2
		}
	}, 
	"deny_sds": [
		"plant", 
		"aftersales", 
		"engineering", 
		"supplier"
	], 
	"minbytes": 3, 
	"sentbytes": "D3", 
	"name": "MES_STOP_COMPTAGE"
	}, 
	{
	"deny_sds": [
		"plant", 
		"aftersales", 
		"engineering", 
		"supplier"
	], 
	"minbytes": 1, 
	"sentbytes": "61CF00", 
	"name": "RISEPRESSURE_ARD"
	}, 
	{
	"deny_sds": [
		"plant", 
		"aftersales", 
		"engineering", 
		"supplier"
	], 
	"minbytes": 1, 
	"sentbytes": "613F00", 
	"name": "RISEPRESSURE_ARG"
	}, 
	{
	"receivebyte_dataitems": {
		"vitesse SAV roue AVD": {
		"ref": true, 
		"firstbyte": 3
		}, 
		"vitesse SAV roue AVG": {
		"ref": true, 
		"firstbyte": 2
		}, 
		"contacteur feux stop": {
		"bitoffset": 5, 
		"ref": true, 
		"firstbyte": 6
		}, 
		"rotation pompe": {
		"bitoffset": 3, 
		"ref": true, 
		"firstbyte": 6
		}, 
		"vitesse SAV roue ARG": {
		"ref": true, 
		"firstbyte": 5
		}, 
		"vitesse SAV roue ARD": {
		"ref": true, 
		"firstbyte": 4
		}
	}, 
	"deny_sds": [
		"plant", 
		"aftersales", 
		"engineering", 
		"supplier"
	], 
	"minbytes": 6, 
	"sentbytes": "5B", 
	"name": "MES_LEC_CAPT_SAV"
	}, 
	{
	"receivebyte_dataitems": {
		"Date de fabrication": {
		"ref": true, 
		"firstbyte": 7
		}, 
		"Identification fournisseur": {
		"ref": true, 
		"firstbyte": 3
		}, 
		"Date Service apr\u00e8s-vente": {
		"ref": true, 
		"firstbyte": 10
		}, 
		"Code SAV": {
		"ref": true, 
		"firstbyte": 4
		}, 
		"Version": {
		"ref": true, 
		"firstbyte": 6
		}, 
		"Identification fonction": {
		"ref": true, 
		"firstbyte": 2
		}, 
		"Identification du logiciel": {
		"ref": true, 
		"firstbyte": 5
		}
	}, 
	"deny_sds": [
		"plant", 
		"aftersales", 
		"engineering", 
		"supplier"
	], 
	"minbytes": 12, 
	"sentbytes": "51", 
	"name": "MES_IDENTIF"
	}, 
	{
	"name": "MES_SELECT_ROUE", 
	"deny_sds": [
		"plant", 
		"aftersales", 
		"engineering", 
		"supplier"
	], 
	"receivebyte_dataitems": {
		"MES_REP_SELECT_ROUE": {
		"ref": true, 
		"firstbyte": 2
		}
	}, 
	"sendbyte_dataitems": {
		"Choix roue": {
		"ref": true, 
		"firstbyte": 2
		}
	}, 
	"minbytes": 2, 
	"sentbytes": "D001"
	}, 
	{
	"deny_sds": [
		"plant", 
		"aftersales", 
		"engineering", 
		"supplier"
	], 
	"minbytes": 1, 
	"sentbytes": "61F000", 
	"name": "FALLPRESSURE_AVD"
	}, 
	{
	"deny_sds": [
		"plant", 
		"aftersales", 
		"engineering", 
		"supplier"
	], 
	"name": "FALLPRESSURE_AVG", 
	"sentbytes": "61F000"
	}, 
	{
	"deny_sds": [
		"plant", 
		"aftersales", 
		"engineering", 
		"supplier"
	], 
	"name": "FALLPRESSURE_ARD", 
	"sentbytes": "610F00"
	}, 
	{
	"deny_sds": [
		"plant", 
		"aftersales", 
		"engineering", 
		"supplier"
	], 
	"minbytes": 1, 
	"sentbytes": "610F00", 
	"name": "FALLPRESSURE_ARG"
	}, 
	{
	"deny_sds": [
		"plant", 
		"aftersales", 
		"engineering", 
		"supplier"
	], 
	"minbytes": 1, 
	"sentbytes": "59", 
	"name": "MES_LEC_DIAG_COUR"
	}, 
	{
	"receivebyte_dataitems": {
		"MES_REP_COMPTAGE": {
		"ref": true, 
		"firstbyte": 2
		}
	}, 
	"deny_sds": [
		"plant", 
		"aftersales", 
		"engineering", 
		"supplier"
	], 
	"minbytes": 2, 
	"sentbytes": "D2", 
	"name": "MES_COM_COMPTAGE"
	}, 
	{
	"receivebyte_dataitems": {
		"vitesse roue ARD CFC": {
		"ref": true, 
		"firstbyte": 4
		}, 
		"vitesse roue AVG CFC": {
		"ref": true, 
		"firstbyte": 2
		}, 
		"vitesse roue AVD CFC": {
		"ref": true, 
		"firstbyte": 3
		}, 
		"info rotation pompe": {
		"bitoffset": 3, 
		"ref": true, 
		"firstbyte": 6
		}, 
		"vitesse roue ARG CFC": {
		"ref": true, 
		"firstbyte": 5
		}, 
		"infos contacteur stop": {
		"bitoffset": 5, 
		"ref": true, 
		"firstbyte": 6
		}
	}, 
	"deny_sds": [
		"plant", 
		"aftersales", 
		"engineering", 
		"supplier"
	], 
	"minbytes": 6, 
	"sentbytes": "5A", 
	"name": "MES_LEC_CAPT_CFC"
	}, 
	{
	"deny_sds": [
		"plant", 
		"aftersales", 
		"engineering", 
		"supplier"
	], 
	"name": "MES_DAT_SAV", 
	"sentbytes": "43021297"
	}, 
	{
	"deny_sds": [
		"plant", 
		"aftersales", 
		"engineering", 
		"supplier"
	], 
	"minbytes": 1, 
	"sentbytes": "61F200", 
	"name": "CONSPRESSURE_AVG"
	}, 
	{
	"receivebyte_dataitems": {
		"MES_REP_TRANSITION": {
		"ref": true, 
		"firstbyte": 2
		}
	}, 
	"deny_sds": [
		"plant", 
		"aftersales", 
		"engineering", 
		"supplier"
	], 
	"minbytes": 2, 
	"sentbytes": "D1", 
	"name": "MES_COM_TRANSITION"
	}, 
	{
	"deny_sds": [
		"plant", 
		"aftersales", 
		"engineering", 
		"supplier"
	], 
	"name": "MES_DAT_FAB", 
	"sentbytes": "42031297"
	}, 
	{
	"deny_sds": [
		"plant", 
		"aftersales", 
		"engineering", 
		"supplier"
	], 
	"name": "MES_RAZ", 
	"sentbytes": "45"
	}, 
	{
	"deny_sds": [
		"plant", 
		"aftersales", 
		"engineering", 
		"supplier"
	], 
	"name": "POMPE_ON", 
	"sentbytes": "61FF00"
	}, 
	{
	"deny_sds": [
		"plant", 
		"aftersales", 
		"engineering", 
		"supplier"
	], 
	"name": "POMPE_OFF", 
	"sentbytes": "61FF40"
	}
], 
"data": {
	"Date de fabrication": {
	"bytescount": 3, 
	"byte": true, 
	"bitscount": 24
	}, 
	"vitesse SAV roue AVD": {
	"scaled": true, 
	"step": 0.625, 
	"unit": "km/h"
	}, 
	"vitesse SAV roue AVG": {
	"scaled": true, 
	"step": 0.625, 
	"unit": "km/h"
	}, 
	"Identification fournisseur": {
	"scaled": true
	}, 
	"d\u00e9faut capt AVG": {
	"lists": {
		"0": "Pas de d\u00e9faut", 
		"1": "D\u00e9faut de continuit\u00e9", 
		"2": "D\u00e9faut extrapolation", 
		"8": "D\u00e9faut comparaison vitesse", 
		"16": "D\u00e9faut d\u00e9tection long terme"
	}
	}, 
	"vitesse SAV roue ARD": {
	"scaled": true, 
	"step": 0.625, 
	"unit": "km/h"
	}, 
	"vitesse SAV roue ARG": {
	"scaled": true, 
	"step": 0.625, 
	"unit": "km/h"
	}, 
	"d\u00e9faut capt AVD": {
	"lists": {
		"0": "Pas de d\u00e9faut", 
		"1": "D\u00e9faut de continuit\u00e9", 
		"2": "D\u00e9faut extrapolation", 
		"8": "D\u00e9faut comparaison vitesse", 
		"16": "D\u00e9faut d\u00e9tection long terme"
	}
	}, 
	"Code SAV": {
	"scaled": true
	}, 
	"Version": {
	"byte": true
	}, 
	"vitesse roue ARD CFC": {
	"scaled": true, 
	"step": 0.039, 
	"unit": "km/h"
	}, 
	"contacteur feux stop": {
	"bitscount": 1, 
	"lists": {
		"0": "P\u00e9dale relach\u00e9e", 
		"1": "P\u00e9dale enfonc\u00e9e"
	}
	}, 
	"Nbre de poles compt\u00e9s": {
	"scaled": true
	}, 
	"d\u00e9fauts \u00e9lectrovannes": {
	"lists": {
		"0": "Pas de d\u00e9faut", 
		"1": "D\u00e9faut EV AD AVG", 
		"2": "D\u00e9faut EV AD AVD", 
		"4": "D\u00e9faut EV AD ARG", 
		"32": "D\u00e9faut EV EC AVD", 
		"8": "D\u00e9faut EV AD ARD", 
		"64": "D\u00e9faut EV EC ARG", 
		"128": "D\u00e9faut EC EC ARD", 
		"16": "D\u00e9faut EV EC AVG"
	}
	}, 
	"vitesse roue AVG CFC": {
	"scaled": true, 
	"step": 0.039, 
	"unit": "km/h"
	}, 
	"MES_REP_COMPTAGE": {
	"lists": {
		"0": "pr\u00eat \u00e0 compter", 
		"1": "test d\u00e9ja actif", 
		"255": "mauvais choix de roue"
	}
	}, 
	"vitesse roue AVD CFC": {
	"scaled": true, 
	"step": 0.039, 
	"unit": "km/h"
	}, 
	"info rotation pompe": {
	"bitscount": 1, 
	"lists": {
		"0": "pompe \u00e0 l'arr\u00eat", 
		"1": "rotation pompe"
	}
	}, 
	"rotation pompe": {
	"scaled": true, 
	"bitscount": 1
	}, 
	"Choix roue": {
	"lists": {
		"1": "Avant gauche", 
		"2": "Avant droite", 
		"3": "Arri\u00e8re gauche", 
		"4": "Arri\u00e8re droite"
	}
	}, 
	"MES_REP_SELECT_ROUE": {
	"lists": {
		"0": "roue invalide", 
		"1": "Avant gauche", 
		"2": "Avant droite", 
		"3": "Arri\u00e8re gauche", 
		"4": "Arri\u00e8re droite", 
		"255": "test d\u00e9j\u00e0 activ\u00e9"
	}
	}, 
	"D\u00e9fauts EV et relais EV": {
	"lists": {
		"0": "Pas de d\u00e9faut", 
		"1": "D\u00e9faut relais principal", 
		"2": "D\u00e9faut test passif des EV", 
		"4": "D\u00e9faut courant de fuite", 
		"8": "D\u00e9faut sur toutes les EV"
	}
	}, 
	"MES_REP_TRANSITION": {
	"lists": {
		"0": "absence de transition", 
		"1": "une transition d\u00e9tect\u00e9e", 
		"2": "plus d'une transition", 
		"254": "test d\u00e9ja actif", 
		"255": "mauvais choix de roue"
	}
	}, 
	"infos contacteur stop": {
	"bitscount": 1, 
	"lists": {
		"0": "p\u00e9dale relach\u00e9e", 
		"1": "p\u00e9dale enfonc\u00e9e"
	}
	}, 
	"Identification du logiciel": {
	"scaled": true
	}, 
	"Status du r\u00e9sultat": {
	"lists": {
		"0": "test OK", 
		"1": "Plus de 255 tops compt\u00e9s", 
		"255": "le test n'a pas d\u00e9marr\u00e9"
	}
	}, 
	"d\u00e9fauts alimentation": {
	"lists": {
		"0": "Pas de d\u00e9faut", 
		"1": "D\u00e9faut pompe", 
		"4": "D\u00e9faut micro esclave", 
		"32": "D\u00e9tection perturb\u00e9e", 
		"8": "D\u00e9faut alimentation redondante", 
		"128": "D\u00e9faut surtension", 
		"16": "D\u00e9faut alimentation + APC"
	}
	}, 
	"Date Service apr\u00e8s-vente": {
	"bytescount": 3, 
	"byte": true, 
	"bitscount": 24
	}, 
	"vitesse roue ARG CFC": {
	"scaled": true, 
	"step": 0.039, 
	"unit": "km/h"
	}, 
	"d\u00e9faut capt ARG": {
	"lists": {
		"0": "Pas de d\u00e9faut", 
		"1": "D\u00e9faut continuit\u00e9", 
		"2": "D\u00e9faut extrapolation", 
		"8": "D\u00e9faut comparaison vitesse", 
		"16": "D\u00e9faut d\u00e9tection long terme"
	}
	}, 
	"d\u00e9faut capt ARD": {
	"lists": {
		"0": "Pas de d\u00e9faut", 
		"1": "D\u00e9faut de continuit\u00e9", 
		"2": "D\u00e9faut extrapolation", 
		"8": "D\u00e9faut comparaison vitesse", 
		"16": "D\u00e9faut d\u00e9tection long terme"
	}
	}, 
	"Identification fonction": {
	"scaled": true
	}
}
}