{
"obd": {
	"baudrate": 10400, 
	"protocol": "CAN", 
	"recv_id": "764", 
	"funcname": "Climatisation", 
	"funcaddr": "29", 
	"send_id": "744"
}, 
"devices": [
	{
	"dtc": 37124, 
	"devicedata": {}, 
	"dtctype": 0, 
	"name": "EvapTemp"
	}, 
	{
	"dtc": 37171, 
	"devicedata": {}, 
	"dtctype": 3, 
	"name": "CompValve"
	}, 
	{
	"dtc": 37125, 
	"devicedata": {}, 
	"dtctype": 2, 
	"name": "ECU"
	}, 
	{
	"dtc": 61443, 
	"devicedata": {}, 
	"dtctype": 0, 
	"name": "VBatt"
	}
], 
"ecuname": "X98 X87 CAMAN V4_2", 
"autoidents": [
	{
	"diagversion": "8", 
	"supplier": "950", 
	"version": "0406", 
	"soft": "0001"
	}, 
	{
	"diagversion": "8", 
	"supplier": "950", 
	"version": "0305", 
	"soft": "0001"
	}, 
	{
	"diagversion": "8", 
	"supplier": "950", 
	"version": "0507", 
	"soft": "0001"
	}, 
	{
	"diagversion": "5", 
	"supplier": "042", 
	"version": "0301", 
	"soft": "0001"
	}, 
	{
	"diagversion": "5", 
	"supplier": "042", 
	"version": "0302", 
	"soft": "0101"
	}, 
	{
	"diagversion": "5", 
	"supplier": "042", 
	"version": "0303", 
	"soft": "0102"
	}, 
	{
	"diagversion": "8", 
	"supplier": "950", 
	"version": "0707", 
	"soft": "0001"
	}
], 
"endian": "Big", 
"requests": [
	{
	"name": "DataRead.ACTypeConfig", 
	"replybytes": "6103", 
	"deny_sds": [
		"supplier"
	], 
	"receivebyte_dataitems": {
		"CL_ACType": {
		"firstbyte": 3
		}
	}, 
	"minbytes": 3, 
	"sentbytes": "2103"
	}, 
	{
	"name": "WriteDataByLocalId.CompressorTypeConfigDefaultValue", 
	"replybytes": "7B07", 
	"deny_sds": [
		"supplier"
	], 
	"manualsend": true, 
	"minbytes": 2, 
	"sentbytes": "3B0701"
	}, 
	{
	"name": "WriteDataByLocalId.ACTypeConfig", 
	"replybytes": "7B03", 
	"deny_sds": [
		"supplier"
	], 
	"manualsend": true, 
	"sendbyte_dataitems": {
		"CL_ACType": {
		"firstbyte": 3
		}
	}, 
	"minbytes": 2, 
	"sentbytes": "3B0301"
	}, 
	{
	"name": "DataRead.Identification.Daimler", 
	"deny_sds": [
		"supplier"
	], 
	"minbytes": 22, 
	"sentbytes": "21EF", 
	"replybytes": "61EF"
	}, 
	{
	"name": "WriteDataByLocalId.EvapSensorConfigInitValue", 
	"replybytes": "7B09", 
	"deny_sds": [
		"supplier"
	], 
	"manualsend": true, 
	"minbytes": 2, 
	"sentbytes": "3B0900"
	}, 
	{
	"name": "WriteDataByLocalId.ClimatAreaConfigDefaultValue", 
	"replybytes": "7B05", 
	"deny_sds": [
		"supplier"
	], 
	"manualsend": true, 
	"minbytes": 2, 
	"sentbytes": "3B0501"
	}, 
	{
	"name": "WriteDataByLocalId.VehicleIdentification", 
	"replybytes": "7B81", 
	"deny_sds": [
		"supplier"
	], 
	"manualsend": true, 
	"sendbyte_dataitems": {
		"VIN": {
		"firstbyte": 3
		}
	}, 
	"minbytes": 2, 
	"sentbytes": "3B8101010101010101010101010101010101010101"
	}, 
	{
	"name": "WriteDataByLocalId.PTCTypeConfigInitValue", 
	"replybytes": "7B04", 
	"deny_sds": [
		"supplier"
	], 
	"manualsend": true, 
	"minbytes": 2, 
	"sentbytes": "3B0400"
	}, 
	{
	"name": "ECUReset", 
	"deny_sds": [
		"supplier"
	], 
	"minbytes": 2, 
	"sentbytes": "1101", 
	"replybytes": "5101"
	}, 
	{
	"name": "OutputControl", 
	"replybytes": "700100", 
	"deny_sds": [
		"supplier"
	], 
	"manualsend": true, 
	"receivebyte_dataitems": {
		"Output Control Status": {
		"firstbyte": 3
		}
	}, 
	"sendbyte_dataitems": {
		"Output Temporary Control List": {
		"firstbyte": 2
		}, 
		"RecyclingActuator.mode": {
		"firstbyte": 4
		}, 
		"Output Control Command": {
		"firstbyte": 3
		}, 
		"OutputControl.OnOff": {
		"firstbyte": 4
		}, 
		"BlowerSpeed.mode": {
		"firstbyte": 4
		}, 
		"CompressorValve.mode": {
		"firstbyte": 4
		}, 
		"ControlPanelLighting.mode": {
		"firstbyte": 4
		}
	}, 
	"minbytes": 3, 
	"sentbytes": "30010001"
	}, 
	{
	"name": "WriteDataByLocalId.ACTypeConfigDefaultValue", 
	"replybytes": "7B03", 
	"deny_sds": [
		"supplier"
	], 
	"manualsend": true, 
	"minbytes": 2, 
	"sentbytes": "3B0301"
	}, 
	{
	"name": "DataRead.FBC_FP_CAMAN", 
	"replybytes": "6125", 
	"deny_sds": [
		"supplier"
	], 
	"receivebyte_dataitems": {
		"VL_EvapTempSensor_SCFP": {
		"bitoffset": 7, 
		"firstbyte": 3
		}, 
		"VL_EEPROM_ERFP": {
		"bitoffset": 4, 
		"firstbyte": 3
		}, 
		"VL_Config_ERFP": {
		"bitoffset": 2, 
		"firstbyte": 3
		}, 
		"VL_CompValveDiag_SCFP": {
		"bitoffset": 1, 
		"firstbyte": 4
		}, 
		"VL_CompValveDiag_OCFP": {
		"firstbyte": 4
		}, 
		"VL_EvapTempSensor_OCFP": {
		"bitoffset": 6, 
		"firstbyte": 3
		}, 
		"VL_VBattDiag_FP": {
		"bitoffset": 5, 
		"firstbyte": 3
		}
	}, 
	"minbytes": 4, 
	"sentbytes": "2125"
	}, 
	{
	"name": "DataRead.EvapTempSensorConfig", 
	"replybytes": "6109", 
	"deny_sds": [
		"supplier"
	], 
	"receivebyte_dataitems": {
		"CL_WithEvapSensor": {
		"firstbyte": 3
		}
	}, 
	"minbytes": 3, 
	"sentbytes": "2109"
	}, 
	{
	"name": "WriteDataByLocalId.CompressorTypeConfigInitValue", 
	"replybytes": "7B07", 
	"deny_sds": [
		"supplier"
	], 
	"manualsend": true, 
	"minbytes": 2, 
	"sentbytes": "3B0700"
	}, 
	{
	"name": "DataRead.FBC_FM_CAMAN", 
	"replybytes": "6126", 
	"deny_sds": [
		"supplier"
	], 
	"receivebyte_dataitems": {
		"VL_VBattDiag_FM": {
		"bitoffset": 5, 
		"firstbyte": 3
		}, 
		"VL_EvapTempSensor_OCFM": {
		"bitoffset": 6, 
		"firstbyte": 3
		}, 
		"VL_CompValveDiag_OCFM": {
		"firstbyte": 4
		}, 
		"VL_CompValveDiag_SCFM": {
		"bitoffset": 1, 
		"firstbyte": 4
		}, 
		"VL_EEPROM_ERFM": {
		"bitoffset": 4, 
		"firstbyte": 3
		}, 
		"VL_EvapTempSensor_SCFM": {
		"bitoffset": 7, 
		"firstbyte": 3
		}, 
		"VL_Config_ERFM": {
		"bitoffset": 2, 
		"firstbyte": 3
		}
	}, 
	"minbytes": 4, 
	"sentbytes": "2126"
	}, 
	{
	"name": "StartDiagnosticSession", 
	"replybytes": "50C0", 
	"deny_sds": [
		"supplier"
	], 
	"manualsend": true, 
	"sendbyte_dataitems": {
		"SessionName": {
		"firstbyte": 2
		}
	}, 
	"minbytes": 2, 
	"sentbytes": "10C0"
	}, 
	{
	"name": "WriteDataByLocalId.PulleyRatioConfigInitValue", 
	"replybytes": "7B08", 
	"deny_sds": [
		"supplier"
	], 
	"manualsend": true, 
	"minbytes": 2, 
	"sentbytes": "3B0800"
	}, 
	{
	"name": "WriteDataByLocalId.PTCTypeConfigDefaultValue", 
	"replybytes": "7B04", 
	"deny_sds": [
		"supplier"
	], 
	"manualsend": true, 
	"minbytes": 2, 
	"sentbytes": "3B0401"
	}, 
	{
	"name": "WriteDataByIdentifier", 
	"replybytes": "6E0000", 
	"deny_sds": [
		"supplier"
	], 
	"receivebyte_dataitems": {
		"DataRecord": {
		"firstbyte": 4
		}, 
		"DataIdentifierToWrite": {
		"firstbyte": 2
		}
	}, 
	"minbytes": 4, 
	"sentbytes": "2E000000"
	}, 
	{
	"name": "WriteDataByLocalId.VehicleTypeConfigDefaultValue", 
	"replybytes": "7B02", 
	"deny_sds": [
		"supplier"
	], 
	"manualsend": true, 
	"minbytes": 2, 
	"sentbytes": "3B0209"
	}, 
	{
	"name": "WriteDataByLocalId.EvapSensorConfigDefaultValue", 
	"replybytes": "7B09", 
	"deny_sds": [
		"supplier"
	], 
	"manualsend": true, 
	"minbytes": 2, 
	"sentbytes": "3B0902"
	}, 
	{
	"name": "DataWrite.VehicleManufacturerKitAssemblyPartNumber", 
	"replybytes": "6EF18E", 
	"deny_sds": [
		"supplier"
	], 
	"manualsend": true, 
	"sendbyte_dataitems": {
		"VehicleManufacturerKitAssemblyPartNumber": {
		"firstbyte": 4
		}
	}, 
	"minbytes": 3, 
	"sentbytes": "2EF18E00000000000000000000"
	}, 
	{
	"name": "ReadDTCInformation.ReportExtendedData", 
	"replybytes": "59060000000000000000", 
	"deny_sds": [], 
	"receivebyte_dataitems": {
		"DTCExtendedData.AgingCounter": {
		"firstbyte": 8
		}, 
		"DTCExtendedDataRecordNumber": {
		"firstbyte": 7
		}, 
		"DTCExtendedData.Mileage": {
		"firstbyte": 8
		}, 
		"DTCRecord": {
		"firstbyte": 3
		}, 
		"StatusOfDTC": {
		"firstbyte": 6
		}, 
		"DTCExtendedData.DTCOccurrenceCounter": {
		"firstbyte": 8
		}
	}, 
	"sendbyte_dataitems": {
		"DTCMaskRecord": {
		"firstbyte": 3
		}
	}, 
	"minbytes": 6, 
	"sentbytes": "1906000000FF"
	}, 
	{
	"name": "DataRead.ValveType_Config", 
	"replybytes": "612D", 
	"deny_sds": [
		"supplier"
	], 
	"receivebyte_dataitems": {
		"CL_CompValveType": {
		"firstbyte": 3
		}
	}, 
	"minbytes": 3, 
	"sentbytes": "212D"
	}, 
	{
	"name": "DataRead.EngineeringSoftwareNumber", 
	"replybytes": "629101", 
	"deny_sds": [
		"supplier"
	], 
	"receivebyte_dataitems": {
		"EngineeringSoftwareNumber": {
		"ref": true, 
		"firstbyte": 4
		}
	}, 
	"minbytes": 5, 
	"sentbytes": "229101"
	}, 
	{
	"name": "WriteDataByLocalId.CompValveTypeInitialValue", 
	"replybytes": "7B2D", 
	"deny_sds": [
		"supplier"
	], 
	"manualsend": true, 
	"minbytes": 2, 
	"sentbytes": "3B2D00"
	}, 
	{
	"name": "DataRead.VehicleManufacturerKitAssemblyPartNumber", 
	"replybytes": "62F18E", 
	"deny_sds": [
		"supplier"
	], 
	"receivebyte_dataitems": {
		"VehicleManufacturerKitAssemblyPartNumber": {
		"firstbyte": 4
		}
	}, 
	"minbytes": 13, 
	"sentbytes": "22F18E"
	}, 
	{
	"name": "WriteDataByLocalId.ExteralTempSensorConfig", 
	"replybytes": "7B0F", 
	"deny_sds": [
		"supplier"
	], 
	"manualsend": true, 
	"sendbyte_dataitems": {
		"CL_WithExtTempSensor": {
		"firstbyte": 3
		}
	}, 
	"minbytes": 2, 
	"sentbytes": "3B0F03"
	}, 
	{
	"name": "DataRead.VehicleIdentfication", 
	"replybytes": "6181", 
	"deny_sds": [
		"supplier"
	], 
	"receivebyte_dataitems": {
		"VIN": {
		"ref": true, 
		"firstbyte": 3
		}
	}, 
	"minbytes": 21, 
	"sentbytes": "2181"
	}, 
	{
	"name": "DataRead.PTCTypeConfig", 
	"replybytes": "6104", 
	"deny_sds": [
		"supplier"
	], 
	"receivebyte_dataitems": {
		"CL_PTCType": {
		"firstbyte": 3
		}
	}, 
	"minbytes": 3, 
	"sentbytes": "2104"
	}, 
	{
	"name": "WriteDataByLocalId.ExteralTempSensorConfigInitialValue", 
	"replybytes": "7B0F", 
	"deny_sds": [
		"supplier"
	], 
	"manualsend": true, 
	"minbytes": 2, 
	"sentbytes": "3B0F00"
	}, 
	{
	"name": "WriteDataByLocalId.ClimatAreaConfigInitValue", 
	"replybytes": "7B05", 
	"deny_sds": [
		"supplier"
	], 
	"manualsend": true, 
	"minbytes": 2, 
	"sentbytes": "3B0500"
	}, 
	{
	"name": "ClearDiagnosticInformation.All", 
	"deny_sds": [
		"supplier"
	], 
	"minbytes": 1, 
	"sentbytes": "14FFFFFF", 
	"replybytes": "54"
	}, 
	{
	"name": "DataRead.TracabilityInfo", 
	"replybytes": "6184", 
	"deny_sds": [
		"supplier"
	], 
	"receivebyte_dataitems": {
		"UnitaryDataTraceability": {
		"ref": true, 
		"firstbyte": 3
		}
	}, 
	"minbytes": 22, 
	"sentbytes": "2184"
	}, 
	{
	"name": "WriteDataByLocalId.ExteralTempSensorConfigDefaultValue", 
	"replybytes": "7B0F", 
	"deny_sds": [
		"supplier"
	], 
	"manualsend": true, 
	"minbytes": 2, 
	"sentbytes": "3B0F03"
	}, 
	{
	"name": "DataRead.StateData_CAMAN", 
	"replybytes": "6121", 
	"deny_sds": [
		"supplier"
	], 
	"receivebyte_dataitems": {
		"IH_ManuACPushToggle": {
		"bitoffset": 6, 
		"firstbyte": 4
		}, 
		"OH_ManuRecyIndic": {
		"bitoffset": 6, 
		"firstbyte": 5
		}, 
		"OH_ManuRecyActrRequest": {
		"bitoffset": 1, 
		"firstbyte": 6
		}, 
		"IH_ACCompValveCurrent": {
		"bitoffset": 1, 
		"firstbyte": 10
		}, 
		"VL_ActiveDiagnosticSession": {
		"firstbyte": 8
		}, 
		"ILW_VBatt": {
		"firstbyte": 7
		}, 
		"OH_ACUnderloadStatus": {
		"bitoffset": 4, 
		"firstbyte": 5
		}, 
		"IH_ManuBlowerLevel": {
		"bitoffset": 2, 
		"firstbyte": 4
		}, 
		"OH_ManuRearDefIndic": {
		"bitoffset": 5, 
		"firstbyte": 5
		}, 
		"IH_ManuRecyPushToggle": {
		"bitoffset": 5, 
		"firstbyte": 4
		}, 
		"D_IH_EvapTemp": {
		"firstbyte": 3
		}, 
		"OH_ManuACIndic": {
		"bitoffset": 7, 
		"firstbyte": 5
		}, 
		"OH_ACCompValveCommand": {
		"bitoffset": 1, 
		"firstbyte": 9
		}, 
		"IH_ManuRearDefPushToggle": {
		"bitoffset": 1, 
		"firstbyte": 4
		}, 
		"IH_ManuDistDefStatus": {
		"bitoffset": 7, 
		"firstbyte": 4
		}
	}, 
	"minbytes": 10, 
	"sentbytes": "2121"
	}, 
	{
	"name": "ReadDTCInformation.ReportExtendedData.Mileage", 
	"replybytes": "59060000000080000000", 
	"deny_sds": [], 
	"receivebyte_dataitems": {
		"DTCExtendedData.Mileage": {
		"firstbyte": 8
		}, 
		"DTCRecord": {
		"firstbyte": 3
		}, 
		"StatusOfDTC": {
		"firstbyte": 6
		}, 
		"DTCExtendedDataRecordNumber": {
		"firstbyte": 7
		}
	}, 
	"sendbyte_dataitems": {
		"DTCMaskRecord": {
		"firstbyte": 3
		}
	}, 
	"minbytes": 10, 
	"sentbytes": "190600000080"
	}, 
	{
	"name": "WriteDataByLocalId.CompValveType", 
	"replybytes": "7B2D", 
	"deny_sds": [
		"supplier"
	], 
	"manualsend": true, 
	"sendbyte_dataitems": {
		"CL_CompValveType": {
		"firstbyte": 3
		}
	}, 
	"minbytes": 2, 
	"sentbytes": "3B2D02"
	}, 
	{
	"name": "DataRead.ExternalTempSensor_Config", 
	"replybytes": "610F", 
	"deny_sds": [
		"supplier"
	], 
	"receivebyte_dataitems": {
		"CL_WithExtTempSensor": {
		"firstbyte": 3
		}
	}, 
	"minbytes": 3, 
	"sentbytes": "210F"
	}, 
	{
	"name": "WriteDataByLocalId.VehicleTypeConfig", 
	"replybytes": "7B02", 
	"deny_sds": [
		"supplier"
	], 
	"manualsend": true, 
	"sendbyte_dataitems": {
		"CL_VehicleType": {
		"firstbyte": 3
		}
	}, 
	"minbytes": 2, 
	"sentbytes": "3B0209"
	}, 
	{
	"name": "WriteDataByLocalId.CompValveTypeDefaultValue", 
	"replybytes": "7B2D", 
	"deny_sds": [
		"supplier"
	], 
	"manualsend": true, 
	"minbytes": 2, 
	"sentbytes": "3B2D02"
	}, 
	{
	"name": "WriteDataByLocalId.VehicleTypeConfigInitValue", 
	"replybytes": "7B02", 
	"deny_sds": [
		"supplier"
	], 
	"manualsend": true, 
	"minbytes": 2, 
	"sentbytes": "3B0200"
	}, 
	{
	"name": "DataRead.VehicleManufacturerSparePartNumber", 
	"replybytes": "62F187", 
	"deny_sds": [
		"supplier"
	], 
	"receivebyte_dataitems": {
		"VehicleManufacturerSparePartNumber": {
		"firstbyte": 4
		}
	}, 
	"minbytes": 13, 
	"sentbytes": "22F187"
	}, 
	{
	"name": "WriteDataByLocalId.PulleyRatioConfigDefaultValue", 
	"replybytes": "7B08", 
	"deny_sds": [
		"supplier"
	], 
	"manualsend": true, 
	"minbytes": 2, 
	"sentbytes": "3B087A"
	}, 
	{
	"name": "DataRead.VehicleTypeConfig", 
	"replybytes": "6102", 
	"deny_sds": [
		"supplier"
	], 
	"receivebyte_dataitems": {
		"CL_VehicleType": {
		"firstbyte": 3
		}
	}, 
	"minbytes": 3, 
	"sentbytes": "2102"
	}, 
	{
	"name": "DataRead.EngineeringCalibrationNumber", 
	"replybytes": "629102", 
	"deny_sds": [
		"engineering", 
		"supplier"
	], 
	"receivebyte_dataitems": {
		"EngineeringCalibrationNumber": {
		"ref": true, 
		"firstbyte": 4
		}
	}, 
	"minbytes": 5, 
	"sentbytes": "229102"
	}, 
	{
	"name": "WriteDataByLocalId.PulleyRatioConfig", 
	"replybytes": "7B08", 
	"deny_sds": [
		"supplier"
	], 
	"manualsend": true, 
	"sendbyte_dataitems": {
		"CL_CompPulleyRatio": {
		"firstbyte": 3
		}
	}, 
	"minbytes": 2, 
	"sentbytes": "3B087A"
	}, 
	{
	"name": "DataRead.Identification.RenaultR2", 
	"replybytes": "6180", 
	"deny_sds": [], 
	"receivebyte_dataitems": {
		"HardwareNumber.BasicPartList": {
		"ref": true, 
		"firstbyte": 24
		}, 
		"DiagnosticIdentificationCode": {
		"ref": true, 
		"firstbyte": 8
		}, 
		"CalibrationNumber": {
		"ref": true, 
		"firstbyte": 21
		}, 
		"SupplierNumber.ITG": {
		"ref": true, 
		"firstbyte": 9
		}, 
		"HardwareNumber.LowerPart": {
		"ref": true, 
		"firstbyte": 12
		}, 
		"PartNumber.BasicPartList": {
		"ref": true, 
		"firstbyte": 23
		}, 
		"ManufacturerIdentificationCode": {
		"ref": true, 
		"firstbyte": 26
		}, 
		"ApprovalNumber.BasicPartList": {
		"ref": true, 
		"firstbyte": 25
		}, 
		"EditionNumber": {
		"ref": true, 
		"firstbyte": 19
		}, 
		"PartNumber.LowerPart": {
		"ref": true, 
		"firstbyte": 3
		}, 
		"SoftwareNumber": {
		"ref": true, 
		"firstbyte": 17
		}
	}, 
	"minbytes": 26, 
	"sentbytes": "2180"
	}, 
	{
	"name": "WriteDataByLocalId.PTCTypeConfig", 
	"replybytes": "7B04", 
	"deny_sds": [
		"supplier"
	], 
	"manualsend": true, 
	"sendbyte_dataitems": {
		"CL_PTCType": {
		"firstbyte": 3
		}
	}, 
	"minbytes": 2, 
	"sentbytes": "3B0401"
	}, 
	{
	"name": "WriteDataByLocalId.CompressorTypeConfig", 
	"replybytes": "7B07", 
	"deny_sds": [
		"supplier"
	], 
	"manualsend": true, 
	"sendbyte_dataitems": {
		"CL_CompType": {
		"firstbyte": 3
		}
	}, 
	"minbytes": 2, 
	"sentbytes": "3B0701"
	}, 
	{
	"name": "DataRead.CAN Data 1", 
	"replybytes": "6143", 
	"deny_sds": [
		"supplier"
	], 
	"receivebyte_dataitems": {
		"IH_CoolingFanSpeedStatus": {
		"bitoffset": 1, 
		"firstbyte": 21
		}, 
		"OH_ACMinEngineIdleSpeedRequest": {
		"bitoffset": 4, 
		"firstbyte": 5
		}, 
		"IH_PTCThermalRegulatorFreeze": {
		"bitoffset": 5, 
		"firstbyte": 12
		}, 
		"OH_PTCNumberThermalReq": {
		"firstbyte": 5
		}, 
		"IH_EngineStatus_R": {
		"bitoffset": 7, 
		"firstbyte": 16
		}, 
		"IH_ExternalTemp": {
		"bitoffset": 6, 
		"firstbyte": 14
		}, 
		"IH_ACCompAuthorized": {
		"bitoffset": 5, 
		"firstbyte": 17
		}, 
		"IH_NightRheostatedLightMaxPerCent": {
		"bitoffset": 6, 
		"firstbyte": 15
		}, 
		"OH_ACCompPowerUsed_V2": {
		"firstbyte": 3
		}, 
		"OH_ACCompRequest": {
		"bitoffset": 4, 
		"firstbyte": 6
		}, 
		"IH_VehicleStateExtended": {
		"firstbyte": 11
		}, 
		"IH_EngineCoolantFlowStatus": {
		"bitoffset": 7, 
		"firstbyte": 20
		}, 
		"OH_PumpActivationRequest": {
		"bitoffset": 4, 
		"firstbyte": 4
		}, 
		"OH_MinimumVoltagebyAC": {
		"firstbyte": 6
		}, 
		"IH_EngineStopOrigine": {
		"bitoffset": 1, 
		"firstbyte": 17
		}, 
		"OH_Blower_State": {
		"bitoffset": 1, 
		"firstbyte": 4
		}, 
		"IH_VehicleSpeed": {
		"bitoffset": 6, 
		"firstbyte": 12
		}, 
		"IH_ElectricalPowerDrived": {
		"firstbyte": 12
		}, 
		"OH_AC_StopAutoFobidden": {
		"bitoffset": 6, 
		"firstbyte": 4
		}, 
		"IH_EcoModeRequest": {
		"bitoffset": 6, 
		"firstbyte": 11
		}, 
		"OH_ACCompClutchRequest": {
		"bitoffset": 5, 
		"firstbyte": 6
		}, 
		"IH_EngineCoolantTemp": {
		"bitoffset": 7, 
		"firstbyte": 19
		}, 
		"IH_DayNightStatus": {
		"bitoffset": 6, 
		"firstbyte": 16
		}, 
		"IH_ACCompClutchStatus": {
		"bitoffset": 3, 
		"firstbyte": 21
		}, 
		"ILN_GenericApplicativeDiagEnable": {
		"bitoffset": 4, 
		"firstbyte": 11
		}, 
		"OH_RearDefrostRequest": {
		"bitoffset": 6, 
		"firstbyte": 6
		}, 
		"IH_ACMaxCompPowerAllowed": {
		"bitoffset": 7, 
		"firstbyte": 18
		}, 
		"IH_ACHighPressureSensor": {
		"bitoffset": 6, 
		"firstbyte": 17
		}, 
		"IH_EngineRPM": {
		"bitoffset": 4, 
		"firstbyte": 21
		}, 
		"OH_ACCoolingFanSpeedRequest": {
		"bitoffset": 2, 
		"firstbyte": 4
		}
	}, 
	"minbytes": 27, 
	"sentbytes": "2143"
	}, 
	{
	"name": "ReadDTCInformation.ReportDTC", 
	"replybytes": "59023900000000", 
	"deny_sds": [
		"supplier"
	], 
	"receivebyte_dataitems": {
		"DTCStatus.pendingDTC": {
		"bitoffset": 5, 
		"firstbyte": 7
		}, 
		"DTCDeviceIdentifier": {
		"firstbyte": 4
		}, 
		"DTCStatus.testFailedSinceLastClear": {
		"bitoffset": 2, 
		"firstbyte": 7
		}, 
		"DTCDeviceAndFailureTypeOBD": {
		"firstbyte": 4
		}, 
		"DTCFailureType.ManufacturerOrSupplier": {
		"bitoffset": 4, 
		"firstbyte": 6
		}, 
		"DTCFailureType.Category": {
		"firstbyte": 6
		}, 
		"DTCFailureType": {
		"firstbyte": 6
		}, 
		"DTCStatus.testNotCompletedSinceLastClear": {
		"bitoffset": 3, 
		"firstbyte": 7
		}, 
		"DTCStatus.testNotCompletedThisMonitoringCycle": {
		"bitoffset": 1, 
		"firstbyte": 7
		}, 
		"DTCStatusAvailabilityMask": {
		"firstbyte": 3
		}, 
		"DTCStatus.warningIndicatorRequested": {
		"firstbyte": 7
		}, 
		"StatusOfDTC": {
		"firstbyte": 7
		}, 
		"DTCStatus.testFailedThisMonitoringCycle": {
		"bitoffset": 6, 
		"firstbyte": 7
		}, 
		"DTCStatus.testFailed": {
		"bitoffset": 7, 
		"firstbyte": 7
		}, 
		"DTCStatus.confirmedDTC": {
		"bitoffset": 4, 
		"firstbyte": 7
		}
	}, 
	"minbytes": 3, 
	"sentbytes": "1902FF", 
	"shiftbytescount": 4
	}, 
	{
	"name": "DataRead.ClimateAreaConfig", 
	"replybytes": "6105", 
	"deny_sds": [
		"supplier"
	], 
	"receivebyte_dataitems": {
		"CL_CountryCfg": {
		"firstbyte": 3
		}
	}, 
	"minbytes": 3, 
	"sentbytes": "2105"
	}, 
	{
	"name": "WriteDataByLocalId.EvapSensorConfig", 
	"replybytes": "7B09", 
	"deny_sds": [
		"supplier"
	], 
	"manualsend": true, 
	"sendbyte_dataitems": {
		"CL_WithEvapSensor": {
		"firstbyte": 3
		}
	}, 
	"minbytes": 2, 
	"sentbytes": "3B0902"
	}, 
	{
	"name": "DataRead.MultiplexNetworkDiag", 
	"replybytes": "618291", 
	"deny_sds": [
		"supplier"
	], 
	"receivebyte_dataitems": {
		"M_Bus_OFF": {
		"bitoffset": 2, 
		"ref": true, 
		"firstbyte": 5
		}, 
		"CurrentFaultMute": {
		"ref": true, 
		"firstbyte": 6
		}, 
		"M_ECM": {
		"bitoffset": 2, 
		"ref": true, 
		"firstbyte": 7
		}, 
		"CurrentFaultECM": {
		"ref": true, 
		"firstbyte": 7
		}, 
		"MessagesSetReference": {
		"ref": true, 
		"firstbyte": 3
		}, 
		"M_BCM": {
		"bitoffset": 2, 
		"ref": true, 
		"firstbyte": 10
		}, 
		"M_BRK": {
		"bitoffset": 2, 
		"ref": true, 
		"firstbyte": 8
		}, 
		"ConfirmedFaultBCM": {
		"bitoffset": 1, 
		"ref": true, 
		"firstbyte": 10
		}, 
		"M_Mute": {
		"bitoffset": 2, 
		"ref": true, 
		"firstbyte": 6
		}, 
		"CLIM_Absent": {
		"ref": true, 
		"firstbyte": 14
		}, 
		"M_USM": {
		"bitoffset": 2, 
		"ref": true, 
		"firstbyte": 26
		}, 
		"CurrentFaultBus_OFF": {
		"ref": true, 
		"firstbyte": 5
		}, 
		"ConfirmedFaultABS": {
		"bitoffset": 1, 
		"ref": true, 
		"firstbyte": 8
		}, 
		"ConfirmedFaultBus_OFF": {
		"bitoffset": 1, 
		"ref": true, 
		"firstbyte": 5
		}, 
		"CurrentFaultABS": {
		"ref": true, 
		"firstbyte": 8
		}, 
		"CurrentFaultUSM": {
		"ref": true, 
		"firstbyte": 26
		}, 
		"ConfirmedFaultECM": {
		"bitoffset": 1, 
		"ref": true, 
		"firstbyte": 7
		}, 
		"ConfirmedFaultMute": {
		"bitoffset": 1, 
		"ref": true, 
		"firstbyte": 6
		}, 
		"CurrentFaultBCM": {
		"ref": true, 
		"firstbyte": 10
		}, 
		"ConfirmedFaultUSM": {
		"bitoffset": 1, 
		"ref": true, 
		"firstbyte": 26
		}
	}, 
	"minbytes": 62, 
	"sentbytes": "2182"
	}, 
	{
	"name": "DataRead.CompTypeConfig", 
	"replybytes": "6107", 
	"deny_sds": [
		"supplier"
	], 
	"receivebyte_dataitems": {
		"CL_CompType": {
		"firstbyte": 3
		}
	}, 
	"minbytes": 3, 
	"sentbytes": "2107"
	}, 
	{
	"name": "DataRead.CompPulleyRatioConfig", 
	"replybytes": "6108", 
	"deny_sds": [
		"supplier"
	], 
	"receivebyte_dataitems": {
		"CL_CompPulleyRatio": {
		"firstbyte": 3
		}
	}, 
	"minbytes": 3, 
	"sentbytes": "2108"
	}, 
	{
	"name": "OutputControl.Stop", 
	"replybytes": "700100", 
	"deny_sds": [
		"supplier"
	], 
	"manualsend": true, 
	"receivebyte_dataitems": {
		"Output Control Status": {
		"firstbyte": 3
		}
	}, 
	"sendbyte_dataitems": {
		"Output Temporary Control List": {
		"firstbyte": 2
		}
	}, 
	"minbytes": 3, 
	"sentbytes": "300111"
	}, 
	{
	"name": "TesterPresent.WithResponse", 
	"deny_sds": [], 
	"minbytes": 1, 
	"sentbytes": "3E01", 
	"replybytes": "7E"
	}, 
	{
	"name": "WriteDataByLocalId.ClimatAreaConfig", 
	"replybytes": "7B05", 
	"deny_sds": [
		"supplier"
	], 
	"manualsend": true, 
	"sendbyte_dataitems": {
		"CL_CountryCfg": {
		"firstbyte": 3
		}
	}, 
	"minbytes": 2, 
	"sentbytes": "3B0501"
	}, 
	{
	"name": "DataWrite.VehicleManufacturerSparePartNumber", 
	"replybytes": "6EF187", 
	"deny_sds": [
		"supplier"
	], 
	"manualsend": true, 
	"sendbyte_dataitems": {
		"VehicleManufacturerSparePartNumber": {
		"firstbyte": 4
		}
	}, 
	"minbytes": 3, 
	"sentbytes": "2EF18700000000000000000000"
	}, 
	{
	"name": "OutputControl.Status", 
	"replybytes": "700100", 
	"deny_sds": [
		"supplier"
	], 
	"manualsend": true, 
	"receivebyte_dataitems": {
		"Output Control Status": {
		"firstbyte": 3
		}
	}, 
	"sendbyte_dataitems": {
		"Output Temporary Control List": {
		"firstbyte": 2
		}
	}, 
	"minbytes": 3, 
	"sentbytes": "300101"
	}, 
	{
	"name": "WriteDataByLocalIdentifier", 
	"replybytes": "7B00", 
	"deny_sds": [
		"supplier"
	], 
	"manualsend": true, 
	"sendbyte_dataitems": {
		"RecordLocalIdentifier": {
		"firstbyte": 2
		}, 
		"ValueToBeWritten": {
		"firstbyte": 3
		}
	}, 
	"minbytes": 2, 
	"sentbytes": "3B00000000000000000000000000000000000000"
	}, 
	{
	"name": "WriteDataByLocalId.ACTypeConfigInitValue", 
	"replybytes": "7B03", 
	"deny_sds": [
		"supplier"
	], 
	"manualsend": true, 
	"minbytes": 2, 
	"sentbytes": "3B0300"
	}
], 
"data": {
	"DTCExtendedDataRecordNumber": {
	"lists": {
		"128": "Mileage", 
		"129": "AgingCounter", 
		"130": "DTCOccurrenceCounter"
	}
	}, 
	"VL_EvapTempSensor_OCFM": {
	"bitscount": 1, 
	"lists": {
		"0": "False", 
		"1": "True"
	}
	}, 
	"RecyclingActuator.mode": {
	"lists": {
		"1": "Fresh air", 
		"2": "Recycling"
	}
	}, 
	"IH_ManuBlowerLevel": {
	"scaled": true, 
	"bitscount": 3
	}, 
	"IH_ACCompAuthorized": {
	"bitscount": 1, 
	"lists": {
		"0": "AC Comp. not Authorized", 
		"1": "AC Comp. Authorized"
	}
	}, 
	"CL_CompPulleyRatio": {
	"scaled": true, 
	"divideby": 100.0, 
	"comment": "Compressor pulley ratio onfiguration", 
	"format": "#0.00"
	}, 
	"PartNumber.BasicPartList": {
	"lists": {
		"0": "N/A", 
		"2": "27531"
	}
	}, 
	"VL_EvapTempSensor_OCFP": {
	"bitscount": 1, 
	"lists": {
		"0": "False", 
		"1": "True"
	}
	}, 
	"ConfirmedFaultBus_OFF": {
	"bitscount": 1, 
	"lists": {
		"0": "False", 
		"1": "True"
	}
	}, 
	"IH_VehicleStateExtended": {
	"bitscount": 4, 
	"lists": {
		"0": "Vehicle Sleeping", 
		"1": "Technical Wakeup", 
		"2": "Cut Off Pending", 
		"3": "Bat Tempo Level", 
		"4": "Accessory Level", 
		"5": "Ignition Level", 
		"6": "Starting in Progress", 
		"7": "Engine Running", 
		"8": "Auto Start", 
		"9": "Engine System Stop", 
		"15": "Unavailable Value"
	}
	}, 
	"OH_PumpActivationRequest": {
	"bitscount": 2, 
	"lists": {
		"0": "Unavailable Value", 
		"1": "No Request", 
		"2": "Request", 
		"3": "Not used"
	}
	}, 
	"CurrentFaultBCM": {
	"bitscount": 1, 
	"lists": {
		"0": "False", 
		"1": "True"
	}
	}, 
	"HardwareNumber.BasicPartList": {
	"lists": {
		"0": "N/A", 
		"1": "28526"
	}
	}, 
	"CurrentFaultMute": {
	"bitscount": 1, 
	"lists": {
		"0": "False", 
		"1": "True"
	}
	}, 
	"M_USM": {
	"scaled": true, 
	"bitscount": 6
	}, 
	"Output Temporary Control List": {
	"lists": {
		"40": "CompressorValve", 
		"1": "Not used by CAMAN X87/X98", 
		"4": "RecyclingActuator", 
		"28": "ControlPanelLighting", 
		"23": "BlowerSpeed"
	}
	}, 
	"MessagesSetReference": {
	"bytescount": 2, 
	"byte": true, 
	"bitscount": 16
	}, 
	"Output Control Command": {
	"lists": {
		"0": "Start Temporary", 
		"1": "Status", 
		"17": "Stop", 
		"32": "Start Permanent"
	}
	}, 
	"CL_WithEvapSensor": {
	"comment": "Evaporator sensor configuration", 
	"lists": {
		"0": "Not Configurated", 
		"1": "WithoutSensor", 
		"2": "WithLocalSensor"
	}
	}, 
	"IH_VehicleSpeed": {
	"scaled": true, 
	"unit": "km/h"
	}, 
	"ConfirmedFaultMute": {
	"bitscount": 1, 
	"lists": {
		"0": "False", 
		"1": "True"
	}
	}, 
	"ControlPanelLighting.mode": {
	"lists": {
		"1": "All lights On", 
		"2": "All lights Off"
	}
	}, 
	"M_ECM": {
	"scaled": true, 
	"bitscount": 6
	}, 
	"VL_ActiveDiagnosticSession": {
	"lists": {
		"192": "APV Session (Assembly Line testing an After-Sales)", 
		"129": "Default Session", 
		"134": "Development Session"
	}
	}, 
	"IH_EcoModeRequest": {
	"bitscount": 2, 
	"lists": {
		"0": "Unavailable", 
		"1": "EcoMode Requested", 
		"2": "EcoMode not Requested", 
		"3": "Not used"
	}
	}, 
	"D_IH_EvapTemp": {
	"scaled": true, 
	"step": 0.4, 
	"format": "#0.0", 
	"unit": "\u00b0C", 
	"offset": -40.0
	}, 
	"CL_CompValveType": {
	"comment": "Compressor valve type configuration", 
	"lists": {
		"0": "Not Configurated", 
		"1": "WithoutValve", 
		"2": "Compressor valve 1", 
		"3": "Compressor valve 2", 
		"4": "Compressor valve 3"
	}
	}, 
	"IH_ACCompClutchStatus": {
	"bitscount": 1, 
	"lists": {
		"0": "Clutch OFF", 
		"1": "Clutch ON"
	}
	}, 
	"DTCDeviceIdentifier": {
	"bytescount": 2, 
	"bitscount": 16, 
	"lists": {
		"37171": "CompValve", 
		"61443": "VBatt", 
		"37124": "EvapTemp", 
		"37125": "ECU"
	}
	}, 
	"DTCStatus.testFailedSinceLastClear": {
	"bitscount": 1, 
	"lists": {
		"0": "No", 
		"1": "Yes"
	}
	}, 
	"IH_NightRheostatedLightMaxPerCent": {
	"scaled": true, 
	"step": 0.4, 
	"unit": "%", 
	"format": "#0.0"
	}, 
	"Output Control Status": {
	"lists": {
		"1": "Running", 
		"2": "Stopped", 
		"17": "Manually Stopped"
	}
	}, 
	"ConfirmedFaultBCM": {
	"bitscount": 1, 
	"lists": {
		"0": "False", 
		"1": "True"
	}
	}, 
	"DTCStatus.testNotCompletedSinceLastClear": {
	"bitscount": 1, 
	"lists": {
		"0": "No", 
		"1": "Yes"
	}
	}, 
	"BlowerSpeed.mode": {
	"lists": {
		"1": "Blower ON", 
		"2": "Blower OFF"
	}
	}, 
	"M_BCM": {
	"scaled": true, 
	"bitscount": 6
	}, 
	"UnitaryDataTraceability": {
	"bytesascii": true, 
	"bytescount": 16, 
	"byte": true, 
	"bitscount": 128
	}, 
	"OH_ManuRecyActrRequest": {
	"scaled": true, 
	"bitscount": 7, 
	"unit": "%"
	}, 
	"DTCExtendedData.Mileage": {
	"scaled": true, 
	"bytescount": 3, 
	"comment": "Description of the extendedData Mileage (use by\nFailure Page to decode data)", 
	"bitscount": 24, 
	"unit": "km"
	}, 
	"IH_ExternalTemp": {
	"scaled": true, 
	"format": "#00", 
	"unit": "\u00b0C", 
	"offset": -40.0
	}, 
	"SessionName": {
	"lists": {
		"192": "APV Session (Assembly Line testing an After-Sales)", 
		"129": "Default Session", 
		"134": "Development Session"
	}
	}, 
	"OH_ACCompRequest": {
	"bitscount": 1, 
	"lists": {
		"0": "No AC Requested", 
		"1": "AC Requested"
	}
	}, 
	"DTCStatus.warningIndicatorRequested": {
	"bitscount": 1, 
	"lists": {
		"0": "No", 
		"1": "Yes"
	}
	}, 
	"EngineeringSoftwareNumber": {
	"bytescount": 2, 
	"byte": true, 
	"bitscount": 16
	}, 
	"DTCStatus.confirmedDTC": {
	"bitscount": 1, 
	"lists": {
		"0": "No", 
		"1": "Yes"
	}
	}, 
	"DTCExtendedData.AgingCounter": {
	"scaled": true, 
	"comment": "Description of the extendedData AgingCounter (use\nby Failure Page to decode data)"
	}, 
	"VL_EEPROM_ERFP": {
	"bitscount": 1, 
	"lists": {
		"0": "False", 
		"1": "True"
	}
	}, 
	"CLIM_Absent": {
	"lists": {
		"0": "False", 
		"1": "True"
	}
	}, 
	"OH_MinimumVoltagebyAC": {
	"scaled": true, 
	"step": 0.25, 
	"bitscount": 4, 
	"unit": "V", 
	"offset": 11.5
	}, 
	"VL_EEPROM_ERFM": {
	"bitscount": 1, 
	"lists": {
		"0": "False", 
		"1": "True"
	}
	}, 
	"DTCStatusAvailabilityMask": {
	"scaled": true
	}, 
	"IH_ManuDistDefStatus": {
	"bitscount": 1, 
	"lists": {
		"0": "Flap not in Defrost Position", 
		"1": "Flap in Defrost Position"
	}
	}, 
	"EditionNumber": {
	"comment": "Software version(edition) number", 
	"bytescount": 2, 
	"byte": true, 
	"bitscount": 16
	}, 
	"PartNumber.LowerPart": {
	"bytesascii": true, 
	"bytescount": 5, 
	"byte": true, 
	"bitscount": 40
	}, 
	"IH_EngineRPM": {
	"bitscount": 16, 
	"format": "#0.000", 
	"scaled": true, 
	"step": 0.125, 
	"bytescount": 2, 
	"unit": "rpm"
	}, 
	"DTCRecord": {
	"bytescount": 3, 
	"byte": true, 
	"bitscount": 24
	}, 
	"OH_ACUnderloadStatus": {
	"comment": "Cold lopp UnderLoad state flag", 
	"bitscount": 1, 
	"lists": {
		"0": "Load OK", 
		"1": "UnderLoad"
	}
	}, 
	"DTCStatus.testNotCompletedThisMonitoringCycle": {
	"bitscount": 1, 
	"lists": {
		"0": "No", 
		"1": "Yes"
	}
	}, 
	"OH_ManuACIndic": {
	"bitscount": 1, 
	"lists": {
		"0": "Light OFF", 
		"1": "Light ON"
	}
	}, 
	"ILN_GenericApplicativeDiagEnable": {
	"bitscount": 2, 
	"lists": {
		"0": "Diag Frozen", 
		"1": "Diag Enable", 
		"2": "DiagEnable", 
		"3": "Unavailable"
	}
	}, 
	"OH_RearDefrostRequest": {
	"bitscount": 1, 
	"lists": {
		"0": "Not Requested", 
		"1": "Requested"
	}
	}, 
	"IH_ManuACPushToggle": {
	"bitscount": 1, 
	"lists": {
		"0": "State 0", 
		"1": "State 1"
	}
	}, 
	"VL_Config_ERFP": {
	"bitscount": 1, 
	"lists": {
		"0": "False", 
		"1": "True"
	}
	}, 
	"CurrentFaultABS": {
	"bitscount": 1, 
	"lists": {
		"0": "False", 
		"1": "True"
	}
	}, 
	"VL_Config_ERFM": {
	"bitscount": 1, 
	"lists": {
		"0": "False", 
		"1": "True"
	}
	}, 
	"OH_ACCoolingFanSpeedRequest": {
	"bitscount": 2, 
	"lists": {
		"0": "No Request", 
		"1": "Low Request", 
		"2": "Reserved", 
		"3": "High Request"
	}
	}, 
	"ValueToBeWritten": {
	"bytescount": 18, 
	"byte": true, 
	"bitscount": 144
	}, 
	"SoftwareNumber": {
	"comment": "Software identification number", 
	"bytescount": 2, 
	"byte": true, 
	"bitscount": 16
	}, 
	"CL_WithExtTempSensor": {
	"comment": "External temp configuration", 
	"lists": {
		"0": "Not Configurated", 
		"1": "WithoutSensor", 
		"2": "WithLocalSensor", 
		"3": "SensorByCAN"
	}
	}, 
	"IH_CoolingFanSpeedStatus": {
	"bitscount": 2, 
	"lists": {
		"0": "Engine Fan Stopped", 
		"1": "Engine Fan Low speed", 
		"2": "Engine Fan Mid speed", 
		"3": "Engine Fan High speed"
	}
	}, 
	"OH_ACMinEngineIdleSpeedRequest": {
	"scaled": true, 
	"step": 50.0, 
	"bitscount": 4, 
	"unit": "rpm", 
	"offset": 500.0
	}, 
	"OH_ManuRecyIndic": {
	"bitscount": 1, 
	"lists": {
		"0": "Light OFF", 
		"1": "Light ON"
	}
	}, 
	"M_Mute": {
	"scaled": true, 
	"bitscount": 6
	}, 
	"DataIdentifierToWrite": {
	"bytescount": 2, 
	"bitscount": 16, 
	"lists": {
		"61838": "VehiculeKitAssemblyPartNumber", 
		"61831": "VehiculeSparePartNumber"
	}
	}, 
	"DTCFailureType.Category": {
	"bitscount": 4, 
	"lists": {
		"0": "General Failure Information", 
		"1": "General Electrical Failures", 
		"2": "General Signal Failures", 
		"3": "FM (frequency) / PWM Failures", 
		"4": "System Internal Failures", 
		"5": "System Programming Failures", 
		"6": "Algorithm Based Failures", 
		"7": "Mechanical Failures", 
		"8": "Bus Signal / Message Failures", 
		"9": "Component Failures", 
		"15": "Vehicle manufacturer / System supplier specific"
	}
	}, 
	"IH_DayNightStatus": {
	"bitscount": 1, 
	"lists": {
		"0": "Day time", 
		"1": "Night time"
	}
	}, 
	"IH_EngineCoolantFlowStatus": {
	"bitscount": 2, 
	"lists": {
		"0": "Unavailable Value", 
		"1": "No Engine Coolant Flow", 
		"2": "Engine Coolant Flow", 
		"3": "Not used"
	}
	}, 
	"CurrentFaultECM": {
	"bitscount": 1, 
	"lists": {
		"0": "False", 
		"1": "True"
	}
	}, 
	"DTCStatus.pendingDTC": {
	"bitscount": 1, 
	"lists": {
		"0": "No", 
		"1": "Yes"
	}
	}, 
	"IH_PTCThermalRegulatorFreeze": {
	"bitscount": 1, 
	"lists": {
		"0": "Freeze not Requested", 
		"1": "Freeze Requested"
	}
	}, 
	"ILW_VBatt": {
	"scaled": true, 
	"step": 0.1, 
	"unit": "V", 
	"format": "#.0"
	}, 
	"OH_ManuRearDefIndic": {
	"bitscount": 1, 
	"lists": {
		"0": "Light OFF", 
		"1": "Light ON"
	}
	}, 
	"DataRecord": {
	"byte": true
	}, 
	"RecordLocalIdentifier": {
	"lists": {
		"1": "System Global Configuration", 
		"2": "Vehicle Type Configuration", 
		"3": "AC Version Configuration", 
		"4": "PTC Version Configuration", 
		"5": "Climate Area Configuration", 
		"7": "Compressor Type Configuration", 
		"8": "Pulley Ratio Configuration", 
		"9": "Evaporator Sensor Configuration", 
		"129": "Vehicle Identification"
	}
	}, 
	"ConfirmedFaultABS": {
	"bitscount": 1, 
	"lists": {
		"0": "False", 
		"1": "True"
	}
	}, 
	"M_Bus_OFF": {
	"scaled": true, 
	"bitscount": 6
	}, 
	"DTCFailureType.ManufacturerOrSupplier": {
	"bitscount": 4
	}, 
	"CL_CompType": {
	"comment": "Compressor type configuration", 
	"lists": {
		"0": "Not Configurated", 
		"1": "Compressor 1 (Clutch + Valve)", 
		"67": "Compressor 3 (clutch + Internal control)", 
		"68": "Compressor 4 (clutch + fixe capacity)", 
		"129": "Compressor 2 (clutchless + valve)"
	}
	}, 
	"IH_ManuRecyPushToggle": {
	"bitscount": 1, 
	"lists": {
		"0": "State 0", 
		"1": "State 1"
	}
	}, 
	"CurrentFaultBus_OFF": {
	"bitscount": 1, 
	"lists": {
		"0": "False", 
		"1": "True"
	}
	}, 
	"DTCStatus.testFailedThisMonitoringCycle": {
	"bitscount": 1, 
	"lists": {
		"0": "No", 
		"1": "Yes"
	}
	}, 
	"IH_ElectricalPowerDrived": {
	"scaled": true, 
	"step": 100.0, 
	"bitscount": 5, 
	"unit": "W"
	}, 
	"OH_Blower_State": {
	"bitscount": 1, 
	"lists": {
		"0": "Fan OFF", 
		"1": "Fan ON"
	}
	}, 
	"EngineeringCalibrationNumber": {
	"bytescount": 2, 
	"byte": true, 
	"bitscount": 16
	}, 
	"VL_EvapTempSensor_SCFP": {
	"bitscount": 1, 
	"lists": {
		"0": "False", 
		"1": "True"
	}
	}, 
	"VL_CompValveDiag_OCFM": {
	"bitscount": 1, 
	"lists": {
		"0": "False", 
		"1": "True"
	}
	}, 
	"DTCMaskRecord": {
	"bytescount": 3, 
	"byte": true, 
	"bitscount": 24
	}, 
	"VL_CompValveDiag_OCFP": {
	"bitscount": 1, 
	"lists": {
		"0": "False", 
		"1": "True"
	}
	}, 
	"VL_EvapTempSensor_SCFM": {
	"bitscount": 1, 
	"lists": {
		"0": "False", 
		"1": "True"
	}
	}, 
	"OH_ACCompPowerUsed_V2": {
	"scaled": true, 
	"step": 50.0, 
	"unit": "W"
	}, 
	"VIN": {
	"bytesascii": true, 
	"bytescount": 17, 
	"byte": true, 
	"bitscount": 136
	}, 
	"DiagnosticIdentificationCode": {
	"byte": true
	}, 
	"VehicleManufacturerSparePartNumber": {
	"bytesascii": true, 
	"bytescount": 10, 
	"byte": true, 
	"bitscount": 80
	}, 
	"IH_ACCompValveCurrent": {
	"scaled": true, 
	"step": 0.01, 
	"bitscount": 7, 
	"unit": "A", 
	"format": "#0.00"
	}, 
	"OH_PTCNumberThermalReq": {
	"bitscount": 4, 
	"lists": {
		"0": "0 PTC requested", 
		"1": "1 PTC requested", 
		"2": "2 PTC requested", 
		"3": "3 PTC requested", 
		"4": "4 PTC requested", 
		"5": "5 PTC requested", 
		"6": "6 PTC requested", 
		"7": "7 PTC requested", 
		"8": "8 PTC requested", 
		"9": "9 PTC requested", 
		"10": "10 PTC requested", 
		"11": "Not used", 
		"15": "No Request"
	}
	}, 
	"IH_EngineStatus_R": {
	"bitscount": 2, 
	"lists": {
		"0": "Engine Stopped", 
		"1": "Not used : Reserved", 
		"2": "Independant running engine", 
		"3": "Running-engine driven"
	}
	}, 
	"DTCFailureType": {
	"lists": {
		"0": "Device and failure type ODB codding", 
		"1": "General Electrical Failure", 
		"2": "General signal failure", 
		"3": "FM (Frequency ) / PWM Failures", 
		"4": "System Internal Failures", 
		"5": "System Programming Failures", 
		"6": "Algorithm Based Failures", 
		"7": "Mechanical Failures", 
		"8": "Bus Signal / Message Failures", 
		"9": "Component Failures", 
		"17": "circuit short to ground", 
		"18": "circuit short to battery", 
		"19": "circuit open", 
		"20": "circuit short to ground or open", 
		"21": "circuit short to battery or open", 
		"22": "circuit voltage below threshold", 
		"23": "circuit voltage above threshold", 
		"24": "circuit current below threshold", 
		"25": "circuit current above threshold", 
		"26": "circuit resistance below threshold", 
		"27": "circuit resistance above threshold", 
		"28": "circuit voltage out of range", 
		"29": "circuit current out of range", 
		"30": "circuit resistance out of range", 
		"31": "circuit intermittent", 
		"33": "signal amplitude < minimum", 
		"34": "signal amplitude > maximum", 
		"35": "signal stuck low", 
		"36": "signal stuck high", 
		"37": "signal shape / waveform failure", 
		"38": "signal rate of change below threshold", 
		"39": "signal rate of change above threshold", 
		"40": "signal bias level out of range/zero adjust failure", 
		"41": "signal signal invalid", 
		"47": "signal erratic", 
		"49": "no signal", 
		"50": "signal low time < minimum", 
		"51": "signal low time > maximum", 
		"52": "signal high time < minimum", 
		"53": "signal high time > maximum", 
		"54": "signal frequency too low", 
		"55": "signal frequency too high", 
		"56": "signal frequency incorrect", 
		"57": "incorrect has too few pulses", 
		"58": "incorrect has too many pulses", 
		"65": "general checksum failure", 
		"66": "general memory failure", 
		"67": "special memory failure", 
		"68": "data memory failure", 
		"69": "program memory failure", 
		"70": "calibration / parameter memory failure", 
		"71": "watchdog / safety \u00b5C failure", 
		"72": "supervision software failure", 
		"73": "internal electronic failure", 
		"74": "incorrect component installed", 
		"75": "over temperature", 
		"81": "not programmed", 
		"82": "not activated", 
		"83": "deactivated", 
		"84": "missing calibration", 
		"85": "not configured", 
		"97": "signal calculation failure", 
		"98": "signal compare failure", 
		"99": "circuit / component protection time-out", 
		"100": "signal plausibility failure", 
		"101": "signal has too few transitions / events", 
		"102": "signal has too many transitions / events", 
		"103": "signal incorrect after event", 
		"104": "event information", 
		"113": "actuator stuck", 
		"114": "actuator stuck open", 
		"115": "actuator stuck closed", 
		"116": "actuator slipping", 
		"117": "emergency position not reachable", 
		"118": "wrong mounting position", 
		"119": "commanded position not reachable", 
		"120": "alignment or adjustment incorrect", 
		"121": "mechanical linkage failure", 
		"122": "fluid leak or seal failure", 
		"123": "low fluid level", 
		"129": "invalid serial data received", 
		"130": "alive / sequence counter incorrect / not updated", 
		"131": "value of signal protection calculation incorrect", 
		"132": "signal below allowable range", 
		"133": "signal above allowable range", 
		"134": "signal invalid", 
		"135": "missing message", 
		"136": "bus off", 
		"143": "erratic", 
		"145": "parametric", 
		"146": "performance or incorrect operation", 
		"147": "no operation", 
		"148": "unexpected operation", 
		"149": "incorrect assembly", 
		"150": "component internal failure", 
		"151": "Component or system operation obstructed / blocked", 
		"152": "component or system over temperature"
	}
	}, 
	"ManufacturerIdentificationCode": {}, 
	"IH_ManuRearDefPushToggle": {
	"bitscount": 1, 
	"lists": {
		"0": "State 0", 
		"1": "State 1"
	}
	}, 
	"StatusOfDTC": {
	"scaled": true
	}, 
	"VehicleManufacturerKitAssemblyPartNumber": {
	"bytesascii": true, 
	"bytescount": 10, 
	"byte": true, 
	"bitscount": 80
	}, 
	"VL_VBattDiag_FM": {
	"bitscount": 1, 
	"lists": {
		"0": "False", 
		"1": "True"
	}
	}, 
	"DTCDeviceAndFailureTypeOBD": {
	"bytescount": 2, 
	"bitscount": 16
	}, 
	"CL_PTCType": {
	"comment": "Power CTP configuration", 
	"lists": {
		"0": "Not Configurated", 
		"1": "Without PTC", 
		"16": "PTC 900 W ou 1000 W", 
		"24": "PTC 1500 W"
	}
	}, 
	"OutputControl.OnOff": {
	"lists": {
		"1": "ON  (state 1)", 
		"2": "OFF (state 2)"
	}
	}, 
	"IH_EngineStopOrigine": {
	"bitscount": 4, 
	"lists": {
		"0": "No engine stop request", 
		"1": "Engine Stop by other causes", 
		"2": "Engine stop by normal request", 
		"3": "Value not defined (0011)", 
		"4": "Engine stop by driver request", 
		"5": "Value not defined (0101)", 
		"6": "Value not defined (0110)", 
		"7": "Value not defined (0111)", 
		"8": "Engine stop by emergency", 
		"9": "Value not defined (1001)", 
		"10": "Value not defined (1010)", 
		"11": "Value not defined (1011)", 
		"12": "Value not defined (1100)", 
		"13": "Value not defined (1101)", 
		"14": "Value not defined (1110)", 
		"15": "Value not defined (1111)"
	}
	}, 
	"VL_VBattDiag_FP": {
	"bitscount": 1, 
	"lists": {
		"0": "False", 
		"1": "True"
	}
	}, 
	"CompressorValve.mode": {
	"lists": {
		"1": "Valve ON", 
		"2": "Valve OFF"
	}
	}, 
	"ConfirmedFaultECM": {
	"bitscount": 1, 
	"lists": {
		"0": "False", 
		"1": "True"
	}
	}, 
	"CL_ACType": {
	"comment": "Climate type configuration", 
	"lists": {
		"0": "Not Configurated", 
		"1": "Monozone Manual"
	}
	}, 
	"OH_AC_StopAutoFobidden": {
	"bitscount": 2, 
	"lists": {
		"0": "Unvailable Value", 
		"1": "Auto Stop forbidden", 
		"2": "Auto Stop authoized", 
		"3": "Not used"
	}
	}, 
	"CurrentFaultUSM": {
	"bitscount": 1, 
	"lists": {
		"0": "False", 
		"1": "True"
	}
	}, 
	"CalibrationNumber": {
	"comment": "Numero de calibration en Hexa", 
	"bytescount": 2, 
	"byte": true, 
	"bitscount": 16
	}, 
	"M_BRK": {
	"scaled": true, 
	"bitscount": 6
	}, 
	"OH_ACCompClutchRequest": {
	"bitscount": 1, 
	"lists": {
		"0": "Compressor Not Requested", 
		"1": "Compressor Requested"
	}
	}, 
	"IH_EngineCoolantTemp": {
	"scaled": true, 
	"unit": "\u00b0C", 
	"offset": -40.0
	}, 
	"CL_CountryCfg": {
	"comment": "configuration de la zone climatique", 
	"lists": {
		"0": "Not Configurated", 
		"1": "Country 1 (mild)", 
		"2": "Country 2", 
		"3": "Country 3", 
		"4": "Country 4"
	}
	}, 
	"VL_CompValveDiag_SCFP": {
	"bitscount": 1, 
	"lists": {
		"0": "False", 
		"1": "True"
	}
	}, 
	"VL_CompValveDiag_SCFM": {
	"bitscount": 1, 
	"lists": {
		"0": "False", 
		"1": "True"
	}
	}, 
	"OH_ACCompValveCommand": {
	"scaled": true, 
	"comment": "Command valve %PWM", 
	"bitscount": 7, 
	"unit": "%"
	}, 
	"DTCExtendedData.DTCOccurrenceCounter": {
	"scaled": true, 
	"comment": "Description of the extendedData DTCOccurenceCounter\n(use by Failure Page to decode data)"
	}, 
	"IH_ACMaxCompPowerAllowed": {
	"scaled": true, 
	"step": 25.0, 
	"unit": "W"
	}, 
	"IH_ACHighPressureSensor": {
	"scaled": true, 
	"bytescount": 2, 
	"step": 0.1, 
	"bitscount": 9, 
	"format": "#0.0"
	}, 
	"HardwareNumber.LowerPart": {
	"bytesascii": true, 
	"bytescount": 5, 
	"byte": true, 
	"bitscount": 40
	}, 
	"ApprovalNumber.BasicPartList": {
	"lists": {
		"0": "N/A", 
		"1": "RENO1", 
		"2": "NISS1"
	}
	}, 
	"CL_VehicleType": {
	"comment": "Vehicle configuration", 
	"lists": {
		"0": "Not Configurated", 
		"9": "X98-X87"
	}
	}, 
	"SupplierNumber.ITG": {
	"bytesascii": true, 
	"bytescount": 3, 
	"byte": true, 
	"bitscount": 24
	}, 
	"DTCStatus.testFailed": {
	"bitscount": 1, 
	"lists": {
		"0": "No", 
		"1": "Yes"
	}
	}, 
	"ConfirmedFaultUSM": {
	"bitscount": 1, 
	"lists": {
		"0": "False", 
		"1": "True"
	}
	}
}
}