{
"obd": {
	"baudrate": 10400, 
	"protocol": "CAN", 
	"recv_id": "762", 
	"funcname": "EPS", 
	"funcaddr": "04", 
	"send_id": "742"
}, 
"devices": [
	{
	"dtc": 22020, 
	"devicedata": {}, 
	"dtctype": 2, 
	"name": "EPS_TorqueSensor"
	}, 
	{
	"dtc": 49472, 
	"devicedata": {}, 
	"dtctype": 0, 
	"name": "Lost Communication With BCM"
	}, 
	{
	"dtc": 61443, 
	"devicedata": {}, 
	"dtctype": 0, 
	"name": "Battery"
	}, 
	{
	"dtc": 53248, 
	"devicedata": {}, 
	"dtctype": 0, 
	"name": "CAN_Bus"
	}, 
	{
	"dtc": 22022, 
	"devicedata": {}, 
	"dtctype": 2, 
	"name": "EPS_Motor"
	}, 
	{
	"dtc": 49408, 
	"devicedata": {}, 
	"dtctype": 0, 
	"name": "CAN_EngineStatusAbsent"
	}, 
	{
	"dtc": 22024, 
	"devicedata": {}, 
	"dtctype": 2, 
	"name": "EPS_Ecu"
	}, 
	{
	"dtc": 53760, 
	"devicedata": {}, 
	"dtctype": 0, 
	"name": "CAN_BRAKE_VehicleSpeed"
	}
], 
"ecuname": "XBA_EPS_DDT_V1.4", 
"autoidents": [
	{
	"diagversion": "68", 
	"supplier": "000001", 
	"version": "0000", 
	"soft": "0001"
	}
], 
"endian": "Big", 
"requests": [
	{
	"name": "ReadDTCInformation.ReportExtendedData.Mileage", 
	"replybytes": "59060000000080000000", 
	"deny_sds": [], 
	"receivebyte_dataitems": {
		"DTCRecord": {
		"firstbyte": 3
		}, 
		"StatusOfDTC": {
		"firstbyte": 6
		}, 
		"DTCExtendedData.Mileage": {
		"firstbyte": 8
		}
	}, 
	"sendbyte_dataitems": {
		"DTCMaskRecord": {
		"firstbyte": 3
		}
	}, 
	"minbytes": 10, 
	"sentbytes": "190600000080"
	}, 
	{
	"name": "DataRead.Identification.RenaultR2", 
	"replybytes": "6180000000000000000000000000000000000000000000000000", 
	"deny_sds": [], 
	"receivebyte_dataitems": {
		"HardwareNumber.BasicPartList": {
		"ref": true, 
		"firstbyte": 24
		}, 
		"DiagnosticIdentificationCode": {
		"ref": true, 
		"firstbyte": 8
		}, 
		"CalibrationNumber": {
		"ref": true, 
		"firstbyte": 21
		}, 
		"SupplierNumber.ITG": {
		"ref": true, 
		"firstbyte": 9
		}, 
		"HardwareNumber.LowerPart": {
		"ref": true, 
		"firstbyte": 12
		}, 
		"PartNumber.BasicPartList": {
		"ref": true, 
		"firstbyte": 23
		}, 
		"ManufacturerIdentificationCode": {
		"ref": true, 
		"firstbyte": 26
		}, 
		"ApprovalNumber.BasicPartList": {
		"ref": true, 
		"firstbyte": 25
		}, 
		"EditionNumber": {
		"ref": true, 
		"firstbyte": 19
		}, 
		"PartNumber.LowerPart": {
		"ref": true, 
		"firstbyte": 3
		}, 
		"SoftwareNumber": {
		"ref": true, 
		"firstbyte": 17
		}
	}, 
	"minbytes": 26, 
	"sentbytes": "2180"
	}, 
	{
	"name": "ReadDTCInformation.ReportExtendedData", 
	"replybytes": "590600000000", 
	"deny_sds": [], 
	"receivebyte_dataitems": {
		"DTCExtendedData.AgingCounter": {
		"firstbyte": 8
		}, 
		"DTCExtendedDataRecordNumber": {
		"firstbyte": 7
		}, 
		"DTCExtendedData.Mileage": {
		"firstbyte": 8
		}, 
		"DTCRecord": {
		"firstbyte": 3
		}, 
		"StatusOfDTC": {
		"firstbyte": 6
		}, 
		"DTCExtendedData.DTCOccurrenceCounter": {
		"firstbyte": 8
		}
	}, 
	"sendbyte_dataitems": {
		"DTCMaskRecord": {
		"firstbyte": 3
		}
	}, 
	"minbytes": 6, 
	"sentbytes": "1906000000FF"
	}, 
	{
	"name": "DataRead.vehicleManufacturerSparePartNumber", 
	"replybytes": "62F18700000000000000000000", 
	"deny_sds": [], 
	"manualsend": true, 
	"receivebyte_dataitems": {
		"vehicleManufacturerSparePartNumber": {
		"ref": true, 
		"firstbyte": 4
		}
	}, 
	"minbytes": 13, 
	"sentbytes": "22F187"
	}, 
	{
	"name": "ReadDTCInformation.ReportDTC", 
	"replybytes": "59020000000000", 
	"deny_sds": [], 
	"manualsend": true, 
	"receivebyte_dataitems": {
		"DTCStatus.pendingDTC": {
		"bitoffset": 5, 
		"firstbyte": 7
		}, 
		"DTCStatus.testFailedSinceLastClear": {
		"bitoffset": 2, 
		"firstbyte": 7
		}, 
		"DTCDeviceAndFailureTypeOBD": {
		"firstbyte": 4
		}, 
		"DTCFailureType.ManufacturerOrSupplier": {
		"bitoffset": 4, 
		"firstbyte": 6
		}, 
		"DTCFailureType.Category": {
		"firstbyte": 6
		}, 
		"DTCFailureType": {
		"firstbyte": 6
		}, 
		"DTCStatus.testNotCompletedSinceLastClear": {
		"bitoffset": 3, 
		"firstbyte": 7
		}, 
		"DTCStatus.testNotCompletedThisMonitoringCycle": {
		"bitoffset": 1, 
		"firstbyte": 7
		}, 
		"DTCStatusAvailabilityMask": {
		"firstbyte": 3
		}, 
		"DTCStatus.warningIndicatorRequested": {
		"firstbyte": 7
		}, 
		"DTCStatus.confirmedDTC": {
		"bitoffset": 4, 
		"firstbyte": 7
		}, 
		"StatusOfDTC": {
		"firstbyte": 7
		}, 
		"DTCStatus.testFailedThisMonitoringCycle": {
		"bitoffset": 6, 
		"firstbyte": 7
		}, 
		"DTCStatus.testFailed": {
		"bitoffset": 7, 
		"firstbyte": 7
		}, 
		"DTCDeviceIdentifier": {
		"firstbyte": 4
		}
	}, 
	"minbytes": 3, 
	"sentbytes": "1902FF", 
	"shiftbytescount": 4
	}, 
	{
	"name": "DataRead.VIN", 
	"replybytes": "6181", 
	"deny_sds": [], 
	"manualsend": true, 
	"receivebyte_dataitems": {
		"CRC": {
		"ref": true, 
		"firstbyte": 20
		}, 
		"VIN": {
		"ref": true, 
		"firstbyte": 3
		}
	}, 
	"minbytes": 21, 
	"sentbytes": "2181"
	}, 
	{
	"name": "ReadDTCInformation.ReportExtendedData.AgingCounter", 
	"replybytes": "5906000000000000", 
	"deny_sds": [], 
	"receivebyte_dataitems": {
		"DTCRecord": {
		"firstbyte": 3
		}, 
		"DTCExtendedData.AgingCounter": {
		"firstbyte": 8
		}, 
		"StatusOfDTC": {
		"firstbyte": 6
		}, 
		"DTCExtendedDataRecordNumber": {
		"firstbyte": 7
		}
	}, 
	"sendbyte_dataitems": {
		"DTCMaskRecord": {
		"firstbyte": 3
		}
	}, 
	"minbytes": 8, 
	"sentbytes": "190600000081"
	}, 
	{
	"name": "StartDiagnosticSession.supplierSession", 
	"replybytes": "50FA", 
	"deny_sds": [], 
	"manualsend": true, 
	"minbytes": 1, 
	"sentbytes": "10FA"
	}, 
	{
	"name": "DataRead.Traceability", 
	"replybytes": "61840000000000000000000000000000000020202020", 
	"deny_sds": [], 
	"manualsend": true, 
	"receivebyte_dataitems": {
		"LID#84_#18_Serial number": {
		"firstbyte": 18
		}, 
		"LID#84_#10_Serial number": {
		"firstbyte": 10
		}, 
		"LID#84_#05_Serial number": {
		"firstbyte": 5
		}, 
		"LID#84_#09_Serial number": {
		"firstbyte": 9
		}, 
		"LID#84_#13_Serial number": {
		"firstbyte": 13
		}, 
		"LID#84_#17_Serial number": {
		"firstbyte": 17
		}, 
		"LID#84_#11_Serial number": {
		"firstbyte": 11
		}, 
		"LID#84_#07_Serial number": {
		"firstbyte": 7
		}, 
		"LID#84_#04_Serial number": {
		"firstbyte": 4
		}, 
		"LID#84_#14_Serial number": {
		"firstbyte": 14
		}, 
		"LID#84_#15_Serial number": {
		"firstbyte": 15
		}, 
		"LID#84_#08_Serial number": {
		"firstbyte": 8
		}, 
		"LID#84_#06_Serial number": {
		"firstbyte": 6
		}, 
		"LID#84_#21_Serial number": {
		"firstbyte": 21
		}, 
		"LID#84_#22_Serial number": {
		"firstbyte": 22
		}, 
		"LID#84_#12_Serial number": {
		"firstbyte": 12
		}, 
		"LID#84_#20_Serial number": {
		"firstbyte": 20
		}, 
		"LID#84_#19_Serial number": {
		"firstbyte": 19
		}, 
		"LID#84_#16_Serial number": {
		"firstbyte": 16
		}, 
		"LID#84_#03_Serial number": {
		"firstbyte": 3
		}
	}, 
	"minbytes": 22, 
	"sentbytes": "2184"
	}, 
	{
	"name": "TesterPresent.WithResponse", 
	"replybytes": "7E", 
	"deny_sds": [], 
	"manualsend": true, 
	"minbytes": 1, 
	"sentbytes": "3E01"
	}, 
	{
	"name": "DataWrite.VIN", 
	"replybytes": "7B81", 
	"deny_sds": [], 
	"manualsend": true, 
	"sendbyte_dataitems": {
		"CRC": {
		"firstbyte": 20
		}, 
		"VIN": {
		"firstbyte": 3
		}
	}, 
	"minbytes": 2, 
	"sentbytes": "3B8100000000000000000000000000000000000000"
	}, 
	{
	"name": "StartDiagnosticSession", 
	"replybytes": "50C0", 
	"deny_sds": [], 
	"manualsend": true, 
	"minbytes": 2, 
	"sentbytes": "10C0"
	}, 
	{
	"name": "DataRead.Daimler system identification", 
	"replybytes": "61EF0000000000000000000000000000000000000000", 
	"deny_sds": [], 
	"receivebyte_dataitems": {
		"Hardware Part Number 2": {
		"ref": true, 
		"firstbyte": 4
		}, 
		"Hardware Part Number 8": {
		"ref": true, 
		"firstbyte": 10
		}, 
		"Hardware Part Number 3": {
		"ref": true, 
		"firstbyte": 5
		}, 
		"Hardware Part Number 10": {
		"ref": true, 
		"firstbyte": 12
		}, 
		"Hardware Part Number 9": {
		"ref": true, 
		"firstbyte": 11
		}, 
		"Hardware Part Number 4": {
		"ref": true, 
		"firstbyte": 6
		}, 
		"Hardware Part Number 5": {
		"ref": true, 
		"firstbyte": 7
		}, 
		"Hardware Part Number 6": {
		"ref": true, 
		"firstbyte": 8
		}, 
		"Hardware Part Number 7": {
		"ref": true, 
		"firstbyte": 9
		}, 
		"Hardware Part Number 1": {
		"ref": true, 
		"firstbyte": 3
		}, 
		"Software Part Number 9": {
		"ref": true, 
		"firstbyte": 21
		}, 
		"Software Part Number 8": {
		"ref": true, 
		"firstbyte": 20
		}, 
		"Software Part Number 7": {
		"ref": true, 
		"firstbyte": 19
		}, 
		"Software Part Number 6": {
		"ref": true, 
		"firstbyte": 18
		}, 
		"Software Part Number 5": {
		"ref": true, 
		"firstbyte": 17
		}, 
		"Software Part Number 4": {
		"ref": true, 
		"firstbyte": 16
		}, 
		"Software Part Number 3": {
		"ref": true, 
		"firstbyte": 15
		}, 
		"Software Part Number 2": {
		"ref": true, 
		"firstbyte": 14
		}, 
		"Software Part Number 1": {
		"ref": true, 
		"firstbyte": 13
		}, 
		"Software Part Number 10": {
		"ref": true, 
		"firstbyte": 22
		}
	}, 
	"minbytes": 22, 
	"sentbytes": "21EF"
	}, 
	{
	"name": "DataRead.DataMonitor", 
	"replybytes": "6101000000000000000000000000000000", 
	"deny_sds": [], 
	"receivebyte_dataitems": {
		"LID#01_#11_Motor current(Targetted value)": {
		"firstbyte": 11
		}, 
		"LID#01_#15#16_Vehicle speed(for control)": {
		"firstbyte": 15
		}, 
		"LID#01_#06#07_Reserve": {
		"firstbyte": 6
		}, 
		"LID#01_#03#04_Battery voltage": {
		"firstbyte": 3
		}, 
		"LID#01_#14_Assist level": {
		"firstbyte": 14
		}, 
		"LID#01_#05_Driver Torque(Sensor value)": {
		"firstbyte": 5
		}, 
		"LID#01_#10_Motor current(Measured value)": {
		"firstbyte": 10
		}, 
		"LID#01_#17_bit7_Warning Lamp": {
		"firstbyte": 17
		}, 
		"LID#01_#13_C/U Temp": {
		"firstbyte": 13
		}, 
		"LID#01_#08#09_Reserve": {
		"firstbyte": 8
		}, 
		"LID#01_#12_Assist Torque": {
		"firstbyte": 12
		}, 
		"LID#01_#17_bit54_Engine status": {
		"bitoffset": 2, 
		"firstbyte": 17
		}
	}, 
	"minbytes": 17, 
	"sentbytes": "2101"
	}, 
	{
	"name": "ClearDiagnosticInformation.All", 
	"replybytes": "54", 
	"deny_sds": [], 
	"manualsend": true, 
	"minbytes": 1, 
	"sentbytes": "14FFFFFF"
	}, 
	{
	"name": "ECUReset.hardReset", 
	"replybytes": "5101", 
	"deny_sds": [
		"nosds"
	], 
	"manualsend": true, 
	"minbytes": 2, 
	"sentbytes": "1101"
	}, 
	{
	"name": "StartDiagnosticSession.DefaultSession", 
	"replybytes": "5081", 
	"deny_sds": [], 
	"manualsend": true, 
	"minbytes": 2, 
	"sentbytes": "1081"
	}
], 
"data": {
	"ONDULEUR.n.PRSNT.vcan": {
	"comment": "CAN Monitor", 
	"bitscount": 1, 
	"lists": {
		"0": "OK", 
		"1": "UNKWN"
	}
	}, 
	"LID#84_#03_Serial number": {
	"byte": true
	}, 
	"LID$0C": {
	"bitscount": 1, 
	"lists": {
		"0": "not supported", 
		"1": "supported"
	}
	}, 
	"LID$0B": {
	"bitscount": 1, 
	"lists": {
		"0": "not supported", 
		"1": "supported"
	}
	}, 
	"LID$0A": {
	"bitscount": 1, 
	"lists": {
		"0": "not supported", 
		"1": "supported"
	}
	}, 
	"LID$0F": {
	"bitscount": 1, 
	"lists": {
		"0": "not supported", 
		"1": "supported"
	}
	}, 
	"LID$0E": {
	"bitscount": 1, 
	"lists": {
		"0": "not supported", 
		"1": "supported"
	}
	}, 
	"LID$0D": {
	"bitscount": 1, 
	"lists": {
		"0": "not supported", 
		"1": "supported"
	}
	}, 
	"LID#06_#09_4_Sub torque": {
	"scaled": true, 
	"divideby": 10.0, 
	"unit": "Nm", 
	"signed": true
	}, 
	"Historical Failure": {
	"bitscount": 1, 
	"lists": {
		"0": "No", 
		"1": "Yes"
	}
	}, 
	"Current Failure": {
	"bitscount": 1, 
	"lists": {
		"0": "No", 
		"1": "Yes"
	}
	}, 
	"LID#06_#14_5_TS voltage": {
	"scaled": true, 
	"divideby": 10.0, 
	"unit": "V"
	}, 
	"EPS.n.PAST.vcan": {
	"scaled": true, 
	"comment": "CAN Monitor", 
	"step": -1.0, 
	"bitscount": 6, 
	"offset": 40.0
	}, 
	"LID#06_#14_7_TS voltage": {
	"scaled": true, 
	"divideby": 10.0, 
	"unit": "V"
	}, 
	"LID#06_#08_7_Main torque": {
	"scaled": true, 
	"divideby": 10.0, 
	"unit": "Nm", 
	"signed": true
	}, 
	"LID$03": {
	"bitscount": 1, 
	"lists": {
		"0": "not supported", 
		"1": "supported"
	}
	}, 
	"LID$02": {
	"bitscount": 1, 
	"lists": {
		"0": "not supported", 
		"1": "supported"
	}
	}, 
	"LID$01": {
	"bitscount": 1, 
	"lists": {
		"0": "not supported", 
		"1": "supported"
	}
	}, 
	"I-CON.n.PAST.vcan": {
	"scaled": true, 
	"comment": "CAN Monitor", 
	"step": -1.0, 
	"bitscount": 6, 
	"offset": 40.0
	}, 
	"LID$07": {
	"bitscount": 1, 
	"lists": {
		"0": "not supported", 
		"1": "supported"
	}
	}, 
	"LID$06": {
	"bitscount": 1, 
	"lists": {
		"0": "not supported", 
		"1": "supported"
	}
	}, 
	"LID$05": {
	"bitscount": 1, 
	"lists": {
		"0": "not supported", 
		"1": "supported"
	}
	}, 
	"BCM/SEC.n.PAST.vcan": {
	"scaled": true, 
	"comment": "CAN Monitor", 
	"step": -1.0, 
	"bitscount": 6, 
	"offset": 40.0
	}, 
	"LID$09": {
	"bitscount": 1, 
	"lists": {
		"0": "not supported", 
		"1": "supported"
	}
	}, 
	"LID$08": {
	"bitscount": 1, 
	"lists": {
		"0": "not supported", 
		"1": "supported"
	}
	}, 
	"DTCStatus.testFailedSinceLastClear": {
	"comment": "TFSLC", 
	"bitscount": 1, 
	"lists": {
		"0": "No", 
		"1": "Yes"
	}
	}, 
	"EPS.n.PRSNT.vcan": {
	"comment": "CAN Monitor", 
	"bitscount": 1, 
	"lists": {
		"0": "OK", 
		"1": "UNKWN"
	}
	}, 
	"LID#01_#17_bit7_Warning Lamp": {
	"bitscount": 1, 
	"lists": {
		"0": "Off", 
		"1": "On"
	}
	}, 
	"Software Part Number 10": {
	"comment": "Daimler Software Part Number", 
	"byte": true, 
	"bytesascii": true
	}, 
	"DTCExtendedData.Mileage": {
	"scaled": true, 
	"bytescount": 3, 
	"comment": "Description of the extendedData Mileage (use by Failure Page to decode data)", 
	"bitscount": 24, 
	"unit": "km"
	}, 
	"OutputTemporaryControlList": {
	"comment": "Active Test", 
	"lists": {
		"18": "Levling Test"
	}
	}, 
	"DTCStatus.warningIndicatorRequested": {
	"comment": "WIR", 
	"bitscount": 1, 
	"lists": {
		"0": "No", 
		"1": "Yes"
	}
	}, 
	"LID#06_#18_6_bit10_engine status": {
	"bitscount": 2, 
	"lists": {
		"0": "engine stopped", 
		"1": "engine stalled", 
		"2": "engine running", 
		"3": "engine cranking"
	}
	}, 
	"EPS.n.CRRNT.vcan": {
	"comment": "CAN Monitor", 
	"bitscount": 1, 
	"lists": {
		"0": "OK", 
		"1": "UNKWN"
	}
	}, 
	"AT/CVT.n.PAST.vcan": {
	"scaled": true, 
	"comment": "CAN Monitor", 
	"step": -1.0, 
	"bitscount": 6, 
	"offset": 40.0
	}, 
	"LID#84_#07_Serial number": {
	"byte": true
	}, 
	"VDC/TCS/ABS.n.CRRNT.vcan": {
	"comment": "CAN Monitor", 
	"bitscount": 1, 
	"lists": {
		"0": "OK", 
		"1": "UNKWN"
	}
	}, 
	"LID#06_#12_6_Battery voltage": {
	"scaled": true, 
	"divideby": 10.0, 
	"unit": "V"
	}, 
	"EditionNumber": {
	"bytescount": 2, 
	"byte": true, 
	"bitscount": 16
	}, 
	"PartNumber.LowerPart": {
	"bytesascii": true, 
	"bytescount": 5, 
	"byte": true, 
	"bitscount": 40
	}, 
	"LID#06_#08_5_Main torque": {
	"scaled": true, 
	"divideby": 10.0, 
	"unit": "Nm", 
	"signed": true
	}, 
	"LID#06_#05_5_Motor current(Measured value)": {
	"scaled": true, 
	"unit": "A", 
	"signed": true
	}, 
	"BUSOFF DIAG.n.PAST.vcan": {
	"scaled": true, 
	"comment": "CAN Monitor", 
	"step": -1.0, 
	"bitscount": 6, 
	"offset": 40.0
	}, 
	"SCU.r.PAST.vcan": {
	"scaled": true, 
	"comment": "CAN Monitor", 
	"step": -1.0, 
	"bitscount": 6, 
	"offset": 40.0
	}, 
	"IPDM E/R.n.CRRNT.vcan": {
	"comment": "CAN Monitor", 
	"bitscount": 1, 
	"lists": {
		"0": "OK", 
		"1": "UNKWN"
	}
	}, 
	"LID#06_#18_5_bit7_vehicle speed selection": {
	"bitscount": 1, 
	"lists": {
		"0": "MCM select", 
		"1": "ABS select"
	}
	}, 
	"SYP.r.PAST.vcan": {
	"scaled": true, 
	"comment": "CAN Monitor", 
	"step": -1.0, 
	"bitscount": 6, 
	"offset": 40.0
	}, 
	"LID#06_#08_8_Main torque": {
	"scaled": true, 
	"divideby": 10.0, 
	"unit": "Nm", 
	"signed": true
	}, 
	"BCM/SEC.n.CRRNT.vcan": {
	"comment": "CAN Monitor", 
	"bitscount": 1, 
	"lists": {
		"0": "OK", 
		"1": "UNKWN"
	}
	}, 
	"LID#06_#11_6_Vehicle speed": {
	"scaled": true, 
	"unit": "km/h"
	}, 
	"LID#06_#18_3_bit7_vehicle speed selection": {
	"bitscount": 1, 
	"lists": {
		"0": "MCM select", 
		"1": "ABS select"
	}
	}, 
	"ESCL.r.PAST.vcan": {
	"scaled": true, 
	"comment": "CAN Monitor", 
	"step": -1.0, 
	"bitscount": 6, 
	"offset": 40.0
	}, 
	"HCM.n.CRRNT.vcan": {
	"comment": "CAN Monitor", 
	"bitscount": 1, 
	"lists": {
		"0": "OK", 
		"1": "UNKWN"
	}
	}, 
	"SoftwareNumber": {
	"bytescount": 2, 
	"byte": true, 
	"bitscount": 16
	}, 
	"LID#06_#06_1_Motor current(Target value)": {
	"scaled": true, 
	"unit": "A", 
	"signed": true
	}, 
	"HVAC.n.PRSNT.vcan": {
	"comment": "CAN Monitor", 
	"bitscount": 1, 
	"lists": {
		"0": "OK", 
		"1": "UNKWN"
	}
	}, 
	"APB.r.PAST.vcan": {
	"scaled": true, 
	"comment": "CAN Monitor", 
	"step": -1.0, 
	"bitscount": 6, 
	"offset": 40.0
	}, 
	"ETC.r.CRRNT.vcan": {
	"comment": "CAN Monitor", 
	"bitscount": 1, 
	"lists": {
		"0": "OK", 
		"1": "UNKWN"
	}
	}, 
	"LID#06_#07_7_Torque for control": {
	"scaled": true, 
	"divideby": 10.0, 
	"unit": "Nm", 
	"signed": true
	}, 
	"LID#06_#18_1_bit6_vehicle speed status": {
	"bitscount": 1, 
	"lists": {
		"0": "Selected speed", 
		"1": "Default speed"
	}
	}, 
	"LID#06_#03_8_Internal fault code": {
	"scaled": true
	}, 
	"APB.r.CRRNT.vcan": {
	"comment": "CAN Monitor", 
	"bitscount": 1, 
	"lists": {
		"0": "OK", 
		"1": "UNKWN"
	}
	}, 
	"TRANSMIT DIAG.n.PAST.vcan": {
	"scaled": true, 
	"comment": "CAN Monitor", 
	"step": -1.0, 
	"bitscount": 6, 
	"offset": 40.0
	}, 
	"LID#06_#10_6_Vehicle speed for control": {
	"scaled": true, 
	"unit": "km/h"
	}, 
	"BUSOFF DIAG.n.CRRNT.vcan": {
	"comment": "CAN Monitor", 
	"bitscount": 1, 
	"lists": {
		"0": "OK", 
		"1": "UNKWN"
	}
	}, 
	"N.SparePartsNumber": {
	"bytesascii": true, 
	"bytescount": 5, 
	"byte": true, 
	"bitscount": 40
	}, 
	"IPDM E/R.n.PRSNT.vcan": {
	"comment": "CAN Monitor", 
	"bitscount": 1, 
	"lists": {
		"0": "OK", 
		"1": "UNKWN"
	}
	}, 
	"BUSOFF DIAG.n.PRSNT.vcan": {
	"comment": "CAN Monitor", 
	"bitscount": 1, 
	"lists": {
		"0": "OK", 
		"1": "UNKWN"
	}
	}, 
	"LID#06_#08_6_Main torque": {
	"scaled": true, 
	"divideby": 10.0, 
	"unit": "Nm", 
	"signed": true
	}, 
	"LID#06_#13_6_IGN voltage": {
	"scaled": true, 
	"divideby": 10.0, 
	"unit": "V"
	}, 
	"vehicleManufacturerSparePartNumber": {
	"bytesascii": true, 
	"bytescount": 10, 
	"byte": true, 
	"bitscount": 80
	}, 
	"LID#01_#05_Driver Torque(Sensor value)": {
	"scaled": true, 
	"divideby": 10.0, 
	"unit": "Nm", 
	"signed": true
	}, 
	"OutputControlCommand": {
	"lists": {
		"0": "Start Temporary", 
		"1": "Status", 
		"17": "Stop", 
		"32": "Start Permanent"
	}
	}, 
	"LID#06_#12_8_Battery voltage": {
	"scaled": true, 
	"divideby": 10.0, 
	"unit": "V"
	}, 
	"LID#06_#18_3_bit10_engine status": {
	"bitscount": 2, 
	"lists": {
		"0": "engine stopped", 
		"1": "engine stalled", 
		"2": "engine running", 
		"3": "engine cranking"
	}
	}, 
	"DTCFailureType": {
	"lists": {
		"0": "Device and failure type ODB codding", 
		"1": "General Electrical Failure", 
		"2": "General signal failure", 
		"3": "FM (Frequency Modulated) / PWM (Pulse Width Modulated) Failures", 
		"4": "System Internal Failures", 
		"5": "System Programming Failures", 
		"6": "Algorithm Based Failures", 
		"7": "Mechanical Failures", 
		"8": "Bus Signal / Message Failures", 
		"9": "Component Failures", 
		"17": "circuit short to ground", 
		"18": "circuit short to battery", 
		"19": "circuit open", 
		"20": "circuit short to ground or open", 
		"21": "circuit short to battery or open", 
		"22": "circuit voltage below threshold", 
		"23": "circuit voltage above threshold", 
		"24": "circuit current below threshold", 
		"25": "circuit current above threshold", 
		"26": "circuit resistance below threshold", 
		"27": "circuit resistance above threshold", 
		"28": "circuit voltage out of range", 
		"29": "circuit current out of range", 
		"30": "circuit resistance out of range", 
		"31": "circuit intermittent", 
		"33": "signal amplitude < minimum", 
		"34": "signal amplitude > maximum", 
		"35": "signal stuck low", 
		"36": "signal stuck high", 
		"37": "signal shape / waveform failure", 
		"38": "signal rate of change below threshold", 
		"39": "signal rate of change above threshold", 
		"40": "signal bias level out of range / zero adjustment failure", 
		"41": "signal signal invalid", 
		"47": "signal erratic", 
		"49": "no signal", 
		"50": "signal low time < minimum", 
		"51": "signal low time > maximum", 
		"52": "signal high time < minimum", 
		"53": "signal high time > maximum", 
		"54": "signal frequency too low", 
		"55": "signal frequency too high", 
		"56": "signal frequency incorrect", 
		"57": "incorrect has too few pulses", 
		"58": "incorrect has too many pulses", 
		"65": "general checksum failure", 
		"66": "general memory failure", 
		"67": "special memory failure", 
		"68": "data memory failure", 
		"69": "program memory failure", 
		"70": "calibration / parameter memory failure", 
		"71": "watchdog / safety \u03bcC failure", 
		"72": "supervision software failure", 
		"73": "internal electronic failure", 
		"74": "incorrect component installed", 
		"75": "over temperature", 
		"81": "not programmed", 
		"82": "not activated", 
		"83": "deactivated", 
		"84": "missing calibration", 
		"85": "not configured", 
		"97": "signal calculation failure", 
		"98": "signal compare failure", 
		"99": "circuit / component protection time-out", 
		"100": "signal plausibility failure", 
		"101": "signal has too few transitions / events", 
		"102": "signal has too many transitions / events", 
		"103": "signal incorrect after event", 
		"104": "event information", 
		"113": "actuator stuck", 
		"114": "actuator stuck open", 
		"115": "actuator stuck closed", 
		"116": "actuator slipping", 
		"117": "emergency position not reachable", 
		"118": "wrong mounting position", 
		"119": "commanded position not reachable", 
		"120": "alignment or adjustment incorrect", 
		"121": "mechanical linkage failure", 
		"122": "fluid leak or seal failure", 
		"123": "low fluid level", 
		"129": "invalid serial data received", 
		"130": "alive / sequence counter incorrect / not updated", 
		"131": "value of signal protection calculation incorrect", 
		"132": "signal below allowable range", 
		"133": "signal above allowable range", 
		"134": "signal invalid", 
		"135": "missing message", 
		"136": "bus off", 
		"143": "erratic", 
		"145": "parametric", 
		"146": "performance or incorrect operation", 
		"147": "no operation", 
		"148": "unexpected operation", 
		"149": "incorrect assembly", 
		"150": "component internal failure", 
		"151": "Component or system operation obstructed or blocked", 
		"152": "component or system over temperature"
	}
	}, 
	"TIRE-P DISP.r.CRRNT.vcan": {
	"comment": "CAN Monitor", 
	"bitscount": 1, 
	"lists": {
		"0": "OK", 
		"1": "UNKWN"
	}
	}, 
	"StatusOfDTC": {
	"scaled": true, 
	"comment": "DTCASR_SODTC"
	}, 
	"LID#06_#07_1_Torque for control": {
	"scaled": true, 
	"divideby": 10.0, 
	"unit": "Nm", 
	"signed": true
	}, 
	"LID#06_#18_5_bit10_engine status": {
	"bitscount": 2, 
	"lists": {
		"0": "engine stopped", 
		"1": "engine stalled", 
		"2": "engine running", 
		"3": "engine cranking"
	}
	}, 
	"CalibrationNumber": {
	"bytescount": 2, 
	"byte": true, 
	"bitscount": 16
	}, 
	"LID#84_#11_Serial number": {
	"byte": true
	}, 
	"ECM.n.CRRNT.vcan": {
	"comment": "CAN Monitor", 
	"bitscount": 1, 
	"lists": {
		"0": "OK", 
		"1": "UNKWN"
	}
	}, 
	"LID#84_#10_Serial number": {
	"byte": true
	}, 
	"SCU.r.PRSNT.vcan": {
	"comment": "CAN Monitor", 
	"bitscount": 1, 
	"lists": {
		"0": "OK", 
		"1": "UNKWN"
	}
	}, 
	"LID#06_#17_1_Limit value for overheat protection": {
	"scaled": true, 
	"unit": "A", 
	"signed": true
	}, 
	"LID#06_#04_7_IGN counter": {
	"scaled": true
	}, 
	"DTCExtendedDataRecordNumber": {
	"lists": {
		"128": "Mileage", 
		"129": "AgingCounter", 
		"130": "DTCOccurrenceCounter"
	}
	}, 
	"LID$04": {
	"bitscount": 1, 
	"lists": {
		"0": "not supported", 
		"1": "supported"
	}
	}, 
	"ECM.n.PRSNT.vcan": {
	"comment": "CAN Monitor", 
	"bitscount": 1, 
	"lists": {
		"0": "OK", 
		"1": "UNKWN"
	}
	}, 
	"PartNumber.BasicPartList": {
	"lists": {
		"2": "28504"
	}
	}, 
	"LID#06_#04_2_IGN counter": {
	"scaled": true
	}, 
	"LID#06_#11_5_Vehicle speed": {
	"scaled": true, 
	"unit": "km/h"
	}, 
	"LID#06_#04_3_IGN counter": {
	"scaled": true
	}, 
	"LID#06_#17_8_Limit value for overheat protection": {
	"scaled": true, 
	"unit": "A", 
	"signed": true
	}, 
	"LID#06_#14_8_TS voltage": {
	"scaled": true, 
	"divideby": 10.0, 
	"unit": "V"
	}, 
	"N.DiagnosticIdentificationCode": {
	"byte": true
	}, 
	"EPS tunning number": {
	"lists": {
		"0": "00", 
		"1": "01", 
		"2": "02", 
		"3": "03", 
		"4": "04", 
		"5": "05", 
		"6": "06", 
		"7": "07", 
		"153": "99 (Blank)"
	}
	}, 
	"METER/M&A.n.PRSNT.vcan": {
	"comment": "CAN Monitor", 
	"bitscount": 1, 
	"lists": {
		"0": "OK", 
		"1": "UNKWN"
	}
	}, 
	"LID#84_#16_Serial number": {
	"byte": true
	}, 
	"LID#06_#08_2_Main torque": {
	"scaled": true, 
	"divideby": 10.0, 
	"unit": "Nm", 
	"signed": true
	}, 
	"LID#06_#16_8_ECU temperature(Sensor value)": {
	"scaled": true, 
	"unit": "C"
	}, 
	"LID#06_#05_2_Motor current(Measured value)": {
	"scaled": true, 
	"unit": "A", 
	"signed": true
	}, 
	"LID#01_#06#07_Reserve": {
	"scaled": true, 
	"bytescount": 2, 
	"bitscount": 16
	}, 
	"VIN": {
	"bytesascii": true, 
	"bytescount": 17, 
	"byte": true, 
	"bitscount": 136
	}, 
	"LID#06_#04_6_IGN counter": {
	"scaled": true
	}, 
	"LID#06_#18_1_bit7_vehicle speed selection": {
	"bitscount": 1, 
	"lists": {
		"0": "MCM select", 
		"1": "ABS select"
	}
	}, 
	"LID#06_#04_8_IGN counter": {
	"scaled": true
	}, 
	"LID#84_#20_Serial number": {
	"byte": true
	}, 
	"LID#06_#16_6_ECU temperature(Sensor value)": {
	"scaled": true, 
	"unit": "C"
	}, 
	"N.SparePartsNumberSuffix": {
	"lists": {
		"0": "To be defined by you."
	}
	}, 
	"Hardware Part Number 4": {
	"comment": "Daimler Hardware Part Number", 
	"byte": true, 
	"bytesascii": true
	}, 
	"Hardware Part Number 5": {
	"comment": "Daimler Hardware Part Number", 
	"byte": true, 
	"bytesascii": true
	}, 
	"Hardware Part Number 6": {
	"comment": "Daimler Hardware Part Number", 
	"byte": true, 
	"bytesascii": true
	}, 
	"Hardware Part Number 7": {
	"comment": "Daimler Hardware Part Number", 
	"byte": true, 
	"bytesascii": true
	}, 
	"Hardware Part Number 1": {
	"comment": "Daimler Hardware Part Number", 
	"byte": true, 
	"bytesascii": true
	}, 
	"Hardware Part Number 2": {
	"comment": "Daimler Hardware Part Number", 
	"byte": true, 
	"bytesascii": true
	}, 
	"Hardware Part Number 3": {
	"comment": "Daimler Hardware Part Number", 
	"byte": true, 
	"bytesascii": true
	}, 
	"LID#01_#08#09_Reserve": {
	"scaled": true, 
	"bytescount": 2, 
	"bitscount": 16
	}, 
	"Hardware Part Number 8": {
	"comment": "Daimler Hardware Part Number", 
	"byte": true, 
	"bytesascii": true
	}, 
	"Hardware Part Number 9": {
	"comment": "Daimler Hardware Part Number", 
	"byte": true, 
	"bytesascii": true
	}, 
	"HVAC.n.CRRNT.vcan": {
	"comment": "CAN Monitor", 
	"bitscount": 1, 
	"lists": {
		"0": "OK", 
		"1": "UNKWN"
	}
	}, 
	"LID#06_#17_3_Limit value for overheat protection": {
	"scaled": true, 
	"unit": "A", 
	"signed": true
	}, 
	"LID#06_#10_7_Vehicle speed for control": {
	"scaled": true, 
	"unit": "km/h"
	}, 
	"LID#06_#18_8_bit7_vehicle speed selection": {
	"bitscount": 1, 
	"lists": {
		"0": "MCM select", 
		"1": "ABS select"
	}
	}, 
	"LID#01_#13_C/U Temp": {
	"scaled": true, 
	"unit": "degC", 
	"offset": -50.0
	}, 
	"LID#06_#18_4_bit10_engine status": {
	"bitscount": 2, 
	"lists": {
		"0": "engine stopped", 
		"1": "engine stalled", 
		"2": "engine running", 
		"3": "engine cranking"
	}
	}, 
	"LID#06_#15_7_ECU temperature(Control value)": {
	"scaled": true, 
	"unit": "C"
	}, 
	"ISG.r.PAST.vcan": {
	"scaled": true, 
	"comment": "CAN Monitor", 
	"step": -1.0, 
	"bitscount": 6, 
	"offset": 40.0
	}, 
	"DTCRecord": {
	"comment": "DTCASR_DTC", 
	"bytescount": 3, 
	"byte": true, 
	"bitscount": 24
	}, 
	"HCM.n.PAST.vcan": {
	"scaled": true, 
	"comment": "CAN Monitor", 
	"step": -1.0, 
	"bitscount": 6, 
	"offset": 40.0
	}, 
	"DTCStatus.testNotCompletedThisMonitoringCycle": {
	"comment": "TNCTMC", 
	"bitscount": 1, 
	"lists": {
		"0": "No", 
		"1": "Yes"
	}
	}, 
	"FirstDTC": {
	"bytescount": 2, 
	"bitscount": 16
	}, 
	"HCM.n.PRSNT.vcan": {
	"comment": "CAN Monitor", 
	"bitscount": 1, 
	"lists": {
		"0": "OK", 
		"1": "UNKWN"
	}
	}, 
	"SCU.r.CRRNT.vcan": {
	"comment": "CAN Monitor", 
	"bitscount": 1, 
	"lists": {
		"0": "OK", 
		"1": "UNKWN"
	}
	}, 
	"<WriteData_1>": {
	"byte": true
	}, 
	"LID#01_#21-1(bit7)_Torque_Flag": {
	"comment": "Bit7", 
	"bitscount": 1, 
	"lists": {
		"0": "OFF", 
		"1": "ON"
	}
	}, 
	"ITM.n.PRSNT.vcan": {
	"comment": "CAN Monitor", 
	"bitscount": 1, 
	"lists": {
		"0": "OK", 
		"1": "UNKWN"
	}
	}, 
	"IPDM E/R.n.PAST.vcan": {
	"scaled": true, 
	"comment": "CAN Monitor", 
	"step": -1.0, 
	"bitscount": 6, 
	"offset": 40.0
	}, 
	"LID#06_#15_4_ECU temperature(Control value)": {
	"scaled": true, 
	"unit": "C"
	}, 
	"STRG.n.PAST.vcan": {
	"scaled": true, 
	"comment": "CAN Monitor", 
	"step": -1.0, 
	"bitscount": 6, 
	"offset": 40.0
	}, 
	"SnapshotData_Motor current (measured)": {
	"scaled": true, 
	"unit": "A", 
	"signed": true
	}, 
	"LID#06_#03_7_Internal fault code": {
	"scaled": true
	}, 
	"LID#06_#13_5_IGN voltage": {
	"scaled": true, 
	"divideby": 10.0, 
	"unit": "V"
	}, 
	"LID#06_#18_7_bit7_vehicle speed selection": {
	"bitscount": 1, 
	"lists": {
		"0": "MCM select", 
		"1": "ABS select"
	}
	}, 
	"LID#06_#10_8_Vehicle speed for control": {
	"scaled": true, 
	"unit": "km/h"
	}, 
	"LID#06_#12_1_Battery voltage": {
	"scaled": true, 
	"divideby": 10.0, 
	"unit": "V"
	}, 
	"APB.r.PRSNT.vcan": {
	"comment": "CAN Monitor", 
	"bitscount": 1, 
	"lists": {
		"0": "OK", 
		"1": "UNKWN"
	}
	}, 
	"LID#01_#17_bit54_Engine status": {
	"bitscount": 2, 
	"lists": {
		"0": "Engine stopped", 
		"1": "Engine stalled", 
		"2": "Engine running", 
		"3": "Engine cranking"
	}
	}, 
	"DTCFailureType.ManufacturerOrSupplier": {
	"bitscount": 4
	}, 
	"TIRE-P DISP.r.PRSNT.vcan": {
	"comment": "CAN Monitor", 
	"bitscount": 1, 
	"lists": {
		"0": "OK", 
		"1": "UNKWN"
	}
	}, 
	"LID#06_#07_5_Torque for control": {
	"scaled": true, 
	"divideby": 10.0, 
	"unit": "Nm", 
	"signed": true
	}, 
	"DTCStatus.testFailedThisMonitoringCycle": {
	"comment": "TFTMC", 
	"bitscount": 1, 
	"lists": {
		"0": "No", 
		"1": "Yes"
	}
	}, 
	"LID#06_#15_8_ECU temperature(Control value)": {
	"scaled": true, 
	"unit": "C"
	}, 
	"LID#84_#04_Serial number": {
	"byte": true
	}, 
	"LID#06_#06_8_Motor current(Target value)": {
	"scaled": true, 
	"unit": "A", 
	"signed": true
	}, 
	"LID#06_#17_2_Limit value for overheat protection": {
	"scaled": true, 
	"unit": "A", 
	"signed": true
	}, 
	"LID#84_#13_Serial number": {
	"byte": true
	}, 
	"LID#06_#18_4_bit7_vehicle speed selection": {
	"bitscount": 1, 
	"lists": {
		"0": "MCM select", 
		"1": "ABS select"
	}
	}, 
	"DiagnosticIdentificationCode": {
	"byte": true
	}, 
	"LID#06_#12_3_Battery voltage": {
	"scaled": true, 
	"divideby": 10.0, 
	"unit": "V"
	}, 
	"TRANSMIT DIAG.n.CRRNT.vcan": {
	"comment": "CAN Monitor", 
	"bitscount": 1, 
	"lists": {
		"0": "OK", 
		"1": "UNKWN"
	}
	}, 
	"VDC/TCS/ABS.n.PAST.vcan": {
	"scaled": true, 
	"comment": "CAN Monitor", 
	"step": -1.0, 
	"bitscount": 6, 
	"offset": 40.0
	}, 
	"LID#01_#22_1_I-CON_MODE_STATUS": {
	"bitscount": 1, 
	"lists": {
		"0": "Default (Standard or Eco) Mode", 
		"1": "Sports Mode"
	}
	}, 
	"LID#06_#15_5_ECU temperature(Control value)": {
	"scaled": true, 
	"unit": "C"
	}, 
	"LID#06_#10_1_Vehicle speed for control": {
	"scaled": true, 
	"unit": "km/h"
	}, 
	"LID#06_#04_1_IGN counter": {
	"scaled": true
	}, 
	"LID#06_#17_7_Limit value for overheat protection": {
	"scaled": true, 
	"unit": "A", 
	"signed": true
	}, 
	"ECM.n.PAST.vcan": {
	"scaled": true, 
	"comment": "CAN Monitor", 
	"step": -1.0, 
	"bitscount": 6, 
	"offset": 40.0
	}, 
	"LID#06_#06_5_Motor current(Target value)": {
	"scaled": true, 
	"unit": "A", 
	"signed": true
	}, 
	"ACC.n.PAST.vcan": {
	"scaled": true, 
	"comment": "CAN Monitor", 
	"step": -1.0, 
	"bitscount": 6, 
	"offset": 40.0
	}, 
	"LID#06_#16_3_ECU temperature(Sensor value)": {
	"scaled": true, 
	"unit": "C"
	}, 
	"LID#06_#09_3_Sub torque": {
	"scaled": true, 
	"divideby": 10.0, 
	"unit": "Nm", 
	"signed": true
	}, 
	"METER/M&A.n.CRRNT.vcan": {
	"comment": "CAN Monitor", 
	"bitscount": 1, 
	"lists": {
		"0": "OK", 
		"1": "UNKWN"
	}
	}, 
	"ESCL.r.PRSNT.vcan": {
	"comment": "CAN Monitor", 
	"bitscount": 1, 
	"lists": {
		"0": "OK", 
		"1": "UNKWN"
	}
	}, 
	"LID#84_#08_Serial number": {
	"byte": true
	}, 
	"NDTC": {
	"scaled": true
	}, 
	"AB-SRS.n.PAST.vcan": {
	"scaled": true, 
	"comment": "CAN Monitor", 
	"step": -1.0, 
	"bitscount": 6, 
	"offset": 40.0
	}, 
	"LID#06_#11_7_Vehicle speed": {
	"scaled": true, 
	"unit": "km/h"
	}, 
	"LID$20": {
	"bitscount": 1, 
	"lists": {
		"0": "not supported", 
		"1": "supported"
	}
	}, 
	"LID#06_#03_1_Internal fault code": {
	"scaled": true
	}, 
	"HardwareNumber.LowerPart": {
	"bytesascii": true, 
	"bytescount": 5, 
	"byte": true, 
	"bitscount": 40
	}, 
	"ApprovalNumber.BasicPartList": {
	"lists": {
		"0": "NA"
	}
	}, 
	"ARS.r.PRSNT.vcan": {
	"comment": "CAN Monitor", 
	"bitscount": 1, 
	"lists": {
		"0": "OK", 
		"1": "UNKWN"
	}
	}, 
	"Standard Fault": {
	"bitscount": 5, 
	"lists": {
		"0": "No possible classification about the type of fault", 
		"1": "Open circuit", 
		"2": "Short circuit to ground", 
		"3": "Short circuit at battery +", 
		"4": "Parameter at min limit", 
		"5": "Parameter at max limit", 
		"6": "Incoherency, not plausible", 
		"7": "No signal", 
		"8": "Below min. threshold", 
		"9": "Above max. threshold", 
		"10": "Permanent Low Level", 
		"11": "Permanent High Level", 
		"12": "Lines short-circuited", 
		"13": "Internal electronic anomaly", 
		"14": "Network default", 
		"15": "Remote diagnostic", 
		"16": "Disturbed communication", 
		"17": "Microcuts", 
		"18": "Abnormal voltage", 
		"19": "Value out of range", 
		"20": "Open circuit or Short circuit to ground", 
		"21": "Open circuit or Short circuit to battery", 
		"22": "Initialization / configuration not valid"
	}
	}, 
	"LID#06_#18_2_bit6_vehicle speed status": {
	"bitscount": 1, 
	"lists": {
		"0": "Selected speed", 
		"1": "Default speed"
	}
	}, 
	"LID#06_#17_6_Limit value for overheat protection": {
	"scaled": true, 
	"unit": "A", 
	"signed": true
	}, 
	"LID#06_#16_5_ECU temperature(Sensor value)": {
	"scaled": true, 
	"unit": "C"
	}, 
	"LID#06_#17_5_Limit value for overheat protection": {
	"scaled": true, 
	"unit": "A", 
	"signed": true
	}, 
	"LID#06_#18_3_bit6_vehicle speed status": {
	"bitscount": 1, 
	"lists": {
		"0": "Selected speed", 
		"1": "Default speed"
	}
	}, 
	"LID#84_#17_Serial number": {
	"byte": true
	}, 
	"N.HardwareNumber": {
	"bytescount": 5, 
	"byte": true, 
	"bitscount": 40
	}, 
	"DTCStatusAvailabilityMask": {
	"scaled": true, 
	"comment": "DTCSAM"
	}, 
	"LID#84_#18_Serial number": {
	"byte": true
	}, 
	"LID#06_#08_1_Main torque": {
	"scaled": true, 
	"divideby": 10.0, 
	"unit": "Nm", 
	"signed": true
	}, 
	"SnapshotData_Main torque signal": {
	"scaled": true, 
	"divideby": 10.0, 
	"unit": "Nm", 
	"signed": true
	}, 
	"ISG.r.CRRNT.vcan": {
	"comment": "CAN Monitor", 
	"bitscount": 1, 
	"lists": {
		"0": "OK", 
		"1": "UNKWN"
	}
	}, 
	"LID#06_#12_5_Battery voltage": {
	"scaled": true, 
	"divideby": 10.0, 
	"unit": "V"
	}, 
	"DTCDeviceIdentifier": {
	"bytescount": 2, 
	"bitscount": 16, 
	"lists": {
		"53760": "CAN_BRAKE_VehicleSpeed", 
		"53248": "CAN_Bus", 
		"61443": "Battery", 
		"22020": "EPS_TorqueSensor", 
		"22022": "EPS_Motor", 
		"22024": "EPS_Ecu", 
		"49408": "CAN_EngineStatusAbsent", 
		"49472": "Lost Communication With BCM"
	}
	}, 
	"LID$15": {
	"bitscount": 1, 
	"lists": {
		"0": "not supported", 
		"1": "supported"
	}
	}, 
	"DTCStatus.testNotCompletedSinceLastClear": {
	"comment": "TNCSLC", 
	"bitscount": 1, 
	"lists": {
		"0": "No", 
		"1": "Yes"
	}
	}, 
	"SYP.r.PRSNT.vcan": {
	"comment": "CAN Monitor", 
	"bitscount": 1, 
	"lists": {
		"0": "OK", 
		"1": "UNKWN"
	}
	}, 
	"LID#06_#09_1_Sub torque": {
	"scaled": true, 
	"divideby": 10.0, 
	"unit": "Nm", 
	"signed": true
	}, 
	"I-CON.n.PRSNT.vcan": {
	"comment": "CAN Monitor", 
	"bitscount": 1, 
	"lists": {
		"0": "OK", 
		"1": "UNKWN"
	}
	}, 
	"LID$12": {
	"bitscount": 1, 
	"lists": {
		"0": "not supported", 
		"1": "supported"
	}
	}, 
	"LID#06_#13_4_IGN voltage": {
	"scaled": true, 
	"divideby": 10.0, 
	"unit": "V"
	}, 
	"ITM.n.PAST.vcan": {
	"scaled": true, 
	"comment": "CAN Monitor", 
	"step": -1.0, 
	"bitscount": 6, 
	"offset": 40.0
	}, 
	"LID#06_#03_6_Internal fault code": {
	"scaled": true
	}, 
	"N.ManufacturerIdentificationCode": {
	"lists": {
		"128": "N1", 
		"129": "N2", 
		"130": "N3"
	}
	}, 
	"CRC": {
	"bytescount": 2, 
	"byte": true, 
	"bitscount": 16
	}, 
	"LID#06_#11_1_Vehicle speed": {
	"scaled": true, 
	"unit": "km/h"
	}, 
	"TRANSMIT DIAG.n.PRSNT.vcan": {
	"comment": "CAN Monitor", 
	"bitscount": 1, 
	"lists": {
		"0": "OK", 
		"1": "UNKWN"
	}
	}, 
	"Low Beam Test Right.param": {
	"lists": {
		"0": "Min Position(Fast mode)", 
		"1": "Max Position(Fast mode)", 
		"2": "Min Position(Slow mode)", 
		"3": "Max Position(Slow mode)"
	}
	}, 
	"TIRE-P DISP.r.PAST.vcan": {
	"scaled": true, 
	"comment": "CAN Monitor", 
	"step": -1.0, 
	"bitscount": 6, 
	"offset": 40.0
	}, 
	"DTCMaskRecord": {
	"comment": "DTCMREC_DTC", 
	"bytescount": 3, 
	"byte": true, 
	"bitscount": 24
	}, 
	"Low Beam Test Left.param": {
	"lists": {
		"0": "Min Position(Fast mode)", 
		"1": "Max Position(Fast mode)", 
		"2": "Min Position(Slow mode)", 
		"3": "Max Position(Slow mode)"
	}
	}, 
	"LID#06_#12_7_Battery voltage": {
	"scaled": true, 
	"divideby": 10.0, 
	"unit": "V"
	}, 
	"LID#84_#21_Serial number": {
	"byte": true
	}, 
	"LID#06_#03_3_Internal fault code": {
	"scaled": true
	}, 
	"LID#01_#12_Assist Torque": {
	"scaled": true, 
	"divideby": 10.0, 
	"unit": "Nm"
	}, 
	"LID#84_#09_Serial number": {
	"byte": true
	}, 
	"LID#06_#09_6_Sub torque": {
	"scaled": true, 
	"divideby": 10.0, 
	"unit": "Nm", 
	"signed": true
	}, 
	"LID#06_#03_5_Internal fault code": {
	"scaled": true
	}, 
	"LID#06_#06_3_Motor current(Target value)": {
	"scaled": true, 
	"unit": "A", 
	"signed": true
	}, 
	"Software Part Number 8": {
	"comment": "Daimler Software Part Number", 
	"byte": true, 
	"bytesascii": true
	}, 
	"Software Part Number 7": {
	"comment": "Daimler Software Part Number", 
	"byte": true, 
	"bytesascii": true
	}, 
	"Software Part Number 6": {
	"comment": "Daimler Software Part Number", 
	"byte": true, 
	"bytesascii": true
	}, 
	"Software Part Number 5": {
	"comment": "Daimler Software Part Number", 
	"byte": true, 
	"bytesascii": true
	}, 
	"Software Part Number 4": {
	"comment": "Daimler Software Part Number", 
	"byte": true, 
	"bytesascii": true
	}, 
	"N.SoftwareNumber": {
	"bytescount": 2, 
	"byte": true, 
	"bitscount": 16
	}, 
	"Software Part Number 2": {
	"comment": "Daimler Software Part Number", 
	"byte": true, 
	"bytesascii": true
	}, 
	"Software Part Number 1": {
	"comment": "Daimler Software Part Number", 
	"byte": true, 
	"bytesascii": true
	}, 
	"LID#06_#12_2_Battery voltage": {
	"scaled": true, 
	"divideby": 10.0, 
	"unit": "V"
	}, 
	"LID#06_#06_7_Motor current(Target value)": {
	"scaled": true, 
	"unit": "A", 
	"signed": true
	}, 
	"SnapshotData_Battery voltage": {
	"scaled": true, 
	"divideby": 10.0, 
	"unit": "V"
	}, 
	"LID#06_#17_4_Limit value for overheat protection": {
	"scaled": true, 
	"unit": "A", 
	"signed": true
	}, 
	"LID#06_#16_7_ECU temperature(Sensor value)": {
	"scaled": true, 
	"unit": "C"
	}, 
	"LID#06_#18_8_bit6_vehicle speed status": {
	"bitscount": 1, 
	"lists": {
		"0": "Selected speed", 
		"1": "Default speed"
	}
	}, 
	"Software Part Number 9": {
	"comment": "Daimler Software Part Number", 
	"byte": true, 
	"bytesascii": true
	}, 
	"LID#06_#05_4_Motor current(Measured value)": {
	"scaled": true, 
	"unit": "A", 
	"signed": true
	}, 
	"LID#06_#05_7_Motor current(Measured value)": {
	"scaled": true, 
	"unit": "A", 
	"signed": true
	}, 
	"LID#06_#10_3_Vehicle speed for control": {
	"scaled": true, 
	"unit": "km/h"
	}, 
	"LID#84_#06_Serial number": {
	"byte": true
	}, 
	"HVAC.n.PAST.vcan": {
	"scaled": true, 
	"comment": "CAN Monitor", 
	"step": -1.0, 
	"bitscount": 6, 
	"offset": 40.0
	}, 
	"LID#01_#14_Assist level": {
	"scaled": true, 
	"unit": "%"
	}, 
	"SnapshotData_Dummy": {
	"scaled": true, 
	"bytescount": 2, 
	"bitscount": 16, 
	"signed": true
	}, 
	"LID#06_#18_2_bit10_engine status": {
	"bitscount": 2, 
	"lists": {
		"0": "engine stopped", 
		"1": "engine stalled", 
		"2": "engine running", 
		"3": "engine cranking"
	}
	}, 
	"DTCStatus.pendingDTC": {
	"comment": "PDTC", 
	"bitscount": 1, 
	"lists": {
		"0": "No", 
		"1": "Yes"
	}
	}, 
	"LID#06_#03_4_Internal fault code": {
	"scaled": true
	}, 
	"VDC/TCS/ABS.n.PRSNT.vcan": {
	"comment": "CAN Monitor", 
	"bitscount": 1, 
	"lists": {
		"0": "OK", 
		"1": "UNKWN"
	}
	}, 
	"Levling Test.param": {
	"lists": {
		"0": "Min Position", 
		"1": "Max Position"
	}
	}, 
	"Software Part Number 3": {
	"comment": "Daimler Software Part Number", 
	"byte": true, 
	"bytesascii": true
	}, 
	"SnapshotData_Internal fault code": {
	"byte": true
	}, 
	"LID#06_#14_3_TS voltage": {
	"scaled": true, 
	"divideby": 10.0, 
	"unit": "V"
	}, 
	"STRG.n.PRSNT.vcan": {
	"comment": "CAN Monitor", 
	"bitscount": 1, 
	"lists": {
		"0": "OK", 
		"1": "UNKWN"
	}
	}, 
	"LID#06_#07_4_Torque for control": {
	"scaled": true, 
	"divideby": 10.0, 
	"unit": "Nm", 
	"signed": true
	}, 
	"LID#06_#04_5_IGN counter": {
	"scaled": true
	}, 
	"LID#06_#13_2_IGN voltage": {
	"scaled": true, 
	"divideby": 10.0, 
	"unit": "V"
	}, 
	"ESCL.r.CRRNT.vcan": {
	"comment": "CAN Monitor", 
	"bitscount": 1, 
	"lists": {
		"0": "OK", 
		"1": "UNKWN"
	}
	}, 
	"LID#06_#18_7_bit10_engine status": {
	"bitscount": 2, 
	"lists": {
		"0": "engine stopped", 
		"1": "engine stalled", 
		"2": "engine running", 
		"3": "engine cranking"
	}
	}, 
	"SYP.r.CRRNT.vcan": {
	"comment": "CAN Monitor", 
	"bitscount": 1, 
	"lists": {
		"0": "OK", 
		"1": "UNKWN"
	}
	}, 
	"LID#84_#19_Serial number": {
	"byte": true
	}, 
	"ISG.r.PRSNT.vcan": {
	"comment": "CAN Monitor", 
	"bitscount": 1, 
	"lists": {
		"0": "OK", 
		"1": "UNKWN"
	}
	}, 
	"LID#06_#14_1_TS voltage": {
	"scaled": true, 
	"divideby": 10.0, 
	"unit": "V"
	}, 
	"ARS.r.PAST.vcan": {
	"scaled": true, 
	"comment": "CAN Monitor", 
	"step": -1.0, 
	"bitscount": 6, 
	"offset": 40.0
	}, 
	"LID#06_#18_8_bit10_engine status": {
	"bitscount": 2, 
	"lists": {
		"0": "engine stopped", 
		"1": "engine stalled", 
		"2": "engine running", 
		"3": "engine cranking"
	}
	}, 
	"LID#06_#08_3_Main torque": {
	"scaled": true, 
	"divideby": 10.0, 
	"unit": "Nm", 
	"signed": true
	}, 
	"ManufacturerIdentificationCode": {
	"lists": {
		"0": "Renault R1", 
		"128": "Nissan N1", 
		"130": "Nissan N3", 
		"129": "Nissan N2", 
		"136": "5DIGITS", 
		"255": "Renault R3"
	}
	}, 
	"LID#06_#06_4_Motor current(Target value)": {
	"scaled": true, 
	"unit": "A", 
	"signed": true
	}, 
	"LID#06_#18_5_bit6_vehicle speed status": {
	"bitscount": 1, 
	"lists": {
		"0": "Selected speed", 
		"1": "Default speed"
	}
	}, 
	"N1.SupplierNumber2": {
	"bytescount": 2, 
	"byte": true, 
	"bitscount": 16
	}, 
	"N1.SupplierNumber1": {
	"byte": true, 
	"bytesascii": true
	}, 
	"LID#06_#10_4_Vehicle speed for control": {
	"scaled": true, 
	"unit": "km/h"
	}, 
	"DTCDeviceAndFailureTypeOBD": {
	"bytescount": 2, 
	"bitscount": 16, 
	"lists": {
		"53248": "CAN_communication_failure", 
		"22017": "Battery voltage failure", 
		"22018": "No tuning set", 
		"22020": "Torque sensor failure", 
		"22022": "Motor failure", 
		"22023": "EEPROM failure", 
		"22024": "Control unit failure", 
		"22025": "Vehicle speed failure", 
		"22032": "Engine signal failure", 
		"53264": "CONTROL UNIT(CAN)"
	}
	}, 
	"SupplierNumber.ITG": {
	"bytesascii": true, 
	"bytescount": 3, 
	"byte": true, 
	"bitscount": 24
	}, 
	"LID#06_#05_6_Motor current(Measured value)": {
	"scaled": true, 
	"unit": "A", 
	"signed": true
	}, 
	"LID#06_#07_2_Torque for control": {
	"scaled": true, 
	"divideby": 10.0, 
	"unit": "Nm", 
	"signed": true
	}, 
	"SnapshotData_Motor current (demanded)": {
	"scaled": true, 
	"unit": "A", 
	"signed": true
	}, 
	"LID#06_#06_2_Motor current(Target value)": {
	"scaled": true, 
	"unit": "A", 
	"signed": true
	}, 
	"LID#06_#12_4_Battery voltage": {
	"scaled": true, 
	"divideby": 10.0, 
	"unit": "V"
	}, 
	"LID#84_#12_Serial number": {
	"byte": true
	}, 
	"DTCStatus.testFailed": {
	"comment": "TF", 
	"bitscount": 1, 
	"lists": {
		"0": "No", 
		"1": "Yes"
	}
	}, 
	"LID#06_#18_6_bit7_vehicle speed selection": {
	"bitscount": 1, 
	"lists": {
		"0": "MCM select", 
		"1": "ABS select"
	}
	}, 
	"ARS.r.CRRNT.vcan": {
	"comment": "CAN Monitor", 
	"bitscount": 1, 
	"lists": {
		"0": "OK", 
		"1": "UNKWN"
	}
	}, 
	"LID#06_#10_5_Vehicle speed for control": {
	"scaled": true, 
	"unit": "km/h"
	}, 
	"LID$14": {
	"bitscount": 1, 
	"lists": {
		"0": "not supported", 
		"1": "supported"
	}
	}, 
	"LID#06_#13_3_IGN voltage": {
	"scaled": true, 
	"divideby": 10.0, 
	"unit": "V"
	}, 
	"LID$16": {
	"bitscount": 1, 
	"lists": {
		"0": "not supported", 
		"1": "supported"
	}
	}, 
	"LID$17": {
	"bitscount": 1, 
	"lists": {
		"0": "not supported", 
		"1": "supported"
	}
	}, 
	"LID$10": {
	"bitscount": 1, 
	"lists": {
		"0": "not supported", 
		"1": "supported"
	}
	}, 
	"LID$11": {
	"bitscount": 1, 
	"lists": {
		"0": "not supported", 
		"1": "supported"
	}
	}, 
	"N.EditionNumber": {
	"bytescount": 2, 
	"byte": true, 
	"bitscount": 16
	}, 
	"LID$13": {
	"bitscount": 1, 
	"lists": {
		"0": "not supported", 
		"1": "supported"
	}
	}, 
	"LID$18": {
	"bitscount": 1, 
	"lists": {
		"0": "not supported", 
		"1": "supported"
	}
	}, 
	"LID$19": {
	"bitscount": 1, 
	"lists": {
		"0": "not supported", 
		"1": "supported"
	}
	}, 
	"HardwareNumber.BasicPartList": {
	"lists": {
		"1": "28500"
	}
	}, 
	"LID#06_#18_2_bit7_vehicle speed selection": {
	"bitscount": 1, 
	"lists": {
		"0": "MCM select", 
		"1": "ABS select"
	}
	}, 
	"LID#06_#09_2_Sub torque": {
	"scaled": true, 
	"divideby": 10.0, 
	"unit": "Nm", 
	"signed": true
	}, 
	"LID#06_#18_1_bit10_engine status": {
	"bitscount": 2, 
	"lists": {
		"0": "engine stopped", 
		"1": "engine stalled", 
		"2": "engine running", 
		"3": "engine cranking"
	}
	}, 
	"LID#06_#15_1_ECU temperature(Control value)": {
	"scaled": true, 
	"unit": "C"
	}, 
	"LID#06_#15_6_ECU temperature(Control value)": {
	"scaled": true, 
	"unit": "C"
	}, 
	"LPG.r.CRRNT.vcan": {
	"comment": "CAN Monitor", 
	"bitscount": 1, 
	"lists": {
		"0": "OK", 
		"1": "UNKWN"
	}
	}, 
	"LID#06_#13_8_IGN voltage": {
	"scaled": true, 
	"divideby": 10.0, 
	"unit": "V"
	}, 
	"BCM/SEC.n.PRSNT.vcan": {
	"comment": "CAN Monitor", 
	"bitscount": 1, 
	"lists": {
		"0": "OK", 
		"1": "UNKWN"
	}
	}, 
	"LID#06_#09_8_Sub torque": {
	"scaled": true, 
	"divideby": 10.0, 
	"unit": "Nm", 
	"signed": true
	}, 
	"AB-SRS.n.PRSNT.vcan": {
	"comment": "CAN Monitor", 
	"bitscount": 1, 
	"lists": {
		"0": "OK", 
		"1": "UNKWN"
	}
	}, 
	"LID#06_#16_1_ECU temperature(Sensor value)": {
	"scaled": true, 
	"unit": "C"
	}, 
	"LID#06_#06_6_Motor current(Target value)": {
	"scaled": true, 
	"unit": "A", 
	"signed": true
	}, 
	"LID$1D": {
	"bitscount": 1, 
	"lists": {
		"0": "not supported", 
		"1": "supported"
	}
	}, 
	"LID$1E": {
	"bitscount": 1, 
	"lists": {
		"0": "not supported", 
		"1": "supported"
	}
	}, 
	"LID$1F": {
	"bitscount": 1, 
	"lists": {
		"0": "not supported", 
		"1": "supported"
	}
	}, 
	"LID$1A": {
	"bitscount": 1, 
	"lists": {
		"0": "not supported", 
		"1": "supported"
	}
	}, 
	"LID$1B": {
	"bitscount": 1, 
	"lists": {
		"0": "not supported", 
		"1": "supported"
	}
	}, 
	"LID$1C": {
	"bitscount": 1, 
	"lists": {
		"0": "not supported", 
		"1": "supported"
	}
	}, 
	"LID#06_#16_4_ECU temperature(Sensor value)": {
	"scaled": true, 
	"unit": "C"
	}, 
	"LID#06_#11_4_Vehicle speed": {
	"scaled": true, 
	"unit": "km/h"
	}, 
	"LPG.r.PAST.vcan": {
	"scaled": true, 
	"comment": "CAN Monitor", 
	"step": -1.0, 
	"bitscount": 6, 
	"offset": 40.0
	}, 
	"Hardware Part Number 10": {
	"comment": "Daimler Hardware Part Number", 
	"byte": true, 
	"bytesascii": true
	}, 
	"LID#01_#03#04_Battery voltage": {
	"scaled": true, 
	"bytescount": 2, 
	"divideby": 256.0, 
	"bitscount": 16, 
	"unit": "V"
	}, 
	"LID#06_#14_6_TS voltage": {
	"scaled": true, 
	"divideby": 10.0, 
	"unit": "V"
	}, 
	"TIRE-P.n.CRRNT.vcan": {
	"comment": "CAN Monitor", 
	"bitscount": 1, 
	"lists": {
		"0": "OK", 
		"1": "UNKWN"
	}
	}, 
	"SessionName": {
	"comment": "for Start diagnostic session", 
	"lists": {
		"192": "ExtendedDiagSession", 
		"129": "DefaultSession", 
		"133": "ProgrammingSession", 
		"134": "DevelopmentSession"
	}
	}, 
	"LID#06_#05_8_Motor current(Measured value)": {
	"scaled": true, 
	"unit": "A", 
	"signed": true
	}, 
	"New": {
	"scaled": true
	}, 
	"LID#84_#05_Serial number": {
	"byte": true
	}, 
	"DTCExtendedData.AgingCounter": {
	"scaled": true, 
	"comment": "Description of the extendedData AgingCounter (use by Failure Page to decode data)"
	}, 
	"TIRE-P.n.PRSNT.vcan": {
	"comment": "CAN Monitor", 
	"bitscount": 1, 
	"lists": {
		"0": "OK", 
		"1": "UNKWN"
	}
	}, 
	"LID#06_#10_2_Vehicle speed for control": {
	"scaled": true, 
	"unit": "km/h"
	}, 
	"LID#06_#11_3_Vehicle speed": {
	"scaled": true, 
	"unit": "km/h"
	}, 
	"LID#06_#07_3_Torque for control": {
	"scaled": true, 
	"divideby": 10.0, 
	"unit": "Nm", 
	"signed": true
	}, 
	"LID#06_#18_7_bit6_vehicle speed status": {
	"bitscount": 1, 
	"lists": {
		"0": "Selected speed", 
		"1": "Default speed"
	}
	}, 
	"ONDULEUR.n.PAST.vcan": {
	"scaled": true, 
	"comment": "CAN Monitor", 
	"step": -1.0, 
	"bitscount": 6, 
	"offset": 40.0
	}, 
	"LID#06_#13_1_IGN voltage": {
	"scaled": true, 
	"divideby": 10.0, 
	"unit": "V"
	}, 
	"LID#01_#21-2(bit6-5)_ISS_Status": {
	"comment": "Bits6&5", 
	"bitscount": 2, 
	"lists": {
		"0": "ISS_OFF", 
		"1": "ISS_Cranking", 
		"3": "ISS_ON"
	}
	}, 
	"MUX messaging reference.-.-.vcan": {
	"comment": "CAN Monitor", 
	"bytescount": 2, 
	"byte": true, 
	"bitscount": 16
	}, 
	"SnapshotData_Vehicle speed for control": {
	"scaled": true, 
	"unit": "km/h"
	}, 
	"LID#06_#11_2_Vehicle speed": {
	"scaled": true, 
	"unit": "km/h"
	}, 
	"LPG.r.PRSNT.vcan": {
	"comment": "CAN Monitor", 
	"bitscount": 1, 
	"lists": {
		"0": "OK", 
		"1": "UNKWN"
	}
	}, 
	"LID#06_#14_4_TS voltage": {
	"scaled": true, 
	"divideby": 10.0, 
	"unit": "V"
	}, 
	"LID#06_#15_2_ECU temperature(Control value)": {
	"scaled": true, 
	"unit": "C"
	}, 
	"LID#06_#16_2_ECU temperature(Sensor value)": {
	"scaled": true, 
	"unit": "C"
	}, 
	"LID#06_#09_7_Sub torque": {
	"scaled": true, 
	"divideby": 10.0, 
	"unit": "Nm", 
	"signed": true
	}, 
	"ETC.r.PAST.vcan": {
	"scaled": true, 
	"comment": "CAN Monitor", 
	"step": -1.0, 
	"bitscount": 6, 
	"offset": 40.0
	}, 
	"DTCFailureType.Category": {
	"bitscount": 4, 
	"lists": {
		"0": "General Failure Information", 
		"1": "General Electrical Failures", 
		"2": "General Signal Failures", 
		"3": "FM (Frequency Modulated) / PWM (Pulse Width Modulated) Failures", 
		"4": "System Internal Failures", 
		"5": "System Programming Failures", 
		"6": "Algorithm Based Failures", 
		"7": "Mechanical Failures", 
		"8": "Bus Signal / Message Failures", 
		"9": "Component Failures", 
		"15": "Vehicle manufacturer / System supplier specific"
	}
	}, 
	"N.OtherSystemFeatures": {
	"bytescount": 3, 
	"byte": true, 
	"bitscount": 24
	}, 
	"LID#06_#13_7_IGN voltage": {
	"scaled": true, 
	"divideby": 10.0, 
	"unit": "V"
	}, 
	"LID#84_#22_Serial number": {
	"byte": true
	}, 
	"LID#06_#18_4_bit6_vehicle speed status": {
	"bitscount": 1, 
	"lists": {
		"0": "Selected speed", 
		"1": "Default speed"
	}
	}, 
	"LID#06_#07_6_Torque for control": {
	"scaled": true, 
	"divideby": 10.0, 
	"unit": "Nm", 
	"signed": true
	}, 
	"AT/CVT.n.CRRNT.vcan": {
	"comment": "CAN Monitor", 
	"bitscount": 1, 
	"lists": {
		"0": "OK", 
		"1": "UNKWN"
	}
	}, 
	"LID#06_#05_1_Motor current(Measured value)": {
	"scaled": true, 
	"unit": "A", 
	"signed": true
	}, 
	"ETC.r.PRSNT.vcan": {
	"comment": "CAN Monitor", 
	"bitscount": 1, 
	"lists": {
		"0": "OK", 
		"1": "UNKWN"
	}
	}, 
	"LID#06_#14_2_TS voltage": {
	"scaled": true, 
	"divideby": 10.0, 
	"unit": "V"
	}, 
	"LID#06_#11_8_Vehicle speed": {
	"scaled": true, 
	"unit": "km/h"
	}, 
	"ONDULEUR.n.CRRNT.vcan": {
	"comment": "CAN Monitor", 
	"bitscount": 1, 
	"lists": {
		"0": "OK", 
		"1": "UNKWN"
	}
	}, 
	"LID#84_#14_Serial number": {
	"byte": true
	}, 
	"LID#06_#03_2_Internal fault code": {
	"scaled": true
	}, 
	"I-CON.n.CRRNT.vcan": {
	"comment": "CAN Monitor", 
	"bitscount": 1, 
	"lists": {
		"0": "OK", 
		"1": "UNKWN"
	}
	}, 
	"OutputPermanentControlList": {
	"comment": "Active Test", 
	"lists": {
		"16": "Low Beam Test Right", 
		"17": "Low Beam Test Left", 
		"18": "Levling Test"
	}
	}, 
	"ITM.n.CRRNT.vcan": {
	"comment": "CAN Monitor", 
	"bitscount": 1, 
	"lists": {
		"0": "OK", 
		"1": "UNKWN"
	}
	}, 
	"ACC.n.PRSNT.vcan": {
	"comment": "CAN Monitor", 
	"bitscount": 1, 
	"lists": {
		"0": "OK", 
		"1": "UNKWN"
	}
	}, 
	"LID#06_#09_5_Sub torque": {
	"scaled": true, 
	"divideby": 10.0, 
	"unit": "Nm", 
	"signed": true
	}, 
	"TIRE-P.n.PAST.vcan": {
	"scaled": true, 
	"comment": "CAN Monitor", 
	"step": -1.0, 
	"bitscount": 6, 
	"offset": 40.0
	}, 
	"LID#06_#04_4_IGN counter": {
	"scaled": true
	}, 
	"OutputControlStatus": {
	"lists": {
		"1": "Running", 
		"2": "Stopped", 
		"17": "Stopped by 'Stop Control'"
	}
	}, 
	"LID#06_#07_8_Torque for control": {
	"scaled": true, 
	"divideby": 10.0, 
	"unit": "Nm", 
	"signed": true
	}, 
	"SnapshotData_IGN counter": {
	"scaled": true, 
	"unit": "count"
	}, 
	"STRG.n.CRRNT.vcan": {
	"comment": "CAN Monitor", 
	"bitscount": 1, 
	"lists": {
		"0": "OK", 
		"1": "UNKWN"
	}
	}, 
	"LID#06_#05_3_Motor current(Measured value)": {
	"scaled": true, 
	"unit": "A", 
	"signed": true
	}, 
	"LID#01_#10_Motor current(Measured value)": {
	"scaled": true, 
	"unit": "A", 
	"signed": true
	}, 
	"LID#06_#18_6_bit6_vehicle speed status": {
	"bitscount": 1, 
	"lists": {
		"0": "Selected speed", 
		"1": "Default speed"
	}
	}, 
	"LID#06_#15_3_ECU temperature(Control value)": {
	"scaled": true, 
	"unit": "C"
	}, 
	"LID#06_#08_4_Main torque": {
	"scaled": true, 
	"divideby": 10.0, 
	"unit": "Nm", 
	"signed": true
	}, 
	"DTCStatus.confirmedDTC": {
	"comment": "CDTC", 
	"bitscount": 1, 
	"lists": {
		"0": "No", 
		"1": "Yes"
	}
	}, 
	"AB-SRS.n.CRRNT.vcan": {
	"comment": "CAN Monitor", 
	"bitscount": 1, 
	"lists": {
		"0": "OK", 
		"1": "UNKWN"
	}
	}, 
	"LID#84_#15_Serial number": {
	"byte": true
	}, 
	"AT/CVT.n.PRSNT.vcan": {
	"comment": "CAN Monitor", 
	"bitscount": 1, 
	"lists": {
		"0": "OK", 
		"1": "UNKWN"
	}
	}, 
	"DTCExtendedData.DTCOccurrenceCounter": {
	"scaled": true, 
	"comment": "Description of the extendedData DTCOccurenceCounter (use by Failure Page to decode data)"
	}, 
	"LID#01_#11_Motor current(Targetted value)": {
	"scaled": true, 
	"unit": "A", 
	"signed": true
	}, 
	"LID#01_#15#16_Vehicle speed(for control)": {
	"scaled": true, 
	"bytescount": 2, 
	"divideby": 100.0, 
	"bitscount": 16, 
	"unit": "km/h"
	}, 
	"METER/M&A.n.PAST.vcan": {
	"scaled": true, 
	"comment": "CAN Monitor", 
	"step": -1.0, 
	"bitscount": 6, 
	"offset": 40.0
	}, 
	"N.CalibrationNumber": {
	"bytescount": 2, 
	"byte": true, 
	"bitscount": 16
	}, 
	"ACC.n.CRRNT.vcan": {
	"comment": "CAN Monitor", 
	"bitscount": 1, 
	"lists": {
		"0": "OK", 
		"1": "UNKWN"
	}
	}
}
}